"priority_score","review_bucket","queue_rank","lead_id","company_name","source_url","source_count","additional_source_urls","candidate_type","candidate_value","candidate_context","confidence_suggestion","save_recommendation"
"88","team_or_about_page","1","LEAD-0166","H&J Restaurants","https://www.hjrestaurants.com.au/","6","https://www.hjrestaurants.com.au/about | https://www.hjrestaurants.com.au/contact","team_link","https://www.hjrestaurants.com.au/about","About Us","Medium","Review linked page for contact/form/KP details."
"72","company_contact_page","1","LEAD-0166","H&J Restaurants","https://www.hjrestaurants.com.au/","11","https://www.hjrestaurants.com.au/about | https://www.hjrestaurants.com.au/contact","contact_link","https://www.hjrestaurants.com.au/contact","Contact us","Medium","Review linked page for contact/form/KP details."
"60","kp_context_hint","1","LEAD-0166","H&J Restaurants","https://www.hjrestaurants.com.au/about","1","","role_context","ceo","tions reflect our commitment to ethical business practices and respect for our community. Leadership Jayantha Warnakula CEO Harsha Kumarasingha Managing Director Get in touch with us Say Hi Our office Restaurants address 226 Flinders Lane, Melbourne, 3000 Victoria Australia Mail address PO Box 163 F","Low","Use as a page-level KP hint; confirm person name/title before saving."
"60","kp_context_hint","1","LEAD-0166","H&J Restaurants","https://www.hjrestaurants.com.au/about","1","","role_context","director","thical business practices and respect for our community. Leadership Jayantha Warnakula CEO Harsha Kumarasingha Managing Director Get in touch with us Say Hi Our office Restaurants address 226 Flinders Lane, Melbourne, 3000 Victoria Australia Mail address PO Box 163 Flinders Lane, Melbourne, 3000 Vic","Low","Use as a page-level KP hint; confirm person name/title before saving."
"60","kp_context_hint","1","LEAD-0166","H&J Restaurants","https://www.hjrestaurants.com.au/about","1","","role_context","leadership","sparency, ensuring that our actions reflect our commitment to ethical business practices and respect for our community. Leadership Jayantha Warnakula CEO Harsha Kumarasingha Managing Director Get in touch with us Say Hi Our office Restaurants address 226 Flinders Lane, Melbourne, 3000 Victoria Austr","Low","Use as a page-level KP hint; confirm person name/title before saving."
"60","kp_context_hint","1","LEAD-0166","H&J Restaurants","https://www.hjrestaurants.com.au/about","1","","role_context","managing director","ment to ethical business practices and respect for our community. Leadership Jayantha Warnakula CEO Harsha Kumarasingha Managing Director Get in touch with us Say Hi Our office Restaurants address 226 Flinders Lane, Melbourne, 3000 Victoria Australia Mail address PO Box 163 Flinders Lane, Melbourne,","Low","Use as a page-level KP hint; confirm person name/title before saving."
"50","kp_context_hint","1","LEAD-0166","H&J Restaurants","https://www.hjrestaurants.com.au/","2","https://www.hjrestaurants.com.au/about","role_context","culinary","lcoming atmosphere. We’ve worked with great restaurant chains around the world Our previous ventures Our journey in the culinary world is marked by a series of successful restaurant projects, each with its own unique concept and flair. From the rustic charm of 'Harvest Haven,' a farm-to-table experi","Low","Use as a page-level KP hint; confirm person name/title before saving."
"50","kp_context_hint","1","LEAD-0166","H&J Restaurants","https://www.hjrestaurants.com.au/","1","","role_context","events","ghtfully crafted meals, every visit promises to be a memorable culinary journey that delights all the senses. Exclusive Events. Guests can look forward to special events and exclusive dining experiences, including chef’s tables, tasting menus, and live entertainment that enhance the overall dining e","Low","Use as a page-level KP hint; confirm person name/title before saving."
"50","kp_context_hint","1","LEAD-0166","H&J Restaurants","https://www.hjrestaurants.com.au/about","1","","role_context","people","ions 6 Pop-up restaurants 2 Our culture - Passion for Excellence, Commitment to Community We are a group of like-minded people who share the same core values. Customer Focus. We prioritize our customers’ needs and strive to provide exceptional service and memorable dining experiences for every guest","Low","Use as a page-level KP hint; confirm person name/title before saving."
"50","kp_context_hint","1","LEAD-0166","H&J Restaurants","https://www.hjrestaurants.com.au/","1","","role_context","projects","around the world Our previous ventures Our journey in the culinary world is marked by a series of successful restaurant projects, each with its own unique concept and flair. From the rustic charm of 'Harvest Haven,' a farm-to-table experience that celebrates local produce and sustainable eating. 202","Low","Use as a page-level KP hint; confirm person name/title before saving."
"45","manual_linkedin_search","1","LEAD-0166","H&J Restaurants","queue_public_linkedin_query","1","","linkedin_search_url","https://www.google.com/search?q=site%3Alinkedin.com%2Fin+%22H%26J+Restaurants%22+Australia+director+OR+operations+OR+procurement","site:linkedin.com/in ""H&J Restaurants"" Australia director OR operations OR procurement","Low","Manual search URL for public LinkedIn result review; save only a matched personal/company URL with confidence notes."
"13","technical_status","1","LEAD-0166","H&J Restaurants","https://www.hjrestaurants.com.au/","1","","fetch_status","https://www.hjrestaurants.com.au/","","High","Fetch status: 200. Use only if page fetched successfully."
"13","technical_status","1","LEAD-0166","H&J Restaurants","https://www.hjrestaurants.com.au/about","1","","fetch_status","https://www.hjrestaurants.com.au/about","","High","Fetch status: 200. Use only if page fetched successfully."
"13","technical_status","1","LEAD-0166","H&J Restaurants","https://www.hjrestaurants.com.au/contact","1","","fetch_status","https://www.hjrestaurants.com.au/contact","","High","Fetch status: 200. Use only if page fetched successfully."
"98","phone_candidate","2","LEAD-0193","Meriton Suites","https://www.meritonsuites.com.au/","4","https://www.meritonsuites.com.au/contact-us/ | https://www.meritonsuites.com.au/latest-events/","phone","0800556691","0800 556 691","High","Tel link; save with source/confidence note and review again before outreach."
"98","phone_candidate","2","LEAD-0193","Meriton Suites","https://www.meritonsuites.com.au/","3","https://www.meritonsuites.com.au/contact-us/ | https://www.meritonsuites.com.au/latest-events/","phone","69115511281","(69 115 511 281)","High","Tel link; save with source/confidence note and review again before outreach."
"94","phone_candidate","2","LEAD-0193","Meriton Suites","https://www.meritonsuites.com.au/","7","https://www.meritonsuites.com.au/contact-us/ | https://www.meritonsuites.com.au/latest-events/","phone","+61 2 9277 1111","ditions Help Centre Support Australia 1800 214 822 New Zealand 0800 556 691 International +61 2 9277 1111 Contact Us Manage Reservation Prepayment Feedback Form Back to Top We acknowledge the Tra","Medium","Review whether this is company or person phone before saving."
"94","phone_candidate","2","LEAD-0193","Meriton Suites","https://www.meritonsuites.com.au/","7","https://www.meritonsuites.com.au/contact-us/ | https://www.meritonsuites.com.au/latest-events/","phone","1800 214 822","itions Eminence Become A Member Eminence Terms & Conditions Help Centre Support Australia 1800 214 822 New Zealand 0800 556 691 International +61 2 9277 1111 Contact Us Manage Reservation Prep","Medium","Review whether this is company or person phone before saving."
"88","team_or_about_page","2","LEAD-0193","Meriton Suites","https://www.meritonsuites.com.au/","3","https://www.meritonsuites.com.au/contact-us/ | https://www.meritonsuites.com.au/latest-events/","team_link","https://www.meritonsuites.com.au/leadership/","Leadership Team","Medium","Review linked page for contact/form/KP details."
"88","team_or_about_page","2","LEAD-0193","Meriton Suites","https://www.meritonsuites.com.au/","1","","team_link","https://www.meritonsuites.com.au/our-hotels/nsw/","It's all about the location","Medium","Review linked page for contact/form/KP details."
"72","company_contact_page","2","LEAD-0193","Meriton Suites","https://www.meritonsuites.com.au/","1","","contact_link","https://reservations.meritonsuites.com.au/?chain=12196&level=chain","Book Now","Medium","Review linked page for contact/form/KP details."
"72","company_contact_page","2","LEAD-0193","Meriton Suites","https://www.meritonsuites.com.au/","6","https://www.meritonsuites.com.au/contact-us/ | https://www.meritonsuites.com.au/latest-events/","contact_link","https://www.meritonsuites.com.au/contact-us/","Contact Us","Medium","Review linked page for contact/form/KP details."
"72","events_or_functions_contact","2","LEAD-0193","Meriton Suites","https://www.meritonsuites.com.au/","3","https://www.meritonsuites.com.au/contact-us/ | https://www.meritonsuites.com.au/latest-events/","contact_link","https://www.meritonsuites.com.au/latest-events/","Latest Events","Medium","Review linked page for contact/form/KP details."
"70","company_linkedin","2","LEAD-0193","Meriton Suites","https://www.meritonsuites.com.au/","2","https://www.meritonsuites.com.au/contact-us/","company_linkedin_url","https://www.linkedin.com/company/meritonsuites/","https://www.linkedin.com/company/meritonsuites/","Low","Use as a manual LinkedIn review URL; do not treat as verified direct contact until person/company fit is confirmed."
"60","kp_context_hint","2","LEAD-0193","Meriton Suites","https://www.meritonsuites.com.au/","3","https://www.meritonsuites.com.au/contact-us/ | https://www.meritonsuites.com.au/latest-events/","role_context","owner","our 6,210 hotel suites and signature Penthouse Collection suites across the country. We have become Australia’s largest owner and operator of apartment-style hotel accommodation, delivering professional service with stylish and modern facilities that anticipate our guests’ every comfort. Our hotel s","Low","Use as a page-level KP hint; confirm person name/title before saving."
"50","kp_context_hint","2","LEAD-0193","Meriton Suites","https://www.meritonsuites.com.au/","3","https://www.meritonsuites.com.au/contact-us/ | https://www.meritonsuites.com.au/latest-events/","role_context","events","s Hotel Accommodation Across Australia | Meriton Suites MENU MENU MENU MENU Our Hotels Our Hotels Special Offers Latest Events Our Story Contact Us Online Shop Book Now Check Availability Eminence Join to access exclusive member-only hotel rates. JOIN NOW Your perfect stay reimagined Discover our la","Low","Use as a page-level KP hint; confirm person name/title before saving."
"50","kp_context_hint","2","LEAD-0193","Meriton Suites","https://www.meritonsuites.com.au/","3","https://www.meritonsuites.com.au/contact-us/ | https://www.meritonsuites.com.au/latest-events/","role_context","leadership","ng Commission Corporate Accommodation Elevate Direct 2.0 Extended Stays Gift Cards Giveaway Ts & Cs Group Accommodation Leadership Team Meriton Suites Advantage Newly Renovated Our History Privacy Policy Promotional Conditions Social Media Guidelines Sustainability Terms & Conditions Eminence Become","Low","Use as a page-level KP hint; confirm person name/title before saving."
"50","kp_context_hint","2","LEAD-0193","Meriton Suites","https://www.meritonsuites.com.au/","1","","role_context","people","ys in Sydney Itinerary One of Australia’s most popular cities, Sydney is a buzzing metropolitan filled with interesting people, amazing sights, and delicious food. Whether you’re visiting sunny Sydney for a quick 48-hour layover or planning a luxurious weekend away, we’ve got the inside scoop on how","Low","Use as a page-level KP hint; confirm person name/title before saving."
"50","kp_context_hint","2","LEAD-0193","Meriton Suites","https://www.meritonsuites.com.au/","3","https://www.meritonsuites.com.au/contact-us/ | https://www.meritonsuites.com.au/latest-events/","role_context","team","on Corporate Accommodation Elevate Direct 2.0 Extended Stays Gift Cards Giveaway Ts & Cs Group Accommodation Leadership Team Meriton Suites Advantage Newly Renovated Our History Privacy Policy Promotional Conditions Social Media Guidelines Sustainability Terms & Conditions Eminence Become A Member E","Low","Use as a page-level KP hint; confirm person name/title before saving."
"45","manual_linkedin_search","2","LEAD-0193","Meriton Suites","queue_public_linkedin_query","1","","linkedin_search_url","https://www.google.com/search?q=site%3Alinkedin.com%2Fin+%22Meriton+Suites%22+Australia+director+OR+operations+OR+procurement","site:linkedin.com/in ""Meriton Suites"" Australia director OR operations OR procurement","Low","Manual search URL for public LinkedIn result review; save only a matched personal/company URL with confidence notes."
"13","technical_status","2","LEAD-0193","Meriton Suites","https://www.meritonsuites.com.au/","1","","fetch_status","https://www.meritonsuites.com.au/","","High","Fetch status: 200. Use only if page fetched successfully."
"13","technical_status","2","LEAD-0193","Meriton Suites","https://www.meritonsuites.com.au/contact-us/","1","","fetch_status","https://www.meritonsuites.com.au/contact-us/","","High","Fetch status: 200. Use only if page fetched successfully."
"13","technical_status","2","LEAD-0193","Meriton Suites","https://www.meritonsuites.com.au/latest-events/","1","","fetch_status","https://www.meritonsuites.com.au/latest-events/","","High","Fetch status: 200. Use only if page fetched successfully."
"98","phone_candidate","3","LEAD-0194","Ovolo Hotels Australia","https://ovolohotels.com/","3","https://ovolohotels.com/ask/ | https://ovolohotels.com/book-ovolo-concierge/","phone","%2B61+2+9331+9000","P +61 2 9331 9000","High","Tel link; save with source/confidence note and review again before outreach."
"98","phone_candidate","3","LEAD-0194","Ovolo Hotels Australia","https://ovolohotels.com/","3","https://ovolohotels.com/ask/ | https://ovolohotels.com/book-ovolo-concierge/","phone","%2B852+5705+5388","P +852 5705 5388","High","Tel link; save with source/confidence note and review again before outreach."
"94","phone_candidate","3","LEAD-0194","Ovolo Hotels Australia","https://ovolohotels.com/","3","https://ovolohotels.com/ask/ | https://ovolohotels.com/book-ovolo-concierge/","phone","+61 2 9331 9000","! Australia Ovolo Hotels Australia 6 Cowper Wharf Roadway, Woolloomooloo, NSW Australia P +61 2 9331 9000 Hong Kong 21st Floor 8 Wyndham Street, Central Hong Kong P +852 5705 5388 Join The Club B","Medium","Review whether this is company or person phone before saving."
"72","company_contact_page","3","LEAD-0194","Ovolo Hotels Australia","https://ovolohotels.com/","3","https://ovolohotels.com/ask/ | https://ovolohotels.com/book-ovolo-concierge/","contact_link","https://ovolohotels.com/ask/","Contact","Medium","Review linked page for contact/form/KP details."
"72","company_contact_page","3","LEAD-0194","Ovolo Hotels Australia","https://ovolohotels.com/","2","","contact_link","https://ovolohotels.com/book-ovolo-concierge/","/book-ovolo-concierge/","Medium","Review linked page for contact/form/KP details."
"72","company_contact_page","3","LEAD-0194","Ovolo Hotels Australia","https://ovolohotels.com/book-ovolo-concierge/","1","","contact_link","https://ovolohotels.com/book-ovolo-concierge/brisbane","","Medium","Review linked page for contact/form/KP details."
"72","company_contact_page","3","LEAD-0194","Ovolo Hotels Australia","https://ovolohotels.com/book-ovolo-concierge/","1","","contact_link","https://ovolohotels.com/book-ovolo-concierge/canberra","","Medium","Review linked page for contact/form/KP details."
"72","company_contact_page","3","LEAD-0194","Ovolo Hotels Australia","https://ovolohotels.com/book-ovolo-concierge/","1","","contact_link","https://ovolohotels.com/book-ovolo-concierge/melbourne","","Medium","Review linked page for contact/form/KP details."
"72","company_contact_page","3","LEAD-0194","Ovolo Hotels Australia","https://ovolohotels.com/book-ovolo-concierge/","1","","contact_link","https://ovolohotels.com/book-ovolo-concierge/sydney","","Medium","Review linked page for contact/form/KP details."
"72","company_contact_page","3","LEAD-0194","Ovolo Hotels Australia","https://ovolohotels.com/","3","https://ovolohotels.com/ask/ | https://ovolohotels.com/book-ovolo-concierge/","contact_link","https://ovolohotels.com/takin-care-of-business/","Corporate Enquiries","Medium","Review linked page for contact/form/KP details."
"72","company_contact_page","3","LEAD-0194","Ovolo Hotels Australia","https://ovolohotels.com/book-ovolo-concierge/","1","","contact_link","https://ovolohotels.com/tw/book-ovolo-concierge/","中文 (繁體)","Medium","Review linked page for contact/form/KP details."
"72","company_contact_page","3","LEAD-0194","Ovolo Hotels Australia","https://ovolohotels.com/","11","https://ovolohotels.com/ask/ | https://ovolohotels.com/book-ovolo-concierge/","contact_link","https://ovolohotels.com/why-book-direct/","Book Direct Promise","Medium","Review linked page for contact/form/KP details."
"72","company_contact_page","3","LEAD-0194","Ovolo Hotels Australia","https://ovolohotels.com/book-ovolo-concierge/","1","","contact_link","https://ovolohotels.com/zh/book-ovolo-concierge/","中文 (简体)","Medium","Review linked page for contact/form/KP details."
"72","events_or_functions_contact","3","LEAD-0194","Ovolo Hotels Australia","https://ovolohotels.com/","3","https://ovolohotels.com/ask/ | https://ovolohotels.com/book-ovolo-concierge/","contact_link","https://ovolohotels.com/events/","All Event Spaces","Medium","Review linked page for contact/form/KP details."
"72","events_or_functions_contact","3","LEAD-0194","Ovolo Hotels Australia","https://ovolohotels.com/","3","https://ovolohotels.com/ask/ | https://ovolohotels.com/book-ovolo-concierge/","contact_link","https://ovolohotels.com/events/corporate/","Corporate Events","Medium","Review linked page for contact/form/KP details."
"72","events_or_functions_contact","3","LEAD-0194","Ovolo Hotels Australia","https://ovolohotels.com/","3","https://ovolohotels.com/ask/ | https://ovolohotels.com/book-ovolo-concierge/","contact_link","https://ovolohotels.com/events/weddings/","Weddings","Medium","Review linked page for contact/form/KP details."
"70","company_linkedin","3","LEAD-0194","Ovolo Hotels Australia","https://ovolohotels.com/","3","https://ovolohotels.com/ask/ | https://ovolohotels.com/book-ovolo-concierge/","company_linkedin_url","https://www.linkedin.com/company/ovolo-group-hotels-&-serviced-apartments","https://www.linkedin.com/company/ovolo-group-hotels-&-serviced-apartments","Low","Use as a manual LinkedIn review URL; do not treat as verified direct contact until person/company fit is confirmed."
"50","kp_context_hint","3","LEAD-0194","Ovolo Hotels Australia","https://ovolohotels.com/","1","","role_context","crew","URF. SLEEP. REPEAT. Your ultimate wave-filled escape is here! Wake up to the sound of the ocean, ride with the Rip Curl crew, refuel at Kuta Social Club, chill in… Discover More Ovolo Concierge Book direct & unlock your all-access city pass to hidden bars, foodie faves, luxe spas, epic shows and tra","Low","Use as a page-level KP hint; confirm person name/title before saving."
"50","kp_context_hint","3","LEAD-0194","Ovolo Hotels Australia","https://ovolohotels.com/","3","https://ovolohotels.com/ask/ | https://ovolohotels.com/book-ovolo-concierge/","role_context","events","ia Bar Yarra Hong Kong Southside Cafe Bali, Indonesia Street 32 Kuta Social Club Offers ▾ Australia Hong Kong Indonesia Events ▾ All Event Spaces Corporate Events Weddings Long stay ▾ Australia Hong Kong Bali More ▾ Book Direct Promise Blog Careers Contact VIPooch Corporate Enquiries Sustainability","Low","Use as a page-level KP hint; confirm person name/title before saving."
"50","kp_context_hint","3","LEAD-0194","Ovolo Hotels Australia","https://ovolohotels.com/","1","","role_context","f&b","e The Overstay – 2 Nights TWO NIGHTS IS JUST THE BEGINNING Check in. Settle in. Stay out longer than you meant to. With F&B credit from $50 and Apero Hour every evening, The Overstay was… Discover More It Takes Two COMPLIMENTARY BREAKFAST, APERO HOUR, & LATE CHECKOUT. Book direct before June 30th fo","Low","Use as a page-level KP hint; confirm person name/title before saving."
"50","kp_context_hint","3","LEAD-0194","Ovolo Hotels Australia","https://ovolohotels.com/","3","https://ovolohotels.com/ask/ | https://ovolohotels.com/book-ovolo-concierge/","role_context","management","Mamaka by Ovolo Home Offers Why Book Direct Privacy Policy Website terms and conditions Blog Sitemap Owned by OMG Hotel Management Limited English 中文 (简体) 中文 (繁體)","Low","Use as a page-level KP hint; confirm person name/title before saving."
"50","kp_context_hint","3","LEAD-0194","Ovolo Hotels Australia","https://ovolohotels.com/","3","https://ovolohotels.com/ask/ | https://ovolohotels.com/book-ovolo-concierge/","role_context","people","By Ovolo Collective Hotels Each one unique, each one special. The more you explore, the more you’ll find. Which is why people come for the experience, and stay for the memories. Wonder. Full. Hong Kong The Aberdeen by Ovolo Melbourne, Australia Laneways By Ovolo, Melbourne Bali, Indonesia Mamaka by","Low","Use as a page-level KP hint; confirm person name/title before saving."
"45","manual_linkedin_search","3","LEAD-0194","Ovolo Hotels Australia","queue_public_linkedin_query","1","","linkedin_search_url","https://www.google.com/search?q=site%3Alinkedin.com%2Fin+%22Ovolo+Hotels+Australia%22+Australia+director+OR+operations+OR+procurement","site:linkedin.com/in ""Ovolo Hotels Australia"" Australia director OR operations OR procurement","Low","Manual search URL for public LinkedIn result review; save only a matched personal/company URL with confidence notes."
"13","technical_status","3","LEAD-0194","Ovolo Hotels Australia","https://ovolohotels.com/","1","","fetch_status","https://ovolohotels.com/","","High","Fetch status: 200. Use only if page fetched successfully."
"13","technical_status","3","LEAD-0194","Ovolo Hotels Australia","https://ovolohotels.com/ask/","1","","fetch_status","https://ovolohotels.com/ask/","","High","Fetch status: 200. Use only if page fetched successfully."
"13","technical_status","3","LEAD-0194","Ovolo Hotels Australia","https://ovolohotels.com/book-ovolo-concierge/","1","","fetch_status","https://ovolohotels.com/book-ovolo-concierge/","","High","Fetch status: 200. Use only if page fetched successfully."
"88","team_or_about_page","4","LEAD-0176","Trader House","https://www.traderhouse.com.au/","9","https://www.traderhouse.com.au/about | https://www.traderhouse.com.au/contact-us","team_link","https://www.traderhouse.com.au/about","About","Medium","Review linked page for contact/form/KP details."
"72","company_contact_page","4","LEAD-0176","Trader House","https://www.traderhouse.com.au/","3","https://www.traderhouse.com.au/about | https://www.traderhouse.com.au/contact-us","contact_link","https://www.traderhouse.com.au/contact-us","Contact us","Medium","Review linked page for contact/form/KP details."
"72","events_or_functions_contact","4","LEAD-0176","Trader House","https://www.traderhouse.com.au/","3","https://www.traderhouse.com.au/about | https://www.traderhouse.com.au/contact-us","contact_link","https://www.traderhouse.com.au/events","","Medium","Review linked page for contact/form/KP details."
"72","events_or_functions_contact","4","LEAD-0176","Trader House","https://www.traderhouse.com.au/","9","https://www.traderhouse.com.au/about | https://www.traderhouse.com.au/contact-us","contact_link","https://www.traderhouse.com.au/events-contact","","Medium","Review linked page for contact/form/KP details."
"66","supplier_or_procurement_page","4","LEAD-0176","Trader House","https://www.traderhouse.com.au/about","1","","supplier_link","https://www.traderhouse.com.au/venue-list/bar-miette","Click Here","Medium","Review linked page for contact/form/KP details."
"66","supplier_or_procurement_page","4","LEAD-0176","Trader House","https://www.traderhouse.com.au/about","1","","supplier_link","https://www.traderhouse.com.au/venue-list/supernormal-brisbane","Click Here","Medium","Review linked page for contact/form/KP details."
"60","kp_context_hint","4","LEAD-0176","Trader House","https://www.traderhouse.com.au/about","1","","role_context","owner","tation of each restaurant, bar and retail space are a testament to the vision and diligence of him and his team. Chef & Owner Andrew McConnell Born and raised in the city, Andrew McConnell is the quintessential Melburnian. With a profound passion for produce, cooking, eating, art and design, it’s no","Low","Use as a page-level KP hint; confirm person name/title before saving."
"50","kp_context_hint","4","LEAD-0176","Trader House","https://www.traderhouse.com.au/about","1","","role_context","culinary","Jo McGann. Ours are some of Melbourne’s most iconic and critically acclaimed establishments; they embody the values and culinary culture of Melbourne. They include award-winning restaurants, bars, a pub, a bakery & grocer and specialty butcheries. They are acclaimed locally and internationally for b","Low","Use as a page-level KP hint; confirm person name/title before saving."
"50","kp_context_hint","4","LEAD-0176","Trader House","https://www.traderhouse.com.au/","3","https://www.traderhouse.com.au/about | https://www.traderhouse.com.au/contact-us","role_context","events","Contact Us — Trader House Skip to Content Open Menu Close Menu About Venues Careers Events Event Spaces Contact Our Events Team Stories 0 0 0 0 About Venues Careers Events Event Spaces Contact Our Events Team Stories Open Menu Close Menu About Venues Careers Folde","Low","Use as a page-level KP hint; confirm person name/title before saving."
"50","kp_context_hint","4","LEAD-0176","Trader House","https://www.traderhouse.com.au/","3","https://www.traderhouse.com.au/about | https://www.traderhouse.com.au/contact-us","role_context","people","retail stores by Andrew McConnell & Jo McGann. Trader House acknowledges and pays respect to the Wurundjeri Woi Wurrung people of the Kulin Nation and the Jagera people & Turrbal people of Meanjin, the Traditional Custodians of the lands on which we live, cook, grow and create. We pay respect to the","Low","Use as a page-level KP hint; confirm person name/title before saving."
"50","kp_context_hint","4","LEAD-0176","Trader House","https://www.traderhouse.com.au/","3","https://www.traderhouse.com.au/about | https://www.traderhouse.com.au/contact-us","role_context","team","tact Us — Trader House Skip to Content Open Menu Close Menu About Venues Careers Events Event Spaces Contact Our Events Team Stories 0 0 0 0 About Venues Careers Events Event Spaces Contact Our Events Team Stories Open Menu Close Menu About Venues Careers Folder: Events Back Event Spaces Contact Our","Low","Use as a page-level KP hint; confirm person name/title before saving."
"45","manual_linkedin_search","4","LEAD-0176","Trader House","queue_public_linkedin_query","1","","linkedin_search_url","https://www.google.com/search?q=site%3Alinkedin.com%2Fin+%22Trader+House%22+Australia+director+OR+operations+OR+procurement","site:linkedin.com/in ""Trader House"" Australia director OR operations OR procurement","Low","Manual search URL for public LinkedIn result review; save only a matched personal/company URL with confidence notes."
"13","technical_status","4","LEAD-0176","Trader House","https://www.traderhouse.com.au/","1","","fetch_status","https://www.traderhouse.com.au/","","High","Fetch status: 200. Use only if page fetched successfully."
"13","technical_status","4","LEAD-0176","Trader House","https://www.traderhouse.com.au/about","1","","fetch_status","https://www.traderhouse.com.au/about","","High","Fetch status: 200. Use only if page fetched successfully."
"13","technical_status","4","LEAD-0176","Trader House","https://www.traderhouse.com.au/contact-us","1","","fetch_status","https://www.traderhouse.com.au/contact-us","","High","Fetch status: 200. Use only if page fetched successfully."
"102","official_form_candidate","5","LEAD-0180","AB Hotels","https://www.abhotels.com.au/contact","1","","contact_form","https://www.abhotels.com.au/contact","contact_form form method=unknown action=current page First name * Email * Phone Subject * Write a message * Send","High","Official page contains a form; save as company_contact_form_url only if it is a contact/enquiry form, not only a booking widget."
"88","team_or_about_page","5","LEAD-0180","AB Hotels","https://www.abhotels.com.au/","3","https://www.abhotels.com.au/about | https://www.abhotels.com.au/contact","team_link","https://www.abhotels.com.au/about","https://www.abhotels.com.au/about","Medium","Review linked page for contact/form/KP details."
"72","company_contact_page","5","LEAD-0180","AB Hotels","https://www.abhotels.com.au/","3","https://www.abhotels.com.au/about | https://www.abhotels.com.au/contact","contact_link","https://www.abhotels.com.au/contact","https://www.abhotels.com.au/contact","Medium","Review linked page for contact/form/KP details."
"50","kp_context_hint","5","LEAD-0180","AB Hotels","https://www.abhotels.com.au/","2","https://www.abhotels.com.au/about","role_context","people","tality & good times collide Proudly Pouring Hospitality AB Hotels is built on the belief that good hospitality connects people, enriches neighbourhoods, and supports local culture. Our Venues Harwood Hotel Harwood, NSW, 2465 HARWOOD Kent St Hotel Sydney CBD, NSW, 2000 KENT ST Valla Beach Tavern Vall","Low","Use as a page-level KP hint; confirm person name/title before saving."
"45","manual_linkedin_search","5","LEAD-0180","AB Hotels","queue_public_linkedin_query","1","","linkedin_search_url","https://www.google.com/search?q=site%3Alinkedin.com%2Fin+%22AB+Hotels%22+Australia+director+OR+operations+OR+procurement","site:linkedin.com/in ""AB Hotels"" Australia director OR operations OR procurement","Low","Manual search URL for public LinkedIn result review; save only a matched personal/company URL with confidence notes."
"13","technical_status","5","LEAD-0180","AB Hotels","https://www.abhotels.com.au/","1","","fetch_status","https://www.abhotels.com.au/","","High","Fetch status: 200. Use only if page fetched successfully."
"13","technical_status","5","LEAD-0180","AB Hotels","https://www.abhotels.com.au/about","1","","fetch_status","https://www.abhotels.com.au/about","","High","Fetch status: 200. Use only if page fetched successfully."
"13","technical_status","5","LEAD-0180","AB Hotels","https://www.abhotels.com.au/contact","1","","fetch_status","https://www.abhotels.com.au/contact","","High","Fetch status: 200. Use only if page fetched successfully."
"108","company_email","6","LEAD-0120","ALH Group","https://www.alhgroup.com.au/contact","2","","email","merchandisingteam@alhgroup.com.au","Pty Ltd ACN: 098 212 134 Media enquiries : media@edg.com.au Beverage Supplier Enquiries : merchandisingteam@alhgroup.com.au Alternatively, you can contact us using the form provided. General Enquiries Top NEWS Con","High","Review whether this is company, department, or person email before saving."
"88","team_or_about_page","6","LEAD-0120","ALH Group","https://www.alhgroup.com.au/","6","https://www.alhgroup.com.au/about | https://www.alhgroup.com.au/contact","team_link","https://www.alhgroup.com.au/about","","Medium","Review linked page for contact/form/KP details."
"88","team_or_about_page","6","LEAD-0120","ALH Group","https://www.alhgroup.com.au/","3","https://www.alhgroup.com.au/about | https://www.alhgroup.com.au/contact","team_link","https://www.alhgroup.com.au/responsible-service-of-gaming","Learn about our approach","Medium","Review linked page for contact/form/KP details."
"72","company_contact_page","6","LEAD-0120","ALH Group","https://www.alhgroup.com.au/","6","https://www.alhgroup.com.au/about | https://www.alhgroup.com.au/contact","contact_link","https://www.alhgroup.com.au/contact","General Enquiries","Medium","Review linked page for contact/form/KP details."
"72","events_or_functions_contact","6","LEAD-0120","ALH Group","https://www.alhgroup.com.au/","6","https://www.alhgroup.com.au/about | https://www.alhgroup.com.au/contact","contact_link","https://www.alhgroup.com.au/functions","","Medium","Review linked page for contact/form/KP details."
"70","company_linkedin","6","LEAD-0120","ALH Group","https://www.alhgroup.com.au/","3","https://www.alhgroup.com.au/about | https://www.alhgroup.com.au/contact","company_linkedin_url","https://au.linkedin.com/company/alhhotels","","Low","Use as a manual LinkedIn review URL; do not treat as verified direct contact until person/company fit is confirmed."
"50","kp_context_hint","6","LEAD-0120","ALH Group","https://www.alhgroup.com.au/about","1","","role_context","operations",". We employ over 15,000 people across Australia at more than 350 licensed venues. Our main business activities are: Pub operations such as bar, food, accommodation, functions and entertainment. Property development. We acquire, redevelop, and refurbish venues to optimise our portfolio and offer stat","Low","Use as a page-level KP hint; confirm person name/title before saving."
"50","kp_context_hint","6","LEAD-0120","ALH Group","https://www.alhgroup.com.au/","2","https://www.alhgroup.com.au/about","role_context","people","0 accommodation rooms Sponsor over 800 clubs nationally Spend over $30M p.a. on bands, acts and DJ’s Employ over 12,000 people Recent news from ALH Hotels News PARMA WEEK RAISES $28,186 FOR THE ROYAL CHILDREN’S HOSPITAL GOOD FRIDAY APPEAL In our 16th year of support for the Good Friday Appeal, Parma","Low","Use as a page-level KP hint; confirm person name/title before saving."
"50","kp_context_hint","6","LEAD-0120","ALH Group","https://www.alhgroup.com.au/","3","https://www.alhgroup.com.au/about | https://www.alhgroup.com.au/contact","role_context","team","Contact — ALH Group Home Our Story About History News Brands Careers Join The Team Apprenticeships Venues What We Do Accommodation Bars Entertainment Food Functions Gaming Community Responsible Service Responsible Service Responsible Service of Alcohol Respo","Low","Use as a page-level KP hint; confirm person name/title before saving."
"45","manual_linkedin_search","6","LEAD-0120","ALH Group","queue_public_linkedin_query","1","","linkedin_search_url","https://www.google.com/search?q=site%3Alinkedin.com%2Fin+%22ALH+Group%22+Australia+director+OR+operations+OR+procurement","site:linkedin.com/in ""ALH Group"" Australia director OR operations OR procurement","Low","Manual search URL for public LinkedIn result review; save only a matched personal/company URL with confidence notes."
"13","technical_status","6","LEAD-0120","ALH Group","https://www.alhgroup.com.au/","1","","fetch_status","https://www.alhgroup.com.au/","","High","Fetch status: 200. Use only if page fetched successfully."
"13","technical_status","6","LEAD-0120","ALH Group","https://www.alhgroup.com.au/about","1","","fetch_status","https://www.alhgroup.com.au/about","","High","Fetch status: 200. Use only if page fetched successfully."
"13","technical_status","6","LEAD-0120","ALH Group","https://www.alhgroup.com.au/contact","1","","fetch_status","https://www.alhgroup.com.au/contact","","High","Fetch status: 200. Use only if page fetched successfully."
"72","company_contact_page","7","LEAD-0119","Signature Hospitality Group","https://www.signaturehospitalitygroup.com.au/","6","https://www.signaturehospitalitygroup.com.au/contact/ | https://www.signaturehospitalitygroup.com.au/functions/","contact_link","https://www.signaturehospitalitygroup.com.au/contact/","/contact/","Medium","Review linked page for contact/form/KP details."
"72","events_or_functions_contact","7","LEAD-0119","Signature Hospitality Group","https://www.signaturehospitalitygroup.com.au/","6","https://www.signaturehospitalitygroup.com.au/contact/ | https://www.signaturehospitalitygroup.com.au/functions/","contact_link","https://www.signaturehospitalitygroup.com.au/functions/","Functions and Events","Medium","Review linked page for contact/form/KP details."
"70","company_linkedin","7","LEAD-0119","Signature Hospitality Group","https://www.signaturehospitalitygroup.com.au/","4","https://www.signaturehospitalitygroup.com.au/contact/ | https://www.signaturehospitalitygroup.com.au/functions/","company_linkedin_url","https://www.linkedin.com/company/signature-hospitality-group/","https://www.linkedin.com/company/signature-hospitality-group/","Low","Use as a manual LinkedIn review URL; do not treat as verified direct contact until person/company fit is confirmed."
"50","kp_context_hint","7","LEAD-0119","Signature Hospitality Group","https://www.signaturehospitalitygroup.com.au/","3","https://www.signaturehospitalitygroup.com.au/contact/ | https://www.signaturehospitalitygroup.com.au/functions/","role_context","events","Signature Hospitality Group | Home to Australia’s Leading Restaurant Brands Our Brands Careers Functions and Events Franchise Contact Better Together with Signature Hospitality Group We’re Australia’s leading hospitality network, creating unforgettable dining and entertainment experiences","Low","Use as a page-level KP hint; confirm person name/title before saving."
"50","kp_context_hint","7","LEAD-0119","Signature Hospitality Group","https://www.signaturehospitalitygroup.com.au/","2","https://www.signaturehospitalitygroup.com.au/functions/","role_context","people","orgettable dining and entertainment experiences through our iconic brands. From big games to casual catch-ups, we bring people together for moments to remember. Explore Careers Meet Our Brands Our Brands Four unique experiences. One shared purpose: to connect people through great food, drinks, and e","Low","Use as a page-level KP hint; confirm person name/title before saving."
"50","kp_context_hint","7","LEAD-0119","Signature Hospitality Group","https://www.signaturehospitalitygroup.com.au/contact/","2","https://www.signaturehospitalitygroup.com.au/functions/","role_context","team","Incredible Brands From partnership opportunities and private functions to careers and reservations, our dedicated brand teams are ready to help. The Sporting Globe Your go-to sports bar and grill for live entertainment and unforgettable game-day vibes. Get in touch TGI Fridays Classic American dinin","Low","Use as a page-level KP hint; confirm person name/title before saving."
"45","manual_linkedin_search","7","LEAD-0119","Signature Hospitality Group","queue_public_linkedin_query","1","","linkedin_search_url","https://www.google.com/search?q=site%3Alinkedin.com%2Fin+%22Signature+Hospitality+Group%22+Australia+director+OR+operations+OR+procurement","site:linkedin.com/in ""Signature Hospitality Group"" Australia director OR operations OR procurement","Low","Manual search URL for public LinkedIn result review; save only a matched personal/company URL with confidence notes."
"13","technical_status","7","LEAD-0119","Signature Hospitality Group","https://www.signaturehospitalitygroup.com.au/","1","","fetch_status","https://www.signaturehospitalitygroup.com.au/","","High","Fetch status: 200. Use only if page fetched successfully."
"13","technical_status","7","LEAD-0119","Signature Hospitality Group","https://www.signaturehospitalitygroup.com.au/contact/","1","","fetch_status","https://www.signaturehospitalitygroup.com.au/contact/","","High","Fetch status: 200. Use only if page fetched successfully."
"13","technical_status","7","LEAD-0119","Signature Hospitality Group","https://www.signaturehospitalitygroup.com.au/functions/","1","","fetch_status","https://www.signaturehospitalitygroup.com.au/functions/","","High","Fetch status: 200. Use only if page fetched successfully."
"88","team_or_about_page","8","LEAD-0117","Bentley Restaurant Group","https://www.bentleyrestaurantgroup.com.au/","9","https://www.bentleyrestaurantgroup.com.au/about-us | https://www.bentleyrestaurantgroup.com.au/about-us-1","team_link","https://www.bentleyrestaurantgroup.com.au/about-us","About Us","Medium","Review linked page for contact/form/KP details."
"88","team_or_about_page","8","LEAD-0117","Bentley Restaurant Group","https://www.bentleyrestaurantgroup.com.au/","3","https://www.bentleyrestaurantgroup.com.au/about-us | https://www.bentleyrestaurantgroup.com.au/about-us-1","team_link","https://www.bentleyrestaurantgroup.com.au/about-us-1","About Us","Medium","Review linked page for contact/form/KP details."
"72","company_contact_page","8","LEAD-0117","Bentley Restaurant Group","https://www.bentleyrestaurantgroup.com.au/","12","https://www.bentleyrestaurantgroup.com.au/about-us | https://www.bentleyrestaurantgroup.com.au/about-us-1","contact_link","https://www.bentleyrestaurantgroup.com.au/contact","Contact","Medium","Review linked page for contact/form/KP details."
"72","events_or_functions_contact","8","LEAD-0117","Bentley Restaurant Group","https://www.bentleyrestaurantgroup.com.au/","12","https://www.bentleyrestaurantgroup.com.au/about-us | https://www.bentleyrestaurantgroup.com.au/about-us-1","contact_link","https://www.bentleyrestaurantgroup.com.au/events-spaces","Events & Spaces","Medium","Review linked page for contact/form/KP details."
"70","company_linkedin","8","LEAD-0117","Bentley Restaurant Group","https://www.bentleyrestaurantgroup.com.au/","3","https://www.bentleyrestaurantgroup.com.au/about-us | https://www.bentleyrestaurantgroup.com.au/about-us-1","company_linkedin_url","https://au.linkedin.com/company/the-bentley-restaurant-group","","Low","Use as a manual LinkedIn review URL; do not treat as verified direct contact until person/company fit is confirmed."
"60","kp_context_hint","8","LEAD-0117","Bentley Restaurant Group","https://www.bentleyrestaurantgroup.com.au/about-us","2","https://www.bentleyrestaurantgroup.com.au/about-us-1","role_context","owner","Gift Cards What's On About Us Contact Reservations About Us Chef Brent Savage and Sommelier Nick Hildebrandt are the co-owners of The Bentley Group. One of Australia’s most respected and influential chefs, Brent Savage has a reputation for exciting, cutting edge food, clever technique and a unique m","Low","Use as a page-level KP hint; confirm person name/title before saving."
"50","kp_context_hint","8","LEAD-0117","Bentley Restaurant Group","https://www.bentleyrestaurantgroup.com.au/","3","https://www.bentleyrestaurantgroup.com.au/about-us | https://www.bentleyrestaurantgroup.com.au/about-us-1","role_context","events","staurant Group Sydney 0 Skip to Content Our Restaurants Bentley Restaurant + Bar King Clarence Eleven Barrack Watermans Events & Spaces Gift Cards What's On About Us Contact Reservations Open Menu Close Menu Reservations Our Restaurants Bentley Restaurant + Bar King Clarence Eleven Barrack Watermans","Low","Use as a page-level KP hint; confirm person name/title before saving."
"50","kp_context_hint","8","LEAD-0117","Bentley Restaurant Group","https://www.bentleyrestaurantgroup.com.au/","1","","role_context","team","at home. Shop Now WORK WITH US The Bentley Group is on the lookout for passionate hospitality professionals to join our team, who we consider to be amongst the industry’s best and brightest. With opportunities for career development throughout the group, competitive salaries and generous company dis","Low","Use as a page-level KP hint; confirm person name/title before saving."
"48","low_value_company_email","8","LEAD-0117","Bentley Restaurant Group","https://www.bentleyrestaurantgroup.com.au/","1","","email","careers@thebentely.com.au","","High","Mailto link; save with source/confidence note and review again before outreach."
"48","low_value_company_email","8","LEAD-0117","Bentley Restaurant Group","https://www.bentleyrestaurantgroup.com.au/","1","","email","careers@thebentley.com.au","d generous company discounts, we welcome your expression of interest. Send your resume to careers@thebentley.com.au OUR GIFT CARDS Gift a memorable experience at one of our restaurants. Shop Our Gift Cards","High","Review whether this is company, department, or person email before saving."
"45","manual_linkedin_search","8","LEAD-0117","Bentley Restaurant Group","queue_public_linkedin_query","1","","linkedin_search_url","https://www.google.com/search?q=site%3Alinkedin.com%2Fin+%22Bentley+Restaurant+Group%22+Australia+director+OR+operations+OR+procurement","site:linkedin.com/in ""Bentley Restaurant Group"" Australia director OR operations OR procurement","Low","Manual search URL for public LinkedIn result review; save only a matched personal/company URL with confidence notes."
"13","technical_status","8","LEAD-0117","Bentley Restaurant Group","https://www.bentleyrestaurantgroup.com.au/","1","","fetch_status","https://www.bentleyrestaurantgroup.com.au/","","High","Fetch status: 200. Use only if page fetched successfully."
"13","technical_status","8","LEAD-0117","Bentley Restaurant Group","https://www.bentleyrestaurantgroup.com.au/about-us","1","","fetch_status","https://www.bentleyrestaurantgroup.com.au/about-us","","High","Fetch status: 200. Use only if page fetched successfully."
"13","technical_status","8","LEAD-0117","Bentley Restaurant Group","https://www.bentleyrestaurantgroup.com.au/about-us-1","1","","fetch_status","https://www.bentleyrestaurantgroup.com.au/about-us-1","","High","Fetch status: 200. Use only if page fetched successfully."
"108","company_email","9","LEAD-0118","Gambaro Group","https://gambarogroup.com.au/contact/","1","","email","ce@gambaro.com.au","and Event enquiries, please contact us via email or phone. Phone: +6107 3369 9500 Email: ce@gambaro.com.au For General and Media enquiries, please contact us via email or phone. Phone: +6107 3369","High","Review whether this is company, department, or person email before saving."
"88","team_or_about_page","9","LEAD-0118","Gambaro Group","https://gambarogroup.com.au/","10","https://gambarogroup.com.au/about/ | https://gambarogroup.com.au/contact/","team_link","https://gambarogroup.com.au/about/","https://gambarogroup.com.au/about/","Medium","Review linked page for contact/form/KP details."
"72","company_contact_page","9","LEAD-0118","Gambaro Group","https://gambarogroup.com.au/","11","https://gambarogroup.com.au/about/ | https://gambarogroup.com.au/contact/","contact_link","https://gambarogroup.com.au/contact/","https://gambarogroup.com.au/contact/","Medium","Review linked page for contact/form/KP details."
"70","company_linkedin","9","LEAD-0118","Gambaro Group","https://gambarogroup.com.au/","3","https://gambarogroup.com.au/about/ | https://gambarogroup.com.au/contact/","company_linkedin_url","https://au.linkedin.com/company/gambaro-pty-ltd","https://au.linkedin.com/company/gambaro-pty-ltd","Low","Use as a manual LinkedIn review URL; do not treat as verified direct contact until person/company fit is confirmed."
"60","kp_context_hint","9","LEAD-0118","Gambaro Group","https://gambarogroup.com.au/","1","","role_context","director","at goes above and beyond. And striving as a whole to improve everyday. These are the keys to our success.” John Gambaro Director, Gambaro Group. Looking for an Event Space? Contact us About Contact Privacy Policy Cookies Policy Terms & Conditions Copyright © 2026 Gambaro Group Scroll to Top","Low","Use as a page-level KP hint; confirm person name/title before saving."
"50","kp_context_hint","9","LEAD-0118","Gambaro Group","https://gambarogroup.com.au/","2","https://gambarogroup.com.au/about/","role_context","events","er and city skyline, exquisite Italian cuisine, and excellent service, Persone is your ultimate destination for special events, corporate functions and social gatherings. Immerse yourself in a truly Italian dining experience, where fresh bread and pasta is made on site everyday. Find out more Pipi’s","Low","Use as a page-level KP hint; confirm person name/title before saving."
"50","kp_context_hint","9","LEAD-0118","Gambaro Group","https://gambarogroup.com.au/about/","1","","role_context","projects","ure venues we have planned for our customers. Below is a summary of some of our key historical milestones, and upcoming projects. Scroll down and wait for loading…. 1937 Michele Gambaro Michele Gambaro was born in Falerna, Calabria in Italy. 1950-53 Family settles in Australia Michele moves to Austr","Low","Use as a page-level KP hint; confirm person name/title before saving."
"50","kp_context_hint","9","LEAD-0118","Gambaro Group","https://gambarogroup.com.au/about/","1","","role_context","staff","ralia. In addition to this, the Group has an unending commitment to employing and training both local and international staff to the highest levels, with the newly established Gambaro Training Academy – to ensure the future of quality hospitality in Brisbane and beyond. Historical Timeline Gambaro G","Low","Use as a page-level KP hint; confirm person name/title before saving."
"50","kp_context_hint","9","LEAD-0118","Gambaro Group","https://gambarogroup.com.au/","1","","role_context","team","area, taking in the beautiful views. Find out more We help bring your event to life Looking for an inspiring venue and team to bring your event to fruition? With a multitude of event spaces, private dining options, and beautiful views, contact the experts in events, conferences, formals, weddings a","Low","Use as a page-level KP hint; confirm person name/title before saving."
"48","low_value_company_email","9","LEAD-0118","Gambaro Group","https://gambarogroup.com.au/contact/","1","","email","marketing@gambaro.com.au","and Media enquiries, please contact us via email or phone. Phone: +6107 3369 9500 Email: marketing@gambaro.com.au Gambaro Group, 36 Caxton Street, Petrie Terrace Brisbane, QLD 4000. About Contact Privacy","High","Review whether this is company, department, or person email before saving."
"45","manual_linkedin_search","9","LEAD-0118","Gambaro Group","queue_public_linkedin_query","1","","linkedin_search_url","https://www.google.com/search?q=site%3Alinkedin.com%2Fin+%22Gambaro+Group%22+Australia+director+OR+operations+OR+procurement","site:linkedin.com/in ""Gambaro Group"" Australia director OR operations OR procurement","Low","Manual search URL for public LinkedIn result review; save only a matched personal/company URL with confidence notes."
"13","technical_status","9","LEAD-0118","Gambaro Group","https://gambarogroup.com.au/","1","","fetch_status","https://gambarogroup.com.au/","","High","Fetch status: 200. Use only if page fetched successfully."
"13","technical_status","9","LEAD-0118","Gambaro Group","https://gambarogroup.com.au/about/","1","","fetch_status","https://gambarogroup.com.au/about/","","High","Fetch status: 200. Use only if page fetched successfully."
"13","technical_status","9","LEAD-0118","Gambaro Group","https://gambarogroup.com.au/contact/","1","","fetch_status","https://gambarogroup.com.au/contact/","","High","Fetch status: 200. Use only if page fetched successfully."
"88","team_or_about_page","10","AU-0203","ahs hospitality","https://ahshospitality.com.au","13","https://www.ahshospitality.com.au/about-us | https://www.ahshospitality.com.au/about-us/our-group","team_link","https://www.ahshospitality.com.au/about-us","","Medium","Review linked page for contact/form/KP details."
"88","team_or_about_page","10","AU-0203","ahs hospitality","https://ahshospitality.com.au","6","https://www.ahshospitality.com.au/about-us | https://www.ahshospitality.com.au/about-us/our-group","team_link","https://www.ahshospitality.com.au/about-us/our-group","","Medium","Review linked page for contact/form/KP details."
"88","team_or_about_page","10","AU-0203","ahs hospitality","https://ahshospitality.com.au","7","https://www.ahshospitality.com.au/about-us | https://www.ahshospitality.com.au/about-us/our-group","team_link","https://www.ahshospitality.com.au/about-us/our-partners","","Medium","Review linked page for contact/form/KP details."
"88","team_or_about_page","10","AU-0203","ahs hospitality","https://ahshospitality.com.au","7","https://www.ahshospitality.com.au/about-us | https://www.ahshospitality.com.au/about-us/our-group","team_link","https://www.ahshospitality.com.au/about-us/sustainability-esg","","Medium","Review linked page for contact/form/KP details."
"88","team_or_about_page","10","AU-0203","ahs hospitality","https://ahshospitality.com.au","2","","team_link","https://www.ahshospitality.com.au/building-stronger-teams-through-inclusion-in-cultural-diversity-week","Building Stronger Teams Through Inclusion in Cultural Diversity Week","Medium","Review linked page for contact/form/KP details."
"88","team_or_about_page","10","AU-0203","ahs hospitality","https://ahshospitality.com.au","6","https://www.ahshospitality.com.au/about-us | https://www.ahshospitality.com.au/about-us/our-group","team_link","https://www.ahshospitality.com.au/leadership","","Medium","Review linked page for contact/form/KP details."
"88","team_or_about_page","10","AU-0203","ahs hospitality","https://ahshospitality.com.au","6","https://www.ahshospitality.com.au/about-us | https://www.ahshospitality.com.au/about-us/our-group","team_link","https://www.ahshospitality.com.au/team-testimonials","","Medium","Review linked page for contact/form/KP details."
"72","company_contact_page","10","AU-0203","ahs hospitality","https://ahshospitality.com.au","14","https://www.ahshospitality.com.au/about-us | https://www.ahshospitality.com.au/about-us/our-group","contact_link","https://www.ahshospitality.com.au/contact-us","","Medium","Review linked page for contact/form/KP details."
"72","company_contact_page","10","AU-0203","ahs hospitality","https://ahshospitality.com.au","6","https://www.ahshospitality.com.au/about-us | https://www.ahshospitality.com.au/about-us/our-group","contact_link","https://www.ahshospitality.com.au/contact-us/auckland","","Medium","Review linked page for contact/form/KP details."
"72","company_contact_page","10","AU-0203","ahs hospitality","https://ahshospitality.com.au","6","https://www.ahshospitality.com.au/about-us | https://www.ahshospitality.com.au/about-us/our-group","contact_link","https://www.ahshospitality.com.au/contact-us/christchurch","","Medium","Review linked page for contact/form/KP details."
"72","company_contact_page","10","AU-0203","ahs hospitality","https://ahshospitality.com.au","6","https://www.ahshospitality.com.au/about-us | https://www.ahshospitality.com.au/about-us/our-group","contact_link","https://www.ahshospitality.com.au/contact-us/nsw-and-act","","Medium","Review linked page for contact/form/KP details."
"72","company_contact_page","10","AU-0203","ahs hospitality","https://ahshospitality.com.au","6","https://www.ahshospitality.com.au/about-us | https://www.ahshospitality.com.au/about-us/our-group","contact_link","https://www.ahshospitality.com.au/contact-us/qld-and-nt","","Medium","Review linked page for contact/form/KP details."
"72","company_contact_page","10","AU-0203","ahs hospitality","https://ahshospitality.com.au","6","https://www.ahshospitality.com.au/about-us | https://www.ahshospitality.com.au/about-us/our-group","contact_link","https://www.ahshospitality.com.au/contact-us/sa","","Medium","Review linked page for contact/form/KP details."
"72","company_contact_page","10","AU-0203","ahs hospitality","https://ahshospitality.com.au","9","https://www.ahshospitality.com.au/about-us | https://www.ahshospitality.com.au/about-us/our-group","contact_link","https://www.ahshospitality.com.au/contact-us/sales-and-marketing","","Medium","Review linked page for contact/form/KP details."
"72","company_contact_page","10","AU-0203","ahs hospitality","https://ahshospitality.com.au","6","https://www.ahshospitality.com.au/about-us | https://www.ahshospitality.com.au/about-us/our-group","contact_link","https://www.ahshospitality.com.au/contact-us/vic-and-tas","","Medium","Review linked page for contact/form/KP details."
"72","company_contact_page","10","AU-0203","ahs hospitality","https://ahshospitality.com.au","6","https://www.ahshospitality.com.au/about-us | https://www.ahshospitality.com.au/about-us/our-group","contact_link","https://www.ahshospitality.com.au/contact-us/wa","","Medium","Review linked page for contact/form/KP details."
"70","company_linkedin","10","AU-0203","ahs hospitality","https://ahshospitality.com.au","3","https://www.ahshospitality.com.au/about-us | https://www.ahshospitality.com.au/about-us/our-group","company_linkedin_url","https://www.linkedin.com/company/ahs-hospitality","","Low","Use as a manual LinkedIn review URL; do not treat as verified direct contact until person/company fit is confirmed."
"60","kp_context_hint","10","AU-0203","ahs hospitality","https://ahshospitality.com.au","3","https://www.ahshospitality.com.au/about-us | https://www.ahshospitality.com.au/about-us/our-group","role_context","owner","fo@ahshospitality.com.au Level 16, 570 Bourke St, Melbourne.3000 Follow Us ahs hospitality acknowledges the Traditional Owners of Country. We pay our respects to the Aboriginal and Torres Strait Islander cultures, and to elders past and present, whose land we stand upon today. ahs hospitality | All","Low","Use as a page-level KP hint; confirm person name/title before saving."
"50","kp_context_hint","10","AU-0203","ahs hospitality","https://ahshospitality.com.au","3","https://www.ahshospitality.com.au/about-us | https://www.ahshospitality.com.au/about-us/our-group","role_context","leadership","Australian Hospitality Services Provider | ahs hospitality About Us Sustainability (ESG) Our Leadership Our Partners Our Group Our Services Outsourced Housekeeping Services Labour Hire Solution Commercial Cleaning Service Student Accommodation Service Hospitality Our Guara","Low","Use as a page-level KP hint; confirm person name/title before saving."
"50","kp_context_hint","10","AU-0203","ahs hospitality","https://www.ahshospitality.com.au/about-us","1","","role_context","management","of Recruit Global Staffing 2020 Expansion of our services into short term labour hire Our Reach With offices and senior management throughout Australia and New Zealand, we are always nearby to provide support. Contact Us Our Partners Sample Logo Sample Logo Sample Logo Sample Logo Sample Logo Sample","Low","Use as a page-level KP hint; confirm person name/title before saving."
"50","kp_context_hint","10","AU-0203","ahs hospitality","https://ahshospitality.com.au","1","","role_context","operations","meaningful change. In housekeeping and commercial cleaning services, practical sustainability can be embedded in daily operations through smarter resource use, reduced waste, and continuous improvements that support both environmental outcomes and operational efficiency. Building Stronger Teams Thr","Low","Use as a page-level KP hint; confirm person name/title before saving."
"50","kp_context_hint","10","AU-0203","ahs hospitality","https://ahshospitality.com.au","3","https://www.ahshospitality.com.au/about-us | https://www.ahshospitality.com.au/about-us/our-group","role_context","people","otal Facility Cleaning Aged Care Commercial Office Portfolios ﻿ We offer transparency, flexibility and compassion, with people at the heart of all we do. Speak To Us 3500+ Employees across Australia and New Zealand 120+ Partners 950K Hours cleaned 24/7 Mobilisation capability Our Partners Sample Log","Low","Use as a page-level KP hint; confirm person name/title before saving."
"50","kp_context_hint","10","AU-0203","ahs hospitality","https://www.ahshospitality.com.au/about-us","2","https://www.ahshospitality.com.au/about-us/our-group","role_context","staff","handler Macleod Group 2013 ​First partnership in New Zealand 2015 ahs hospitality became a subsidiary of Recruit Global Staffing 2020 Expansion of our services into short term labour hire Our Reach With offices and senior management throughout Australia and New Zealand, we are always nearby to provi","Low","Use as a page-level KP hint; confirm person name/title before saving."
"50","kp_context_hint","10","AU-0203","ahs hospitality","https://ahshospitality.com.au","3","https://www.ahshospitality.com.au/about-us | https://www.ahshospitality.com.au/about-us/our-group","role_context","team","rvice Student Accommodation Service Hospitality Our Guarantee Client Testimonials Jobs Job Search Our Workplace Culture Team Testimonials Blog Contact Us NSW & ACT VIC & TAS QLD & NT SA WA Auckland Christchurch Sales & Marketing Login Register User Dashboard Client Portal Signout info@ahshospitality","Low","Use as a page-level KP hint; confirm person name/title before saving."
"45","manual_linkedin_search","10","AU-0203","ahs hospitality","queue_public_linkedin_query","1","","linkedin_search_url","https://www.google.com/search?q=site%3Alinkedin.com%2Fin+%22ahs+hospitality%22+Australia+director+OR+operations+OR+procurement","site:linkedin.com/in ""ahs hospitality"" Australia director OR operations OR procurement","Low","Manual search URL for public LinkedIn result review; save only a matched personal/company URL with confidence notes."
"13","technical_status","10","AU-0203","ahs hospitality","https://ahshospitality.com.au","1","","fetch_status","https://ahshospitality.com.au","","High","Fetch status: 200. Use only if page fetched successfully."
"13","technical_status","10","AU-0203","ahs hospitality","https://www.ahshospitality.com.au/about-us","1","","fetch_status","https://www.ahshospitality.com.au/about-us","","High","Fetch status: 200. Use only if page fetched successfully."
"13","technical_status","10","AU-0203","ahs hospitality","https://www.ahshospitality.com.au/about-us/our-group","1","","fetch_status","https://www.ahshospitality.com.au/about-us/our-group","","High","Fetch status: 200. Use only if page fetched successfully."
"88","team_or_about_page","11","AU-0221","Bay 13 Brewery & Kitchen","https://bay13brewery.com","6","https://www.bay13brewery.com/about","team_link","https://www.bay13brewery.com/about","About","Medium","Review linked page for contact/form/KP details."
"72","company_contact_page","11","AU-0221","Bay 13 Brewery & Kitchen","https://bay13brewery.com","2","https://www.bay13brewery.com/about","contact_link","https://www.bay13brewery.com/Bookings","","Medium","Review linked page for contact/form/KP details."
"72","events_or_functions_contact","11","AU-0221","Bay 13 Brewery & Kitchen","https://bay13brewery.com","8","https://www.bay13brewery.com/about","contact_link","https://www.bay13brewery.com/events","View Events","Medium","Review linked page for contact/form/KP details."
"72","events_or_functions_contact","11","AU-0221","Bay 13 Brewery & Kitchen","https://bay13brewery.com","15","https://www.bay13brewery.com/about","contact_link","https://www.bay13brewery.com/group-events","Book your event","Medium","Review linked page for contact/form/KP details."
"70","company_linkedin","11","AU-0221","Bay 13 Brewery & Kitchen","https://bay13brewery.com","8","https://www.bay13brewery.com/about","company_linkedin_url","https://www.linkedin.com/company/bay13brewery","","Low","Use as a manual LinkedIn review URL; do not treat as verified direct contact until person/company fit is confirmed."
"60","kp_context_hint","11","AU-0221","Bay 13 Brewery & Kitchen","https://www.bay13brewery.com/about","1","","role_context","owner","a global offering of beer styles, of course including some great Southern Hemisphere style beers. Our Team Nick Sharp - Owner Nick came to Miami in 2012 as an accountant at a dairy commodity trading company. In 2014 with his wife Teresa, opened Threefold Café on Giralda Avenue in the Gables aiming t","Low","Use as a page-level KP hint; confirm person name/title before saving."
"60","kp_context_hint","11","AU-0221","Bay 13 Brewery & Kitchen","https://www.bay13brewery.com/about","1","","role_context","team","ularly showcasing a global offering of beer styles, of course including some great Southern Hemisphere style beers. Our Team Nick Sharp - Owner Nick came to Miami in 2012 as an accountant at a dairy commodity trading company. In 2014 with his wife Teresa, opened Threefold Café on Giralda Avenue in t","Low","Use as a page-level KP hint; confirm person name/title before saving."
"50","kp_context_hint","11","AU-0221","Bay 13 Brewery & Kitchen","https://bay13brewery.com","2","https://www.bay13brewery.com/about","role_context","events","Content Open Menu Close Menu Home About Menu Beer Beer Menu Beer Archives Full Collection Cocktails Happenings Specials Events Other Projects Bookings Make a Reservation Group Events Join the waitlist 0 0 Book an Event Open Menu Close Menu Home About Menu Beer Beer Menu Beer Archives Full Collection","Low","Use as a page-level KP hint; confirm person name/title before saving."
"50","kp_context_hint","11","AU-0221","Bay 13 Brewery & Kitchen","https://bay13brewery.com","2","https://www.bay13brewery.com/about","role_context","projects","Menu Close Menu Home About Menu Beer Beer Menu Beer Archives Full Collection Cocktails Happenings Specials Events Other Projects Bookings Make a Reservation Group Events Join the waitlist 0 0 Book an Event Open Menu Close Menu Home About Menu Beer Beer Menu Beer Archives Full Collection Cocktails Ha","Low","Use as a page-level KP hint; confirm person name/title before saving."
"45","manual_linkedin_search","11","AU-0221","Bay 13 Brewery & Kitchen","queue_public_linkedin_query","1","","linkedin_search_url","https://www.google.com/search?q=site%3Alinkedin.com%2Fin+%22Bay+13+Brewery+%26+Kitchen%22+Australia+director+OR+operations+OR+procurement","site:linkedin.com/in ""Bay 13 Brewery & Kitchen"" Australia director OR operations OR procurement","Low","Manual search URL for public LinkedIn result review; save only a matched personal/company URL with confidence notes."
"13","technical_status","11","AU-0221","Bay 13 Brewery & Kitchen","https://bay13brewery.com","1","","fetch_status","https://bay13brewery.com","","High","Fetch status: 200. Use only if page fetched successfully."
"13","technical_status","11","AU-0221","Bay 13 Brewery & Kitchen","https://www.bay13brewery.com/about","1","","fetch_status","https://www.bay13brewery.com/about","","High","Fetch status: 200. Use only if page fetched successfully."
"13","technical_status","11","AU-0221","Bay 13 Brewery & Kitchen","https://www.bay13brewery.com/Bookings","1","","fetch_status","https://www.bay13brewery.com/Bookings","","High","Fetch status: 200. Use only if page fetched successfully."
"88","team_or_about_page","12","AU-0292","Bespoke Catering & Events - Premium Event Catering in Sydney","https://bespokecatering.sydney","10","https://bespokecatering.sydney/about/ | https://bespokecatering.sydney/contact/","team_link","https://bespokecatering.sydney/about/","More About Bespoke","Medium","Review linked page for contact/form/KP details."
"88","team_or_about_page","12","AU-0292","Bespoke Catering & Events - Premium Event Catering in Sydney","https://bespokecatering.sydney","9","https://bespokecatering.sydney/about/ | https://bespokecatering.sydney/contact/","team_link","https://bespokecatering.sydney/lets-talk-about-buffet/","https://bespokecatering.sydney/lets-talk-about-buffet/","Medium","Review linked page for contact/form/KP details."
"72","company_contact_page","12","AU-0292","Bespoke Catering & Events - Premium Event Catering in Sydney","https://bespokecatering.sydney","15","https://bespokecatering.sydney/about/ | https://bespokecatering.sydney/contact/","contact_link","https://bespokecatering.sydney/contact/","Get Free Quote","Medium","Review linked page for contact/form/KP details."
"70","company_linkedin","12","AU-0292","Bespoke Catering & Events - Premium Event Catering in Sydney","https://bespokecatering.sydney","3","https://bespokecatering.sydney/about/ | https://bespokecatering.sydney/contact/","company_linkedin_url","https://www.linkedin.com/company/30881548/admin/","https://www.linkedin.com/company/30881548/admin/","Low","Use as a manual LinkedIn review URL; do not treat as verified direct contact until person/company fit is confirmed."
"60","kp_context_hint","12","AU-0292","Bespoke Catering & Events - Premium Event Catering in Sydney","https://bespokecatering.sydney/about/","1","","role_context","director","ort each other giving back to the communities we live in. Our Team Dion Event & Service Manager Fabio Catering & Events Director / Owner Carmelina Head Chef Why Choose Us Experience in 5 Star Hotels Flexibility to adapt to client needs and budgets You dream it – we’ll create it Fair and transparent","Low","Use as a page-level KP hint; confirm person name/title before saving."
"60","kp_context_hint","12","AU-0292","Bespoke Catering & Events - Premium Event Catering in Sydney","https://bespokecatering.sydney/about/","1","","role_context","owner","her giving back to the communities we live in. Our Team Dion Event & Service Manager Fabio Catering & Events Director / Owner Carmelina Head Chef Why Choose Us Experience in 5 Star Hotels Flexibility to adapt to client needs and budgets You dream it – we’ll create it Fair and transparent pricing Whe","Low","Use as a page-level KP hint; confirm person name/title before saving."
"50","kp_context_hint","12","AU-0292","Bespoke Catering & Events - Premium Event Catering in Sydney","https://bespokecatering.sydney","3","https://bespokecatering.sydney/about/ | https://bespokecatering.sydney/contact/","role_context","culinary","Top 7 Catering Trends in Sydney for 2025: Elevate Your Events with Bespoke Catering Sydney is renowned for its vibrant culinary scene, and catering trends evolve rapidly to meet the expectations of discerning hosts and guests. At Bespoke Catering, we’re committed to aligning with current industry s","Low","Use as a page-level KP hint; confirm person name/title before saving."
"50","kp_context_hint","12","AU-0292","Bespoke Catering & Events - Premium Event Catering in Sydney","https://bespokecatering.sydney","3","https://bespokecatering.sydney/about/ | https://bespokecatering.sydney/contact/","role_context","events","Contact - Bespoke Catering & Events Dining at Home in Style with gourmet meals delivered to your door! Order Now Talk to us at 02 9066 4091 Home Menus Corporate Our Venues Wedding About Contact Get Free Quote","Low","Use as a page-level KP hint; confirm person name/title before saving."
"50","kp_context_hint","12","AU-0292","Bespoke Catering & Events - Premium Event Catering in Sydney","https://bespokecatering.sydney/about/","1","","role_context","people","g her parents in the family business. From there, she cultivated a passion for deeply understanding and connecting with people spending several years in high-profile customer service and human resources roles. Her pragmatism and audacity are the perfect complement to contribute to a business focused","Low","Use as a page-level KP hint; confirm person name/title before saving."
"50","kp_context_hint","12","AU-0292","Bespoke Catering & Events - Premium Event Catering in Sydney","https://bespokecatering.sydney","3","https://bespokecatering.sydney/about/ | https://bespokecatering.sydney/contact/","role_context","team","a flexible, innovative, collaborative and exciting venture. With a strong background in hospitality Fabio Funai and his team work closely with our clients to understand their vision for their event. More About Bespoke Why Choose Us Experience in 5 Star Hotels Flexibility to adapt to client needs and","Low","Use as a page-level KP hint; confirm person name/title before saving."
"45","manual_linkedin_search","12","AU-0292","Bespoke Catering & Events - Premium Event Catering in Sydney","queue_public_linkedin_query","1","","linkedin_search_url","https://www.google.com/search?q=site%3Alinkedin.com%2Fin+%22Bespoke+Catering+%26+Events+-+Premium+Event+Catering+in+Sydney%22+Australia+director+OR+operations+OR+procurement","site:linkedin.com/in ""Bespoke Catering & Events - Premium Event Catering in Sydney"" Australia director OR operations OR procurement","Low","Manual search URL for public LinkedIn result review; save only a matched personal/company URL with confidence notes."
"13","technical_status","12","AU-0292","Bespoke Catering & Events - Premium Event Catering in Sydney","https://bespokecatering.sydney","1","","fetch_status","https://bespokecatering.sydney","OK","High","Fetch status: 200. Use only if page fetched successfully."
"13","technical_status","12","AU-0292","Bespoke Catering & Events - Premium Event Catering in Sydney","https://bespokecatering.sydney/about/","1","","fetch_status","https://bespokecatering.sydney/about/","OK","High","Fetch status: 200. Use only if page fetched successfully."
"13","technical_status","12","AU-0292","Bespoke Catering & Events - Premium Event Catering in Sydney","https://bespokecatering.sydney/contact/","1","","fetch_status","https://bespokecatering.sydney/contact/","OK","High","Fetch status: 200. Use only if page fetched successfully."
"72","company_contact_page","13","AU-0202","Blanco Horner Hospitality","https://blancohorner.com.au","10","https://www.blancohorner.com.au/contact-us/ | https://www.blancohorner.com.au/events/","contact_link","https://www.blancohorner.com.au/contact-us/","https://www.blancohorner.com.au/contact-us/#form","Medium","Review linked page for contact/form/KP details."
"72","events_or_functions_contact","13","AU-0202","Blanco Horner Hospitality","https://blancohorner.com.au","5","https://www.blancohorner.com.au/contact-us/ | https://www.blancohorner.com.au/events/","contact_link","https://www.blancohorner.com.au/events/","https://www.blancohorner.com.au/events/","Medium","Review linked page for contact/form/KP details."
"70","company_linkedin","13","AU-0202","Blanco Horner Hospitality","https://blancohorner.com.au","3","https://www.blancohorner.com.au/contact-us/ | https://www.blancohorner.com.au/events/","company_linkedin_url","https://www.linkedin.com/company/blancohorner","https://www.linkedin.com/company/blancohorner","Low","Use as a manual LinkedIn review URL; do not treat as verified direct contact until person/company fit is confirmed."
"60","kp_context_hint","13","AU-0202","Blanco Horner Hospitality","https://blancohorner.com.au","1","","role_context","co-founder","has become synonymous with unparalleled hospitality experiences and unforgettable moments. From our humble beginnings, co-founders Steve Blanco and Christopher Horner envisioned a culinary journey that would redefine the standards of excellence in Adelaide’s vibrant hospitality industry.With a rich","Low","Use as a page-level KP hint; confirm person name/title before saving."
"60","kp_context_hint","13","AU-0202","Blanco Horner Hospitality","https://blancohorner.com.au","2","https://www.blancohorner.com.au/events/","role_context","culinary","alleled dining experience that champions sustainable and locally sourced ingredients. Join us as we redefine the art of culinary excellence. GET IN CONTACT Experience the unforgettable. Rose Garden Pavilion The Sanctuary Restaurant Botanic Evergreen Botanic Lodge Wildflowers Cafe U City Function Cen","Low","Use as a page-level KP hint; confirm person name/title before saving."
"60","kp_context_hint","13","AU-0202","Blanco Horner Hospitality","https://blancohorner.com.au","1","","role_context","founder","s become synonymous with unparalleled hospitality experiences and unforgettable moments. From our humble beginnings, co-founders Steve Blanco and Christopher Horner envisioned a culinary journey that would redefine the standards of excellence in Adelaide’s vibrant hospitality industry.With a rich po","Low","Use as a page-level KP hint; confirm person name/title before saving."
"60","kp_context_hint","13","AU-0202","Blanco Horner Hospitality","https://www.blancohorner.com.au/contact-us/","1","","role_context","operations","your guests. Blanco Horner 33 Sunbeam Road, Glynde, SA 5070 PO Box 2006 Glynde Plaza LPO SA 5070 Ria Little – Catering Operations Manager *protected email* Privacy Policy Enquire Today Reserve your special event today. * indicates required Email Address * First Name * Last Name Phone Number Preferr","Low","Use as a page-level KP hint; confirm person name/title before saving."
"50","kp_context_hint","13","AU-0202","Blanco Horner Hospitality","https://blancohorner.com.au","3","https://www.blancohorner.com.au/contact-us/ | https://www.blancohorner.com.au/events/","role_context","events","p to content Search for: CATERING MENU RESTAURANTS & CAFES RESTAURANT BOTANIC ESMAY EVERGREEN BOTANIC LODGE WILDFLOWERS EVENTS WHAT’S ON! EVENT VENUES ROSE GARDEN THE SANCTUARY S.A. MUSEUM TOWN HALL U CITY WEDDINGS ABOUT NEWS REVIEWS CAREERS CONTACT Contact Us Juliana 2026-03-17T10:50:22+09:30 GET I","Low","Use as a page-level KP hint; confirm person name/title before saving."
"50","kp_context_hint","13","AU-0202","Blanco Horner Hospitality","https://www.blancohorner.com.au/contact-us/","1","","role_context","management","Contact Blanco Horner Hospitality Management in Adelaide, South Australia. Skip to content Search for: CATERING MENU RESTAURANTS & CAFES RESTAURANT BOTANIC ESMAY EVERGREEN BOTANIC LODGE WILDFLOWERS EVENTS WHAT’S ON","Low","Use as a page-level KP hint; confirm person name/title before saving."
"50","kp_context_hint","13","AU-0202","Blanco Horner Hospitality","https://blancohorner.com.au","1","","role_context","team","n Adelaide’s vibrant hospitality industry.With a rich portfolio of venues strategically located in Adelaide’s CBD and a team of 100+ dedicated professionals, we remain committed to delivering exceptional culinary journeys and unforgettable moments across South Australia. VENUES | EVENTS | CATERING B","Low","Use as a page-level KP hint; confirm person name/title before saving."
"45","manual_linkedin_search","13","AU-0202","Blanco Horner Hospitality","queue_public_linkedin_query","1","","linkedin_search_url","https://www.google.com/search?q=site%3Alinkedin.com%2Fin+%22Blanco+Horner+Hospitality%22+Australia+director+OR+operations+OR+procurement","site:linkedin.com/in ""Blanco Horner Hospitality"" Australia director OR operations OR procurement","Low","Manual search URL for public LinkedIn result review; save only a matched personal/company URL with confidence notes."
"13","technical_status","13","AU-0202","Blanco Horner Hospitality","https://blancohorner.com.au","1","","fetch_status","https://blancohorner.com.au","","High","Fetch status: 200. Use only if page fetched successfully."
"13","technical_status","13","AU-0202","Blanco Horner Hospitality","https://www.blancohorner.com.au/contact-us/","1","","fetch_status","https://www.blancohorner.com.au/contact-us/","","High","Fetch status: 200. Use only if page fetched successfully."
"13","technical_status","13","AU-0202","Blanco Horner Hospitality","https://www.blancohorner.com.au/events/","1","","fetch_status","https://www.blancohorner.com.au/events/","","High","Fetch status: 200. Use only if page fetched successfully."
"102","official_form_candidate","14","AU-0330","Catering Melbourne | Diamond Blue Catering Services","https://diamondbluecateringmelbourne.com.au","2","","contact_form","https://diamondbluecateringmelbourne.com.au","contact_form form method=post action=current page Get A Quote Event Type * Corporate Cocktail Wedding Birthday Dinner Party BBQ Other Other Event Date * Number of Guests * Name * Email * Phone * Company * Suburb * Where did you hear about us? Please select Google Friend Social Media Referral Comments Submit If you are human, leave this field blank.","High","Official page contains a form; save as company_contact_form_url only if it is a contact/enquiry form, not only a booking widget."
"102","official_form_candidate","14","AU-0330","Catering Melbourne | Diamond Blue Catering Services","https://diamondbluecateringmelbourne.com.au/about-us/","1","","contact_form","https://diamondbluecateringmelbourne.com.au/about-us/","contact_form form method=post action=current page Get A Quote Event Type * Corporate Cocktail Wedding Birthday Dinner Party BBQ Other Other Event Date * Number of Guests * Name * Email * Phone * Company * Suburb * Where did you hear about us? Please select Google Friend Social Media Referral Comments Submit If you are human, leave this field blank.","High","Official page contains a form; save as company_contact_form_url only if it is a contact/enquiry form, not only a booking widget."
"98","phone_candidate","14","AU-0330","Catering Melbourne | Diamond Blue Catering Services","https://diamondbluecateringmelbourne.com.au","2","","phone","1300%20546 144","","High","Tel link; save with source/confidence note and review again before outreach."
"94","phone_candidate","14","AU-0330","Catering Melbourne | Diamond Blue Catering Services","https://diamondbluecateringmelbourne.com.au","6","https://diamondbluecateringmelbourne.com.au/about-us/","phone","(03) 9737 1113","ering professional catering solutions that will exceed your expectations. Contact us Call (03) 9737 1113 Catering Since 2006 At Diamond Blue Catering, we understand the importance of creating me","Medium","Review whether this is company or person phone before saving."
"94","phone_candidate","14","AU-0330","Catering Melbourne | Diamond Blue Catering Services","https://diamondbluecateringmelbourne.com.au/about-us/","2","","phone","0404067554","Diamond Blue. Contact Us Diamond Blue Catering Todd Graham – Chef/ Manager (03)97371113 / 0404067554 [email protected] Have your next function serviced by the best caterers Melbourne has to","Medium","Review whether this is company or person phone before saving."
"88","team_or_about_page","14","AU-0330","Catering Melbourne | Diamond Blue Catering Services","https://diamondbluecateringmelbourne.com.au","3","https://diamondbluecateringmelbourne.com.au/about-us/","team_link","https://diamondbluecateringmelbourne.com.au/about-us/","About Us","Medium","Review linked page for contact/form/KP details."
"72","company_contact_page","14","AU-0330","Catering Melbourne | Diamond Blue Catering Services","https://diamondbluecateringmelbourne.com.au","16","","contact_link","https://diamondbluecateringmelbourne.com.au/#quote","Get a Quote","Medium","Review linked page for contact/form/KP details."
"72","company_contact_page","14","AU-0330","Catering Melbourne | Diamond Blue Catering Services","https://diamondbluecateringmelbourne.com.au/about-us/","2","","contact_link","https://diamondbluecateringmelbourne.com.au/about-us/#quote","Get a Quote","Medium","Review linked page for contact/form/KP details."
"72","company_contact_page","14","AU-0330","Catering Melbourne | Diamond Blue Catering Services","https://diamondbluecateringmelbourne.com.au","10","https://diamondbluecateringmelbourne.com.au/about-us/","contact_link","https://diamondbluecateringmelbourne.com.au/contact-us/","Enquire Now","Medium","Review linked page for contact/form/KP details."
"60","kp_context_hint","14","AU-0330","Catering Melbourne | Diamond Blue Catering Services","https://diamondbluecateringmelbourne.com.au","2","","role_context","founder","atering services available for pickup or delivery. It also suits special events at home. Online Shop A message from our founder At Diamond Blue Catering we have always prided ourselves on supplying a professional and affordable catering service that not only delivers exceptional food and service but","Low","Use as a page-level KP hint; confirm person name/title before saving."
"60","kp_context_hint","14","AU-0330","Catering Melbourne | Diamond Blue Catering Services","https://diamondbluecateringmelbourne.com.au","2","","role_context","owner","eft out. Feel free to contact us to discuss your upcoming event and your catering requirements – Todd Graham, Founder & Owner What Customers Are Saying About Us “ The food and team from Diamond Blue Catering were exceptional! They were so friendly and the food was incredible for wedding. The bar ten","Low","Use as a page-level KP hint; confirm person name/title before saving."
"50","kp_context_hint","14","AU-0330","Catering Melbourne | Diamond Blue Catering Services","https://diamondbluecateringmelbourne.com.au","2","","role_context","events","ring. We pride ourselves on providing the highest quality cuisine for any event. Our experienced chefs design menus for events of all kinds – from birthday parties to corporate functions, weddings and even funerals. Corporate Learn more Events Learn more Weddings Learn more Platters Learn more View","Low","Use as a page-level KP hint; confirm person name/title before saving."
"50","kp_context_hint","14","AU-0330","Catering Melbourne | Diamond Blue Catering Services","https://diamondbluecateringmelbourne.com.au","2","","role_context","people","e really decorative btw) and the … ”      Nicholas Leung “ I used Diamond Blue for a workplace morning tea for 100 people. With a very short timeframe, multiple dietary requirements and an important event, Diamond Blue were simply OUTSTANDING! I cannot recommend them enough. The quality of thei","Low","Use as a page-level KP hint; confirm person name/title before saving."
"50","kp_context_hint","14","AU-0330","Catering Melbourne | Diamond Blue Catering Services","https://diamondbluecateringmelbourne.com.au","2","","role_context","staff","ry & Setup We deliver within your agreed time window and set up onsite — everything presented and ready to go. Optional Staff & Equipment Need wait staff or serving equipment? We offer full venue service so your event runs seamlessly. Dietary Needs Covered All dietary requirements are carefully cate","Low","Use as a page-level KP hint; confirm person name/title before saving."
"50","kp_context_hint","14","AU-0330","Catering Melbourne | Diamond Blue Catering Services","https://diamondbluecateringmelbourne.com.au","3","https://diamondbluecateringmelbourne.com.au/about-us/","role_context","team","experiences for our clients. Whether you’re hosting a corporate event, a wedding, or a private gathering, our dedicated team is here to ensure that every detail is handled with care and precision. Contact us Call 1300 546 144 Spit Roast Catering A relaxed choice for a corporate event or family funct","Low","Use as a page-level KP hint; confirm person name/title before saving."
"45","manual_linkedin_search","14","AU-0330","Catering Melbourne | Diamond Blue Catering Services","queue_public_linkedin_query","1","","linkedin_search_url","https://www.google.com/search?q=site%3Alinkedin.com%2Fin+%22Catering+Melbourne+%7C+Diamond+Blue+Catering+Services%22+Australia+director+OR+operations+OR+procurement","site:linkedin.com/in ""Catering Melbourne | Diamond Blue Catering Services"" Australia director OR operations OR procurement","Low","Manual search URL for public LinkedIn result review; save only a matched personal/company URL with confidence notes."
"13","technical_status","14","AU-0330","Catering Melbourne | Diamond Blue Catering Services","https://diamondbluecateringmelbourne.com.au","2","","fetch_status","https://diamondbluecateringmelbourne.com.au","","High","Fetch status: 200. Use only if page fetched successfully."
"13","technical_status","14","AU-0330","Catering Melbourne | Diamond Blue Catering Services","https://diamondbluecateringmelbourne.com.au/about-us/","1","","fetch_status","https://diamondbluecateringmelbourne.com.au/about-us/","","High","Fetch status: 200. Use only if page fetched successfully."
"88","team_or_about_page","15","AU-0329","Catering Melbourne | Essential Catering & Events","https://essentialcatering.com.au","4","https://www.essentialcatering.com.au/about | https://www.essentialcatering.com.au/contact-us","team_link","https://www.essentialcatering.com.au/about","About Us","Medium","Review linked page for contact/form/KP details."
"72","company_contact_page","15","AU-0329","Catering Melbourne | Essential Catering & Events","https://essentialcatering.com.au","11","https://www.essentialcatering.com.au/about | https://www.essentialcatering.com.au/contact-us","contact_link","https://www.essentialcatering.com.au/contact-us","Get In Touch","Medium","Review linked page for contact/form/KP details."
"72","events_or_functions_contact","15","AU-0329","Catering Melbourne | Essential Catering & Events","https://essentialcatering.com.au","3","https://www.essentialcatering.com.au/about | https://www.essentialcatering.com.au/contact-us","contact_link","https://www.essentialcatering.com.au/corporate-event-catering","Corporate Events","Medium","Review linked page for contact/form/KP details."
"72","events_or_functions_contact","15","AU-0329","Catering Melbourne | Essential Catering & Events","https://essentialcatering.com.au","6","https://www.essentialcatering.com.au/about | https://www.essentialcatering.com.au/contact-us","contact_link","https://www.essentialcatering.com.au/private-event-catering-melbourne","Private Events","Medium","Review linked page for contact/form/KP details."
"60","kp_context_hint","15","AU-0329","Catering Melbourne | Essential Catering & Events","https://www.essentialcatering.com.au/about","1","","role_context","ceo","ng more satisfying than finishing a big event, stepping back, and seeing the smiles on people’s faces. JULIAN AZZOPARDI CEO & CO-OWNER With more than 20 years of leadership experience, Julian combines deep expertise in hospitality with a sharp focus on business transformation. His career has spanned","Low","Use as a page-level KP hint; confirm person name/title before saving."
"60","kp_context_hint","15","AU-0329","Catering Melbourne | Essential Catering & Events","https://essentialcatering.com.au","1","","role_context","director","s. Read More The food and staff were amazing and they offered SO many options to suit our needs SAM S, CUSTOMER SERVICE DIRECTOR JUST PERFECT. The dishes were flavoUrful, the team went above and beyond to make our event special DANIELLE J, CUSTOMER SERVICE DIRECTOR Get In Touch We’d love to help you","Low","Use as a page-level KP hint; confirm person name/title before saving."
"60","kp_context_hint","15","AU-0329","Catering Melbourne | Essential Catering & Events","https://essentialcatering.com.au","2","https://www.essentialcatering.com.au/about","role_context","founder","for Essential? I enjoy the challenge of working in different locations — no two days are ever the same. Sean Robertson Founder For Sean, great catering starts in the garden. His lush Bayswater North veggie patch, home to more than 150 plants, fruit trees, and herbs, provides the freshest produce fo","Low","Use as a page-level KP hint; confirm person name/title before saving."
"60","kp_context_hint","15","AU-0329","Catering Melbourne | Essential Catering & Events","https://www.essentialcatering.com.au/about","1","","role_context","leadership","ent, stepping back, and seeing the smiles on people’s faces. JULIAN AZZOPARDI CEO & CO-OWNER With more than 20 years of leadership experience, Julian combines deep expertise in hospitality with a sharp focus on business transformation. His career has spanned every corner of the hospitality industry,","Low","Use as a page-level KP hint; confirm person name/title before saving."
"60","kp_context_hint","15","AU-0329","Catering Melbourne | Essential Catering & Events","https://essentialcatering.com.au","3","https://www.essentialcatering.com.au/about | https://www.essentialcatering.com.au/contact-us","role_context","owner","f Catering Contact Us Call Us Terms of Service Privacy Policy Acknowledgement of country We acknowledge the Traditional Owners of the land where we work and live and pay our respects to Elders past and present. We celebrate the stories, culture and traditions of Aboriginal and Torres Strait Islander","Low","Use as a page-level KP hint; confirm person name/title before saving."
"60","kp_context_hint","15","AU-0329","Catering Melbourne | Essential Catering & Events","https://essentialcatering.com.au","2","https://www.essentialcatering.com.au/about","role_context","staff","rn blank canvas venue in Melbourne’s QV Complex, ideal for bespoke private and corporate events. Read More The food and staff were amazing and they offered SO many options to suit our needs SAM S, CUSTOMER SERVICE DIRECTOR JUST PERFECT. The dishes were flavoUrful, the team went above and beyond to m","Low","Use as a page-level KP hint; confirm person name/title before saving."
"50","kp_context_hint","15","AU-0329","Catering Melbourne | Essential Catering & Events","https://essentialcatering.com.au","3","https://www.essentialcatering.com.au/about | https://www.essentialcatering.com.au/contact-us","role_context","culinary","tage for unforgettable occasions in Melbourne. From intimate gatherings to grand celebrations, we transform events with culinary creativity and passion, to truly deliver… Experiences Beyond Imagination The Unforgettable Awaits CORPORATE EVENTS Exceptional events that feel anything but corporate. Wha","Low","Use as a page-level KP hint; confirm person name/title before saving."
"50","kp_context_hint","15","AU-0329","Catering Melbourne | Essential Catering & Events","https://essentialcatering.com.au","3","https://www.essentialcatering.com.au/about | https://www.essentialcatering.com.au/contact-us","role_context","events","Catering Melbourne | Essential Catering & Events essential CATERING + EVENTS Weddings Corporate Corporate Events Boardroom Catering Conference Catering Office Parties Buffet Catering Breakfast Catering Private Events Birth","Low","Use as a page-level KP hint; confirm person name/title before saving."
"50","kp_context_hint","15","AU-0329","Catering Melbourne | Essential Catering & Events","https://www.essentialcatering.com.au/about","1","","role_context","food and beverage","sharp focus on business transformation. His career has spanned every corner of the hospitality industry, from managing food and beverage operations in hotels to overseeing catering in business, aged care, and education settings. Julian has led large teams across hundreds of contracts, always strivi","Low","Use as a page-level KP hint; confirm person name/title before saving."
"50","kp_context_hint","15","AU-0329","Catering Melbourne | Essential Catering & Events","https://www.essentialcatering.com.au/about","1","","role_context","operations","siness transformation. His career has spanned every corner of the hospitality industry, from managing food and beverage operations in hotels to overseeing catering in business, aged care, and education settings. Julian has led large teams across hundreds of contracts, always striving to deliver exce","Low","Use as a page-level KP hint; confirm person name/title before saving."
"50","kp_context_hint","15","AU-0329","Catering Melbourne | Essential Catering & Events","https://essentialcatering.com.au","3","https://www.essentialcatering.com.au/about | https://www.essentialcatering.com.au/contact-us","role_context","people","ll communities who also work and live on this land. ‍ We welcome and celebrate everyone We work with a diverse array of people regardless of background, gender identity, sexual orientation, beliefs or ethnicities. We strive to make everyone feel welcomed, heard and recognised for the unique perspect","Low","Use as a page-level KP hint; confirm person name/title before saving."
"50","kp_context_hint","15","AU-0329","Catering Melbourne | Essential Catering & Events","https://essentialcatering.com.au","2","https://www.essentialcatering.com.au/about","role_context","team","s that feel anything but corporate. Whatever the occasion, be it a boardroom lunch or an after-hours soirée, our expert team can create the perfect menu for you. Find Out More Weddings Bring your love story to life with exquisite flavours, tailored service and a hint of magic to make your special da","Low","Use as a page-level KP hint; confirm person name/title before saving."
"45","manual_linkedin_search","15","AU-0329","Catering Melbourne | Essential Catering & Events","queue_public_linkedin_query","1","","linkedin_search_url","https://www.google.com/search?q=site%3Alinkedin.com%2Fin+%22Catering+Melbourne+%7C+Essential+Catering+%26+Events%22+Australia+director+OR+operations+OR+procurement","site:linkedin.com/in ""Catering Melbourne | Essential Catering & Events"" Australia director OR operations OR procurement","Low","Manual search URL for public LinkedIn result review; save only a matched personal/company URL with confidence notes."
"13","technical_status","15","AU-0329","Catering Melbourne | Essential Catering & Events","https://essentialcatering.com.au","1","","fetch_status","https://essentialcatering.com.au","","High","Fetch status: 200. Use only if page fetched successfully."
"13","technical_status","15","AU-0329","Catering Melbourne | Essential Catering & Events","https://www.essentialcatering.com.au/about","1","","fetch_status","https://www.essentialcatering.com.au/about","","High","Fetch status: 200. Use only if page fetched successfully."
"13","technical_status","15","AU-0329","Catering Melbourne | Essential Catering & Events","https://www.essentialcatering.com.au/contact-us","1","","fetch_status","https://www.essentialcatering.com.au/contact-us","","High","Fetch status: 200. Use only if page fetched successfully."
"88","team_or_about_page","16","AU-0413","Franchising | Guzman y Gomez Mexican Kitchen | Find Out More","https://guzmanygomez.com.au","4","https://www.guzmanygomez.com.au/about/","team_link","https://www.guzmanygomez.com.au/about/","About Us","Medium","Review linked page for contact/form/KP details."
"72","company_contact_page","16","AU-0413","Franchising | Guzman y Gomez Mexican Kitchen | Find Out More","https://guzmanygomez.com.au","2","https://www.guzmanygomez.com.au/about/","contact_link","https://www.guzmanygomez.com.au/contact-us/","Contact Us","Medium","Review linked page for contact/form/KP details."
"72","company_contact_page","16","AU-0413","Franchising | Guzman y Gomez Mexican Kitchen | Find Out More","https://guzmanygomez.com.au","2","https://www.guzmanygomez.com.au/about/","contact_link","https://www.guzmanygomez.com.au/help-centre/","Contact Us","Medium","Review linked page for contact/form/KP details."
"60","kp_context_hint","16","AU-0413","Franchising | Guzman y Gomez Mexican Kitchen | Find Out More","https://www.guzmanygomez.com.au/about/","1","","role_context","ceo","e building, I wanted it to be the best. We make everything fresh. We never compromise. ” – Steven Marks (Founder and CO-CEO) Steven and Robert then set about designing the bespoke operating platform & sticker system which remains one of the fastest fresh fast food operating platforms in the world; e","Low","Use as a page-level KP hint; confirm person name/title before saving."
"60","kp_context_hint","16","AU-0413","Franchising | Guzman y Gomez Mexican Kitchen | Find Out More","https://www.guzmanygomez.com.au/about/","1","","role_context","founder","whatever we were building, I wanted it to be the best. We make everything fresh. We never compromise. ” – Steven Marks (Founder and CO-CEO) Steven and Robert then set about designing the bespoke operating platform & sticker system which remains one of the fastest fresh fast food operating platforms","Low","Use as a page-level KP hint; confirm person name/title before saving."
"50","kp_context_hint","16","AU-0413","Franchising | Guzman y Gomez Mexican Kitchen | Find Out More","https://www.guzmanygomez.com.au/about/","1","","role_context","crew","started…not bad for a couple of kids from New York. Love Ya! GYG by the numbers! 260 + Restaurants 3 Countries 15,000 + Crew 1,000,000 + customers a week 600 + Burritos sold per hour 1.9M + kg of avocados used a year in Australia! Brand Growth GYG now spans over 260+ restaurants in 3 countries acros","Low","Use as a page-level KP hint; confirm person name/title before saving."
"50","kp_context_hint","16","AU-0413","Franchising | Guzman y Gomez Mexican Kitchen | Find Out More","https://guzmanygomez.com.au","2","https://www.guzmanygomez.com.au/about/","role_context","people","od at GYG. Join our family! We’re on a mission to become the biggest and best restaurant company in the world, with our people and culture at the heart of everything we do. When you love ya work like we do at GYG, the opportunities are endless. Learn More Become a Franchisee! What's the only thing b","Low","Use as a page-level KP hint; confirm person name/title before saving."
"50","kp_context_hint","16","AU-0413","Franchising | Guzman y Gomez Mexican Kitchen | Find Out More","https://www.guzmanygomez.com.au/about/","1","","role_context","team","people. Chefs from Mexico were hired to bring the authentic taste and flavours to life and the process of assembling a team of the best restaurant operators in the country began, many of whom are franchisees in the business today. GYG Newtown was followed by Bondi Junction and Kings Cross, and by A","Low","Use as a page-level KP hint; confirm person name/title before saving."
"45","manual_linkedin_search","16","AU-0413","Franchising | Guzman y Gomez Mexican Kitchen | Find Out More","queue_public_linkedin_query","1","","linkedin_search_url","https://www.google.com/search?q=site%3Alinkedin.com%2Fin+%22Franchising+%7C+Guzman+y+Gomez+Mexican+Kitchen+%7C+Find+Out+More%22+Australia+director+OR+operations+OR+procurement","site:linkedin.com/in ""Franchising | Guzman y Gomez Mexican Kitchen | Find Out More"" Australia director OR operations OR procurement","Low","Manual search URL for public LinkedIn result review; save only a matched personal/company URL with confidence notes."
"13","technical_status","16","AU-0413","Franchising | Guzman y Gomez Mexican Kitchen | Find Out More","https://guzmanygomez.com.au","1","","fetch_status","https://guzmanygomez.com.au","","High","Fetch status: 200. Use only if page fetched successfully."
"13","technical_status","16","AU-0413","Franchising | Guzman y Gomez Mexican Kitchen | Find Out More","https://www.guzmanygomez.com.au/about/","1","","fetch_status","https://www.guzmanygomez.com.au/about/","","High","Fetch status: 200. Use only if page fetched successfully."
"13","technical_status","16","AU-0413","Franchising | Guzman y Gomez Mexican Kitchen | Find Out More","https://www.guzmanygomez.com.au/contact-us/","1","","fetch_status","https://www.guzmanygomez.com.au/contact-us/","","High","Fetch status: 200. Use only if page fetched successfully."
"102","official_form_candidate","17","AU-0280","GM Hotels Group","https://gmhotels.com.au","2","https://gmhotels.com.au/#","contact_form","https://gmhotels.com.au/#","contact_form form method=post action=# Name Email Message","High","Official page contains a form; save as company_contact_form_url only if it is a contact/enquiry form, not only a booking widget."
"102","official_form_candidate","17","AU-0280","GM Hotels Group","https://gmhotels.com.au/our-team.php","1","","contact_form","https://gmhotels.com.au/our-team.php#","contact_form form method=post action=# Name Email Message","High","Official page contains a form; save as company_contact_form_url only if it is a contact/enquiry form, not only a booking widget."
"94","phone_candidate","17","AU-0280","GM Hotels Group","https://gmhotels.com.au","2","https://gmhotels.com.au/#","phone","(07) 3200 3777","www.beachhousenambour.com.au/ The Meadowbrook Hotel 1-7 Logandowns Drive, Meadowbrook QLD (07) 3200 3777 The Meadowbrook Hotel is conveniently located on the corner of Loganlea Road and Logandow","Medium","Review whether this is company or person phone before saving."
"94","phone_candidate","17","AU-0280","GM Hotels Group","https://gmhotels.com.au","2","https://gmhotels.com.au/#","phone","(07) 3252 4136",".theredlionhotel.com.au The Elephant Hotel 230 Wickham Street, Fortitude Valley, QLD 4006 (07) 3252 4136 The Elephant Hotel was first opened as the Prince Consort Hotel in 1888. The hotel, refur","Medium","Review whether this is company or person phone before saving."
"94","phone_candidate","17","AU-0280","GM Hotels Group","https://gmhotels.com.au","2","https://gmhotels.com.au/#","phone","(07) 3391 5022","//glenelgpier.com.au Previous Venues The Norman Hotel 102 Ipswitch Road, Wooloongabba QLD (07) 3391 5022 Ultimately, it’s the hand-selected export quality steaks that are showcased in our meat c","Medium","Review whether this is company or person phone before saving."
"94","phone_candidate","17","AU-0280","GM Hotels Group","https://gmhotels.com.au","2","https://gmhotels.com.au/#","phone","(07) 3392 6762","s. https://www.meadowbrookhotel.com.au The Red Lion Hotel 215 Beaudesert Rd, Moorooka QLD (07) 3392 6762 Conveniently located just 8km from the CBD, The Red Lion Hotel is Mooorooka best kept lit","Medium","Review whether this is company or person phone before saving."
"94","phone_candidate","17","AU-0280","GM Hotels Group","https://gmhotels.com.au","2","https://gmhotels.com.au/#","phone","(08) 82215156","auran… https://www.christiesbeachhotel.com.au The Rosey 160 Hindley Street, Adelaide 5000 (08) 82215156 The Rosey, Recently known as ""The Rosemont Hotel"" has just undergone some renovations, an","Medium","Review whether this is company or person phone before saving."
"94","phone_candidate","17","AU-0280","GM Hotels Group","https://gmhotels.com.au","2","https://gmhotels.com.au/#","phone","(08) 8250 4144","s://www.stfranciswinery.com.au The Whitehorse Inn 887-889 Port Wakefield Road, Bolivar SA (08) 8250 4144 The Whitehorse Inn is located on Port Wakefield Road, Bolivar SA. situated on a large blo","Medium","Review whether this is company or person phone before saving."
"94","phone_candidate","17","AU-0280","GM Hotels Group","https://gmhotels.com.au","2","https://gmhotels.com.au/#","phone","(08) 8258 3333","fter by the Hotel. https://emuhotel.com.au The Brahma 1572 Main North Rd, Brahma Lodge SA (08) 8258 3333 The Lodge Hotel is a brand new, refurbished venue in Brahma Lodge, Northern Adelaide. Boa","Medium","Review whether this is company or person phone before saving."
"94","phone_candidate","17","AU-0280","GM Hotels Group","https://gmhotels.com.au","2","https://gmhotels.com.au/#","phone","(08) 8262 1143","alodgehotel.com.au The Cross Keys Corner of Port Wakefield & Montague Road, Cavan SA 5094 (08) 8262 1143 The Cross Keys Hotel, an iconic building located on the busy Port Wakefield and Montague","Medium","Review whether this is company or person phone before saving."
"94","phone_candidate","17","AU-0280","GM Hotels Group","https://gmhotels.com.au","2","https://gmhotels.com.au/#","phone","(08) 8264 2266","op https://www.crowninnhotel.com.au The Valley Inn 1210 Grand Junction Rd, Hope Valley SA (08) 8264 2266 The Valley Inn is located on Grand Junction Road, Hope Valley SA. The Valley Inn offers a","Medium","Review whether this is company or person phone before saving."
"94","phone_candidate","17","AU-0280","GM Hotels Group","https://gmhotels.com.au","2","https://gmhotels.com.au/#","phone","(08) 8322 2246","els Group Current Venues St Francis Winery 14 Bridge Street, Old Reynella South Australia (08) 8322 2246 The St. Francis Winery is located on Bath Street in Old Reynella SA. The Winery was built","Medium","Review whether this is company or person phone before saving."
"94","phone_candidate","17","AU-0280","GM Hotels Group","https://gmhotels.com.au","2","https://gmhotels.com.au/#","phone","(08) 8331 3098","f serv… https://crosskeys.com.au/ The Tower Hotel 621 Magill Road, Magill South Australia (08) 8331 3098 The Tower Hotel is located on Magill road, MAGILL SA. It is a classic and beautiful looki","Medium","Review whether this is company or person phone before saving."
"94","phone_candidate","17","AU-0280","GM Hotels Group","https://gmhotels.com.au","3","https://gmhotels.com.au/# | https://gmhotels.com.au/our-team.php","phone","(08) 8332 2322","ge Other ways to reach us Email info@gmhotels.com.au LinkedIn linkedin.com/gmhotels Phone (08) 8332 2322 Facebook facebook.com/gmhotels Mailing Address 621 Magill Road Magill, SA 5072 Australia","Medium","Review whether this is company or person phone before saving."
"94","phone_candidate","17","AU-0280","GM Hotels Group","https://gmhotels.com.au","2","https://gmhotels.com.au/#","phone","(08) 8337 5055",". https://www.thevalleyinn.com.au The Paradise Hotel 700 Lower North East Rd, Paradise SA (08) 8337 5055 The Paradise Hotel is located on Lower North East Road, Paradise SA. The Hotel has recent","Medium","Review whether this is company or person phone before saving."
"94","phone_candidate","17","AU-0280","GM Hotels Group","https://gmhotels.com.au","2","https://gmhotels.com.au/#","phone","(08) 8350 3108","ro, func… More https://thewhitehorseinn.com.au Pier Glenelg Holdfast Promenade Glenelg SA (08) 8350 3108 The Pier Glenelg is a great location for your next night out, to have a meal or just sit","Medium","Review whether this is company or person phone before saving."
"94","phone_candidate","17","AU-0280","GM Hotels Group","https://gmhotels.com.au","2","https://gmhotels.com.au/#","phone","(08) 8362 4657","Hotel cons… https://www.beachhotelseaford.com.au The Republic 120 Magill Road, Norwood SA (08) 8362 4657 Norwoods newest pub, Republic, is breaking the mold of what people expect in a suburban p","Medium","Review whether this is company or person phone before saving."
"94","phone_candidate","17","AU-0280","GM Hotels Group","https://gmhotels.com.au","2","https://gmhotels.com.au/#","phone","(08) 8381 1319","keep yo… https://www.republicnorwood.com.au The Crown Inn Old South Road, Old Reynella SA (08) 8381 1319 The Crown Inn Hotel is located on Old South Road in Old Reynella, South Australia. The Ho","Medium","Review whether this is company or person phone before saving."
"94","phone_candidate","17","AU-0280","GM Hotels Group","https://gmhotels.com.au","2","https://gmhotels.com.au/#","phone","(08) 8382 3122","urround soun… https://therosey.com.au The Emu Hotel 132 Main South Road, Morphett Vale SA (08) 8382 3122 The Emu Hotel is located on Main South Road, Morphettville SA. The Hotel is a very popula","Medium","Review whether this is company or person phone before saving."
"94","phone_candidate","17","AU-0280","GM Hotels Group","https://gmhotels.com.au","2","https://gmhotels.com.au/#","phone","(08) 8386 2211","r… https://www.towerhotel.net.au The Beach Hotel Commercial Road, Seaford South Australia (08) 8386 2211 The Beach Hotel is located on the corner of Commercial Road and Griffiths Drive, Seaford","Medium","Review whether this is company or person phone before saving."
"94","phone_candidate","17","AU-0280","GM Hotels Group","https://gmhotels.com.au","2","https://gmhotels.com.au/#","phone","07 3229 3522","Wickham St. https://www.elephanthotel.com.au/ Exchange Hotel 131 Edward Street, Brisbane 07 3229 3522 The Exchage Hotel is situated in the Brisbane CBD, the Exchange Hotel was built in 1863,","Medium","Review whether this is company or person phone before saving."
"94","phone_candidate","17","AU-0280","GM Hotels Group","https://gmhotels.com.au","2","https://gmhotels.com.au/#","phone","07 4125 5477","/www.stockexchangehotel.com.au Kondari Hotel 49-63 Elizabeth Street Hervey Bay, QLD, 4655 07 4125 5477 Set amongst 20 acres of lush tropical gardens, The Kondari Hotel offers you the perfect e","Medium","Review whether this is company or person phone before saving."
"94","phone_candidate","17","AU-0280","GM Hotels Group","https://gmhotels.com.au","2","https://gmhotels.com.au/#","phone","07 5441 1144","… https://www.normanhotel.com.au The Commercial Hotel 35 Currie Street, Nambour QLD 4560 07 5441 1144 Located in the heart of Currie Street in Nambour, Hotel Beach House Nambour is the perfec","Medium","Review whether this is company or person phone before saving."
"89","possible_key_person","17","AU-0280","GM Hotels Group","https://gmhotels.com.au/our-team.php","1","","key_person_name","Shane Gross","ceo: s Venues Press Contact Our Team Greg Maitland CEO Shane Gross Group Operations Manager Send us a message Name Email Message Other ways to reach us Email info@gmh","Medium","Person name found near 'ceo' role. Verify person/company fit before saving to contacts."
"88","team_or_about_page","17","AU-0280","GM Hotels Group","https://gmhotels.com.au","2","https://gmhotels.com.au/#","team_link","https://gmhotels.com.au/#one","About","Medium","Review linked page for contact/form/KP details."
"88","team_or_about_page","17","AU-0280","GM Hotels Group","https://gmhotels.com.au/our-team.php","1","","team_link","https://gmhotels.com.au/index.php#one","About","Medium","Review linked page for contact/form/KP details."
"88","team_or_about_page","17","AU-0280","GM Hotels Group","https://gmhotels.com.au","3","https://gmhotels.com.au/# | https://gmhotels.com.au/our-team.php","team_link","https://gmhotels.com.au/our-team.php","Our Team","Medium","Review linked page for contact/form/KP details."
"72","company_contact_page","17","AU-0280","GM Hotels Group","https://gmhotels.com.au","4","https://gmhotels.com.au/#","contact_link","https://gmhotels.com.au/#contact","facebook.com/gmhotels","Medium","Review linked page for contact/form/KP details."
"72","company_contact_page","17","AU-0280","GM Hotels Group","https://gmhotels.com.au/our-team.php","2","","contact_link","https://gmhotels.com.au/our-team.php#contact","facebook.com/gmhotels","Medium","Review linked page for contact/form/KP details."
"60","kp_context_hint","17","AU-0280","GM Hotels Group","https://gmhotels.com.au/our-team.php","1","","role_context","operations","els Group Home About Our Team Current Venues Previous Venues Press Contact Our Team Greg Maitland CEO Shane Gross Group Operations Manager Send us a message Name Email Message Other ways to reach us Email info@gmhotels.com.au LinkedIn linkedin.com/gmhotels Phone (08) 8332 2322 Facebook facebook.com/","Low","Use as a page-level KP hint; confirm person name/title before saving."
"50","kp_context_hint","17","AU-0280","GM Hotels Group","https://gmhotels.com.au","3","https://gmhotels.com.au/# | https://gmhotels.com.au/our-team.php","role_context","ceo","portfolio with the acquisition of The Rosey in Adelaide CBD and also manage the iconic Republic Norwood. Greg Maitland, CEO of GM Hotels Group Current Venues St Francis Winery 14 Bridge Street, Old Reynella South Australia (08) 8322 2246 The St. Francis Winery is located on Bath Street in Old Reynel","Low","Use as a page-level KP hint; confirm person name/title before saving."
"50","kp_context_hint","17","AU-0280","GM Hotels Group","https://gmhotels.com.au","2","https://gmhotels.com.au/#","role_context","events","el include the open kitchen, enclosed beer garden, mega projector screens, multiple private function spaces and private events.Republic will keep yo… https://www.republicnorwood.com.au The Crown Inn Old South Road, Old Reynella SA (08) 8381 1319 The Crown Inn Hotel is located on Old South Road in Ol","Low","Use as a page-level KP hint; confirm person name/title before saving."
"50","kp_context_hint","17","AU-0280","GM Hotels Group","https://gmhotels.com.au","2","https://gmhotels.com.au/#","role_context","food and beverage","wing venue...The Rosey is a sophisticated, traditional sports bar that offers a bustling and warm atmosphere, excellent food and beverage, boasting large viewing screens, advanced surround soun… https://therosey.com.au The Emu Hotel 132 Main South Road, Morphett Vale SA (08) 8382 3122 The Emu Hotel","Low","Use as a page-level KP hint; confirm person name/title before saving."
"50","kp_context_hint","17","AU-0280","GM Hotels Group","https://gmhotels.com.au","2","https://gmhotels.com.au/#","role_context","management","rrent Venues Previous Venues Press Contact GM Hotels Group | Australia GM Hotels was formed in September 2015, We are a management team that is highly experienced with operating hotels. We currently manage Independent Pub Group which consists of 11 hotels, and 11 Retail Outlets Independent Pub Group","Low","Use as a page-level KP hint; confirm person name/title before saving."
"50","kp_context_hint","17","AU-0280","GM Hotels Group","https://gmhotels.com.au","2","https://gmhotels.com.au/#","role_context","people",".au The Republic 120 Magill Road, Norwood SA (08) 8362 4657 Norwoods newest pub, Republic, is breaking the mold of what people expect in a suburban pub, serving high quality, seasonal food and beverage menus, amongst a relaxed atmosphere. Key features of the hotel include the open kitchen, enclosed","Low","Use as a page-level KP hint; confirm person name/title before saving."
"50","kp_context_hint","17","AU-0280","GM Hotels Group","https://gmhotels.com.au","3","https://gmhotels.com.au/# | https://gmhotels.com.au/our-team.php","role_context","team","GM Hotels Group | Australia GM | Hotels Group Home About Our Team Current Venues Previous Venues Press Contact GM Hotels Group | Australia GM Hotels was formed in September 2015, We are a management team that is highly experienced with opera","Low","Use as a page-level KP hint; confirm person name/title before saving."
"45","manual_linkedin_search","17","AU-0280","GM Hotels Group","queue_public_linkedin_query","1","","linkedin_search_url","https://www.google.com/search?q=site%3Alinkedin.com%2Fin+%22GM+Hotels+Group%22+Australia+director+OR+operations+OR+procurement","site:linkedin.com/in ""GM Hotels Group"" Australia director OR operations OR procurement","Low","Manual search URL for public LinkedIn result review; save only a matched personal/company URL with confidence notes."
"13","technical_status","17","AU-0280","GM Hotels Group","https://gmhotels.com.au","2","https://gmhotels.com.au/#","fetch_status","https://gmhotels.com.au","","High","Fetch status: 200. Use only if page fetched successfully."
"13","technical_status","17","AU-0280","GM Hotels Group","https://gmhotels.com.au/our-team.php","1","","fetch_status","https://gmhotels.com.au/our-team.php","","High","Fetch status: 200. Use only if page fetched successfully."
"88","team_or_about_page","18","AU-0258","La Vie Hospitality Group – The Life and Soul of Hospitality.","https://laviehospitalitygroup.com","4","https://www.laviehospitalitygroup.com/#lead","team_link","https://www.laviehospitalitygroup.com/#lead","BUILDING MANAGEMENT","Medium","Review linked page for contact/form/KP details."
"88","team_or_about_page","18","AU-0258","La Vie Hospitality Group – The Life and Soul of Hospitality.","https://laviehospitalitygroup.com","3","https://www.laviehospitalitygroup.com/#lead | https://www.laviehospitalitygroup.com/about-us-2/","team_link","https://www.laviehospitalitygroup.com/about-us-2/","ABOUT","Medium","Review linked page for contact/form/KP details."
"72","company_contact_page","18","AU-0258","La Vie Hospitality Group – The Life and Soul of Hospitality.","https://laviehospitalitygroup.com","3","https://www.laviehospitalitygroup.com/#lead | https://www.laviehospitalitygroup.com/about-us-2/","contact_link","https://www.laviehospitalitygroup.com/contact-us-2/","CONTACT","Medium","Review linked page for contact/form/KP details."
"60","kp_context_hint","18","AU-0258","La Vie Hospitality Group – The Life and Soul of Hospitality.","https://www.laviehospitalitygroup.com/about-us-2/","1","","role_context","ceo","we look forward to continuing our journey as the leading Hospitality powerhouse across the region. Jerry Xu Founder and CEO Welcome to the life and soul of hospitality. La Vie Hospitality Group is the first Australian hospitality group to launch a fully integrated offering that provides a one-stop s","Low","Use as a page-level KP hint; confirm person name/title before saving."
"60","kp_context_hint","18","AU-0258","La Vie Hospitality Group – The Life and Soul of Hospitality.","https://www.laviehospitalitygroup.com/about-us-2/","1","","role_context","chief executive","erhouse across the region. Jerry Xu Founder and CEO LEADERSHIP TEAM Craig Bond- Managing Director, Jerry XU – Founder & Chief Executive Officer, Priscilla Tran – Chief Financial Officer 1106 Level 11, 100 William street, Woolloomooloo, Sydney NSW 2011 +61 29167 6666 contactus@laviehospitalitygroup.c","Low","Use as a page-level KP hint; confirm person name/title before saving."
"60","kp_context_hint","18","AU-0258","La Vie Hospitality Group – The Life and Soul of Hospitality.","https://www.laviehospitalitygroup.com/about-us-2/","1","","role_context","director","as the leading Hospitality powerhouse across the region. Jerry Xu Founder and CEO LEADERSHIP TEAM Craig Bond- Managing Director, Jerry XU – Founder & Chief Executive Officer, Priscilla Tran – Chief Financial Officer 1106 Level 11, 100 William street, Woolloomooloo, Sydney NSW 2011 +61 29167 6666 co","Low","Use as a page-level KP hint; confirm person name/title before saving."
"60","kp_context_hint","18","AU-0258","La Vie Hospitality Group – The Life and Soul of Hospitality.","https://www.laviehospitalitygroup.com/about-us-2/","1","","role_context","founder","olders, and we look forward to continuing our journey as the leading Hospitality powerhouse across the region. Jerry Xu Founder and CEO Welcome to the life and soul of hospitality. La Vie Hospitality Group is the first Australian hospitality group to launch a fully integrated offering that provides","Low","Use as a page-level KP hint; confirm person name/title before saving."
"60","kp_context_hint","18","AU-0258","La Vie Hospitality Group – The Life and Soul of Hospitality.","https://www.laviehospitalitygroup.com/about-us-2/","1","","role_context","leadership","ook forward to continuing our journey as the leading Hospitality powerhouse across the region. Jerry Xu Founder and CEO LEADERSHIP TEAM Craig Bond- Managing Director, Jerry XU – Founder & Chief Executive Officer, Priscilla Tran – Chief Financial Officer 1106 Level 11, 100 William street, Woolloomool","Low","Use as a page-level KP hint; confirm person name/title before saving."
"60","kp_context_hint","18","AU-0258","La Vie Hospitality Group – The Life and Soul of Hospitality.","https://www.laviehospitalitygroup.com/about-us-2/","1","","role_context","managing director","r journey as the leading Hospitality powerhouse across the region. Jerry Xu Founder and CEO LEADERSHIP TEAM Craig Bond- Managing Director, Jerry XU – Founder & Chief Executive Officer, Priscilla Tran – Chief Financial Officer 1106 Level 11, 100 William street, Woolloomooloo, Sydney NSW 2011 +61 2916","Low","Use as a page-level KP hint; confirm person name/title before saving."
"60","kp_context_hint","18","AU-0258","La Vie Hospitality Group – The Life and Soul of Hospitality.","https://laviehospitalitygroup.com","2","https://www.laviehospitalitygroup.com/#lead","role_context","operations","scerning owners and clients. Marion Building Management Paro Procurement Group Paro Procurement Group begin its initial operations providing traditional FF&E and OS&E procurement consultancy services under the Global Procurement Management (GPM) banner back in 2013. In 2022, after working through so","Low","Use as a page-level KP hint; confirm person name/title before saving."
"60","kp_context_hint","18","AU-0258","La Vie Hospitality Group – The Life and Soul of Hospitality.","https://laviehospitalitygroup.com","3","https://www.laviehospitalitygroup.com/#lead | https://www.laviehospitalitygroup.com/about-us-2/","role_context","owner","s of our partners, colleagues, and shareholders. Our Businesses La Vie Hotels & Resorts La Vie Hotels and Resorts is an owner centric independent hotel management company that offers a tailor-made, cohesive and strategic approach in response to our clients’ real estate objectives within Hospitality.","Low","Use as a page-level KP hint; confirm person name/title before saving."
"50","kp_context_hint","18","AU-0258","La Vie Hospitality Group – The Life and Soul of Hospitality.","https://laviehospitalitygroup.com","2","https://www.laviehospitalitygroup.com/#lead","role_context","events","ailored service that meets the needs of your workplace. From full-service catering management, housekeeping, and ad hoc events we let you control the costs while we deliver the service. With over 20 years’ experience in corporate catering, food service, hospitality management and events we pride our","Low","Use as a page-level KP hint; confirm person name/title before saving."
"50","kp_context_hint","18","AU-0258","La Vie Hospitality Group – The Life and Soul of Hospitality.","https://laviehospitalitygroup.com","3","https://www.laviehospitalitygroup.com/#lead | https://www.laviehospitalitygroup.com/about-us-2/","role_context","management","About Lavie Hospitality Group - An International Hospitality Group × HOME ABOUT NEWS CONTACT Hotels & Resorts Asset Management Education Building Management Hospitality Services Procurement About Us Welcome to the life and soul of hospitality. La Vie Hospitality Group is the first Australian hos","Low","Use as a page-level KP hint; confirm person name/title before saving."
"50","kp_context_hint","18","AU-0258","La Vie Hospitality Group – The Life and Soul of Hospitality.","https://laviehospitalitygroup.com","3","https://www.laviehospitalitygroup.com/#lead | https://www.laviehospitalitygroup.com/about-us-2/","role_context","people","e underdevelopment. La Vie Hotels & Resorts Leadwell Asset Management Advisory with a difference. We believe in putting people first – our clients, our employees and our guests are at the forefront of our service. Our team is deeply passionate about understanding the needs of our clients and believe","Low","Use as a page-level KP hint; confirm person name/title before saving."
"50","kp_context_hint","18","AU-0258","La Vie Hospitality Group – The Life and Soul of Hospitality.","https://laviehospitalitygroup.com","3","https://www.laviehospitalitygroup.com/#lead | https://www.laviehospitalitygroup.com/about-us-2/","role_context","procurement","itality. × HOME ABOUT NEWS CONTACT Hotels & Resorts Asset Management Education Building Management Hospitality Services Procurement HOTELS & RESORTS Welcome To the life & Soul of hospitality ASSET MANAGEMENT BUILDING MANAGEMENT HOSPITALITY SERVICES PROCUREMENT La Vie Hospitality Group is the leading","Low","Use as a page-level KP hint; confirm person name/title before saving."
"50","kp_context_hint","18","AU-0258","La Vie Hospitality Group – The Life and Soul of Hospitality.","https://laviehospitalitygroup.com","2","https://www.laviehospitalitygroup.com/#lead","role_context","staff","Services creates collaboration in the workplace through innovative food solutions, experienced management, and flexible staffing options. Our Focus on the work-life dynamic allows us to deliver tailored service that meets the needs of your workplace. From full-service catering management, housekeepi","Low","Use as a page-level KP hint; confirm person name/title before saving."
"50","kp_context_hint","18","AU-0258","La Vie Hospitality Group – The Life and Soul of Hospitality.","https://laviehospitalitygroup.com","3","https://www.laviehospitalitygroup.com/#lead | https://www.laviehospitalitygroup.com/about-us-2/","role_context","team","ality. We are the region’s leader in third party hotel management partnering with major international hotel brands. Our team of industry professionals are committed to delivering unprecedented comprehensive Hotel Management solutions by incorporating expert knowledge, experience, and passion across","Low","Use as a page-level KP hint; confirm person name/title before saving."
"45","manual_linkedin_search","18","AU-0258","La Vie Hospitality Group – The Life and Soul of Hospitality.","queue_public_linkedin_query","1","","linkedin_search_url","https://www.google.com/search?q=site%3Alinkedin.com%2Fin+%22La+Vie+Hospitality+Group+%E2%80%93+The+Life+and+Soul+of+Hospitality.%22+Australia+director+OR+operations+OR+procurement","site:linkedin.com/in ""La Vie Hospitality Group – The Life and Soul of Hospitality."" Australia director OR operations OR procurement","Low","Manual search URL for public LinkedIn result review; save only a matched personal/company URL with confidence notes."
"13","technical_status","18","AU-0258","La Vie Hospitality Group – The Life and Soul of Hospitality.","https://laviehospitalitygroup.com","2","https://www.laviehospitalitygroup.com/#lead","fetch_status","https://laviehospitalitygroup.com","","High","Fetch status: 200. Use only if page fetched successfully."
"13","technical_status","18","AU-0258","La Vie Hospitality Group – The Life and Soul of Hospitality.","https://www.laviehospitalitygroup.com/about-us-2/","1","","fetch_status","https://www.laviehospitalitygroup.com/about-us-2/","","High","Fetch status: 200. Use only if page fetched successfully."
"88","team_or_about_page","19","AU-0450","Regional Motel Partners","https://motelpartners.com.au","6","https://www.motelpartners.com.au | https://www.motelpartners.com.au/about-us","team_link","https://www.motelpartners.com.au/about-us","https://www.motelpartners.com.au/about-us","Medium","Review linked page for contact/form/KP details."
"72","company_contact_page","19","AU-0450","Regional Motel Partners","https://motelpartners.com.au","6","https://www.motelpartners.com.au | https://www.motelpartners.com.au/about-us","contact_link","https://www.motelpartners.com.au/contact","https://www.motelpartners.com.au/contact","Medium","Review linked page for contact/form/KP details."
"72","company_contact_page","19","AU-0450","Regional Motel Partners","https://motelpartners.com.au","2","https://www.motelpartners.com.au","contact_link","https://www.motelpartners.com.au/post/online-booking-systems-increase-motel-revenue","https://www.motelpartners.com.au/post/online-booking-systems-increase-motel-revenue","Medium","Review linked page for contact/form/KP details."
"70","company_linkedin","19","AU-0450","Regional Motel Partners","https://motelpartners.com.au","3","https://www.motelpartners.com.au | https://www.motelpartners.com.au/about-us","company_linkedin_url","https://www.linkedin.com/company/regional-motel-partners","https://www.linkedin.com/company/regional-motel-partners","Low","Use as a manual LinkedIn review URL; do not treat as verified direct contact until person/company fit is confirmed."
"66","supplier_or_procurement_page","19","AU-0450","Regional Motel Partners","https://motelpartners.com.au","3","https://www.motelpartners.com.au | https://www.motelpartners.com.au/about-us","supplier_link","https://www.motelpartners.com.au","https://www.motelpartners.com.au","Medium","Review linked page for contact/form/KP details."
"66","supplier_or_procurement_page","19","AU-0450","Regional Motel Partners","https://motelpartners.com.au","6","https://www.motelpartners.com.au | https://www.motelpartners.com.au/about-us","supplier_link","https://www.motelpartners.com.au/insights-1","https://www.motelpartners.com.au/insights-1","Medium","Review linked page for contact/form/KP details."
"66","supplier_or_procurement_page","19","AU-0450","Regional Motel Partners","https://motelpartners.com.au","3","https://www.motelpartners.com.au | https://www.motelpartners.com.au/about-us","supplier_link","https://www.motelpartners.com.au/investors","https://www.motelpartners.com.au/investors","Medium","Review linked page for contact/form/KP details."
"66","supplier_or_procurement_page","19","AU-0450","Regional Motel Partners","https://motelpartners.com.au","3","https://www.motelpartners.com.au | https://www.motelpartners.com.au/about-us","supplier_link","https://www.motelpartners.com.au/investors/motel-roi-and-returns","https://www.motelpartners.com.au/investors/motel-roi-and-returns","Medium","Review linked page for contact/form/KP details."
"66","supplier_or_procurement_page","19","AU-0450","Regional Motel Partners","https://motelpartners.com.au","3","https://www.motelpartners.com.au | https://www.motelpartners.com.au/about-us","supplier_link","https://www.motelpartners.com.au/investors/regional-property-investment","https://www.motelpartners.com.au/investors/regional-property-investment","Medium","Review linked page for contact/form/KP details."
"66","supplier_or_procurement_page","19","AU-0450","Regional Motel Partners","https://motelpartners.com.au","9","https://www.motelpartners.com.au | https://www.motelpartners.com.au/about-us","supplier_link","https://www.motelpartners.com.au/investors/secured-notes-opportunity","https://www.motelpartners.com.au/investors/secured-notes-opportunity","Medium","Review linked page for contact/form/KP details."
"66","supplier_or_procurement_page","19","AU-0450","Regional Motel Partners","https://motelpartners.com.au","3","https://www.motelpartners.com.au | https://www.motelpartners.com.au/about-us","supplier_link","https://www.motelpartners.com.au/investors/why-invest-in-motels","https://www.motelpartners.com.au/investors/why-invest-in-motels","Medium","Review linked page for contact/form/KP details."
"66","supplier_or_procurement_page","19","AU-0450","Regional Motel Partners","https://motelpartners.com.au","3","https://www.motelpartners.com.au | https://www.motelpartners.com.au/about-us","supplier_link","https://www.motelpartners.com.au/our-motels","https://www.motelpartners.com.au/our-motels","Medium","Review linked page for contact/form/KP details."
"66","supplier_or_procurement_page","19","AU-0450","Regional Motel Partners","https://motelpartners.com.au","3","https://www.motelpartners.com.au | https://www.motelpartners.com.au/about-us","supplier_link","https://www.motelpartners.com.au/our-motels/huntergateway","https://www.motelpartners.com.au/our-motels/huntergateway","Medium","Review linked page for contact/form/KP details."
"66","supplier_or_procurement_page","19","AU-0450","Regional Motel Partners","https://motelpartners.com.au","3","https://www.motelpartners.com.au | https://www.motelpartners.com.au/about-us","supplier_link","https://www.motelpartners.com.au/our-motels/southgatemotel","https://www.motelpartners.com.au/our-motels/southgatemotel","Medium","Review linked page for contact/form/KP details."
"66","supplier_or_procurement_page","19","AU-0450","Regional Motel Partners","https://motelpartners.com.au","2","https://www.motelpartners.com.au","supplier_link","https://www.motelpartners.com.au/post/how-motel-operations-improve-performance","https://www.motelpartners.com.au/post/how-motel-operations-improve-performance","Medium","Review linked page for contact/form/KP details."
"66","supplier_or_procurement_page","19","AU-0450","Regional Motel Partners","https://motelpartners.com.au","2","https://www.motelpartners.com.au","supplier_link","https://www.motelpartners.com.au/post/motels-in-australia-have-become-digital","https://www.motelpartners.com.au/post/motels-in-australia-have-become-digital","Medium","Review linked page for contact/form/KP details."
"66","supplier_or_procurement_page","19","AU-0450","Regional Motel Partners","https://motelpartners.com.au","2","https://www.motelpartners.com.au","supplier_link","https://www.motelpartners.com.au/post/regional-motels-business-and-leisure-travel-demand","https://www.motelpartners.com.au/post/regional-motels-business-and-leisure-travel-demand","Medium","Review linked page for contact/form/KP details."
"66","supplier_or_procurement_page","19","AU-0450","Regional Motel Partners","https://motelpartners.com.au","2","https://www.motelpartners.com.au","supplier_link","https://www.motelpartners.com.au/post/why-motels-arent-being-built-in-australia","https://www.motelpartners.com.au/post/why-motels-arent-being-built-in-australia","Medium","Review linked page for contact/form/KP details."
"66","supplier_or_procurement_page","19","AU-0450","Regional Motel Partners","https://motelpartners.com.au","3","https://www.motelpartners.com.au | https://www.motelpartners.com.au/about-us","supplier_link","https://www.motelpartners.com.au/privacy-policy","Privacy Policy","Medium","Review linked page for contact/form/KP details."
"60","kp_context_hint","19","AU-0450","Regional Motel Partners","https://www.motelpartners.com.au/about-us","1","","role_context","co-founder","erty equities. He has also worked as a portfolio manager at PURE Asset Management. Mike Henshaw Director Mike is also a Co-Founder of PURE Asset Management and has over 31 years’ experience in financial markets. Prior to this role, Mike was the Head of Industrials Research and a member of the execut","Low","Use as a page-level KP hint; confirm person name/title before saving."
"60","kp_context_hint","19","AU-0450","Regional Motel Partners","https://www.motelpartners.com.au/about-us","1","","role_context","director","e next 5 years and then consider the suitability of an admission to the ASX or a trade sale. ​ Our Team Jonathan Kriska Director Jonathan has over 25 years of experience in financial markets across both stockbroking and funds management, most of which has been focused on the property sector. His exp","Low","Use as a page-level KP hint; confirm person name/title before saving."
"60","kp_context_hint","19","AU-0450","Regional Motel Partners","https://motelpartners.com.au","3","https://www.motelpartners.com.au | https://www.motelpartners.com.au/about-us","role_context","founder","s access to the high yielding motel sector. We offer wholesale investors the opportunity to invest alongside our equity founders via secured notes. Learn More Why Invest in Motels? Attractive Yields Leasehold motels are high cashflow businesses, offering attractive yields, ​ ​ ​ Tourism Growth Austr","Low","Use as a page-level KP hint; confirm person name/title before saving."
"60","kp_context_hint","19","AU-0450","Regional Motel Partners","https://www.motelpartners.com.au/about-us","1","","role_context","team","15-20 motels over the next 5 years and then consider the suitability of an admission to the ASX or a trade sale. ​ Our Team Jonathan Kriska Director Jonathan has over 25 years of experience in financial markets across both stockbroking and funds management, most of which has been focused on the pro","Low","Use as a page-level KP hint; confirm person name/title before saving."
"50","kp_context_hint","19","AU-0450","Regional Motel Partners","https://www.motelpartners.com.au/about-us","1","","role_context","leadership","ience in financial markets. Prior to this role, Mike was the Head of Industrials Research and a member of the executive leadership team at Petra Capital. During his tenure at Petra Capital, Mike was involved in raising over $2 billion to assist emerging Australian companies in their growth aspiratio","Low","Use as a page-level KP hint; confirm person name/title before saving."
"50","kp_context_hint","19","AU-0450","Regional Motel Partners","https://motelpartners.com.au","3","https://www.motelpartners.com.au | https://www.motelpartners.com.au/about-us","role_context","management","rmance Upside Opportunity to improve the performance of previously family-run businesses by adopting superior financial management and best in class operational management. Stable Business Model Motels are very resilient businesses due to consitent local and business demand. Significantly more so th","Low","Use as a page-level KP hint; confirm person name/title before saving."
"50","kp_context_hint","19","AU-0450","Regional Motel Partners","https://motelpartners.com.au","2","https://www.motelpartners.com.au","role_context","operations","ess unchanged for 30 years, ​ Cottage Industry The motel industry is still mostly run and owned by small private family operations, providing scope for consolidation. -How to Invest - Find out how a secured note investment in Regional Motel Partners works Learn More Insights How Motels in Australia","Low","Use as a page-level KP hint; confirm person name/title before saving."
"45","manual_linkedin_search","19","AU-0450","Regional Motel Partners","queue_public_linkedin_query","1","","linkedin_search_url","https://www.google.com/search?q=site%3Alinkedin.com%2Fin+%22Regional+Motel+Partners%22+Australia+director+OR+operations+OR+procurement","site:linkedin.com/in ""Regional Motel Partners"" Australia director OR operations OR procurement","Low","Manual search URL for public LinkedIn result review; save only a matched personal/company URL with confidence notes."
"13","technical_status","19","AU-0450","Regional Motel Partners","https://motelpartners.com.au","2","https://www.motelpartners.com.au","fetch_status","https://motelpartners.com.au","","High","Fetch status: 200. Use only if page fetched successfully."
"13","technical_status","19","AU-0450","Regional Motel Partners","https://www.motelpartners.com.au/about-us","1","","fetch_status","https://www.motelpartners.com.au/about-us","","High","Fetch status: 200. Use only if page fetched successfully."
"102","official_form_candidate","20","AU-0278","Reilly Group","https://reillygroup.com.au","2","","contact_form","https://reillygroup.com.au","contact_form form method=unknown action=current page First Name Last Name Email Subject Message Submit Thanks for submitting!","High","Official page contains a form; save as company_contact_form_url only if it is a contact/enquiry form, not only a booking widget."
"102","official_form_candidate","20","AU-0278","Reilly Group","https://www.reillygroup.com.au/about","1","","contact_form","https://www.reillygroup.com.au/about","contact_form form method=unknown action=current page First Name Last Name Email Subject Message Submit Thanks for submitting!","High","Official page contains a form; save as company_contact_form_url only if it is a contact/enquiry form, not only a booking widget."
"88","team_or_about_page","20","AU-0278","Reilly Group","https://reillygroup.com.au","3","https://www.reillygroup.com.au/about","team_link","https://www.reillygroup.com.au/about","https://www.reillygroup.com.au/about","Medium","Review linked page for contact/form/KP details."
"60","kp_context_hint","20","AU-0278","Reilly Group","https://www.reillygroup.com.au/about","1","","role_context","founder","d chance you’re going to be keen on somewhere to drink at the end of the day,” says Ray Reilly, certified pub-lover and founder of Reilly Group. “We want to create the kind of spaces those parents can bring the whole family and everyone’s properly catered for. “We also love our front-bar regulars wh","Low","Use as a page-level KP hint; confirm person name/title before saving."
"60","kp_context_hint","20","AU-0278","Reilly Group","https://reillygroup.com.au","3","https://www.reillygroup.com.au/about","role_context","owner","| Reilly Group top of page HOME VENUES ABOUT More Use tab to navigate through the menu items. Reilly Group / With proud owners at the helm of every Reilly Group venue, we know true pub hospitality goes beyond pouring a cracking cold beer (but, of course, that’s highly important too). About Reilly Gr","Low","Use as a page-level KP hint; confirm person name/title before saving."
"50","kp_context_hint","20","AU-0278","Reilly Group","https://www.reillygroup.com.au/about","1","","role_context","management","aims to give back to the people for whom a great pub is so vital. ABOUT With more than 25 years in hotel operation and management, Reilly Group has grown into a collective of like-minded people who aim to bring their pub guests exceptional service and have a little fun along the way. At the heart o","Low","Use as a page-level KP hint; confirm person name/title before saving."
"50","kp_context_hint","20","AU-0278","Reilly Group","https://www.reillygroup.com.au/about","1","","role_context","people","ues through thick and thin, and we want to cater to them too. A pub can – and should – be many different things to many people. When it’s run by honest hard-working people who listen to the community, it’s easy to make that happen.” Reilly Group aims to give back to the people for whom a great pub i","Low","Use as a page-level KP hint; confirm person name/title before saving."
"45","manual_linkedin_search","20","AU-0278","Reilly Group","queue_public_linkedin_query","1","","linkedin_search_url","https://www.google.com/search?q=site%3Alinkedin.com%2Fin+%22Reilly+Group%22+Australia+director+OR+operations+OR+procurement","site:linkedin.com/in ""Reilly Group"" Australia director OR operations OR procurement","Low","Manual search URL for public LinkedIn result review; save only a matched personal/company URL with confidence notes."
"13","technical_status","20","AU-0278","Reilly Group","https://reillygroup.com.au","2","","fetch_status","https://reillygroup.com.au","","High","Fetch status: 200. Use only if page fetched successfully."
"13","technical_status","20","AU-0278","Reilly Group","https://www.reillygroup.com.au/about","1","","fetch_status","https://www.reillygroup.com.au/about","","High","Fetch status: 200. Use only if page fetched successfully."
"88","team_or_about_page","21","AU-0196","Tao Restaurant Group","https://taogroup.com.au","8","https://www.taogroup.com.au/about | https://www.taogroup.com.au/groupsandparties","team_link","https://www.taogroup.com.au/about","press & media","Medium","Review linked page for contact/form/KP details."
"72","company_contact_page","21","AU-0196","Tao Restaurant Group","https://taogroup.com.au","4","https://www.taogroup.com.au/about | https://www.taogroup.com.au/groupsandparties","contact_link","https://www.taogroup.com.au/reservation","Make a Booking","Medium","Review linked page for contact/form/KP details."
"72","events_or_functions_contact","21","AU-0196","Tao Restaurant Group","https://taogroup.com.au","1","","contact_link","https://www.taogroup.com.au/groupsandparties","Enquiry Event","Medium","Review linked page for contact/form/KP details."
"50","kp_context_hint","21","AU-0196","Tao Restaurant Group","https://taogroup.com.au","3","https://www.taogroup.com.au/about | https://www.taogroup.com.au/groupsandparties","role_context","culinary","a collection of unique dining venues. Each of our venues offers a distinct experience, reflecting the rich and diverse culinary landscape of Asia. Experience the vibrant and diverse flavors of rich Chinese cultural heritage, authentically recreated to celebrate local dining preferences. Press & Med","Low","Use as a page-level KP hint; confirm person name/title before saving."
"50","kp_context_hint","21","AU-0196","Tao Restaurant Group","https://taogroup.com.au","1","","role_context","events","ht Club by Chambers, our waterside venue at Rozelle Bay, overlooking Anzac bridge. We host weddings, parties, corporate events, meetings and workshops, breakfast and brunch events, photoshoots, filming and more. Please contact us for your event details. Enquiry Event If you are captivated by the tim","Low","Use as a page-level KP hint; confirm person name/title before saving."
"45","manual_linkedin_search","21","AU-0196","Tao Restaurant Group","queue_public_linkedin_query","1","","linkedin_search_url","https://www.google.com/search?q=site%3Alinkedin.com%2Fin+%22Tao+Restaurant+Group%22+Australia+director+OR+operations+OR+procurement","site:linkedin.com/in ""Tao Restaurant Group"" Australia director OR operations OR procurement","Low","Manual search URL for public LinkedIn result review; save only a matched personal/company URL with confidence notes."
"13","technical_status","21","AU-0196","Tao Restaurant Group","https://taogroup.com.au","1","","fetch_status","https://taogroup.com.au","","High","Fetch status: 200. Use only if page fetched successfully."
"13","technical_status","21","AU-0196","Tao Restaurant Group","https://www.taogroup.com.au/about","1","","fetch_status","https://www.taogroup.com.au/about","","High","Fetch status: 200. Use only if page fetched successfully."
"13","technical_status","21","AU-0196","Tao Restaurant Group","https://www.taogroup.com.au/groupsandparties","1","","fetch_status","https://www.taogroup.com.au/groupsandparties","","High","Fetch status: 200. Use only if page fetched successfully."
"98","phone_candidate","22","AU-0200","Tenfold Hospitality Group","https://www.tenfoldhospitality.com.au/contact-us/","2","","phone","+(08)%206147%204500","Phone","High","Tel link; save with source/confidence note and review again before outreach."
"98","phone_candidate","22","AU-0200","Tenfold Hospitality Group","https://www.tenfoldhospitality.com.au/contact-us/","1","","phone","6147 4500","(08) 6147 4500","High","Tel link; save with source/confidence note and review again before outreach."
"98","phone_candidate","22","AU-0200","Tenfold Hospitality Group","https://tenfoldhospitality.com.au","3","https://www.tenfoldhospitality.com.au/about-us/ | https://www.tenfoldhospitality.com.au/contact-us/","phone","6147%204500","","High","Tel link; save with source/confidence note and review again before outreach."
"98","phone_candidate","22","AU-0200","Tenfold Hospitality Group","https://tenfoldhospitality.com.au","3","https://www.tenfoldhospitality.com.au/about-us/ | https://www.tenfoldhospitality.com.au/contact-us/","phone","6147%204500%20","","High","Tel link; save with source/confidence note and review again before outreach."
"94","phone_candidate","22","AU-0200","Tenfold Hospitality Group","https://tenfoldhospitality.com.au","3","https://www.tenfoldhospitality.com.au/about-us/ | https://www.tenfoldhospitality.com.au/contact-us/","phone","(08) 6147 4500","Perth-based Hospitality Group - Tenfold Hospitality Group Skip to content (08) 6147 4500 Linkedin-in About us Collaborations Venues The Ashby Bar & Bistro The Ashby Coffee House","Medium","Review whether this is company or person phone before saving."
"88","team_or_about_page","22","AU-0200","Tenfold Hospitality Group","https://tenfoldhospitality.com.au","7","https://www.tenfoldhospitality.com.au/about-us/ | https://www.tenfoldhospitality.com.au/contact-us/","team_link","https://www.tenfoldhospitality.com.au/about-us/","Read more...","Medium","Review linked page for contact/form/KP details."
"72","company_contact_page","22","AU-0200","Tenfold Hospitality Group","https://tenfoldhospitality.com.au","9","https://www.tenfoldhospitality.com.au/about-us/ | https://www.tenfoldhospitality.com.au/contact-us/","contact_link","https://www.tenfoldhospitality.com.au/contact-us/","Contact Us","Medium","Review linked page for contact/form/KP details."
"70","company_linkedin","22","AU-0200","Tenfold Hospitality Group","https://tenfoldhospitality.com.au","6","https://www.tenfoldhospitality.com.au/about-us/ | https://www.tenfoldhospitality.com.au/contact-us/","company_linkedin_url","https://www.linkedin.com/company/tenfold-investments-pty-ltd/","","Low","Use as a manual LinkedIn review URL; do not treat as verified direct contact until person/company fit is confirmed."
"60","kp_context_hint","22","AU-0200","Tenfold Hospitality Group","https://tenfoldhospitality.com.au","2","https://www.tenfoldhospitality.com.au/about-us/","role_context","founder","Bistro, Ellenbrook, The Ashby Bar & Bistro, The Ashby Super Liquor Store and The Ashby Coffee House, Ashby. One of our founders, David Strom has been a prominent member of the Perth hospitality industry for over thirty years and has laid the foundations for the continued growth of all Tenfold venue","Low","Use as a page-level KP hint; confirm person name/title before saving."
"50","kp_context_hint","22","AU-0200","Tenfold Hospitality Group","https://tenfoldhospitality.com.au","2","https://www.tenfoldhospitality.com.au/about-us/","role_context","operations","Hospitality Group began in 2007 and has been instrumental in helping to shape the suburban pub landscape. Innovation in operations and administration has led to the business adopting a model based around building customer advocacy. Tenfold Hospitality Group is a proud family owned Perth based enterp","Low","Use as a page-level KP hint; confirm person name/title before saving."
"50","kp_context_hint","22","AU-0200","Tenfold Hospitality Group","https://tenfoldhospitality.com.au","1","","role_context","people","Bistro The Gate Bar & Bistro The Gate Bottleshop Careers Loyalty Program Contact Us Tenfold Hospitality Group WE BRING PEOPLE TOGETHER WITH GOOD TIMES AND GREAT FOOD! Work With Us The Ashby, your village local Work With Us The Gate, your gateway to a great time! Work With Us The Brook, let the good","Low","Use as a page-level KP hint; confirm person name/title before saving."
"50","kp_context_hint","22","AU-0200","Tenfold Hospitality Group","https://tenfoldhospitality.com.au","2","https://www.tenfoldhospitality.com.au/about-us/","role_context","team","st Pub. Read more... To be the best we can in our industry whilst having fun Are you looking to join one of our vibrant teams? Don’t hesitate to get in touch! Careers OUR AWARDS PubTAB Venue Hall of Fame - The Brook AHA Awards for Excellence – 2015 Group Operator Award - Tenfold Rising Star Award –","Low","Use as a page-level KP hint; confirm person name/title before saving."
"45","manual_linkedin_search","22","AU-0200","Tenfold Hospitality Group","queue_public_linkedin_query","1","","linkedin_search_url","https://www.google.com/search?q=site%3Alinkedin.com%2Fin+%22Tenfold+Hospitality+Group%22+Australia+director+OR+operations+OR+procurement","site:linkedin.com/in ""Tenfold Hospitality Group"" Australia director OR operations OR procurement","Low","Manual search URL for public LinkedIn result review; save only a matched personal/company URL with confidence notes."
"13","technical_status","22","AU-0200","Tenfold Hospitality Group","https://tenfoldhospitality.com.au","1","","fetch_status","https://tenfoldhospitality.com.au","","High","Fetch status: 200. Use only if page fetched successfully."
"13","technical_status","22","AU-0200","Tenfold Hospitality Group","https://www.tenfoldhospitality.com.au/about-us/","1","","fetch_status","https://www.tenfoldhospitality.com.au/about-us/","","High","Fetch status: 200. Use only if page fetched successfully."
"13","technical_status","22","AU-0200","Tenfold Hospitality Group","https://www.tenfoldhospitality.com.au/contact-us/","1","","fetch_status","https://www.tenfoldhospitality.com.au/contact-us/","","High","Fetch status: 200. Use only if page fetched successfully."
"108","company_email","23","AU-0325","The Catering Group","http://thecateringgroup.com.au/contact-us/","1","","email","02%208530%201668","02 8530 1668","High","Mailto link; save with source/confidence note and review again before outreach."
"98","phone_candidate","23","AU-0325","The Catering Group","https://thecateringgroup.com.au","12","http://thecateringgroup.com.au/contact-us/ | https://thecateringgroup.com.au/about-us/","phone","02%208530%201668","Phone Number :","High","Tel link; save with source/confidence note and review again before outreach."
"88","team_or_about_page","23","AU-0325","The Catering Group","https://thecateringgroup.com.au","24","http://thecateringgroup.com.au/contact-us/ | https://thecateringgroup.com.au/about-us/","team_link","https://thecateringgroup.com.au/about-us/","About Us","Medium","Review linked page for contact/form/KP details."
"72","company_contact_page","23","AU-0325","The Catering Group","https://thecateringgroup.com.au","2","https://thecateringgroup.com.au/about-us/","contact_link","http://thecateringgroup.com.au/contact-us/","","Medium","Review linked page for contact/form/KP details."
"72","company_contact_page","23","AU-0325","The Catering Group","https://thecateringgroup.com.au","26","http://thecateringgroup.com.au/contact-us/ | https://thecateringgroup.com.au/about-us/","contact_link","https://thecateringgroup.com.au/contact-us/","https://thecateringgroup.com.au/contact-us/","Medium","Review linked page for contact/form/KP details."
"72","events_or_functions_contact","23","AU-0325","The Catering Group","https://thecateringgroup.com.au","24","http://thecateringgroup.com.au/contact-us/ | https://thecateringgroup.com.au/about-us/","contact_link","https://thecateringgroup.com.au/events/","Events","Medium","Review linked page for contact/form/KP details."
"60","kp_context_hint","23","AU-0325","The Catering Group","https://thecateringgroup.com.au/about-us/","1","","role_context","operations","hef (Venues) Ivalu Otaiza Executive Chef (Events) Brigitte Dalziell Functions and Events Coordinator Calek Alshowaiheen Operations Manager Work with us Careers The Catering Group is always looking to grow our team. We have a range of casual, part-time and full-time positions across our venues and he","Low","Use as a page-level KP hint; confirm person name/title before saving."
"50","kp_context_hint","23","AU-0325","The Catering Group","https://thecateringgroup.com.au/about-us/","1","","role_context","ceo","propelling The Catering Group towards its goal of becoming a leading force in the industry. Meet The Team Greg Barclay CEO Adham Aston COO Caleb Moras-Smith Executive Chef (Venues) Ivalu Otaiza Executive Chef (Events) Brigitte Dalziell Functions and Events Coordinator Calek Alshowaiheen Operations","Low","Use as a page-level KP hint; confirm person name/title before saving."
"50","kp_context_hint","23","AU-0325","The Catering Group","https://thecateringgroup.com.au","1","","role_context","culinary","fect Spaces for Every Event! BOOK NOW Iluka on Baywater Welcome to Iluka on Baywater, your destination for a delightful culinary journey in Wentworth Point. Lantern Club Indulge in the vibrant flavours of the Mediterranean at Mazi, nestled within Lantern Club. Springwood Sports Club Welcome to Gathe","Low","Use as a page-level KP hint; confirm person name/title before saving."
"50","kp_context_hint","23","AU-0325","The Catering Group","https://thecateringgroup.com.au","3","http://thecateringgroup.com.au/contact-us/ | https://thecateringgroup.com.au/about-us/","role_context","events","ering Group Skip to content The Catering Group Home + About Us + Venues + Home + About Us + Venues + The Catering Group Events + Contact Us + Events + Contact Us + The Catering Group Home + About Us + Venues + Home + About Us + Venues + The Catering Group Events + Contact Us + Events + Contact Us +","Low","Use as a page-level KP hint; confirm person name/title before saving."
"50","kp_context_hint","23","AU-0325","The Catering Group","https://thecateringgroup.com.au","2","https://thecateringgroup.com.au/about-us/","role_context","staff","s consistent and hassle-free. But we don’t just deliver great food — we handle the details too. From equipment hire and staffing to full event styling, our team is here to support you every step of the way. Get in touch today to start planning your next event. BOOK NOW Explore Our Menus Our menus ar","Low","Use as a page-level KP hint; confirm person name/title before saving."
"50","kp_context_hint","23","AU-0325","The Catering Group","https://thecateringgroup.com.au","2","https://thecateringgroup.com.au/about-us/","role_context","team","itality expertise, propelling The Catering Group towards its goal of becoming a leading force in the industry. Meet The Team Greg Barclay CEO Adham Aston COO Caleb Moras-Smith Executive Chef (Venues) Ivalu Otaiza Executive Chef (Events) Brigitte Dalziell Functions and Events Coordinator Calek Alshow","Low","Use as a page-level KP hint; confirm person name/title before saving."
"45","manual_linkedin_search","23","AU-0325","The Catering Group","queue_public_linkedin_query","1","","linkedin_search_url","https://www.google.com/search?q=site%3Alinkedin.com%2Fin+%22The+Catering+Group%22+Australia+director+OR+operations+OR+procurement","site:linkedin.com/in ""The Catering Group"" Australia director OR operations OR procurement","Low","Manual search URL for public LinkedIn result review; save only a matched personal/company URL with confidence notes."
"13","technical_status","23","AU-0325","The Catering Group","http://thecateringgroup.com.au/contact-us/","1","","fetch_status","http://thecateringgroup.com.au/contact-us/","","High","Fetch status: 200. Use only if page fetched successfully."
"13","technical_status","23","AU-0325","The Catering Group","https://thecateringgroup.com.au","1","","fetch_status","https://thecateringgroup.com.au","","High","Fetch status: 200. Use only if page fetched successfully."
"13","technical_status","23","AU-0325","The Catering Group","https://thecateringgroup.com.au/about-us/","1","","fetch_status","https://thecateringgroup.com.au/about-us/","","High","Fetch status: 200. Use only if page fetched successfully."
"88","team_or_about_page","24","AU-0217","The Lane Vineyard","https://thelane.com.au","2","https://www.thelane.com.au/#","team_link","https://www.thelane.com.au/#","About Us","Medium","Review linked page for contact/form/KP details."
"88","team_or_about_page","24","AU-0217","The Lane Vineyard","https://thelane.com.au","10","https://www.thelane.com.au/# | https://www.thelane.com.au/about-us/","team_link","https://www.thelane.com.au/about-us/","Our Story","Medium","Review linked page for contact/form/KP details."
"88","team_or_about_page","24","AU-0217","The Lane Vineyard","https://www.thelane.com.au/about-us/","1","","team_link","https://www.thelane.com.au/lane-rewards/","Learn More About Lane Rewards","Medium","Review linked page for contact/form/KP details."
"72","company_contact_page","24","AU-0217","The Lane Vineyard","https://thelane.com.au","9","https://www.thelane.com.au/# | https://www.thelane.com.au/about-us/","contact_link","https://www.thelane.com.au/contact-us/","Contact Us","Medium","Review linked page for contact/form/KP details."
"72","company_contact_page","24","AU-0217","The Lane Vineyard","https://thelane.com.au","2","https://www.thelane.com.au/#","contact_link","https://www.thelane.com.au/el-rancho-2026/","Book Now","Medium","Review linked page for contact/form/KP details."
"72","company_contact_page","24","AU-0217","The Lane Vineyard","https://thelane.com.au","3","https://www.thelane.com.au/# | https://www.thelane.com.au/about-us/","contact_link","https://www.thelane.com.au/find-us/","CONTACT","Medium","Review linked page for contact/form/KP details."
"72","company_contact_page","24","AU-0217","The Lane Vineyard","https://thelane.com.au","2","https://www.thelane.com.au/#","contact_link","https://www.thelane.com.au/tasting-room","Book Now","Medium","Review linked page for contact/form/KP details."
"72","events_or_functions_contact","24","AU-0217","The Lane Vineyard","https://thelane.com.au","6","https://www.thelane.com.au/# | https://www.thelane.com.au/about-us/","contact_link","https://www.thelane.com.au/corporate-functions/","Corporate Functions","Medium","Review linked page for contact/form/KP details."
"72","events_or_functions_contact","24","AU-0217","The Lane Vineyard","https://thelane.com.au","3","https://www.thelane.com.au/# | https://www.thelane.com.au/about-us/","contact_link","https://www.thelane.com.au/news","News & Events","Medium","Review linked page for contact/form/KP details."
"72","events_or_functions_contact","24","AU-0217","The Lane Vineyard","https://thelane.com.au","6","https://www.thelane.com.au/# | https://www.thelane.com.au/about-us/","contact_link","https://www.thelane.com.au/news-and-events/","News & Events","Medium","Review linked page for contact/form/KP details."
"72","events_or_functions_contact","24","AU-0217","The Lane Vineyard","https://thelane.com.au","6","https://www.thelane.com.au/# | https://www.thelane.com.au/about-us/","contact_link","https://www.thelane.com.au/private-functions/","Private Functions","Medium","Review linked page for contact/form/KP details."
"66","supplier_or_procurement_page","24","AU-0217","The Lane Vineyard","https://thelane.com.au","6","https://www.thelane.com.au/# | https://www.thelane.com.au/about-us/","supplier_link","https://www.thelane.com.au/lane-partner-portal/","Lane Partner Portal","Medium","Review linked page for contact/form/KP details."
"60","kp_context_hint","24","AU-0217","The Lane Vineyard","https://www.thelane.com.au/about-us/","1","","role_context","ceo","ide the backdrop for immersive wine and dining experiences. The Lane is proudly Adelaide Hills and family owned, led by CEO and co-owner Jared Stringer alongside a passionate team of winemakers, chefs, and hospitality professionals. Together, we are united by a belief that wine is a catalyst for con","Low","Use as a page-level KP hint; confirm person name/title before saving."
"60","kp_context_hint","24","AU-0217","The Lane Vineyard","https://www.thelane.com.au/about-us/","1","","role_context","owner","kdrop for immersive wine and dining experiences. The Lane is proudly Adelaide Hills and family owned, led by CEO and co-owner Jared Stringer alongside a passionate team of winemakers, chefs, and hospitality professionals. Together, we are united by a belief that wine is a catalyst for connection — b","Low","Use as a page-level KP hint; confirm person name/title before saving."
"60","kp_context_hint","24","AU-0217","The Lane Vineyard","https://www.thelane.com.au/about-us/","1","","role_context","team","ces. The Lane is proudly Adelaide Hills and family owned, led by CEO and co-owner Jared Stringer alongside a passionate team of winemakers, chefs, and hospitality professionals. Together, we are united by a belief that wine is a catalyst for connection — bringing people together to share moments and","Low","Use as a page-level KP hint; confirm person name/title before saving."
"50","kp_context_hint","24","AU-0217","The Lane Vineyard","https://thelane.com.au","3","https://www.thelane.com.au/# | https://www.thelane.com.au/about-us/","role_context","events","Experience Ultimate ATV Tour Cellar Experience Boatshed Experience About Sustainability Our Vineyards Our Winery News & Events Contact Cart Account Shop Now EOFY Sale Buy Wine Experience Vouchers Lane Rewards Lane Partner Portal Gathering Club Gathering Club Join Now Gathering Club FAQs My Account V","Low","Use as a page-level KP hint; confirm person name/title before saving."
"50","kp_context_hint","24","AU-0217","The Lane Vineyard","https://www.thelane.com.au/about-us/","1","","role_context","operations","lity, striving to uphold social responsibility, environmental stewardship, and economic viability in all aspects of our operations. At The Lane, we have implemented a myriad of sustainable and eco-friendly practices throughout our business. As a testament to our dedication, we proudly hold official","Low","Use as a page-level KP hint; confirm person name/title before saving."
"50","kp_context_hint","24","AU-0217","The Lane Vineyard","https://www.thelane.com.au/about-us/","1","","role_context","people","s, and hospitality professionals. Together, we are united by a belief that wine is a catalyst for connection — bringing people together to share moments and create lasting memories. Our vineyards are sustainably managed and certified by Sustainable Winegrowing Australia, reflecting our commitment to","Low","Use as a page-level KP hint; confirm person name/title before saving."
"50","kp_context_hint","24","AU-0217","The Lane Vineyard","https://thelane.com.au","2","https://www.thelane.com.au/#","role_context","staff","ars if I could. Jordan Philp – Google Reviews We enjoyed every minute of our Chefs Experience at The Lane Vineyard. The staff were welcoming, the head chef was generous with his time. Every course was a treat to the eyes and the taste buds. It just got better and better. The food and wine matching w","Low","Use as a page-level KP hint; confirm person name/title before saving."
"45","manual_linkedin_search","24","AU-0217","The Lane Vineyard","queue_public_linkedin_query","1","","linkedin_search_url","https://www.google.com/search?q=site%3Alinkedin.com%2Fin+%22The+Lane+Vineyard%22+Australia+director+OR+operations+OR+procurement","site:linkedin.com/in ""The Lane Vineyard"" Australia director OR operations OR procurement","Low","Manual search URL for public LinkedIn result review; save only a matched personal/company URL with confidence notes."
"13","technical_status","24","AU-0217","The Lane Vineyard","https://thelane.com.au","2","https://www.thelane.com.au/#","fetch_status","https://thelane.com.au","","High","Fetch status: 200. Use only if page fetched successfully."
"13","technical_status","24","AU-0217","The Lane Vineyard","https://www.thelane.com.au/about-us/","1","","fetch_status","https://www.thelane.com.au/about-us/","","High","Fetch status: 200. Use only if page fetched successfully."
"88","team_or_about_page","25","AU-0448","Triguboff, followed by Salter Brothers as no.1 hotel owners","https://salterbrothers.com.au","22","https://salterbrothers.com.au/about/ | https://salterbrothers.com.au/about/our-boards/","team_link","https://salterbrothers.com.au/about/","About Us","Medium","Review linked page for contact/form/KP details."
"88","team_or_about_page","25","AU-0448","Triguboff, followed by Salter Brothers as no.1 hotel owners","https://salterbrothers.com.au","9","https://salterbrothers.com.au/about/ | https://salterbrothers.com.au/about/our-boards/","team_link","https://salterbrothers.com.au/about/our-boards/","Our Boards","Medium","Review linked page for contact/form/KP details."
"88","team_or_about_page","25","AU-0448","Triguboff, followed by Salter Brothers as no.1 hotel owners","https://salterbrothers.com.au","9","https://salterbrothers.com.au/about/ | https://salterbrothers.com.au/about/our-boards/","team_link","https://salterbrothers.com.au/about/our-team/","Our Senior Team","Medium","Review linked page for contact/form/KP details."
"88","team_or_about_page","25","AU-0448","Triguboff, followed by Salter Brothers as no.1 hotel owners","https://salterbrothers.com.au","9","https://salterbrothers.com.au/about/ | https://salterbrothers.com.au/about/our-boards/","team_link","https://salterbrothers.com.au/funds-management/","Our Specialist Funds","Medium","Review linked page for contact/form/KP details."
"88","team_or_about_page","25","AU-0448","Triguboff, followed by Salter Brothers as no.1 hotel owners","https://salterbrothers.com.au","9","https://salterbrothers.com.au/about/ | https://salterbrothers.com.au/about/our-boards/","team_link","https://salterbrothers.com.au/funds-management/credit-funds/","Credit Funds","Medium","Review linked page for contact/form/KP details."
"88","team_or_about_page","25","AU-0448","Triguboff, followed by Salter Brothers as no.1 hotel owners","https://salterbrothers.com.au","7","https://salterbrothers.com.au/about/ | https://salterbrothers.com.au/about/our-boards/","team_link","https://salterbrothers.com.au/funds-management/emerging-companies/","Salter Brothers Emerging Companies Ltd","Medium","Review linked page for contact/form/KP details."
"88","team_or_about_page","25","AU-0448","Triguboff, followed by Salter Brothers as no.1 hotel owners","https://salterbrothers.com.au","10","https://salterbrothers.com.au/about/ | https://salterbrothers.com.au/about/our-boards/","team_link","https://salterbrothers.com.au/funds-management/immigration-investment/","Immigration Investment","Medium","Review linked page for contact/form/KP details."
"88","team_or_about_page","25","AU-0448","Triguboff, followed by Salter Brothers as no.1 hotel owners","https://salterbrothers.com.au","3","https://salterbrothers.com.au/about/ | https://salterbrothers.com.au/about/our-boards/","team_link","https://salterbrothers.com.au/funds-management/immigration-investment/significant-investor-visa-australia/","SIV Australia","Medium","Review linked page for contact/form/KP details."
"88","team_or_about_page","25","AU-0448","Triguboff, followed by Salter Brothers as no.1 hotel owners","https://salterbrothers.com.au","10","https://salterbrothers.com.au/about/ | https://salterbrothers.com.au/about/our-boards/","team_link","https://salterbrothers.com.au/funds-management/private-equity-funds/","Equity Funds","Medium","Review linked page for contact/form/KP details."
"88","team_or_about_page","25","AU-0448","Triguboff, followed by Salter Brothers as no.1 hotel owners","https://salterbrothers.com.au","10","https://salterbrothers.com.au/about/ | https://salterbrothers.com.au/about/our-boards/","team_link","https://salterbrothers.com.au/funds-management/property-funds/","Property Funds","Medium","Review linked page for contact/form/KP details."
"88","team_or_about_page","25","AU-0448","Triguboff, followed by Salter Brothers as no.1 hotel owners","https://salterbrothers.com.au","1","","team_link","https://salterbrothers.com.au/investors/","More about our investors","Medium","Review linked page for contact/form/KP details."
"88","team_or_about_page","25","AU-0448","Triguboff, followed by Salter Brothers as no.1 hotel owners","https://salterbrothers.com.au","1","","team_link","https://salterbrothers.com.au/salter-brothers-acquires-causeway-asset-management-expanding-its-private-credit-business/","","Medium","Review linked page for contact/form/KP details."
"72","company_contact_page","25","AU-0448","Triguboff, followed by Salter Brothers as no.1 hotel owners","https://salterbrothers.com.au","9","https://salterbrothers.com.au/about/ | https://salterbrothers.com.au/about/our-boards/","contact_link","https://salterbrothers.com.au/contact/","Contact","Medium","Review linked page for contact/form/KP details."
"70","company_linkedin","25","AU-0448","Triguboff, followed by Salter Brothers as no.1 hotel owners","https://salterbrothers.com.au","6","https://salterbrothers.com.au/about/ | https://salterbrothers.com.au/about/our-boards/","company_linkedin_url","https://au.linkedin.com/company/salter-brothers","https://au.linkedin.com/company/salter-brothers","Low","Use as a manual LinkedIn review URL; do not treat as verified direct contact until person/company fit is confirmed."
"70","company_linkedin","25","AU-0448","Triguboff, followed by Salter Brothers as no.1 hotel owners","https://salterbrothers.com.au/about/","1","","company_linkedin_url","https://www.linkedin.com/company/salter-brothers/jobs/","Learn more about our current opportunities","Low","Use as a manual LinkedIn review URL; do not treat as verified direct contact until person/company fit is confirmed."
"60","kp_context_hint","25","AU-0448","Triguboff, followed by Salter Brothers as no.1 hotel owners","https://salterbrothers.com.au","3","https://salterbrothers.com.au/about/ | https://salterbrothers.com.au/about/our-boards/","role_context","director","Our boards Salter Brothers Asset Management Board John Humphreys Chairman Full bio John is the Chairman of the Board of Directors of Salter Brothers Asset Management Pty Ltd. John established KPMG’s Australian consulting business and was Chairman of Consulting for Asia Pacific before leading the div","Low","Use as a page-level KP hint; confirm person name/title before saving."
"60","kp_context_hint","25","AU-0448","Triguboff, followed by Salter Brothers as no.1 hotel owners","https://salterbrothers.com.au","2","https://salterbrothers.com.au/about/our-boards/","role_context","founder","ment opportunities for high net worth and institutional investors seeking long term value. More about our investors Our Founders In 2014, following long careers in financial services, brothers Paul and Rob Salter established Salter Brothers with a shared vision for an investment and advisory busines","Low","Use as a page-level KP hint; confirm person name/title before saving."
"60","kp_context_hint","25","AU-0448","Triguboff, followed by Salter Brothers as no.1 hotel owners","https://salterbrothers.com.au/about/our-boards/","1","","role_context","managing director","ion Investment Funds. He has over 25 years’ experience as an Economist, Portfolio Manager, Chief Investment Officer and Managing Director (MD) across all asset classes, at various global and domestic firms including UBS, Equity Trustees, HSBC Asset Management and Macquarie Group. Additional current","Low","Use as a page-level KP hint; confirm person name/title before saving."
"60","kp_context_hint","25","AU-0448","Triguboff, followed by Salter Brothers as no.1 hotel owners","https://salterbrothers.com.au/about/our-boards/","1","","role_context","operations","ich was the largest owner of hotels in Australia. Matt was responsible for all areas of TAHL’s strategy, management and operations. The successful four year turnaround strategy culminated in TAHL’s sale as the then largest hotel property transaction in Australian history. Previous non-executive role","Low","Use as a page-level KP hint; confirm person name/title before saving."
"60","kp_context_hint","25","AU-0448","Triguboff, followed by Salter Brothers as no.1 hotel owners","https://salterbrothers.com.au/about/our-boards/","1","","role_context","owner","Melbourne and the Intercontinental at Rialto, refurbishing the Intercontinental in 2008. Lorenz is also involved in the ownership and management of the Mt Buller ski resort and co-owns the Merchant restaurant located in the Intercontinental. Equiset’s recent projects include the Sheraton in Little C","Low","Use as a page-level KP hint; confirm person name/title before saving."
"60","kp_context_hint","25","AU-0448","Triguboff, followed by Salter Brothers as no.1 hotel owners","https://salterbrothers.com.au/about/our-boards/","1","","role_context","projects","ement of the Mt Buller ski resort and co-owns the Merchant restaurant located in the Intercontinental. Equiset’s recent projects include the Sheraton in Little Collins St and construction of a pencil tower on the site of the former Phoenix Hotel. Matt Eady Non-Executive Director – Hotel Group Full b","Low","Use as a page-level KP hint; confirm person name/title before saving."
"50","kp_context_hint","25","AU-0448","Triguboff, followed by Salter Brothers as no.1 hotel owners","https://salterbrothers.com.au/about/our-boards/","1","","role_context","chief executive","en in leading Australian and overseas property groups in real estate investment and development. Chris is currently the Chief Executive Officer of the Bahrain Real Estate Investment (Edamah) B.S.C., the real estate arm of the Bahrain Sovereign Wealth Fund, and is responsible for the leadership and s","Low","Use as a page-level KP hint; confirm person name/title before saving."
"50","kp_context_hint","25","AU-0448","Triguboff, followed by Salter Brothers as no.1 hotel owners","https://salterbrothers.com.au/about/","1","","role_context","events","tes at any of our owned hotels . Our culture is sociable and inclusive, with a regular program of social activities and events. careers@salterbrothers.com.au or call +61 3 9258 2100 Learn more about our current opportunities Environmental, Social and Governance (ESG) At Salter Brothers, we believe t","Low","Use as a page-level KP hint; confirm person name/title before saving."
"50","kp_context_hint","25","AU-0448","Triguboff, followed by Salter Brothers as no.1 hotel owners","https://salterbrothers.com.au/about/our-boards/","1","","role_context","leadership","agement Executive Certificate from the AGSM at the University of New South Wales, Executive Certificate in Management & Leadership from Massachusetts Institute of Technology Sloan School of Management, Investment Decisions & Behavioural Finance Program at Harvard University, Kennedy School of Govern","Low","Use as a page-level KP hint; confirm person name/title before saving."
"50","kp_context_hint","25","AU-0448","Triguboff, followed by Salter Brothers as no.1 hotel owners","https://salterbrothers.com.au","3","https://salterbrothers.com.au/about/ | https://salterbrothers.com.au/about/our-boards/","role_context","management","re 2024) Salter Brothers Salter Brothers About About Us ESG Ratings & Awards Our Boards Our Senior Team Investors Funds Management Property Funds Equity Funds Credit Funds Decarbonisation Salter Brothers Emerging Companies Ltd Salter Brothers Tech Fund Immigration Investment Advisory Corporate & Str","Low","Use as a page-level KP hint; confirm person name/title before saving."
"50","kp_context_hint","25","AU-0448","Triguboff, followed by Salter Brothers as no.1 hotel owners","https://salterbrothers.com.au/about/","1","","role_context","people","anagement, property development, capital and advisory, equities, and finance. We are always on the lookout for talented people to join our business. If you would like to enquire about possible opportunities, please email us: We provide a range of financial and non-financial benefits including a heal","Low","Use as a page-level KP hint; confirm person name/title before saving."
"50","kp_context_hint","25","AU-0448","Triguboff, followed by Salter Brothers as no.1 hotel owners","https://salterbrothers.com.au","3","https://salterbrothers.com.au/about/ | https://salterbrothers.com.au/about/our-boards/","role_context","team","al Investor Portal (Pre 2024) Salter Brothers Salter Brothers About About Us ESG Ratings & Awards Our Boards Our Senior Team Investors Funds Management Property Funds Equity Funds Credit Funds Decarbonisation Salter Brothers Emerging Companies Ltd Salter Brothers Tech Fund Immigration Investment Adv","Low","Use as a page-level KP hint; confirm person name/title before saving."
"45","manual_linkedin_search","25","AU-0448","Triguboff, followed by Salter Brothers as no.1 hotel owners","queue_public_linkedin_query","1","","linkedin_search_url","https://www.google.com/search?q=site%3Alinkedin.com%2Fin+%22Triguboff%2C+followed+by+Salter+Brothers+as+no.1+hotel+owners%22+Australia+director+OR+operations+OR+procurement","site:linkedin.com/in ""Triguboff, followed by Salter Brothers as no.1 hotel owners"" Australia director OR operations OR procurement","Low","Manual search URL for public LinkedIn result review; save only a matched personal/company URL with confidence notes."
"13","technical_status","25","AU-0448","Triguboff, followed by Salter Brothers as no.1 hotel owners","https://salterbrothers.com.au","1","","fetch_status","https://salterbrothers.com.au","","High","Fetch status: 200. Use only if page fetched successfully."
"13","technical_status","25","AU-0448","Triguboff, followed by Salter Brothers as no.1 hotel owners","https://salterbrothers.com.au/about/","1","","fetch_status","https://salterbrothers.com.au/about/","","High","Fetch status: 200. Use only if page fetched successfully."
"13","technical_status","25","AU-0448","Triguboff, followed by Salter Brothers as no.1 hotel owners","https://salterbrothers.com.au/about/our-boards/","1","","fetch_status","https://salterbrothers.com.au/about/our-boards/","","High","Fetch status: 200. Use only if page fetched successfully."
"102","official_form_candidate","26","AU-0272","Trilogy Hotels | Independent Hotel Management Company","https://trilogyhotels.com.au","2","https://trilogyhotels.com.au/","contact_form","https://trilogyhotels.com.au/","contact_form form method=post action=/ Please enable JavaScript in your browser to complete this form. Please enable JavaScript in your browser to complete this form. Speak With Us Fill-out the form and our team will be in touch. First Name * Last Name * Company * Email * Phone (Optional) Any questions you may have for the team? (optional) Submit","High","Official page contains a form; save as company_contact_form_url only if it is a contact/enquiry form, not only a booking widget."
"102","official_form_candidate","26","AU-0272","Trilogy Hotels | Independent Hotel Management Company","https://trilogyhotels.com.au/about-us/","1","","contact_form","https://trilogyhotels.com.au/all-about-trilogy-hotels/","contact_form form method=post action=/all-about-trilogy-hotels/ Please enable JavaScript in your browser to complete this form. Please enable JavaScript in your browser to complete this form. Speak With Us Fill-out the form and our team will be in touch. First Name * Last Name * Company * Email * Phone (Optional) Any questions you may have for the team? (optional) Submit","High","Official page contains a form; save as company_contact_form_url only if it is a contact/enquiry form, not only a booking widget."
"88","team_or_about_page","26","AU-0272","Trilogy Hotels | Independent Hotel Management Company","https://trilogyhotels.com.au","2","https://trilogyhotels.com.au/","team_link","https://trilogyhotels.com.au/about-us/","","Medium","Review linked page for contact/form/KP details."
"88","team_or_about_page","26","AU-0272","Trilogy Hotels | Independent Hotel Management Company","https://trilogyhotels.com.au","6","https://trilogyhotels.com.au/ | https://trilogyhotels.com.au/about-us/","team_link","https://trilogyhotels.com.au/all-about-trilogy-hotels/","https://trilogyhotels.com.au/all-about-trilogy-hotels/","Medium","Review linked page for contact/form/KP details."
"88","team_or_about_page","26","AU-0272","Trilogy Hotels | Independent Hotel Management Company","https://trilogyhotels.com.au","9","https://trilogyhotels.com.au/ | https://trilogyhotels.com.au/about-us/","team_link","https://trilogyhotels.com.au/meet-the-team/","https://trilogyhotels.com.au/meet-the-team/","Medium","Review linked page for contact/form/KP details."
"72","company_contact_page","26","AU-0272","Trilogy Hotels | Independent Hotel Management Company","https://trilogyhotels.com.au","2","https://trilogyhotels.com.au/","contact_link","https://trilogyhotels.com.au/#","Contact us","Medium","Review linked page for contact/form/KP details."
"72","company_contact_page","26","AU-0272","Trilogy Hotels | Independent Hotel Management Company","https://trilogyhotels.com.au/about-us/","1","","contact_link","https://trilogyhotels.com.au/all-about-trilogy-hotels/#","Contact us","Medium","Review linked page for contact/form/KP details."
"70","company_linkedin","26","AU-0272","Trilogy Hotels | Independent Hotel Management Company","https://trilogyhotels.com.au","3","https://trilogyhotels.com.au/ | https://trilogyhotels.com.au/about-us/","company_linkedin_url","https://www.linkedin.com/company/trilogy-hotels/","https://www.linkedin.com/company/trilogy-hotels/","Low","Use as a manual LinkedIn review URL; do not treat as verified direct contact until person/company fit is confirmed."
"60","kp_context_hint","26","AU-0272","Trilogy Hotels | Independent Hotel Management Company","https://trilogyhotels.com.au","2","https://trilogyhotels.com.au/","role_context","founder","eholders owner, team and guest, to achieve operational efficiency and performance excellence. See hotels See hotels Our Founders Between them, the three founders of Trilogy Hotels have an unmatched combination of experience in the tourism and hospitality industry in Australia and throughout Asia. Me","Low","Use as a page-level KP hint; confirm person name/title before saving."
"60","kp_context_hint","26","AU-0272","Trilogy Hotels | Independent Hotel Management Company","https://trilogyhotels.com.au","3","https://trilogyhotels.com.au/ | https://trilogyhotels.com.au/about-us/","role_context","operations","e to manage hotels. Period. We are just as much about what we aren’t, as what we are. Our focus on hotel management and operations gives us an alignment of interest and clarity of purpose in partnership with Owners, Guests and Teams that you won’t find anywhere else. We Manage all facets of operatin","Low","Use as a page-level KP hint; confirm person name/title before saving."
"60","kp_context_hint","26","AU-0272","Trilogy Hotels | Independent Hotel Management Company","https://trilogyhotels.com.au","3","https://trilogyhotels.com.au/ | https://trilogyhotels.com.au/about-us/","role_context","owner","ged. It is within these walls that we can truly harness our potential to impact the lives of our three key stakeholders Owners, Guests, and Team. About Us About Us Owners Investing in a hotel is a substantial commitment. We support owners in the investment journey through Partnership and Performance","Low","Use as a page-level KP hint; confirm person name/title before saving."
"50","kp_context_hint","26","AU-0272","Trilogy Hotels | Independent Hotel Management Company","https://trilogyhotels.com.au","2","https://trilogyhotels.com.au/","role_context","chief executive","ience in the tourism and hospitality industry in Australia and throughout Asia. Meet the team Meet the team Scott Boyes Chief Executive Officer One of the most respected and accomplished hoteliers in the Australian market. Scott most recently served at Accor as SVP of Operations, Pacific North, wher","Low","Use as a page-level KP hint; confirm person name/title before saving."
"50","kp_context_hint","26","AU-0272","Trilogy Hotels | Independent Hotel Management Company","https://trilogyhotels.com.au/about-us/","1","","role_context","culinary","nt, expense reduction & procurement Accounting & financial reporting Recruitment, retention & training Food, beverage & culinary Design, technical services & ESG Multi-site clustering Building management & mixed-use development Wellness, day spa & recreation facilities management Learn more Learn mo","Low","Use as a page-level KP hint; confirm person name/title before saving."
"50","kp_context_hint","26","AU-0272","Trilogy Hotels | Independent Hotel Management Company","https://trilogyhotels.com.au","3","https://trilogyhotels.com.au/ | https://trilogyhotels.com.au/about-us/","role_context","leadership","d to our wonderful colleagues in the visitor economy and service industry, Grant Alchin and Scott Boyes chat all things leadership and hotels. Learn more Learn more We are unwavering in our commitment to exceed expectations, create memorable moments, build lasting relationships, and transform lives.","Low","Use as a page-level KP hint; confirm person name/title before saving."
"50","kp_context_hint","26","AU-0272","Trilogy Hotels | Independent Hotel Management Company","https://trilogyhotels.com.au","3","https://trilogyhotels.com.au/ | https://trilogyhotels.com.au/about-us/","role_context","management","About Trilogy Hotels | Independent Hotel Management Australia Subscribe Subscribe Speak with us Speak with us About us How it works Our services Hotels we manage Meet the team Press and industry insights A Room With A Vie","Low","Use as a page-level KP hint; confirm person name/title before saving."
"50","kp_context_hint","26","AU-0272","Trilogy Hotels | Independent Hotel Management Company","https://trilogyhotels.com.au/about-us/","1","","role_context","procurement","cets of operating a hotel We don’t Own a brand Own a hotel Receive commissions from a brand Receive a commission from a procurement contract Do Asset Management Have any opaque fees or charges Operational services Trilogy Hotels' leadership team is the best in the business – seasoned leaders who pro","Low","Use as a page-level KP hint; confirm person name/title before saving."
"50","kp_context_hint","26","AU-0272","Trilogy Hotels | Independent Hotel Management Company","https://trilogyhotels.com.au","3","https://trilogyhotels.com.au/ | https://trilogyhotels.com.au/about-us/","role_context","team","nt Company Subscribe Subscribe Speak with us Speak with us About us How it works Our services Hotels we manage Meet the team Press and industry insights A Room With A View podcast Close Please enable JavaScript in your browser to complete this form. Please enable JavaScript in your browser to comple","Low","Use as a page-level KP hint; confirm person name/title before saving."
"45","manual_linkedin_search","26","AU-0272","Trilogy Hotels | Independent Hotel Management Company","queue_public_linkedin_query","1","","linkedin_search_url","https://www.google.com/search?q=site%3Alinkedin.com%2Fin+%22Trilogy+Hotels+%7C+Independent+Hotel+Management+Company%22+Australia+director+OR+operations+OR+procurement","site:linkedin.com/in ""Trilogy Hotels | Independent Hotel Management Company"" Australia director OR operations OR procurement","Low","Manual search URL for public LinkedIn result review; save only a matched personal/company URL with confidence notes."
"13","technical_status","26","AU-0272","Trilogy Hotels | Independent Hotel Management Company","https://trilogyhotels.com.au","2","https://trilogyhotels.com.au/","fetch_status","https://trilogyhotels.com.au","","High","Fetch status: 200. Use only if page fetched successfully."
"13","technical_status","26","AU-0272","Trilogy Hotels | Independent Hotel Management Company","https://trilogyhotels.com.au/about-us/","1","","fetch_status","https://trilogyhotels.com.au/about-us/","","High","Fetch status: 200. Use only if page fetched successfully."
"102","official_form_candidate","27","AU-0321","Good food for good folk | Food Folk Australia","https://foodfolk.com.au","2","https://foodfolk.com.au/","contact_form","https://foodfolk.com.au/","contact_form form method=post action=/ Please enable JavaScript in your browser to complete this form. Please enable JavaScript in your browser to complete this form. Name * First Last or Name Name Company Name Email * Comment or Message Submit","High","Official page contains a form; save as company_contact_form_url only if it is a contact/enquiry form, not only a booking widget."
"102","official_form_candidate","27","AU-0321","Good food for good folk | Food Folk Australia","https://foodfolk.com.au/about-us/","1","","contact_form","https://foodfolk.com.au/about-us/","contact_form form method=post action=/about-us/ Please enable JavaScript in your browser to complete this form. Please enable JavaScript in your browser to complete this form. Name * First Last or Layout Email Company Name Email * Comment or Message Submit","High","Official page contains a form; save as company_contact_form_url only if it is a contact/enquiry form, not only a booking widget."
"88","team_or_about_page","27","AU-0321","Good food for good folk | Food Folk Australia","https://foodfolk.com.au","3","https://foodfolk.com.au/ | https://foodfolk.com.au/about-us/","team_link","https://foodfolk.com.au/about-us/","/about-us/","Medium","Review linked page for contact/form/KP details."
"88","team_or_about_page","27","AU-0321","Good food for good folk | Food Folk Australia","https://foodfolk.com.au","6","https://foodfolk.com.au/ | https://foodfolk.com.au/about-us/","team_link","https://foodfolk.com.au/inaugural-airline-catering-association-leadership-symposium/","https://foodfolk.com.au/inaugural-airline-catering-association-leadership-symposium/","Medium","Review linked page for contact/form/KP details."
"72","company_contact_page","27","AU-0321","Good food for good folk | Food Folk Australia","https://foodfolk.com.au","2","https://foodfolk.com.au/","contact_link","https://foodfolk.com.au/#contact","#contact","Medium","Review linked page for contact/form/KP details."
"72","company_contact_page","27","AU-0321","Good food for good folk | Food Folk Australia","https://foodfolk.com.au/about-us/","1","","contact_link","https://foodfolk.com.au/about-us/#contact","#contact","Medium","Review linked page for contact/form/KP details."
"72","company_contact_page","27","AU-0321","Good food for good folk | Food Folk Australia","https://foodfolk.com.au","3","https://foodfolk.com.au/ | https://foodfolk.com.au/about-us/","contact_link","https://foodfolk.com.au/contact-us/","https://foodfolk.com.au/contact-us/","Medium","Review linked page for contact/form/KP details."
"66","supplier_or_procurement_page","27","AU-0321","Good food for good folk | Food Folk Australia","https://foodfolk.com.au","6","https://foodfolk.com.au/ | https://foodfolk.com.au/about-us/","supplier_link","https://foodfolk.com.au/south-african-airways-foodfolk-continue-partnership/","https://foodfolk.com.au/south-african-airways-foodfolk-continue-partnership/","Medium","Review linked page for contact/form/KP details."
"60","kp_context_hint","27","AU-0321","Good food for good folk | Food Folk Australia","https://foodfolk.com.au","3","https://foodfolk.com.au/ | https://foodfolk.com.au/about-us/","role_context","director","tadiums including Subiaco Oval, Burswood and RAC Arena. 2014 PIC goes global with Etihad With Salim Hazife now Managing Director, PIC gained international airline customers, including Etihad, continuing as a supplier until they ceased flights to Perth in 2017. 2015 South African Airways Earned an in","Low","Use as a page-level KP hint; confirm person name/title before saving."
"60","kp_context_hint","27","AU-0321","Good food for good folk | Food Folk Australia","https://foodfolk.com.au","3","https://foodfolk.com.au/ | https://foodfolk.com.au/about-us/","role_context","managing director","r Perth stadiums including Subiaco Oval, Burswood and RAC Arena. 2014 PIC goes global with Etihad With Salim Hazife now Managing Director, PIC gained international airline customers, including Etihad, continuing as a supplier until they ceased flights to Perth in 2017. 2015 South African Airways Ear","Low","Use as a page-level KP hint; confirm person name/title before saving."
"60","kp_context_hint","27","AU-0321","Good food for good folk | Food Folk Australia","https://foodfolk.com.au","3","https://foodfolk.com.au/ | https://foodfolk.com.au/about-us/","role_context","owner","k Instagram About Us Capabilities Careers Sustainability Locations News Foodfolk Australia acknowledges the Traditional Owners and their continuing connection to the land, waters and community. We pay our respects to the members of these Aboriginal communities, their cultures, and to their Elders pa","Low","Use as a page-level KP hint; confirm person name/title before saving."
"60","kp_context_hint","27","AU-0321","Good food for good folk | Food Folk Australia","https://foodfolk.com.au","3","https://foodfolk.com.au/ | https://foodfolk.com.au/about-us/","role_context","team","ring the Future of Food at TUTTOFOOD Milano Our secret to success is a blend of imagination, hard work, and love of our team. Linkedin Facebook Instagram About Us Capabilities Careers Sustainability Locations News Foodfolk Australia acknowledges the Traditional Owners and their continuing connection","Low","Use as a page-level KP hint; confirm person name/title before saving."
"50","kp_context_hint","27","AU-0321","Good food for good folk | Food Folk Australia","https://foodfolk.com.au","3","https://foodfolk.com.au/ | https://foodfolk.com.au/about-us/","role_context","events","ple and our facilities from 400sqm to 800sqm as our contracts for WA regional airlines continued to grow. 2010 More big events in catering We further expanded our catering services to deliver meals for Perth stadiums including Subiaco Oval, Burswood and RAC Arena. 2014 PIC goes global with Etihad Wi","Low","Use as a page-level KP hint; confirm person name/title before saving."
"50","kp_context_hint","27","AU-0321","Good food for good folk | Food Folk Australia","https://foodfolk.com.au","3","https://foodfolk.com.au/ | https://foodfolk.com.au/about-us/","role_context","operations","eSorted Award for Business, recognising our commitment to reducing waste and advancing sustainable practices across our operations. 2024 Expanded to Melbourne We secured our contract with Royal Brunei Airlines in Melbourne, marking an exciting milestone as Foodfolk Australia spread its wings beyond","Low","Use as a page-level KP hint; confirm person name/title before saving."
"50","kp_context_hint","27","AU-0321","Good food for good folk | Food Folk Australia","https://foodfolk.com.au","3","https://foodfolk.com.au/ | https://foodfolk.com.au/about-us/","role_context","people","rport — working together around the clock. 2004 Booming with WA mining Perth Inflight Catering expanded our staff to 40 people and our facilities from 400sqm to 800sqm as our contracts for WA regional airlines continued to grow. 2010 More big events in catering We further expanded our catering servi","Low","Use as a page-level KP hint; confirm person name/title before saving."
"50","kp_context_hint","27","AU-0321","Good food for good folk | Food Folk Australia","https://foodfolk.com.au","3","https://foodfolk.com.au/ | https://foodfolk.com.au/about-us/","role_context","staff","ke on airline meals. 1998 New recipes, new name Ismail and Maria Hazife started Perth Inflight Catering (PIC) with four staff, operating out of a tiny kitchen at Perth Airport — working together around the clock. 2004 Booming with WA mining Perth Inflight Catering expanded our staff to 40 people and","Low","Use as a page-level KP hint; confirm person name/title before saving."
"45","manual_linkedin_search","27","AU-0321","Good food for good folk | Food Folk Australia","queue_public_linkedin_query","1","","linkedin_search_url","https://www.google.com/search?q=site%3Alinkedin.com%2Fin+%22Good+food+for+good+folk+%7C+Food+Folk+Australia%22+Australia+director+OR+operations+OR+procurement","site:linkedin.com/in ""Good food for good folk | Food Folk Australia"" Australia director OR operations OR procurement","Low","Manual search URL for public LinkedIn result review; save only a matched personal/company URL with confidence notes."
"13","technical_status","27","AU-0321","Good food for good folk | Food Folk Australia","https://foodfolk.com.au","2","https://foodfolk.com.au/","fetch_status","https://foodfolk.com.au","","High","Fetch status: 200. Use only if page fetched successfully."
"13","technical_status","27","AU-0321","Good food for good folk | Food Folk Australia","https://foodfolk.com.au/about-us/","1","","fetch_status","https://foodfolk.com.au/about-us/","","High","Fetch status: 200. Use only if page fetched successfully."
"88","team_or_about_page","28","AU-0554","36605 - Profitable Melbourne Restaurant Group - 3 Locations in Melbourne VIC, 3000 | SEEK Business","https://seekbusiness.com.au","4","https://www.seekbusiness.com.au/about-us | https://www.seekbusiness.com.au/businesses-for-sale/within-books-stationary-and-dvds","team_link","https://www.seekbusiness.com.au/about-us","https://www.seekbusiness.com.au/about-us","Medium","Review linked page for contact/form/KP details."
"72","company_contact_page","28","AU-0554","36605 - Profitable Melbourne Restaurant Group - 3 Locations in Melbourne VIC, 3000 | SEEK Business","https://www.seekbusiness.com.au/businesses-for-sale/within-books-stationary-and-dvds","3","","contact_link","https://www.seekbusiness.com.au/business-listing/collins-booksellers-shepparton-regional-victoria-bfb3047/709768","https://www.seekbusiness.com.au/business-listing/collins-booksellers-shepparton-regional-victoria-bfb3047/709768","Medium","Review linked page for contact/form/KP details."
"72","company_contact_page","28","AU-0554","36605 - Profitable Melbourne Restaurant Group - 3 Locations in Melbourne VIC, 3000 | SEEK Business","https://www.seekbusiness.com.au/businesses-for-sale/within-books-stationary-and-dvds","3","","contact_link","https://www.seekbusiness.com.au/business-listing/established-newsagency-amp-bookstore/776903","https://www.seekbusiness.com.au/business-listing/established-newsagency-amp-bookstore/776903","Medium","Review linked page for contact/form/KP details."
"72","company_contact_page","28","AU-0554","36605 - Profitable Melbourne Restaurant Group - 3 Locations in Melbourne VIC, 3000 | SEEK Business","https://www.seekbusiness.com.au/businesses-for-sale/within-books-stationary-and-dvds","3","","contact_link","https://www.seekbusiness.com.au/business-listing/own-a-bookshop-in-dubbo-collins-booksellers-franchise-opportunity/702942","https://www.seekbusiness.com.au/business-listing/own-a-bookshop-in-dubbo-collins-booksellers-franchise-opportunity/702942","Medium","Review linked page for contact/form/KP details."
"72","company_contact_page","28","AU-0554","36605 - Profitable Melbourne Restaurant Group - 3 Locations in Melbourne VIC, 3000 | SEEK Business","https://www.seekbusiness.com.au/businesses-for-sale/within-books-stationary-and-dvds","2","","contact_link","https://www.seekbusiness.com.au/business-listing/second-hand-book-store-for-sale/780998","Second Hand Book Store For Sale","Medium","Review linked page for contact/form/KP details."
"72","company_contact_page","28","AU-0554","36605 - Profitable Melbourne Restaurant Group - 3 Locations in Melbourne VIC, 3000 | SEEK Business","https://www.seekbusiness.com.au/businesses-for-sale/within-books-stationary-and-dvds","2","","contact_link","https://www.seekbusiness.com.au/business-listing/the-candle-quill-bookshop/773295","The Candle & Quill Bookshop","Medium","Review linked page for contact/form/KP details."
"72","company_contact_page","28","AU-0554","36605 - Profitable Melbourne Restaurant Group - 3 Locations in Melbourne VIC, 3000 | SEEK Business","https://www.seekbusiness.com.au/businesses-for-sale/within-books-stationary-and-dvds","3","","contact_link","https://www.seekbusiness.com.au/business-listing/warehouse-containing-second-hand-books-many-collectible-and-rare/612250","https://www.seekbusiness.com.au/business-listing/warehouse-containing-second-hand-books-many-collectible-and-rare/612250","Medium","Review linked page for contact/form/KP details."
"72","company_contact_page","28","AU-0554","36605 - Profitable Melbourne Restaurant Group - 3 Locations in Melbourne VIC, 3000 | SEEK Business","https://seekbusiness.com.au","17","https://www.seekbusiness.com.au/businesses-for-sale/within-books-stationary-and-dvds","contact_link","https://www.seekbusiness.com.au/businesses-for-sale/within-books-stationary-and-dvds","/businesses-for-sale/within-books-stationary-and-dvds?pg=2","Medium","Review linked page for contact/form/KP details."
"72","company_contact_page","28","AU-0554","36605 - Profitable Melbourne Restaurant Group - 3 Locations in Melbourne VIC, 3000 | SEEK Business","https://www.seekbusiness.com.au/businesses-for-sale/within-books-stationary-and-dvds","1","","contact_link","https://www.seekbusiness.com.au/businesses-for-sale/within-books-stationary-and-dvds/in-bowral-nsw-2576","Bowral, NSW 2576","Medium","Review linked page for contact/form/KP details."
"72","company_contact_page","28","AU-0554","36605 - Profitable Melbourne Restaurant Group - 3 Locations in Melbourne VIC, 3000 | SEEK Business","https://www.seekbusiness.com.au/businesses-for-sale/within-books-stationary-and-dvds","1","","contact_link","https://www.seekbusiness.com.au/businesses-for-sale/within-books-stationary-and-dvds/in-brisbane-city-qld-4000","Brisbane City, QLD 4000","Medium","Review linked page for contact/form/KP details."
"72","company_contact_page","28","AU-0554","36605 - Profitable Melbourne Restaurant Group - 3 Locations in Melbourne VIC, 3000 | SEEK Business","https://www.seekbusiness.com.au/businesses-for-sale/within-books-stationary-and-dvds","2","","contact_link","https://www.seekbusiness.com.au/businesses-for-sale/within-books-stationary-and-dvds/in-brisbane-qld","Brisbane - Greater","Medium","Review linked page for contact/form/KP details."
"72","company_contact_page","28","AU-0554","36605 - Profitable Melbourne Restaurant Group - 3 Locations in Melbourne VIC, 3000 | SEEK Business","https://www.seekbusiness.com.au/businesses-for-sale/within-books-stationary-and-dvds","1","","contact_link","https://www.seekbusiness.com.au/businesses-for-sale/within-books-stationary-and-dvds/in-cairns-qld-4870","Cairns, QLD 4870","Medium","Review linked page for contact/form/KP details."
"72","company_contact_page","28","AU-0554","36605 - Profitable Melbourne Restaurant Group - 3 Locations in Melbourne VIC, 3000 | SEEK Business","https://www.seekbusiness.com.au/businesses-for-sale/within-books-stationary-and-dvds","1","","contact_link","https://www.seekbusiness.com.au/businesses-for-sale/within-books-stationary-and-dvds/in-dubbo-nsw-2830","Dubbo, NSW 2830","Medium","Review linked page for contact/form/KP details."
"72","company_contact_page","28","AU-0554","36605 - Profitable Melbourne Restaurant Group - 3 Locations in Melbourne VIC, 3000 | SEEK Business","https://www.seekbusiness.com.au/businesses-for-sale/within-books-stationary-and-dvds","1","","contact_link","https://www.seekbusiness.com.au/businesses-for-sale/within-books-stationary-and-dvds/in-gold-coast-mc-qld-4217","Gold Coast Mc, QLD 4217","Medium","Review linked page for contact/form/KP details."
"72","company_contact_page","28","AU-0554","36605 - Profitable Melbourne Restaurant Group - 3 Locations in Melbourne VIC, 3000 | SEEK Business","https://www.seekbusiness.com.au/businesses-for-sale/within-books-stationary-and-dvds","2","","contact_link","https://www.seekbusiness.com.au/businesses-for-sale/within-books-stationary-and-dvds/in-gold-coast-qld","Gold Coast","Medium","Review linked page for contact/form/KP details."
"72","company_contact_page","28","AU-0554","36605 - Profitable Melbourne Restaurant Group - 3 Locations in Melbourne VIC, 3000 | SEEK Business","https://www.seekbusiness.com.au/businesses-for-sale/within-books-stationary-and-dvds","3","","contact_link","https://www.seekbusiness.com.au/businesses-for-sale/within-books-stationary-and-dvds/in-melbourne-vic","Melbourne - Greater","Medium","Review linked page for contact/form/KP details."
"72","company_contact_page","28","AU-0554","36605 - Profitable Melbourne Restaurant Group - 3 Locations in Melbourne VIC, 3000 | SEEK Business","https://www.seekbusiness.com.au/businesses-for-sale/within-books-stationary-and-dvds","1","","contact_link","https://www.seekbusiness.com.au/businesses-for-sale/within-books-stationary-and-dvds/in-melbourne-vic-3000","Melbourne, VIC 3000","Medium","Review linked page for contact/form/KP details."
"72","company_contact_page","28","AU-0554","36605 - Profitable Melbourne Restaurant Group - 3 Locations in Melbourne VIC, 3000 | SEEK Business","https://www.seekbusiness.com.au/businesses-for-sale/within-books-stationary-and-dvds","1","","contact_link","https://www.seekbusiness.com.au/businesses-for-sale/within-books-stationary-and-dvds/in-montville-qld-4560","Montville, QLD 4560","Medium","Review linked page for contact/form/KP details."
"72","company_contact_page","28","AU-0554","36605 - Profitable Melbourne Restaurant Group - 3 Locations in Melbourne VIC, 3000 | SEEK Business","https://www.seekbusiness.com.au/businesses-for-sale/within-books-stationary-and-dvds","3","","contact_link","https://www.seekbusiness.com.au/businesses-for-sale/within-books-stationary-and-dvds/in-regional-nsw","Regional NSW","Medium","Review linked page for contact/form/KP details."
"72","company_contact_page","28","AU-0554","36605 - Profitable Melbourne Restaurant Group - 3 Locations in Melbourne VIC, 3000 | SEEK Business","https://www.seekbusiness.com.au/businesses-for-sale/within-books-stationary-and-dvds","2","","contact_link","https://www.seekbusiness.com.au/businesses-for-sale/within-books-stationary-and-dvds/in-regional-qld","Regional QLD","Medium","Review linked page for contact/form/KP details."
"72","company_contact_page","28","AU-0554","36605 - Profitable Melbourne Restaurant Group - 3 Locations in Melbourne VIC, 3000 | SEEK Business","https://www.seekbusiness.com.au/businesses-for-sale/within-books-stationary-and-dvds","1","","contact_link","https://www.seekbusiness.com.au/businesses-for-sale/within-books-stationary-and-dvds/in-regional-victoria","Regional Victoria","Medium","Review linked page for contact/form/KP details."
"72","company_contact_page","28","AU-0554","36605 - Profitable Melbourne Restaurant Group - 3 Locations in Melbourne VIC, 3000 | SEEK Business","https://www.seekbusiness.com.au/businesses-for-sale/within-books-stationary-and-dvds","1","","contact_link","https://www.seekbusiness.com.au/businesses-for-sale/within-books-stationary-and-dvds/in-wangaratta-vic-3677","Wangaratta, VIC 3677","Medium","Review linked page for contact/form/KP details."
"72","company_contact_page","28","AU-0554","36605 - Profitable Melbourne Restaurant Group - 3 Locations in Melbourne VIC, 3000 | SEEK Business","https://www.seekbusiness.com.au/businesses-for-sale/within-books-stationary-and-dvds","1","","contact_link","https://www.seekbusiness.com.au/businesses-for-sale/within-books-stationary-and-dvds/in-yamba-nsw-2464","Yamba, NSW 2464","Medium","Review linked page for contact/form/KP details."
"72","company_contact_page","28","AU-0554","36605 - Profitable Melbourne Restaurant Group - 3 Locations in Melbourne VIC, 3000 | SEEK Business","https://seekbusiness.com.au","6","https://www.seekbusiness.com.au/about-us | https://www.seekbusiness.com.au/businesses-for-sale/within-books-stationary-and-dvds","contact_link","https://www.seekbusiness.com.au/contact-us","https://www.seekbusiness.com.au/contact-us","Medium","Review linked page for contact/form/KP details."
"72","company_contact_page","28","AU-0554","36605 - Profitable Melbourne Restaurant Group - 3 Locations in Melbourne VIC, 3000 | SEEK Business","https://www.seekbusiness.com.au/businesses-for-sale/within-books-stationary-and-dvds","13","","contact_link","https://www.seekbusiness.com.au/sign-in?returnUrl=%2Fbusinesses-for-sale%2Fwithin-books-stationary-and-dvds%3Faction%3Dsave-listing-750211","https://www.seekbusiness.com.au/sign-in?returnUrl=%2Fbusinesses-for-sale%2Fwithin-books-stationary-and-dvds%3Faction%3Dsave-listing-750211","Medium","Review linked page for contact/form/KP details."
"72","events_or_functions_contact","28","AU-0554","36605 - Profitable Melbourne Restaurant Group - 3 Locations in Melbourne VIC, 3000 | SEEK Business","https://seekbusiness.com.au","1","","contact_link","https://www.seekbusiness.com.au/businesses-for-sale/within-catering-and-events","Catering & Events","Medium","Review linked page for contact/form/KP details."
"70","company_linkedin","28","AU-0554","36605 - Profitable Melbourne Restaurant Group - 3 Locations in Melbourne VIC, 3000 | SEEK Business","https://seekbusiness.com.au","3","https://www.seekbusiness.com.au/about-us | https://www.seekbusiness.com.au/businesses-for-sale/within-books-stationary-and-dvds","company_linkedin_url","http://www.linkedin.com/company/4832619","http://www.linkedin.com/company/4832619?trk=tyah&trkInfo=clickedVertical%3Acompany%2CclickedEntityId%3A4832619%2Cidx%3A2-1-2%2CtarId%3A1470204249415%2Ctas%3ASEEK%20Business","Low","Use as a manual LinkedIn review URL; do not treat as verified direct contact until person/company fit is confirmed."
"60","kp_context_hint","28","AU-0554","36605 - Profitable Melbourne Restaurant Group - 3 Locations in Melbourne VIC, 3000 | SEEK Business","https://www.seekbusiness.com.au/about-us","1","","role_context","owner","ing opportunity. At any one time, there are over 18,000 opportunities advertised on SEEK Business, directly by business owners, business brokers, franchisors, licensors and distributors. These include ready-to-run small businesses, as well as established, successful, multi-national brands. Part of t","Low","Use as a page-level KP hint; confirm person name/title before saving."
"50","kp_context_hint","28","AU-0554","36605 - Profitable Melbourne Restaurant Group - 3 Locations in Melbourne VIC, 3000 | SEEK Business","https://seekbusiness.com.au","1","","role_context","events","ersonal Services Cleaning & Maintenance Miscellaneous Accommodation, Tourism & Leisure View all industries ⁠ Catering & Events Coffee, Cafes & Restaurants Pubs, Bars & Clubs Takeaway & Casual Dining Vending Hair, Beauty & Spa Health & Medical Sport, Fitness & Adventure Books, Stationery & DVDs Conve","Low","Use as a page-level KP hint; confirm person name/title before saving."
"50","kp_context_hint","28","AU-0554","36605 - Profitable Melbourne Restaurant Group - 3 Locations in Melbourne VIC, 3000 | SEEK Business","https://www.seekbusiness.com.au/about-us","1","","role_context","people","r Sell a business About us Our Story SEEK Business is Australia’s largest online business-for-sale marketplace; we help people realise their dream of owning their own business by connecting them with franchise & business sellers. SEEK Business began in 2006 with the vision of helping people througho","Low","Use as a page-level KP hint; confirm person name/title before saving."
"50","kp_context_hint","28","AU-0554","36605 - Profitable Melbourne Restaurant Group - 3 Locations in Melbourne VIC, 3000 | SEEK Business","https://seekbusiness.com.au","2","https://www.seekbusiness.com.au/businesses-for-sale/within-books-stationary-and-dvds","role_context","staff","Profile Saved businesses Saved searches Buying advice Online safety Advertisers Selling a business Selling advice Find staff About us About SEEK Business Terms of use Privacy Collection notice SEEK sites Site map Connect with us Contact us LinkedIn Instagram Facebook Artwork of a gum leaf symbolisi","Low","Use as a page-level KP hint; confirm person name/title before saving."
"50","kp_context_hint","28","AU-0554","36605 - Profitable Melbourne Restaurant Group - 3 Locations in Melbourne VIC, 3000 | SEEK Business","https://seekbusiness.com.au","1","","role_context","team","e setup, no ongoing fees, no office required, high commission split, and support from an in-house award-winning support team. Lakeside Joondalup - New Schnitz Location Schnitz Joondalup, WA 6027 $550,000 - $650,000 Franchise New SCHNITZ, an iconic Aussie brand with 15+ years of success fuelled by Au","Low","Use as a page-level KP hint; confirm person name/title before saving."
"45","manual_linkedin_search","28","AU-0554","36605 - Profitable Melbourne Restaurant Group - 3 Locations in Melbourne VIC, 3000 | SEEK Business","queue_public_linkedin_query","1","","linkedin_search_url","https://www.google.com/search?q=site%3Alinkedin.com%2Fin+%2236605+-+Profitable+Melbourne+Restaurant+Group+-+3+Locations+in+Melbourne+VIC%2C+3000+%7C+SEEK+Business%22+Australia+director+OR+operations+OR+procurement","site:linkedin.com/in ""36605 - Profitable Melbourne Restaurant Group - 3 Locations in Melbourne VIC, 3000 | SEEK Business"" Australia director OR operations OR procurement","Low","Manual search URL for public LinkedIn result review; save only a matched personal/company URL with confidence notes."
"13","technical_status","28","AU-0554","36605 - Profitable Melbourne Restaurant Group - 3 Locations in Melbourne VIC, 3000 | SEEK Business","https://seekbusiness.com.au","1","","fetch_status","https://seekbusiness.com.au","","High","Fetch status: 200. Use only if page fetched successfully."
"13","technical_status","28","AU-0554","36605 - Profitable Melbourne Restaurant Group - 3 Locations in Melbourne VIC, 3000 | SEEK Business","https://www.seekbusiness.com.au/about-us","1","","fetch_status","https://www.seekbusiness.com.au/about-us","","High","Fetch status: 200. Use only if page fetched successfully."
"13","technical_status","28","AU-0554","36605 - Profitable Melbourne Restaurant Group - 3 Locations in Melbourne VIC, 3000 | SEEK Business","https://www.seekbusiness.com.au/businesses-for-sale/within-books-stationary-and-dvds","1","","fetch_status","https://www.seekbusiness.com.au/businesses-for-sale/within-books-stationary-and-dvds","","High","Fetch status: 200. Use only if page fetched successfully."
"102","official_form_candidate","29","AU-0463","4 Things To Consider When Choosing Your Event Venue","https://thebelltower.com.au","2","","contact_form","https://thebelltower.com.au","contact_form form method=POST action=current page Newsletter Form First Name Last Name Email Phone/Mobile Subscribe","High","Official page contains a form; save as company_contact_form_url only if it is a contact/enquiry form, not only a booking widget."
"102","official_form_candidate","29","AU-0463","4 Things To Consider When Choosing Your Event Venue","https://www.thebelltower.com.au/about/","1","","contact_form","https://www.thebelltower.com.au/about/","contact_form form method=POST action=current page Newsletter Form First Name Last Name Email Phone/Mobile Subscribe","High","Official page contains a form; save as company_contact_form_url only if it is a contact/enquiry form, not only a booking widget."
"88","team_or_about_page","29","AU-0463","4 Things To Consider When Choosing Your Event Venue","https://thebelltower.com.au","3","https://www.thebelltower.com.au/about/","team_link","https://www.thebelltower.com.au/about/","About","Medium","Review linked page for contact/form/KP details."
"88","team_or_about_page","29","AU-0463","4 Things To Consider When Choosing Your Event Venue","https://thebelltower.com.au","4","https://www.thebelltower.com.au/about/","team_link","https://www.thebelltower.com.au/about/faqs/","Frequently Asked Questions","Medium","Review linked page for contact/form/KP details."
"88","team_or_about_page","29","AU-0463","4 Things To Consider When Choosing Your Event Venue","https://thebelltower.com.au","3","https://www.thebelltower.com.au/about/","team_link","https://www.thebelltower.com.au/about/history-of-perth-bell-tower/","History","Medium","Review linked page for contact/form/KP details."
"88","team_or_about_page","29","AU-0463","4 Things To Consider When Choosing Your Event Venue","https://thebelltower.com.au","5","https://www.thebelltower.com.au/about/","team_link","https://www.thebelltower.com.au/about/plan-your-visit/","Plan Your Visit","Medium","Review linked page for contact/form/KP details."
"88","team_or_about_page","29","AU-0463","4 Things To Consider When Choosing Your Event Venue","https://thebelltower.com.au","3","https://www.thebelltower.com.au/about/","team_link","https://www.thebelltower.com.au/about/plan-your-visit/accessibility/","Accessibility","Medium","Review linked page for contact/form/KP details."
"88","team_or_about_page","29","AU-0463","4 Things To Consider When Choosing Your Event Venue","https://thebelltower.com.au","4","https://www.thebelltower.com.au/about/","team_link","https://www.thebelltower.com.au/about/the-anzac-bell/","https://www.thebelltower.com.au/about/the-anzac-bell/","Medium","Review linked page for contact/form/KP details."
"72","company_contact_page","29","AU-0463","4 Things To Consider When Choosing Your Event Venue","https://thebelltower.com.au","2","","contact_link","https://www.thebelltower.com.au/#booking","Explore","Medium","Review linked page for contact/form/KP details."
"72","company_contact_page","29","AU-0463","4 Things To Consider When Choosing Your Event Venue","https://thebelltower.com.au","10","https://www.thebelltower.com.au/about/","contact_link","https://www.thebelltower.com.au/book-an-experience/","Book an Experience","Medium","Review linked page for contact/form/KP details."
"72","company_contact_page","29","AU-0463","4 Things To Consider When Choosing Your Event Venue","https://thebelltower.com.au","3","https://www.thebelltower.com.au/about/","contact_link","https://www.thebelltower.com.au/book-an-experience/group-bookings/","Group Bookings","Medium","Review linked page for contact/form/KP details."
"72","company_contact_page","29","AU-0463","4 Things To Consider When Choosing Your Event Venue","https://thebelltower.com.au","3","https://www.thebelltower.com.au/about/","contact_link","https://www.thebelltower.com.au/book-an-experience/school-excursions/","School Excursions","Medium","Review linked page for contact/form/KP details."
"72","company_contact_page","29","AU-0463","4 Things To Consider When Choosing Your Event Venue","https://thebelltower.com.au","3","https://www.thebelltower.com.au/about/","contact_link","https://www.thebelltower.com.au/contact/","Contact","Medium","Review linked page for contact/form/KP details."
"72","events_or_functions_contact","29","AU-0463","4 Things To Consider When Choosing Your Event Venue","https://thebelltower.com.au","3","https://www.thebelltower.com.au/about/","contact_link","https://www.thebelltower.com.au/news-events/","News & Events","Medium","Review linked page for contact/form/KP details."
"72","events_or_functions_contact","29","AU-0463","4 Things To Consider When Choosing Your Event Venue","https://thebelltower.com.au","4","https://www.thebelltower.com.au/about/","contact_link","https://www.thebelltower.com.au/venue-hire/corporate-events/","https://www.thebelltower.com.au/venue-hire/corporate-events/","Medium","Review linked page for contact/form/KP details."
"60","kp_context_hint","29","AU-0463","4 Things To Consider When Choosing Your Event Venue","https://thebelltower.com.au","3","https://www.thebelltower.com.au/about/","role_context","owner","ow Follow Follow Follow Follow Follow Follow The Bell Tower acknowledges the Whadjuk Nyoongar people as the traditional owners of the lands and waters on which we are situated today, and pay our respects to Elders past and present. The Swan Bells Foundation Inc. | Privacy Policy Copyright © 2023 - 2","Low","Use as a page-level KP hint; confirm person name/title before saving."
"60","kp_context_hint","29","AU-0463","4 Things To Consider When Choosing Your Event Venue","https://thebelltower.com.au","3","https://www.thebelltower.com.au/about/","role_context","people","ong with five specially cast bells were presented to the University of Western Australia, the City of Perth, and to the people of Western Australia. The London diocese of the Church of England and the parish of St Martin-in-the-Fields gave authority for the project to proceed. The additional bells c","Low","Use as a page-level KP hint; confirm person name/title before saving."
"50","kp_context_hint","29","AU-0463","4 Things To Consider When Choosing Your Event Venue","https://thebelltower.com.au","3","https://www.thebelltower.com.au/about/","role_context","events","e Tickets Group Bookings School Excursions Love Locks Love Locks Bundle Venue Hire Weddings Elopement Package Corporate Events Community Bell Ringing News & Events About History The ANZAC Bell Plan Your Visit Accessibility FAQs Contact Select Page EXPERIENCE THE SOUND OF PERTH Explore ; Discover The","Low","Use as a page-level KP hint; confirm person name/title before saving."
"50","kp_context_hint","29","AU-0463","4 Things To Consider When Choosing Your Event Venue","https://www.thebelltower.com.au/about/","1","","role_context","operations","d is a lasting memorial to Australian and New Zealand servicemen and women involved in wars, conflicts and peacekeeping operations around the world. The ANZAC Bell is one of the first bells to use 3D printing in the design. Gold was added to the copper and tin during the casting process, reflecting","Low","Use as a page-level KP hint; confirm person name/title before saving."
"45","manual_linkedin_search","29","AU-0463","4 Things To Consider When Choosing Your Event Venue","queue_public_linkedin_query","1","","linkedin_search_url","https://www.google.com/search?q=site%3Alinkedin.com%2Fin+%224+Things+To+Consider+When+Choosing+Your+Event+Venue%22+Australia+director+OR+operations+OR+procurement","site:linkedin.com/in ""4 Things To Consider When Choosing Your Event Venue"" Australia director OR operations OR procurement","Low","Manual search URL for public LinkedIn result review; save only a matched personal/company URL with confidence notes."
"13","technical_status","29","AU-0463","4 Things To Consider When Choosing Your Event Venue","https://thebelltower.com.au","2","","fetch_status","https://thebelltower.com.au","","High","Fetch status: 200. Use only if page fetched successfully."
"13","technical_status","29","AU-0463","4 Things To Consider When Choosing Your Event Venue","https://www.thebelltower.com.au/about/","1","","fetch_status","https://www.thebelltower.com.au/about/","","High","Fetch status: 200. Use only if page fetched successfully."
"96","official_form_link_candidate","30","AU-0523","About IHS | Trusted Partner in Hospitality Cleaning & Stewarding Services","https://ihservices.com.au","3","https://www.ihservices.com.au/aboutus | https://www.ihservices.com.au/contactus","contact_form_link","https://www.ihservices.com.au/contactus","Request a Quote","Medium","Review linked page for contact/form/KP details."
"88","team_or_about_page","30","AU-0523","About IHS | Trusted Partner in Hospitality Cleaning & Stewarding Services","https://ihservices.com.au","6","https://www.ihservices.com.au/aboutus | https://www.ihservices.com.au/contactus","team_link","https://www.ihservices.com.au/aboutus","About Us","Medium","Review linked page for contact/form/KP details."
"88","team_or_about_page","30","AU-0523","About IHS | Trusted Partner in Hospitality Cleaning & Stewarding Services","https://ihservices.com.au","6","https://www.ihservices.com.au/aboutus | https://www.ihservices.com.au/contactus","team_link","https://www.ihservices.com.au/ourpeople","Our People","Medium","Review linked page for contact/form/KP details."
"72","company_contact_page","30","AU-0523","About IHS | Trusted Partner in Hospitality Cleaning & Stewarding Services","https://ihservices.com.au","9","https://www.ihservices.com.au/aboutus | https://www.ihservices.com.au/contactus","contact_link","https://www.ihservices.com.au/contactus","/contactus?hsLang=en-au","Medium","Review linked page for contact/form/KP details."
"70","company_linkedin","30","AU-0523","About IHS | Trusted Partner in Hospitality Cleaning & Stewarding Services","https://ihservices.com.au","3","https://www.ihservices.com.au/aboutus | https://www.ihservices.com.au/contactus","company_linkedin_url","https://au.linkedin.com/company/ihservices","","Low","Use as a manual LinkedIn review URL; do not treat as verified direct contact until person/company fit is confirmed."
"60","kp_context_hint","30","AU-0523","About IHS | Trusted Partner in Hospitality Cleaning & Stewarding Services","https://ihservices.com.au","1","","role_context","general manager","From stewarding support to public area cleaning, everything is handled seamlessly—our guests only ever see the results. General Manager 5-Star Sydney Hotel Partnering with IHS means peace of mind. Their staff understand the pace and standards of luxury hospitality, and their ClearSight system gives","Low","Use as a page-level KP hint; confirm person name/title before saving."
"60","kp_context_hint","30","AU-0523","About IHS | Trusted Partner in Hospitality Cleaning & Stewarding Services","https://ihservices.com.au","1","","role_context","owner","Contact our team today CONTACT US Acknowledgement of Country International Hotel Services acknowledges the Traditional Owners of Country throughout Australia and recognises their continuing connection to lands, waters and communities. We pay our respects to Aboriginal and Torres Strait Islander cul","Low","Use as a page-level KP hint; confirm person name/title before saving."
"50","kp_context_hint","30","AU-0523","About IHS | Trusted Partner in Hospitality Cleaning & Stewarding Services","https://www.ihservices.com.au/aboutus","1","","role_context","ceo","g action to protect the planet and reach Net Zero by 2028. Click on this card to see our progress >> A Message from Our CEO “At IHS, our purpose is simple: to support the hospitality industry with service that is seamless, reliable, and brand-aligned. We know that every detail, whether seen or unsee","Low","Use as a page-level KP hint; confirm person name/title before saving."
"50","kp_context_hint","30","AU-0523","About IHS | Trusted Partner in Hospitality Cleaning & Stewarding Services","https://www.ihservices.com.au/aboutus","1","","role_context","chief executive","untability, and care, ensuring our clients can focus on what they do best: creating memorable stays.” — Alastair Stagg, Chief Executive Officer Five-Star Outcomes, Every Property From boutique hotels to student living, we deliver guest-ready service across every space. Ready to explore how IHS can s","Low","Use as a page-level KP hint; confirm person name/title before saving."
"50","kp_context_hint","30","AU-0523","About IHS | Trusted Partner in Hospitality Cleaning & Stewarding Services","https://www.ihservices.com.au/aboutus","1","","role_context","events","mobilising new hotel openings, supporting long-term portfolios, and scaling resources during seasonal surges and major events. Along the way, we’ve introduced specialist training, ISO-aligned systems, and our ClearSight platform to give clients confidence that every shift is delivered to standard.","Low","Use as a page-level KP hint; confirm person name/title before saving."
"50","kp_context_hint","30","AU-0523","About IHS | Trusted Partner in Hospitality Cleaning & Stewarding Services","https://www.ihservices.com.au/aboutus","1","","role_context","leadership","what service means in a modern world, where outcomes matter, risks evolve, and guest confidence always comes first. Our Leadership Approach We believe great service starts with great leadership. Our management team brings decades of hospitality and hotel operations experience, taking a hands-on role","Low","Use as a page-level KP hint; confirm person name/title before saving."
"50","kp_context_hint","30","AU-0523","About IHS | Trusted Partner in Hospitality Cleaning & Stewarding Services","https://www.ihservices.com.au/aboutus","1","","role_context","management","guest confidence always comes first. Our Leadership Approach We believe great service starts with great leadership. Our management team brings decades of hospitality and hotel operations experience, taking a hands-on role in service delivery, compliance and continuous improvement. Their commitment e","Low","Use as a page-level KP hint; confirm person name/title before saving."
"50","kp_context_hint","30","AU-0523","About IHS | Trusted Partner in Hospitality Cleaning & Stewarding Services","https://ihservices.com.au","2","https://www.ihservices.com.au/aboutus","role_context","operations","g to stewarding, public areas, and back-of-house, we deliver tailored cleaning services that blend seamlessly into your operations. Our teams are hospitality-trained, presentable, and reliable, because clean isn’t a task, it’s a standard. Powered by people. Enabled by technology. Committed to excell","Low","Use as a page-level KP hint; confirm person name/title before saving."
"50","kp_context_hint","30","AU-0523","About IHS | Trusted Partner in Hospitality Cleaning & Stewarding Services","https://ihservices.com.au","3","https://www.ihservices.com.au/aboutus | https://www.ihservices.com.au/contactus","role_context","people","About IHS | Trusted Partner in Hospitality Cleaning & Stewarding Services Skip to the main content. Home About Us Our People Who We Serve Our Services Housekeeping & Guest Services Public Area Cleaning Stewarding & BOH Specialised Services Event & Surge Support Careers at IHS Corporate Responsibil","Low","Use as a page-level KP hint; confirm person name/title before saving."
"50","kp_context_hint","30","AU-0523","About IHS | Trusted Partner in Hospitality Cleaning & Stewarding Services","https://www.ihservices.com.au/aboutus","1","","role_context","procurement","s improvement, we build quality into everything we do and are committed to excellence. Our Commitment in action Ethical procurement From vetted supply chains to transparent contracts, we work with integrity. Inclusive employment We support Indigenous participation, culturally diverse hiring, and car","Low","Use as a page-level KP hint; confirm person name/title before saving."
"50","kp_context_hint","30","AU-0523","About IHS | Trusted Partner in Hospitality Cleaning & Stewarding Services","https://ihservices.com.au","2","https://www.ihservices.com.au/aboutus","role_context","staff","abled by technology. Committed to excellence. Our Difference, at a Glance Why our clients choose us Hospitality-trained staff We know how to operate in guest environments, not just behind the scenes. Front & back-of-house integration We manage the entire service footprint, not just the visible areas","Low","Use as a page-level KP hint; confirm person name/title before saving."
"50","kp_context_hint","30","AU-0523","About IHS | Trusted Partner in Hospitality Cleaning & Stewarding Services","https://ihservices.com.au","3","https://www.ihservices.com.au/aboutus | https://www.ihservices.com.au/contactus","role_context","team","ce, real results, and the power of ClearSight - creating pristine, welcoming spaces where guests feel at home and hotel teams thrive. To elevate the hospitality experience by delivering seamless, high-quality accommodation cleaning and support services with integrity, insight, and innovation. Whethe","Low","Use as a page-level KP hint; confirm person name/title before saving."
"45","manual_linkedin_search","30","AU-0523","About IHS | Trusted Partner in Hospitality Cleaning & Stewarding Services","queue_public_linkedin_query","1","","linkedin_search_url","https://www.google.com/search?q=site%3Alinkedin.com%2Fin+%22About+IHS+%7C+Trusted+Partner+in+Hospitality+Cleaning+%26+Stewarding+Services%22+Australia+director+OR+operations+OR+procurement","site:linkedin.com/in ""About IHS | Trusted Partner in Hospitality Cleaning & Stewarding Services"" Australia director OR operations OR procurement","Low","Manual search URL for public LinkedIn result review; save only a matched personal/company URL with confidence notes."
"13","technical_status","30","AU-0523","About IHS | Trusted Partner in Hospitality Cleaning & Stewarding Services","https://ihservices.com.au","1","","fetch_status","https://ihservices.com.au","","High","Fetch status: 200. Use only if page fetched successfully."
"13","technical_status","30","AU-0523","About IHS | Trusted Partner in Hospitality Cleaning & Stewarding Services","https://www.ihservices.com.au/aboutus","1","","fetch_status","https://www.ihservices.com.au/aboutus","","High","Fetch status: 200. Use only if page fetched successfully."
"13","technical_status","30","AU-0523","About IHS | Trusted Partner in Hospitality Cleaning & Stewarding Services","https://www.ihservices.com.au/contactus","1","","fetch_status","https://www.ihservices.com.au/contactus","","High","Fetch status: 200. Use only if page fetched successfully."
"88","team_or_about_page","31","AU-0556","About​​​​‌﻿‍﻿​‍​‍‌‍﻿﻿‌﻿​‍‌‍‍‌‌‍‌﻿‌‍‍‌‌‍﻿‍​‍​‍​﻿‍‍​‍​‍‌﻿​﻿‌‍​‌‌‍﻿‍‌‍‍‌‌﻿‌​‌﻿‍‌​‍﻿‍‌‍‍‌‌‍﻿﻿​‍​‍​‍﻿​​‍​‍‌‍‍​‌﻿​‍‌‍‌‌‌‍‌‍​‍​‍​﻿‍‍​‍​‍‌‍‍​‌﻿‌​‌﻿‌​‌﻿​​​﻿‍‍​‍﻿﻿​‍﻿﻿‌‍﻿​‌‍﻿﻿‌‍​﻿‌‍​‌‌‍﻿​‌‍‍​‌‍﻿﻿‌﻿​﻿‌﻿‌​​﻿‍‍​﻿​﻿​﻿​﻿​﻿​﻿​﻿​﻿​‍﻿﻿‌‍‍‌‌‍﻿‍‌﻿‌​‌‍‌‌‌‍﻿‍‌﻿‌​​‍﻿﻿‌‍‌‌‌‍‌​‌‍‍‌‌﻿‌​​‍﻿﻿‌‍﻿‌‌‍﻿﻿‌‍‌​‌‍‌‌​﻿﻿‌‌﻿​​‌﻿​‍‌‍‌‌‌﻿​﻿‌‍‌‌‌‍﻿‍‌﻿‌​‌‍​‌‌﻿‌​‌‍‍‌‌‍﻿﻿‌‍﻿‍​﻿‍﻿‌‍‍‌‌‍‌​​﻿﻿‌​﻿‌​​﻿‍​​﻿‌​​﻿‌‍‌‍​﻿‌‍‌‌​﻿‌​​﻿​﻿​‍﻿‌​﻿‌‌​﻿‍​​﻿‌​‌‍‌‍​‍﻿‌​﻿‌​​﻿​​‌‍​‍‌‍‌‌​‍﻿‌​﻿‍​‌‍‌‍​﻿‌​​﻿‍‌​‍﻿‌​﻿‌‌​﻿​‌​﻿‍​‌‍​﻿​﻿​‍​﻿‍​​﻿‍‌​﻿​﻿‌‍‌​​﻿‌‍‌‍​‍​﻿​‌​﻿‍﻿‌﻿‌​‌﻿‍‌‌﻿​​‌‍‌‌​﻿﻿‌‌﻿​​‌‍​‌‌‍‌﻿‌‍‌‌​﻿‍﻿‌﻿​​‌‍​‌‌﻿‌​‌‍‍​​﻿﻿‌‌﻿‌​‌‍‍‌‌﻿‌​‌‍﻿​‌‍‌‌​﻿﻿﻿‌‍​‍‌‍​‌‌﻿​﻿‌‍‌‌‌‌‌‌‌﻿​‍‌‍﻿​​﻿﻿‌‌‍‍​‌﻿‌​‌﻿‌​‌﻿​​​‍‌‌​﻿​﻿‌​​‌​‍‌‌​﻿​‍‌​‌‍​‍‌‌​﻿​‍‌​‌‍‌‍﻿​‌‍﻿﻿‌‍​﻿‌‍​‌‌‍﻿​‌‍‍​‌‍﻿﻿‌﻿​﻿‌﻿‌​​‍‌‌​﻿​﻿‌​​‌​﻿​﻿​﻿​﻿​﻿​﻿​﻿​﻿​‍‌‍‌‍‍‌‌‍‌​​﻿﻿‌​﻿‌​​﻿‍​​﻿‌​​﻿‌‍‌‍​﻿‌‍‌‌​﻿‌​​﻿​﻿​‍﻿‌​﻿‌‌​﻿‍​​﻿‌​‌‍‌‍​‍﻿‌​﻿‌​​﻿​​‌‍​‍‌‍‌‌​‍﻿‌​﻿‍​‌‍‌‍​﻿‌​​﻿‍‌​‍﻿‌​﻿‌‌​﻿​‌​﻿‍​‌‍​﻿​﻿​‍​﻿‍​​﻿‍‌​﻿​﻿‌‍‌​​﻿‌‍‌‍​‍​﻿​‌​‍‌‍‌﻿‌​‌﻿‍‌‌﻿​​‌‍‌‌​﻿﻿‌‌﻿​​‌‍​‌‌‍‌﻿‌‍‌‌​‍‌‍‌﻿​​‌‍​‌‌﻿‌​‌‍‍​​﻿﻿‌‌﻿‌​‌‍‍‌‌﻿‌​‌‍﻿​‌‍‌‌​‍‌‍‌﻿​​‌‍‌‌‌﻿​‍‌﻿​﻿‌﻿​​‌‍‌‌‌‍​﻿‌﻿‌​‌‍‍‌‌﻿‌‍‌‍‌‌​﻿﻿‌‌﻿​​‌﻿‌‌‌‍​‍‌‍﻿​‌‍‍‌‌﻿​﻿‌‍‍​‌‍‌‌‌‍‌​​‍​‍‌﻿﻿‌ | Playa Mexican","https://playamexican.com.au","7","https://playamexican.com.au/about | https://playamexican.com.au/book-a-table","team_link","https://playamexican.com.au/about","/about","Medium","Review linked page for contact/form/KP details."
"72","company_contact_page","31","AU-0556","About​​​​‌﻿‍﻿​‍​‍‌‍﻿﻿‌﻿​‍‌‍‍‌‌‍‌﻿‌‍‍‌‌‍﻿‍​‍​‍​﻿‍‍​‍​‍‌﻿​﻿‌‍​‌‌‍﻿‍‌‍‍‌‌﻿‌​‌﻿‍‌​‍﻿‍‌‍‍‌‌‍﻿﻿​‍​‍​‍﻿​​‍​‍‌‍‍​‌﻿​‍‌‍‌‌‌‍‌‍​‍​‍​﻿‍‍​‍​‍‌‍‍​‌﻿‌​‌﻿‌​‌﻿​​​﻿‍‍​‍﻿﻿​‍﻿﻿‌‍﻿​‌‍﻿﻿‌‍​﻿‌‍​‌‌‍﻿​‌‍‍​‌‍﻿﻿‌﻿​﻿‌﻿‌​​﻿‍‍​﻿​﻿​﻿​﻿​﻿​﻿​﻿​﻿​‍﻿﻿‌‍‍‌‌‍﻿‍‌﻿‌​‌‍‌‌‌‍﻿‍‌﻿‌​​‍﻿﻿‌‍‌‌‌‍‌​‌‍‍‌‌﻿‌​​‍﻿﻿‌‍﻿‌‌‍﻿﻿‌‍‌​‌‍‌‌​﻿﻿‌‌﻿​​‌﻿​‍‌‍‌‌‌﻿​﻿‌‍‌‌‌‍﻿‍‌﻿‌​‌‍​‌‌﻿‌​‌‍‍‌‌‍﻿﻿‌‍﻿‍​﻿‍﻿‌‍‍‌‌‍‌​​﻿﻿‌​﻿‌​​﻿‍​​﻿‌​​﻿‌‍‌‍​﻿‌‍‌‌​﻿‌​​﻿​﻿​‍﻿‌​﻿‌‌​﻿‍​​﻿‌​‌‍‌‍​‍﻿‌​﻿‌​​﻿​​‌‍​‍‌‍‌‌​‍﻿‌​﻿‍​‌‍‌‍​﻿‌​​﻿‍‌​‍﻿‌​﻿‌‌​﻿​‌​﻿‍​‌‍​﻿​﻿​‍​﻿‍​​﻿‍‌​﻿​﻿‌‍‌​​﻿‌‍‌‍​‍​﻿​‌​﻿‍﻿‌﻿‌​‌﻿‍‌‌﻿​​‌‍‌‌​﻿﻿‌‌﻿​​‌‍​‌‌‍‌﻿‌‍‌‌​﻿‍﻿‌﻿​​‌‍​‌‌﻿‌​‌‍‍​​﻿﻿‌‌﻿‌​‌‍‍‌‌﻿‌​‌‍﻿​‌‍‌‌​﻿﻿﻿‌‍​‍‌‍​‌‌﻿​﻿‌‍‌‌‌‌‌‌‌﻿​‍‌‍﻿​​﻿﻿‌‌‍‍​‌﻿‌​‌﻿‌​‌﻿​​​‍‌‌​﻿​﻿‌​​‌​‍‌‌​﻿​‍‌​‌‍​‍‌‌​﻿​‍‌​‌‍‌‍﻿​‌‍﻿﻿‌‍​﻿‌‍​‌‌‍﻿​‌‍‍​‌‍﻿﻿‌﻿​﻿‌﻿‌​​‍‌‌​﻿​﻿‌​​‌​﻿​﻿​﻿​﻿​﻿​﻿​﻿​﻿​‍‌‍‌‍‍‌‌‍‌​​﻿﻿‌​﻿‌​​﻿‍​​﻿‌​​﻿‌‍‌‍​﻿‌‍‌‌​﻿‌​​﻿​﻿​‍﻿‌​﻿‌‌​﻿‍​​﻿‌​‌‍‌‍​‍﻿‌​﻿‌​​﻿​​‌‍​‍‌‍‌‌​‍﻿‌​﻿‍​‌‍‌‍​﻿‌​​﻿‍‌​‍﻿‌​﻿‌‌​﻿​‌​﻿‍​‌‍​﻿​﻿​‍​﻿‍​​﻿‍‌​﻿​﻿‌‍‌​​﻿‌‍‌‍​‍​﻿​‌​‍‌‍‌﻿‌​‌﻿‍‌‌﻿​​‌‍‌‌​﻿﻿‌‌﻿​​‌‍​‌‌‍‌﻿‌‍‌‌​‍‌‍‌﻿​​‌‍​‌‌﻿‌​‌‍‍​​﻿﻿‌‌﻿‌​‌‍‍‌‌﻿‌​‌‍﻿​‌‍‌‌​‍‌‍‌﻿​​‌‍‌‌‌﻿​‍‌﻿​﻿‌﻿​​‌‍‌‌‌‍​﻿‌﻿‌​‌‍‍‌‌﻿‌‍‌‍‌‌​﻿﻿‌‌﻿​​‌﻿‌‌‌‍​‍‌‍﻿​‌‍‍‌‌﻿​﻿‌‍‍​‌‍‌‌‌‍‌​​‍​‍‌﻿﻿‌ | Playa Mexican","https://playamexican.com.au","9","https://playamexican.com.au/about | https://playamexican.com.au/book-a-table","contact_link","https://playamexican.com.au/book-a-table","/book-a-table","Medium","Review linked page for contact/form/KP details."
"60","kp_context_hint","31","AU-0556","About​​​​‌﻿‍﻿​‍​‍‌‍﻿﻿‌﻿​‍‌‍‍‌‌‍‌﻿‌‍‍‌‌‍﻿‍​‍​‍​﻿‍‍​‍​‍‌﻿​﻿‌‍​‌‌‍﻿‍‌‍‍‌‌﻿‌​‌﻿‍‌​‍﻿‍‌‍‍‌‌‍﻿﻿​‍​‍​‍﻿​​‍​‍‌‍‍​‌﻿​‍‌‍‌‌‌‍‌‍​‍​‍​﻿‍‍​‍​‍‌‍‍​‌﻿‌​‌﻿‌​‌﻿​​​﻿‍‍​‍﻿﻿​‍﻿﻿‌‍﻿​‌‍﻿﻿‌‍​﻿‌‍​‌‌‍﻿​‌‍‍​‌‍﻿﻿‌﻿​﻿‌﻿‌​​﻿‍‍​﻿​﻿​﻿​﻿​﻿​﻿​﻿​﻿​‍﻿﻿‌‍‍‌‌‍﻿‍‌﻿‌​‌‍‌‌‌‍﻿‍‌﻿‌​​‍﻿﻿‌‍‌‌‌‍‌​‌‍‍‌‌﻿‌​​‍﻿﻿‌‍﻿‌‌‍﻿﻿‌‍‌​‌‍‌‌​﻿﻿‌‌﻿​​‌﻿​‍‌‍‌‌‌﻿​﻿‌‍‌‌‌‍﻿‍‌﻿‌​‌‍​‌‌﻿‌​‌‍‍‌‌‍﻿﻿‌‍﻿‍​﻿‍﻿‌‍‍‌‌‍‌​​﻿﻿‌​﻿‌​​﻿‍​​﻿‌​​﻿‌‍‌‍​﻿‌‍‌‌​﻿‌​​﻿​﻿​‍﻿‌​﻿‌‌​﻿‍​​﻿‌​‌‍‌‍​‍﻿‌​﻿‌​​﻿​​‌‍​‍‌‍‌‌​‍﻿‌​﻿‍​‌‍‌‍​﻿‌​​﻿‍‌​‍﻿‌​﻿‌‌​﻿​‌​﻿‍​‌‍​﻿​﻿​‍​﻿‍​​﻿‍‌​﻿​﻿‌‍‌​​﻿‌‍‌‍​‍​﻿​‌​﻿‍﻿‌﻿‌​‌﻿‍‌‌﻿​​‌‍‌‌​﻿﻿‌‌﻿​​‌‍​‌‌‍‌﻿‌‍‌‌​﻿‍﻿‌﻿​​‌‍​‌‌﻿‌​‌‍‍​​﻿﻿‌‌﻿‌​‌‍‍‌‌﻿‌​‌‍﻿​‌‍‌‌​﻿﻿﻿‌‍​‍‌‍​‌‌﻿​﻿‌‍‌‌‌‌‌‌‌﻿​‍‌‍﻿​​﻿﻿‌‌‍‍​‌﻿‌​‌﻿‌​‌﻿​​​‍‌‌​﻿​﻿‌​​‌​‍‌‌​﻿​‍‌​‌‍​‍‌‌​﻿​‍‌​‌‍‌‍﻿​‌‍﻿﻿‌‍​﻿‌‍​‌‌‍﻿​‌‍‍​‌‍﻿﻿‌﻿​﻿‌﻿‌​​‍‌‌​﻿​﻿‌​​‌​﻿​﻿​﻿​﻿​﻿​﻿​﻿​﻿​‍‌‍‌‍‍‌‌‍‌​​﻿﻿‌​﻿‌​​﻿‍​​﻿‌​​﻿‌‍‌‍​﻿‌‍‌‌​﻿‌​​﻿​﻿​‍﻿‌​﻿‌‌​﻿‍​​﻿‌​‌‍‌‍​‍﻿‌​﻿‌​​﻿​​‌‍​‍‌‍‌‌​‍﻿‌​﻿‍​‌‍‌‍​﻿‌​​﻿‍‌​‍﻿‌​﻿‌‌​﻿​‌​﻿‍​‌‍​﻿​﻿​‍​﻿‍​​﻿‍‌​﻿​﻿‌‍‌​​﻿‌‍‌‍​‍​﻿​‌​‍‌‍‌﻿‌​‌﻿‍‌‌﻿​​‌‍‌‌​﻿﻿‌‌﻿​​‌‍​‌‌‍‌﻿‌‍‌‌​‍‌‍‌﻿​​‌‍​‌‌﻿‌​‌‍‍​​﻿﻿‌‌﻿‌​‌‍‍‌‌﻿‌​‌‍﻿​‌‍‌‌​‍‌‍‌﻿​​‌‍‌‌‌﻿​‍‌﻿​﻿‌﻿​​‌‍‌‌‌‍​﻿‌﻿‌​‌‍‍‌‌﻿‌‍‌‍‌‌​﻿﻿‌‌﻿​​‌﻿‌‌‌‍​‍‌‍﻿​‌‍‍‌‌﻿​﻿‌‍‍​‌‍‌‌‌‍‌​​‍​‍‌﻿﻿‌ | Playa Mexican","https://playamexican.com.au/about","1","","role_context","director","d dinner, Playa features an all-day kitchen, a dedicated bar, and spacious indoor-outdoor dining. Tony Kelly Co-Owner / Director Tony lives and breathes the hospitality industry. A chef by trade, Tony was the Executive Chef who opened the iconic Stokehouse Restaurant in Brisbane which went on to ach","Low","Use as a page-level KP hint; confirm person name/title before saving."
"60","kp_context_hint","31","AU-0556","About​​​​‌﻿‍﻿​‍​‍‌‍﻿﻿‌﻿​‍‌‍‍‌‌‍‌﻿‌‍‍‌‌‍﻿‍​‍​‍​﻿‍‍​‍​‍‌﻿​﻿‌‍​‌‌‍﻿‍‌‍‍‌‌﻿‌​‌﻿‍‌​‍﻿‍‌‍‍‌‌‍﻿﻿​‍​‍​‍﻿​​‍​‍‌‍‍​‌﻿​‍‌‍‌‌‌‍‌‍​‍​‍​﻿‍‍​‍​‍‌‍‍​‌﻿‌​‌﻿‌​‌﻿​​​﻿‍‍​‍﻿﻿​‍﻿﻿‌‍﻿​‌‍﻿﻿‌‍​﻿‌‍​‌‌‍﻿​‌‍‍​‌‍﻿﻿‌﻿​﻿‌﻿‌​​﻿‍‍​﻿​﻿​﻿​﻿​﻿​﻿​﻿​﻿​‍﻿﻿‌‍‍‌‌‍﻿‍‌﻿‌​‌‍‌‌‌‍﻿‍‌﻿‌​​‍﻿﻿‌‍‌‌‌‍‌​‌‍‍‌‌﻿‌​​‍﻿﻿‌‍﻿‌‌‍﻿﻿‌‍‌​‌‍‌‌​﻿﻿‌‌﻿​​‌﻿​‍‌‍‌‌‌﻿​﻿‌‍‌‌‌‍﻿‍‌﻿‌​‌‍​‌‌﻿‌​‌‍‍‌‌‍﻿﻿‌‍﻿‍​﻿‍﻿‌‍‍‌‌‍‌​​﻿﻿‌​﻿‌​​﻿‍​​﻿‌​​﻿‌‍‌‍​﻿‌‍‌‌​﻿‌​​﻿​﻿​‍﻿‌​﻿‌‌​﻿‍​​﻿‌​‌‍‌‍​‍﻿‌​﻿‌​​﻿​​‌‍​‍‌‍‌‌​‍﻿‌​﻿‍​‌‍‌‍​﻿‌​​﻿‍‌​‍﻿‌​﻿‌‌​﻿​‌​﻿‍​‌‍​﻿​﻿​‍​﻿‍​​﻿‍‌​﻿​﻿‌‍‌​​﻿‌‍‌‍​‍​﻿​‌​﻿‍﻿‌﻿‌​‌﻿‍‌‌﻿​​‌‍‌‌​﻿﻿‌‌﻿​​‌‍​‌‌‍‌﻿‌‍‌‌​﻿‍﻿‌﻿​​‌‍​‌‌﻿‌​‌‍‍​​﻿﻿‌‌﻿‌​‌‍‍‌‌﻿‌​‌‍﻿​‌‍‌‌​﻿﻿﻿‌‍​‍‌‍​‌‌﻿​﻿‌‍‌‌‌‌‌‌‌﻿​‍‌‍﻿​​﻿﻿‌‌‍‍​‌﻿‌​‌﻿‌​‌﻿​​​‍‌‌​﻿​﻿‌​​‌​‍‌‌​﻿​‍‌​‌‍​‍‌‌​﻿​‍‌​‌‍‌‍﻿​‌‍﻿﻿‌‍​﻿‌‍​‌‌‍﻿​‌‍‍​‌‍﻿﻿‌﻿​﻿‌﻿‌​​‍‌‌​﻿​﻿‌​​‌​﻿​﻿​﻿​﻿​﻿​﻿​﻿​﻿​‍‌‍‌‍‍‌‌‍‌​​﻿﻿‌​﻿‌​​﻿‍​​﻿‌​​﻿‌‍‌‍​﻿‌‍‌‌​﻿‌​​﻿​﻿​‍﻿‌​﻿‌‌​﻿‍​​﻿‌​‌‍‌‍​‍﻿‌​﻿‌​​﻿​​‌‍​‍‌‍‌‌​‍﻿‌​﻿‍​‌‍‌‍​﻿‌​​﻿‍‌​‍﻿‌​﻿‌‌​﻿​‌​﻿‍​‌‍​﻿​﻿​‍​﻿‍​​﻿‍‌​﻿​﻿‌‍‌​​﻿‌‍‌‍​‍​﻿​‌​‍‌‍‌﻿‌​‌﻿‍‌‌﻿​​‌‍‌‌​﻿﻿‌‌﻿​​‌‍​‌‌‍‌﻿‌‍‌‌​‍‌‍‌﻿​​‌‍​‌‌﻿‌​‌‍‍​​﻿﻿‌‌﻿‌​‌‍‍‌‌﻿‌​‌‍﻿​‌‍‌‌​‍‌‍‌﻿​​‌‍‌‌‌﻿​‍‌﻿​﻿‌﻿​​‌‍‌‌‌‍​﻿‌﻿‌​‌‍‍‌‌﻿‌‍‌‍‌‌​﻿﻿‌‌﻿​​‌﻿‌‌‌‍​‍‌‍﻿​‌‍‍‌‌﻿​﻿‌‍‍​‌‍‌‌‌‍‌​​‍​‍‌﻿﻿‌ | Playa Mexican","https://playamexican.com.au/about","1","","role_context","general manager","o, Giddy Geisha, Piggyback, Market Bistro, Market Wine Store, Bocca Italian and Playa Mexican. Luke Stringer Co-owner / General Manager Luke began his career in Noosa Heads working for Luc Turschwell and assisted in the opening of Café L’Univers and La Sabbia. This is where his love for hospitality","Low","Use as a page-level KP hint; confirm person name/title before saving."
"60","kp_context_hint","31","AU-0556","About​​​​‌﻿‍﻿​‍​‍‌‍﻿﻿‌﻿​‍‌‍‍‌‌‍‌﻿‌‍‍‌‌‍﻿‍​‍​‍​﻿‍‍​‍​‍‌﻿​﻿‌‍​‌‌‍﻿‍‌‍‍‌‌﻿‌​‌﻿‍‌​‍﻿‍‌‍‍‌‌‍﻿﻿​‍​‍​‍﻿​​‍​‍‌‍‍​‌﻿​‍‌‍‌‌‌‍‌‍​‍​‍​﻿‍‍​‍​‍‌‍‍​‌﻿‌​‌﻿‌​‌﻿​​​﻿‍‍​‍﻿﻿​‍﻿﻿‌‍﻿​‌‍﻿﻿‌‍​﻿‌‍​‌‌‍﻿​‌‍‍​‌‍﻿﻿‌﻿​﻿‌﻿‌​​﻿‍‍​﻿​﻿​﻿​﻿​﻿​﻿​﻿​﻿​‍﻿﻿‌‍‍‌‌‍﻿‍‌﻿‌​‌‍‌‌‌‍﻿‍‌﻿‌​​‍﻿﻿‌‍‌‌‌‍‌​‌‍‍‌‌﻿‌​​‍﻿﻿‌‍﻿‌‌‍﻿﻿‌‍‌​‌‍‌‌​﻿﻿‌‌﻿​​‌﻿​‍‌‍‌‌‌﻿​﻿‌‍‌‌‌‍﻿‍‌﻿‌​‌‍​‌‌﻿‌​‌‍‍‌‌‍﻿﻿‌‍﻿‍​﻿‍﻿‌‍‍‌‌‍‌​​﻿﻿‌​﻿‌​​﻿‍​​﻿‌​​﻿‌‍‌‍​﻿‌‍‌‌​﻿‌​​﻿​﻿​‍﻿‌​﻿‌‌​﻿‍​​﻿‌​‌‍‌‍​‍﻿‌​﻿‌​​﻿​​‌‍​‍‌‍‌‌​‍﻿‌​﻿‍​‌‍‌‍​﻿‌​​﻿‍‌​‍﻿‌​﻿‌‌​﻿​‌​﻿‍​‌‍​﻿​﻿​‍​﻿‍​​﻿‍‌​﻿​﻿‌‍‌​​﻿‌‍‌‍​‍​﻿​‌​﻿‍﻿‌﻿‌​‌﻿‍‌‌﻿​​‌‍‌‌​﻿﻿‌‌﻿​​‌‍​‌‌‍‌﻿‌‍‌‌​﻿‍﻿‌﻿​​‌‍​‌‌﻿‌​‌‍‍​​﻿﻿‌‌﻿‌​‌‍‍‌‌﻿‌​‌‍﻿​‌‍‌‌​﻿﻿﻿‌‍​‍‌‍​‌‌﻿​﻿‌‍‌‌‌‌‌‌‌﻿​‍‌‍﻿​​﻿﻿‌‌‍‍​‌﻿‌​‌﻿‌​‌﻿​​​‍‌‌​﻿​﻿‌​​‌​‍‌‌​﻿​‍‌​‌‍​‍‌‌​﻿​‍‌​‌‍‌‍﻿​‌‍﻿﻿‌‍​﻿‌‍​‌‌‍﻿​‌‍‍​‌‍﻿﻿‌﻿​﻿‌﻿‌​​‍‌‌​﻿​﻿‌​​‌​﻿​﻿​﻿​﻿​﻿​﻿​﻿​﻿​‍‌‍‌‍‍‌‌‍‌​​﻿﻿‌​﻿‌​​﻿‍​​﻿‌​​﻿‌‍‌‍​﻿‌‍‌‌​﻿‌​​﻿​﻿​‍﻿‌​﻿‌‌​﻿‍​​﻿‌​‌‍‌‍​‍﻿‌​﻿‌​​﻿​​‌‍​‍‌‍‌‌​‍﻿‌​﻿‍​‌‍‌‍​﻿‌​​﻿‍‌​‍﻿‌​﻿‌‌​﻿​‌​﻿‍​‌‍​﻿​﻿​‍​﻿‍​​﻿‍‌​﻿​﻿‌‍‌​​﻿‌‍‌‍​‍​﻿​‌​‍‌‍‌﻿‌​‌﻿‍‌‌﻿​​‌‍‌‌​﻿﻿‌‌﻿​​‌‍​‌‌‍‌﻿‌‍‌‌​‍‌‍‌﻿​​‌‍​‌‌﻿‌​‌‍‍​​﻿﻿‌‌﻿‌​‌‍‍‌‌﻿‌​‌‍﻿​‌‍‌‌​‍‌‍‌﻿​​‌‍‌‌‌﻿​‍‌﻿​﻿‌﻿​​‌‍‌‌‌‍​﻿‌﻿‌​‌‍‍‌‌﻿‌‍‌‍‌‌​﻿﻿‌‌﻿​​‌﻿‌‌‌‍​‍‌‍﻿​‌‍‍‌‌﻿​﻿‌‍‍​‌‍‌‌‌‍‌​​‍​‍‌﻿﻿‌ | Playa Mexican","https://playamexican.com.au/about","1","","role_context","management","rforming teams, worked as an operations manager, and helped launch successful venues, including his role on the opening management team at Bocca Italian in the Tony Kelly Restaurant Group. Known for his upbeat energy and genuine care for guests, Isaac now brings his expertise and passion for Mexican","Low","Use as a page-level KP hint; confirm person name/title before saving."
"60","kp_context_hint","31","AU-0556","About​​​​‌﻿‍﻿​‍​‍‌‍﻿﻿‌﻿​‍‌‍‍‌‌‍‌﻿‌‍‍‌‌‍﻿‍​‍​‍​﻿‍‍​‍​‍‌﻿​﻿‌‍​‌‌‍﻿‍‌‍‍‌‌﻿‌​‌﻿‍‌​‍﻿‍‌‍‍‌‌‍﻿﻿​‍​‍​‍﻿​​‍​‍‌‍‍​‌﻿​‍‌‍‌‌‌‍‌‍​‍​‍​﻿‍‍​‍​‍‌‍‍​‌﻿‌​‌﻿‌​‌﻿​​​﻿‍‍​‍﻿﻿​‍﻿﻿‌‍﻿​‌‍﻿﻿‌‍​﻿‌‍​‌‌‍﻿​‌‍‍​‌‍﻿﻿‌﻿​﻿‌﻿‌​​﻿‍‍​﻿​﻿​﻿​﻿​﻿​﻿​﻿​﻿​‍﻿﻿‌‍‍‌‌‍﻿‍‌﻿‌​‌‍‌‌‌‍﻿‍‌﻿‌​​‍﻿﻿‌‍‌‌‌‍‌​‌‍‍‌‌﻿‌​​‍﻿﻿‌‍﻿‌‌‍﻿﻿‌‍‌​‌‍‌‌​﻿﻿‌‌﻿​​‌﻿​‍‌‍‌‌‌﻿​﻿‌‍‌‌‌‍﻿‍‌﻿‌​‌‍​‌‌﻿‌​‌‍‍‌‌‍﻿﻿‌‍﻿‍​﻿‍﻿‌‍‍‌‌‍‌​​﻿﻿‌​﻿‌​​﻿‍​​﻿‌​​﻿‌‍‌‍​﻿‌‍‌‌​﻿‌​​﻿​﻿​‍﻿‌​﻿‌‌​﻿‍​​﻿‌​‌‍‌‍​‍﻿‌​﻿‌​​﻿​​‌‍​‍‌‍‌‌​‍﻿‌​﻿‍​‌‍‌‍​﻿‌​​﻿‍‌​‍﻿‌​﻿‌‌​﻿​‌​﻿‍​‌‍​﻿​﻿​‍​﻿‍​​﻿‍‌​﻿​﻿‌‍‌​​﻿‌‍‌‍​‍​﻿​‌​﻿‍﻿‌﻿‌​‌﻿‍‌‌﻿​​‌‍‌‌​﻿﻿‌‌﻿​​‌‍​‌‌‍‌﻿‌‍‌‌​﻿‍﻿‌﻿​​‌‍​‌‌﻿‌​‌‍‍​​﻿﻿‌‌﻿‌​‌‍‍‌‌﻿‌​‌‍﻿​‌‍‌‌​﻿﻿﻿‌‍​‍‌‍​‌‌﻿​﻿‌‍‌‌‌‌‌‌‌﻿​‍‌‍﻿​​﻿﻿‌‌‍‍​‌﻿‌​‌﻿‌​‌﻿​​​‍‌‌​﻿​﻿‌​​‌​‍‌‌​﻿​‍‌​‌‍​‍‌‌​﻿​‍‌​‌‍‌‍﻿​‌‍﻿﻿‌‍​﻿‌‍​‌‌‍﻿​‌‍‍​‌‍﻿﻿‌﻿​﻿‌﻿‌​​‍‌‌​﻿​﻿‌​​‌​﻿​﻿​﻿​﻿​﻿​﻿​﻿​﻿​‍‌‍‌‍‍‌‌‍‌​​﻿﻿‌​﻿‌​​﻿‍​​﻿‌​​﻿‌‍‌‍​﻿‌‍‌‌​﻿‌​​﻿​﻿​‍﻿‌​﻿‌‌​﻿‍​​﻿‌​‌‍‌‍​‍﻿‌​﻿‌​​﻿​​‌‍​‍‌‍‌‌​‍﻿‌​﻿‍​‌‍‌‍​﻿‌​​﻿‍‌​‍﻿‌​﻿‌‌​﻿​‌​﻿‍​‌‍​﻿​﻿​‍​﻿‍​​﻿‍‌​﻿​﻿‌‍‌​​﻿‌‍‌‍​‍​﻿​‌​‍‌‍‌﻿‌​‌﻿‍‌‌﻿​​‌‍‌‌​﻿﻿‌‌﻿​​‌‍​‌‌‍‌﻿‌‍‌‌​‍‌‍‌﻿​​‌‍​‌‌﻿‌​‌‍‍​​﻿﻿‌‌﻿‌​‌‍‍‌‌﻿‌​‌‍﻿​‌‍‌‌​‍‌‍‌﻿​​‌‍‌‌‌﻿​‍‌﻿​﻿‌﻿​​‌‍‌‌‌‍​﻿‌﻿‌​‌‍‍‌‌﻿‌‍‌‍‌‌​﻿﻿‌‌﻿​​‌﻿‌‌‌‍​‍‌‍﻿​‌‍‍‌‌﻿​﻿‌‍‍​‌‍‌‌‌‍‌​​‍​‍‌﻿﻿‌ | Playa Mexican","https://playamexican.com.au/about","1","","role_context","operations","avours, vibrant culture, and lively energy. With 15 years of experience, he has led high-performing teams, worked as an operations manager, and helped launch successful venues, including his role on the opening management team at Bocca Italian in the Tony Kelly Restaurant Group. Known for his upbeat","Low","Use as a page-level KP hint; confirm person name/title before saving."
"60","kp_context_hint","31","AU-0556","About​​​​‌﻿‍﻿​‍​‍‌‍﻿﻿‌﻿​‍‌‍‍‌‌‍‌﻿‌‍‍‌‌‍﻿‍​‍​‍​﻿‍‍​‍​‍‌﻿​﻿‌‍​‌‌‍﻿‍‌‍‍‌‌﻿‌​‌﻿‍‌​‍﻿‍‌‍‍‌‌‍﻿﻿​‍​‍​‍﻿​​‍​‍‌‍‍​‌﻿​‍‌‍‌‌‌‍‌‍​‍​‍​﻿‍‍​‍​‍‌‍‍​‌﻿‌​‌﻿‌​‌﻿​​​﻿‍‍​‍﻿﻿​‍﻿﻿‌‍﻿​‌‍﻿﻿‌‍​﻿‌‍​‌‌‍﻿​‌‍‍​‌‍﻿﻿‌﻿​﻿‌﻿‌​​﻿‍‍​﻿​﻿​﻿​﻿​﻿​﻿​﻿​﻿​‍﻿﻿‌‍‍‌‌‍﻿‍‌﻿‌​‌‍‌‌‌‍﻿‍‌﻿‌​​‍﻿﻿‌‍‌‌‌‍‌​‌‍‍‌‌﻿‌​​‍﻿﻿‌‍﻿‌‌‍﻿﻿‌‍‌​‌‍‌‌​﻿﻿‌‌﻿​​‌﻿​‍‌‍‌‌‌﻿​﻿‌‍‌‌‌‍﻿‍‌﻿‌​‌‍​‌‌﻿‌​‌‍‍‌‌‍﻿﻿‌‍﻿‍​﻿‍﻿‌‍‍‌‌‍‌​​﻿﻿‌​﻿‌​​﻿‍​​﻿‌​​﻿‌‍‌‍​﻿‌‍‌‌​﻿‌​​﻿​﻿​‍﻿‌​﻿‌‌​﻿‍​​﻿‌​‌‍‌‍​‍﻿‌​﻿‌​​﻿​​‌‍​‍‌‍‌‌​‍﻿‌​﻿‍​‌‍‌‍​﻿‌​​﻿‍‌​‍﻿‌​﻿‌‌​﻿​‌​﻿‍​‌‍​﻿​﻿​‍​﻿‍​​﻿‍‌​﻿​﻿‌‍‌​​﻿‌‍‌‍​‍​﻿​‌​﻿‍﻿‌﻿‌​‌﻿‍‌‌﻿​​‌‍‌‌​﻿﻿‌‌﻿​​‌‍​‌‌‍‌﻿‌‍‌‌​﻿‍﻿‌﻿​​‌‍​‌‌﻿‌​‌‍‍​​﻿﻿‌‌﻿‌​‌‍‍‌‌﻿‌​‌‍﻿​‌‍‌‌​﻿﻿﻿‌‍​‍‌‍​‌‌﻿​﻿‌‍‌‌‌‌‌‌‌﻿​‍‌‍﻿​​﻿﻿‌‌‍‍​‌﻿‌​‌﻿‌​‌﻿​​​‍‌‌​﻿​﻿‌​​‌​‍‌‌​﻿​‍‌​‌‍​‍‌‌​﻿​‍‌​‌‍‌‍﻿​‌‍﻿﻿‌‍​﻿‌‍​‌‌‍﻿​‌‍‍​‌‍﻿﻿‌﻿​﻿‌﻿‌​​‍‌‌​﻿​﻿‌​​‌​﻿​﻿​﻿​﻿​﻿​﻿​﻿​﻿​‍‌‍‌‍‍‌‌‍‌​​﻿﻿‌​﻿‌​​﻿‍​​﻿‌​​﻿‌‍‌‍​﻿‌‍‌‌​﻿‌​​﻿​﻿​‍﻿‌​﻿‌‌​﻿‍​​﻿‌​‌‍‌‍​‍﻿‌​﻿‌​​﻿​​‌‍​‍‌‍‌‌​‍﻿‌​﻿‍​‌‍‌‍​﻿‌​​﻿‍‌​‍﻿‌​﻿‌‌​﻿​‌​﻿‍​‌‍​﻿​﻿​‍​﻿‍​​﻿‍‌​﻿​﻿‌‍‌​​﻿‌‍‌‍​‍​﻿​‌​‍‌‍‌﻿‌​‌﻿‍‌‌﻿​​‌‍‌‌​﻿﻿‌‌﻿​​‌‍​‌‌‍‌﻿‌‍‌‌​‍‌‍‌﻿​​‌‍​‌‌﻿‌​‌‍‍​​﻿﻿‌‌﻿‌​‌‍‍‌‌﻿‌​‌‍﻿​‌‍‌‌​‍‌‍‌﻿​​‌‍‌‌‌﻿​‍‌﻿​﻿‌﻿​​‌‍‌‌‌‍​﻿‌﻿‌​‌‍‍‌‌﻿‌‍‌‍‌‌​﻿﻿‌‌﻿​​‌﻿‌‌‌‍​‍‌‍﻿​‌‍‍‌‌﻿​﻿‌‍‍​‌‍‌‌‌‍‌​​‍​‍‌﻿﻿‌ | Playa Mexican","https://playamexican.com.au/about","1","","role_context","owner","lunch and dinner, Playa features an all-day kitchen, a dedicated bar, and spacious indoor-outdoor dining. Tony Kelly Co-Owner / Director Tony lives and breathes the hospitality industry. A chef by trade, Tony was the Executive Chef who opened the iconic Stokehouse Restaurant in Brisbane which went o","Low","Use as a page-level KP hint; confirm person name/title before saving."
"50","kp_context_hint","31","AU-0556","About​​​​‌﻿‍﻿​‍​‍‌‍﻿﻿‌﻿​‍‌‍‍‌‌‍‌﻿‌‍‍‌‌‍﻿‍​‍​‍​﻿‍‍​‍​‍‌﻿​﻿‌‍​‌‌‍﻿‍‌‍‍‌‌﻿‌​‌﻿‍‌​‍﻿‍‌‍‍‌‌‍﻿﻿​‍​‍​‍﻿​​‍​‍‌‍‍​‌﻿​‍‌‍‌‌‌‍‌‍​‍​‍​﻿‍‍​‍​‍‌‍‍​‌﻿‌​‌﻿‌​‌﻿​​​﻿‍‍​‍﻿﻿​‍﻿﻿‌‍﻿​‌‍﻿﻿‌‍​﻿‌‍​‌‌‍﻿​‌‍‍​‌‍﻿﻿‌﻿​﻿‌﻿‌​​﻿‍‍​﻿​﻿​﻿​﻿​﻿​﻿​﻿​﻿​‍﻿﻿‌‍‍‌‌‍﻿‍‌﻿‌​‌‍‌‌‌‍﻿‍‌﻿‌​​‍﻿﻿‌‍‌‌‌‍‌​‌‍‍‌‌﻿‌​​‍﻿﻿‌‍﻿‌‌‍﻿﻿‌‍‌​‌‍‌‌​﻿﻿‌‌﻿​​‌﻿​‍‌‍‌‌‌﻿​﻿‌‍‌‌‌‍﻿‍‌﻿‌​‌‍​‌‌﻿‌​‌‍‍‌‌‍﻿﻿‌‍﻿‍​﻿‍﻿‌‍‍‌‌‍‌​​﻿﻿‌​﻿‌​​﻿‍​​﻿‌​​﻿‌‍‌‍​﻿‌‍‌‌​﻿‌​​﻿​﻿​‍﻿‌​﻿‌‌​﻿‍​​﻿‌​‌‍‌‍​‍﻿‌​﻿‌​​﻿​​‌‍​‍‌‍‌‌​‍﻿‌​﻿‍​‌‍‌‍​﻿‌​​﻿‍‌​‍﻿‌​﻿‌‌​﻿​‌​﻿‍​‌‍​﻿​﻿​‍​﻿‍​​﻿‍‌​﻿​﻿‌‍‌​​﻿‌‍‌‍​‍​﻿​‌​﻿‍﻿‌﻿‌​‌﻿‍‌‌﻿​​‌‍‌‌​﻿﻿‌‌﻿​​‌‍​‌‌‍‌﻿‌‍‌‌​﻿‍﻿‌﻿​​‌‍​‌‌﻿‌​‌‍‍​​﻿﻿‌‌﻿‌​‌‍‍‌‌﻿‌​‌‍﻿​‌‍‌‌​﻿﻿﻿‌‍​‍‌‍​‌‌﻿​﻿‌‍‌‌‌‌‌‌‌﻿​‍‌‍﻿​​﻿﻿‌‌‍‍​‌﻿‌​‌﻿‌​‌﻿​​​‍‌‌​﻿​﻿‌​​‌​‍‌‌​﻿​‍‌​‌‍​‍‌‌​﻿​‍‌​‌‍‌‍﻿​‌‍﻿﻿‌‍​﻿‌‍​‌‌‍﻿​‌‍‍​‌‍﻿﻿‌﻿​﻿‌﻿‌​​‍‌‌​﻿​﻿‌​​‌​﻿​﻿​﻿​﻿​﻿​﻿​﻿​﻿​‍‌‍‌‍‍‌‌‍‌​​﻿﻿‌​﻿‌​​﻿‍​​﻿‌​​﻿‌‍‌‍​﻿‌‍‌‌​﻿‌​​﻿​﻿​‍﻿‌​﻿‌‌​﻿‍​​﻿‌​‌‍‌‍​‍﻿‌​﻿‌​​﻿​​‌‍​‍‌‍‌‌​‍﻿‌​﻿‍​‌‍‌‍​﻿‌​​﻿‍‌​‍﻿‌​﻿‌‌​﻿​‌​﻿‍​‌‍​﻿​﻿​‍​﻿‍​​﻿‍‌​﻿​﻿‌‍‌​​﻿‌‍‌‍​‍​﻿​‌​‍‌‍‌﻿‌​‌﻿‍‌‌﻿​​‌‍‌‌​﻿﻿‌‌﻿​​‌‍​‌‌‍‌﻿‌‍‌‌​‍‌‍‌﻿​​‌‍​‌‌﻿‌​‌‍‍​​﻿﻿‌‌﻿‌​‌‍‍‌‌﻿‌​‌‍﻿​‌‍‌‌​‍‌‍‌﻿​​‌‍‌‌‌﻿​‍‌﻿​﻿‌﻿​​‌‍‌‌‌‍​﻿‌﻿‌​‌‍‍‌‌﻿‌‍‌‍‌‌​﻿﻿‌‌﻿​​‌﻿‌‌‌‍​‍‌‍﻿​‌‍‍‌‌﻿​﻿‌‍‍​‌‍‌‌‌‍‌​​‍​‍‌﻿﻿‌ | Playa Mexican","https://playamexican.com.au/about","1","","role_context","leadership","Executive Chef who opened the iconic Stokehouse Restaurant in Brisbane which went on to achieve 2 chefs hats under his leadership. Tony has a foraged a pathway for the restaurant industry on the Sunshine Coast, masterminding & developing brands which are now cemented into the Coast food scene. Tony","Low","Use as a page-level KP hint; confirm person name/title before saving."
"50","kp_context_hint","31","AU-0556","About​​​​‌﻿‍﻿​‍​‍‌‍﻿﻿‌﻿​‍‌‍‍‌‌‍‌﻿‌‍‍‌‌‍﻿‍​‍​‍​﻿‍‍​‍​‍‌﻿​﻿‌‍​‌‌‍﻿‍‌‍‍‌‌﻿‌​‌﻿‍‌​‍﻿‍‌‍‍‌‌‍﻿﻿​‍​‍​‍﻿​​‍​‍‌‍‍​‌﻿​‍‌‍‌‌‌‍‌‍​‍​‍​﻿‍‍​‍​‍‌‍‍​‌﻿‌​‌﻿‌​‌﻿​​​﻿‍‍​‍﻿﻿​‍﻿﻿‌‍﻿​‌‍﻿﻿‌‍​﻿‌‍​‌‌‍﻿​‌‍‍​‌‍﻿﻿‌﻿​﻿‌﻿‌​​﻿‍‍​﻿​﻿​﻿​﻿​﻿​﻿​﻿​﻿​‍﻿﻿‌‍‍‌‌‍﻿‍‌﻿‌​‌‍‌‌‌‍﻿‍‌﻿‌​​‍﻿﻿‌‍‌‌‌‍‌​‌‍‍‌‌﻿‌​​‍﻿﻿‌‍﻿‌‌‍﻿﻿‌‍‌​‌‍‌‌​﻿﻿‌‌﻿​​‌﻿​‍‌‍‌‌‌﻿​﻿‌‍‌‌‌‍﻿‍‌﻿‌​‌‍​‌‌﻿‌​‌‍‍‌‌‍﻿﻿‌‍﻿‍​﻿‍﻿‌‍‍‌‌‍‌​​﻿﻿‌​﻿‌​​﻿‍​​﻿‌​​﻿‌‍‌‍​﻿‌‍‌‌​﻿‌​​﻿​﻿​‍﻿‌​﻿‌‌​﻿‍​​﻿‌​‌‍‌‍​‍﻿‌​﻿‌​​﻿​​‌‍​‍‌‍‌‌​‍﻿‌​﻿‍​‌‍‌‍​﻿‌​​﻿‍‌​‍﻿‌​﻿‌‌​﻿​‌​﻿‍​‌‍​﻿​﻿​‍​﻿‍​​﻿‍‌​﻿​﻿‌‍‌​​﻿‌‍‌‍​‍​﻿​‌​﻿‍﻿‌﻿‌​‌﻿‍‌‌﻿​​‌‍‌‌​﻿﻿‌‌﻿​​‌‍​‌‌‍‌﻿‌‍‌‌​﻿‍﻿‌﻿​​‌‍​‌‌﻿‌​‌‍‍​​﻿﻿‌‌﻿‌​‌‍‍‌‌﻿‌​‌‍﻿​‌‍‌‌​﻿﻿﻿‌‍​‍‌‍​‌‌﻿​﻿‌‍‌‌‌‌‌‌‌﻿​‍‌‍﻿​​﻿﻿‌‌‍‍​‌﻿‌​‌﻿‌​‌﻿​​​‍‌‌​﻿​﻿‌​​‌​‍‌‌​﻿​‍‌​‌‍​‍‌‌​﻿​‍‌​‌‍‌‍﻿​‌‍﻿﻿‌‍​﻿‌‍​‌‌‍﻿​‌‍‍​‌‍﻿﻿‌﻿​﻿‌﻿‌​​‍‌‌​﻿​﻿‌​​‌​﻿​﻿​﻿​﻿​﻿​﻿​﻿​﻿​‍‌‍‌‍‍‌‌‍‌​​﻿﻿‌​﻿‌​​﻿‍​​﻿‌​​﻿‌‍‌‍​﻿‌‍‌‌​﻿‌​​﻿​﻿​‍﻿‌​﻿‌‌​﻿‍​​﻿‌​‌‍‌‍​‍﻿‌​﻿‌​​﻿​​‌‍​‍‌‍‌‌​‍﻿‌​﻿‍​‌‍‌‍​﻿‌​​﻿‍‌​‍﻿‌​﻿‌‌​﻿​‌​﻿‍​‌‍​﻿​﻿​‍​﻿‍​​﻿‍‌​﻿​﻿‌‍‌​​﻿‌‍‌‍​‍​﻿​‌​‍‌‍‌﻿‌​‌﻿‍‌‌﻿​​‌‍‌‌​﻿﻿‌‌﻿​​‌‍​‌‌‍‌﻿‌‍‌‌​‍‌‍‌﻿​​‌‍​‌‌﻿‌​‌‍‍​​﻿﻿‌‌﻿‌​‌‍‍‌‌﻿‌​‌‍﻿​‌‍‌‌​‍‌‍‌﻿​​‌‍‌‌‌﻿​‍‌﻿​﻿‌﻿​​‌‍‌‌‌‍​﻿‌﻿‌​‌‍‍‌‌﻿‌‍‌‍‌‌​﻿﻿‌‌﻿​​‌﻿‌‌‌‍​‍‌‍﻿​‌‍‍‌‌﻿​﻿‌‍‍​‌‍‌‌‌‍‌​​‍​‍‌﻿﻿‌ | Playa Mexican","https://playamexican.com.au","2","https://playamexican.com.au/about","role_context","team","-made tortillas. Every dish is full of colour, heat, and soul. Playa is where good food meets good times. Menu Meet the team Book a table MEXICAN KITCHEN BY THE SEASIDE 7 days 11am till late Cnr Bokarina Boulevard & Longboard Parade, Bokarina QLD, 4575 Book a table Opening Hours 7 Days 11am till lat","Low","Use as a page-level KP hint; confirm person name/title before saving."
"45","manual_linkedin_search","31","AU-0556","About​​​​‌﻿‍﻿​‍​‍‌‍﻿﻿‌﻿​‍‌‍‍‌‌‍‌﻿‌‍‍‌‌‍﻿‍​‍​‍​﻿‍‍​‍​‍‌﻿​﻿‌‍​‌‌‍﻿‍‌‍‍‌‌﻿‌​‌﻿‍‌​‍﻿‍‌‍‍‌‌‍﻿﻿​‍​‍​‍﻿​​‍​‍‌‍‍​‌﻿​‍‌‍‌‌‌‍‌‍​‍​‍​﻿‍‍​‍​‍‌‍‍​‌﻿‌​‌﻿‌​‌﻿​​​﻿‍‍​‍﻿﻿​‍﻿﻿‌‍﻿​‌‍﻿﻿‌‍​﻿‌‍​‌‌‍﻿​‌‍‍​‌‍﻿﻿‌﻿​﻿‌﻿‌​​﻿‍‍​﻿​﻿​﻿​﻿​﻿​﻿​﻿​﻿​‍﻿﻿‌‍‍‌‌‍﻿‍‌﻿‌​‌‍‌‌‌‍﻿‍‌﻿‌​​‍﻿﻿‌‍‌‌‌‍‌​‌‍‍‌‌﻿‌​​‍﻿﻿‌‍﻿‌‌‍﻿﻿‌‍‌​‌‍‌‌​﻿﻿‌‌﻿​​‌﻿​‍‌‍‌‌‌﻿​﻿‌‍‌‌‌‍﻿‍‌﻿‌​‌‍​‌‌﻿‌​‌‍‍‌‌‍﻿﻿‌‍﻿‍​﻿‍﻿‌‍‍‌‌‍‌​​﻿﻿‌​﻿‌​​﻿‍​​﻿‌​​﻿‌‍‌‍​﻿‌‍‌‌​﻿‌​​﻿​﻿​‍﻿‌​﻿‌‌​﻿‍​​﻿‌​‌‍‌‍​‍﻿‌​﻿‌​​﻿​​‌‍​‍‌‍‌‌​‍﻿‌​﻿‍​‌‍‌‍​﻿‌​​﻿‍‌​‍﻿‌​﻿‌‌​﻿​‌​﻿‍​‌‍​﻿​﻿​‍​﻿‍​​﻿‍‌​﻿​﻿‌‍‌​​﻿‌‍‌‍​‍​﻿​‌​﻿‍﻿‌﻿‌​‌﻿‍‌‌﻿​​‌‍‌‌​﻿﻿‌‌﻿​​‌‍​‌‌‍‌﻿‌‍‌‌​﻿‍﻿‌﻿​​‌‍​‌‌﻿‌​‌‍‍​​﻿﻿‌‌﻿‌​‌‍‍‌‌﻿‌​‌‍﻿​‌‍‌‌​﻿﻿﻿‌‍​‍‌‍​‌‌﻿​﻿‌‍‌‌‌‌‌‌‌﻿​‍‌‍﻿​​﻿﻿‌‌‍‍​‌﻿‌​‌﻿‌​‌﻿​​​‍‌‌​﻿​﻿‌​​‌​‍‌‌​﻿​‍‌​‌‍​‍‌‌​﻿​‍‌​‌‍‌‍﻿​‌‍﻿﻿‌‍​﻿‌‍​‌‌‍﻿​‌‍‍​‌‍﻿﻿‌﻿​﻿‌﻿‌​​‍‌‌​﻿​﻿‌​​‌​﻿​﻿​﻿​﻿​﻿​﻿​﻿​﻿​‍‌‍‌‍‍‌‌‍‌​​﻿﻿‌​﻿‌​​﻿‍​​﻿‌​​﻿‌‍‌‍​﻿‌‍‌‌​﻿‌​​﻿​﻿​‍﻿‌​﻿‌‌​﻿‍​​﻿‌​‌‍‌‍​‍﻿‌​﻿‌​​﻿​​‌‍​‍‌‍‌‌​‍﻿‌​﻿‍​‌‍‌‍​﻿‌​​﻿‍‌​‍﻿‌​﻿‌‌​﻿​‌​﻿‍​‌‍​﻿​﻿​‍​﻿‍​​﻿‍‌​﻿​﻿‌‍‌​​﻿‌‍‌‍​‍​﻿​‌​‍‌‍‌﻿‌​‌﻿‍‌‌﻿​​‌‍‌‌​﻿﻿‌‌﻿​​‌‍​‌‌‍‌﻿‌‍‌‌​‍‌‍‌﻿​​‌‍​‌‌﻿‌​‌‍‍​​﻿﻿‌‌﻿‌​‌‍‍‌‌﻿‌​‌‍﻿​‌‍‌‌​‍‌‍‌﻿​​‌‍‌‌‌﻿​‍‌﻿​﻿‌﻿​​‌‍‌‌‌‍​﻿‌﻿‌​‌‍‍‌‌﻿‌‍‌‍‌‌​﻿﻿‌‌﻿​​‌﻿‌‌‌‍​‍‌‍﻿​‌‍‍‌‌﻿​﻿‌‍‍​‌‍‌‌‌‍‌​​‍​‍‌﻿﻿‌ | Playa Mexican","queue_public_linkedin_query","1","","linkedin_search_url","https://www.google.com/search?q=site%3Alinkedin.com%2Fin+%22About%E2%80%8B%E2%80%8B%E2%80%8B%E2%80%8B%E2%80%8C%EF%BB%BF%E2%80%8D%EF%BB%BF%E2%80%8B%E2%80%8D%E2%80%8B%E2%80%8D%E2%80%8C%E2%80%8D%EF%BB%BF%EF%BB%BF%E2%80%8C%EF%BB%BF%E2%80%8B%E2%80%8D%E2%80%8C%E2%80%8D%E2%80%8D%E2%80%8C%E2%80%8C%E2%80%8D%E2%80%8C%EF%BB%BF%E2%80%8C%E2%80%8D%E2%80%8D%E2%80%8C%E2%80%8C%E2%80%8D%EF%BB%BF%E2%80%8D%E2%80%8B%E2%80%8D%E2%80%8B%E2%80%8D%E2%80%8B%EF%BB%BF%E2%80%8D%E2%80%8D%E2%80%8B%E2%80%8D%E2%80%8B%E2%80%8D%E2%80%8C%EF%BB%BF%E2%80%8B%EF%BB%BF%E2%80%8C%E2%80%8D%E2%80%8B%E2%80%8C%E2%80%8C%E2%80%8D%EF%BB%BF%E2%80%8D%E2%80%8C%E2%80%8D%E2%80%8D%E2%80%8C%E2%80%8C%EF%BB%BF%E2%80%8C%E2%80%8B%E2%80%8C%EF%BB%BF%E2%80%8D%E2%80%8C%E2%80%8B%E2%80%8D%EF%BB%BF%E2%80%8D%E2%80%8C%E2%80%8D%E2%80%8D%E2%80%8C%E2%80%8C%E2%80%8D%EF%BB%BF%EF%BB%BF%E2%80%8B%E2%80%8D%E2%80%8B%E2%80%8D%E2%80%8B%E2%80%8D%EF%BB%BF%E2%80%8B%E2%80%8B%E2%80%8D%E2%80%8B%E2%80%8D%E2%80%8C%E2%80%8D%E2%80%8D%E2%80%8B%E2%80%8C%EF%BB%BF%E2%80%8B%E2%80%8D%E2%80%8C%E2%80%8D%E2%80%8C%E2%80%8C%E2%80%8C%E2%80%8D%E2%80%8C%E2%80%8D%E2%80%8B%E2%80%8D%E2%80%8B%E2%80%8D%E2%80%8B%EF%BB%BF%E2%80%8D%E2%80%8D%E2%80%8B%E2%80%8D%E2%80%8B%E2%80%8D%E2%80%8C%E2%80%8D%E2%80%8D%E2%80%8B%E2%80%8C%EF%BB%BF%E2%80%8C%E2%80%8B%E2%80%8C%EF%BB%BF%E2%80%8C%E2%80%8B%E2%80%8C%EF%BB%BF%E2%80%8B%E2%80%8B%E2%80%8B%EF%BB%BF%E2%80%8D%E2%80%8D%E2%80%8B%E2%80%8D%EF%BB%BF%EF%BB%BF%E2%80%8B%E2%80%8D%EF%BB%BF%EF%BB%BF%E2%80%8C%E2%80%8D%EF%BB%BF%E2%80%8B%E2%80%8C%E2%80%8D%EF%BB%BF%EF%BB%BF%E2%80%8C%E2%80%8D%E2%80%8B%EF%BB%BF%E2%80%8C%E2%80%8D%E2%80%8B%E2%80%8C%E2%80%8C%E2%80%8D%EF%BB%BF%E2%80%8B%E2%80%8C%E2%80%8D%E2%80%8D%E2%80%8B%E2%80%8C%E2%80%8D%EF%BB%BF%EF%BB%BF%E2%80%8C%EF%BB%BF%E2%80%8B%EF%BB%BF%E2%80%8C%EF%BB%BF%E2%80%8C%E2%80%8B%E2%80%8B%EF%BB%BF%E2%80%8D%E2%80%8D%E2%80%8B%EF%BB%BF%E2%80%8B%EF%BB%BF%E2%80%8B%EF%BB%BF%E2%80%8B%EF%BB%BF%E2%80%8B%EF%BB%BF%E2%80%8B%EF%BB%BF%E2%80%8B%EF%BB%BF%E2%80%8B%EF%BB%BF%E2%80%8B%E2%80%8D%EF%BB%BF%EF%BB%BF%E2%80%8C%E2%80%8D%E2%80%8D%E2%80%8C%E2%80%8C%E2%80%8D%EF%BB%BF%E2%80%8D%E2%80%8C%EF%BB%BF%E2%80%8C%E2%80%8B%E2%80%8C%E2%80%8D%E2%80%8C%E2%80%8C%E2%80%8C%E2%80%8D%EF%BB%BF%E2%80%8D%E2%80%8C%EF%BB%BF%E2%80%8C%E2%80%8B%E2%80%8B%E2%80%8D%EF%BB%BF%EF%BB%BF%E2%80%8C%E2%80%8D%E2%80%8C%E2%80%8C%E2%80%8C%E2%80%8D%E2%80%8C%E2%80%8B%E2%80%8C%E2%80%8D%E2%80%8D%E2%80%8C%E2%80%8C%EF%BB%BF%E2%80%8C%E2%80%8B%E2%80%8B%E2%80%8D%EF%BB%BF%EF%BB%BF%E2%80%8C%E2%80%8D%EF%BB%BF%E2%80%8C%E2%80%8C%E2%80%8D%EF%BB%BF%EF%BB%BF%E2%80%8C%E2%80%8D%E2%80%8C%E2%80%8B%E2%80%8C%E2%80%8D%E2%80%8C%E2%80%8C%E2%80%8B%EF%BB%BF%EF%BB%BF%E2%80%8C%E2%80%8C%EF%BB%BF%E2%80%8B%E2%80%8B%E2%80%8C%EF%BB%BF%E2%80%8B%E2%80%8D%E2%80%8C%E2%80%8D%E2%80%8C%E2%80%8C%E2%80%8C%EF%BB%BF%E2%80%8B%EF%BB%BF%E2%80%8C%E2%80%8D%E2%80%8C%E2%80%8C%E2%80%8C%E2%80%8D%EF%BB%BF%E2%80%8D%E2%80%8C%EF%BB%BF%E2%80%8C%E2%80%8B%E2%80%8C%E2%80%8D%E2%80%8B%E2%80%8C%E2%80%8C%EF%BB%BF%E2%80%8C%E2%80%8B%E2%80%8C%E2%80%8D%E2%80%8D%E2%80%8C%E2%80%8C%E2%80%8D%EF%BB%BF%EF%BB%BF%E2%80%8C%E2%80%8D%EF%BB%BF%E2%80%8D%E2%80%8B%EF%BB%BF%E2%80%8D%EF%BB%BF%E2%80%8C%E2%80%8D%E2%80%8D%E2%80%8C%E2%80%8C%E2%80%8D%E2%80%8C%E2%80%8B%E2%80%8B%EF%BB%BF%EF%BB%BF%E2%80%8C%E2%80%8B%EF%BB%BF%E2%80%8C%E2%80%8B%E2%80%8B%EF%BB%BF%E2%80%8D%E2%80%8B%E2%80%8B%EF%BB%BF%E2%80%8C%E2%80%8B%E2%80%8B%EF%BB%BF%E2%80%8C%E2%80%8D%E2%80%8C%E2%80%8D%E2%80%8B%EF%BB%BF%E2%80%8C%E2%80%8D%E2%80%8C%E2%80%8C%E2%80%8B%EF%BB%BF%E2%80%8C%E2%80%8B%E2%80%8B%EF%BB%BF%E2%80%8B%EF%BB%BF%E2%80%8B%E2%80%8D%EF%BB%BF%E2%80%8C%E2%80%8B%EF%BB%BF%E2%80%8C%E2%80%8C%E2%80%8B%EF%BB%BF%E2%80%8D%E2%80%8B%E2%80%8B%EF%BB%BF%E2%80%8C%E2%80%8B%E2%80%8C%E2%80%8D%E2%80%8C%E2%80%8D%E2%80%8B%E2%80%8D%EF%BB%BF%E2%80%8C%E2%80%8B%EF%BB%BF%E2%80%8C%E2%80%8B%E2%80%8B%EF%BB%BF%E2%80%8B%E2%80%8B%E2%80%8C%E2%80%8D%E2%80%8B%E2%80%8D%E2%80%8C%E2%80%8D%E2%80%8C%E2%80%8C%E2%80%8B%E2%80%8D%EF%BB%BF%E2%80%8C%E2%80%8B%EF%BB%BF%E2%80%8D%E2%80%8B%E2%80%8C%E2%80%8D%E2%80%8C%E2%80%8D%E2%80%8B%EF%BB%BF%E2%80%8C%E2%80%8B%E2%80%8B%EF%BB%BF%E2%80%8D%E2%80%8C%E2%80%8B%E2%80%8D%EF%BB%BF%E2%80%8C%E2%80%8B%EF%BB%BF%E2%80%8C%E2%80%8C%E2%80%8B%EF%BB%BF%E2%80%8B%E2%80%8C%E2%80%8B%EF%BB%BF%E2%80%8D%E2%80%8B%E2%80%8C%E2%80%8D%E2%80%8B%EF%BB%BF%E2%80%8B%EF%BB%BF%E2%80%8B%E2%80%8D%E2%80%8B%EF%BB%BF%E2%80%8D%E2%80%8B%E2%80%8B%EF%BB%BF%E2%80%8D%E2%80%8C%E2%80%8B%EF%BB%BF%E2%80%8B%EF%BB%BF%E2%80%8C%E2%80%8D%E2%80%8C%E2%80%8B%E2%80%8B%EF%BB%BF%E2%80%8C%E2%80%8D%E2%80%8C%E2%80%8D%E2%80%8B%E2%80%8D%E2%80%8B%EF%BB%BF%E2%80%8B%E2%80%8C%E2%80%8B%EF%BB%BF%E2%80%8D%EF%BB%BF%E2%80%8C%EF%BB%BF%E2%80%8C%E2%80%8B%E2%80%8C%EF%BB%BF%E2%80%8D%E2%80%8C%E2%80%8C%EF%BB%BF%E2%80%8B%E2%80%8B%E2%80%8C%E2%80%8D%E2%80%8C%E2%80%8C%E2%80%8B%EF%BB%BF%EF%BB%BF%E2%80%8C%E2%80%8C%EF%BB%BF%E2%80%8B%E2%80%8B%E2%80%8C%E2%80%8D%E2%80%8B%E2%80%8C%E2%80%8C%E2%80%8D%E2%80%8C%EF%BB%BF%E2%80%8C%E2%80%8D%E2%80%8C%E2%80%8C%E2%80%8B%EF%BB%BF%E2%80%8D%EF%BB%BF%E2%80%8C%EF%BB%BF%E2%80%8B%E2%80%8B%E2%80%8C%E2%80%8D%E2%80%8B%E2%80%8C%E2%80%8C%EF%BB%BF%E2%80%8C%E2%80%8B%E2%80%8C%E2%80%8D%E2%80%8D%E2%80%8B%E2%80%8B%EF%BB%BF%EF%BB%BF%E2%80%8C%E2%80%8C%EF%BB%BF%E2%80%8C%E2%80%8B%E2%80%8C%E2%80%8D%E2%80%8D%E2%80%8C%E2%80%8C%EF%BB%BF%E2%80%8C%E2%80%8B%E2%80%8C%E2%80%8D%EF%BB%BF%E2%80%8B%E2%80%8C%E2%80%8D%E2%80%8C%E2%80%8C%E2%80%8B%EF%BB%BF%EF%BB%BF%EF%BB%BF%E2%80%8C%E2%80%8D%E2%80%8B%E2%80%8D%E2%80%8C%E2%80%8D%E2%80%8B%E2%80%8C%E2%80%8C%EF%BB%BF%E2%80%8B%EF%BB%BF%E2%80%8C%E2%80%8D%E2%80%8C%E2%80%8C%E2%80%8C%E2%80%8C%E2%80%8C%E2%80%8C%E2%80%8C%EF%BB%BF%E2%80%8B%E2%80%8D%E2%80%8C%E2%80%8D%EF%BB%BF%E2%80%8B%E2%80%8B%EF%BB%BF%EF%BB%BF%E2%80%8C%E2%80%8C%E2%80%8D%E2%80%8D%E2%80%8B%E2%80%8C%EF%BB%BF%E2%80%8C%E2%80%8B%E2%80%8C%EF%BB%BF%E2%80%8C%E2%80%8B%E2%80%8C%EF%BB%BF%E2%80%8B%E2%80%8B%E2%80%8B%E2%80%8D%E2%80%8C%E2%80%8C%E2%80%8B%EF%BB%BF%E2%80%8B%EF%BB%BF%E2%80%8C%E2%80%8B%E2%80%8B%E2%80%8C%E2%80%8B%E2%80%8D%E2%80%8C%E2%80%8C%E2%80%8B%EF%BB%BF%E2%80%8B%E2%80%8D%E2%80%8C%E2%80%8B%E2%80%8C%E2%80%8D%E2%80%8B%E2%80%8D%E2%80%8C%E2%80%8C%E2%80%8B%EF%BB%BF%E2%80%8B%E2%80%8D%E2%80%8C%E2%80%8B%E2%80%8C%E2%80%8D%E2%80%8C%E2%80%8D%EF%BB%BF%E2%80%8B%E2%80%8C%E2%80%8D%EF%BB%BF%EF%BB%BF%E2%80%8C%E2%80%8D%E2%80%8B%EF%BB%BF%E2%80%8C%E2%80%8D%E2%80%8B%E2%80%8C%E2%80%8C%E2%80%8D%EF%BB%BF%E2%80%8B%E2%80%8C%E2%80%8D%E2%80%8D%E2%80%8B%E2%80%8C%E2%80%8D%EF%BB%BF%EF%BB%BF%E2%80%8C%EF%BB%BF%E2%80%8B%EF%BB%BF%E2%80%8C%EF%BB%BF%E2%80%8C%E2%80%8B%E2%80%8B%E2%80%8D%E2%80%8C%E2%80%8C%E2%80%8B%EF%BB%BF%E2%80%8B%EF%BB%BF%E2%80%8C%E2%80%8B%E2%80%8B%E2%80%8C%E2%80%8B%EF%BB%BF%E2%80%8B%EF%BB%BF%E2%80%8B%EF%BB%BF%E2%80%8B%EF%BB%BF%E2%80%8B%EF%BB%BF%E2%80%8B%EF%BB%BF%E2%80%8B%EF%BB%BF%E2%80%8B%EF%BB%BF%E2%80%8B%E2%80%8D%E2%80%8C%E2%80%8D%E2%80%8C%E2%80%8D%E2%80%8D%E2%80%8C%E2%80%8C%E2%80%8D%E2%80%8C%E2%80%8B%E2%80%8B%EF%BB%BF%EF%BB%BF%E2%80%8C%E2%80%8B%EF%BB%BF%E2%80%8C%E2%80%8B%E2%80%8B%EF%BB%BF%E2%80%8D%E2%80%8B%E2%80%8B%EF%BB%BF%E2%80%8C%E2%80%8B%E2%80%8B%EF%BB%BF%E2%80%8C%E2%80%8D%E2%80%8C%E2%80%8D%E2%80%8B%EF%BB%BF%E2%80%8C%E2%80%8D%E2%80%8C%E2%80%8C%E2%80%8B%EF%BB%BF%E2%80%8C%E2%80%8B%E2%80%8B%EF%BB%BF%E2%80%8B%EF%BB%BF%E2%80%8B%E2%80%8D%EF%BB%BF%E2%80%8C%E2%80%8B%EF%BB%BF%E2%80%8C%E2%80%8C%E2%80%8B%EF%BB%BF%E2%80%8D%E2%80%8B%E2%80%8B%EF%BB%BF%E2%80%8C%E2%80%8B%E2%80%8C%E2%80%8D%E2%80%8C%E2%80%8D%E2%80%8B%E2%80%8D%EF%BB%BF%E2%80%8C%E2%80%8B%EF%BB%BF%E2%80%8C%E2%80%8B%E2%80%8B%EF%BB%BF%E2%80%8B%E2%80%8B%E2%80%8C%E2%80%8D%E2%80%8B%E2%80%8D%E2%80%8C%E2%80%8D%E2%80%8C%E2%80%8C%E2%80%8B%E2%80%8D%EF%BB%BF%E2%80%8C%E2%80%8B%EF%BB%BF%E2%80%8D%E2%80%8B%E2%80%8C%E2%80%8D%E2%80%8C%E2%80%8D%E2%80%8B%EF%BB%BF%E2%80%8C%E2%80%8B%E2%80%8B%EF%BB%BF%E2%80%8D%E2%80%8C%E2%80%8B%E2%80%8D%EF%BB%BF%E2%80%8C%E2%80%8B%EF%BB%BF%E2%80%8C%E2%80%8C%E2%80%8B%EF%BB%BF%E2%80%8B%E2%80%8C%E2%80%8B%EF%BB%BF%E2%80%8D%E2%80%8B%E2%80%8C%E2%80%8D%E2%80%8B%EF%BB%BF%E2%80%8B%EF%BB%BF%E2%80%8B%E2%80%8D%E2%80%8B%EF%BB%BF%E2%80%8D%E2%80%8B%E2%80%8B%EF%BB%BF%E2%80%8D%E2%80%8C%E2%80%8B%EF%BB%BF%E2%80%8B%EF%BB%BF%E2%80%8C%E2%80%8D%E2%80%8C%E2%80%8B%E2%80%8B%EF%BB%BF%E2%80%8C%E2%80%8D%E2%80%8C%E2%80%8D%E2%80%8B%E2%80%8D%E2%80%8B%EF%BB%BF%E2%80%8B%E2%80%8C%E2%80%8B%E2%80%8D%E2%80%8C%E2%80%8D%E2%80%8C%EF%BB%BF%E2%80%8C%E2%80%8B%E2%80%8C%EF%BB%BF%E2%80%8D%E2%80%8C%E2%80%8C%EF%BB%BF%E2%80%8B%E2%80%8B%E2%80%8C%E2%80%8D%E2%80%8C%E2%80%8C%E2%80%8B%EF%BB%BF%EF%BB%BF%E2%80%8C%E2%80%8C%EF%BB%BF%E2%80%8B%E2%80%8B%E2%80%8C%E2%80%8D%E2%80%8B%E2%80%8C%E2%80%8C%E2%80%8D%E2%80%8C%EF%BB%BF%E2%80%8C%E2%80%8D%E2%80%8C%E2%80%8C%E2%80%8B%E2%80%8D%E2%80%8C%E2%80%8D%E2%80%8C%EF%BB%BF%E2%80%8B%E2%80%8B%E2%80%8C%E2%80%8D%E2%80%8B%E2%80%8C%E2%80%8C%EF%BB%BF%E2%80%8C%E2%80%8B%E2%80%8C%E2%80%8D%E2%80%8D%E2%80%8B%E2%80%8B%EF%BB%BF%EF%BB%BF%E2%80%8C%E2%80%8C%EF%BB%BF%E2%80%8C%E2%80%8B%E2%80%8C%E2%80%8D%E2%80%8D%E2%80%8C%E2%80%8C%EF%BB%BF%E2%80%8C%E2%80%8B%E2%80%8C%E2%80%8D%EF%BB%BF%E2%80%8B%E2%80%8C%E2%80%8D%E2%80%8C%E2%80%8C%E2%80%8B%E2%80%8D%E2%80%8C%E2%80%8D%E2%80%8C%EF%BB%BF%E2%80%8B%E2%80%8B%E2%80%8C%E2%80%8D%E2%80%8C%E2%80%8C%E2%80%8C%EF%BB%BF%E2%80%8B%E2%80%8D%E2%80%8C%EF%BB%BF%E2%80%8B%EF%BB%BF%E2%80%8C%EF%BB%BF%E2%80%8B%E2%80%8B%E2%80%8C%E2%80%8D%E2%80%8C%E2%80%8C%E2%80%8C%E2%80%8D%E2%80%8B%EF%BB%BF%E2%80%8C%EF%BB%BF%E2%80%8C%E2%80%8B%E2%80%8C%E2%80%8D%E2%80%8D%E2%80%8C%E2%80%8C%EF%BB%BF%E2%80%8C%E2%80%8D%E2%80%8C%E2%80%8D%E2%80%8C%E2%80%8C%E2%80%8B%EF%BB%BF%EF%BB%BF%E2%80%8C%E2%80%8C%EF%BB%BF%E2%80%8B%E2%80%8B%E2%80%8C%EF%BB%BF%E2%80%8C%E2%80%8C%E2%80%8C%E2%80%8D%E2%80%8B%E2%80%8D%E2%80%8C%E2%80%8D%EF%BB%BF%E2%80%8B%E2%80%8C%E2%80%8D%E2%80%8D%E2%80%8C%E2%80%8C%EF%BB%BF%E2%80%8B%EF%BB%BF%E2%80%8C%E2%80%8D%E2%80%8D%E2%80%8B%E2%80%8C%E2%80%8D%E2%80%8C%E2%80%8C%E2%80%8C%E2%80%8D%E2%80%8C%E2%80%8B%E2%80%8B%E2%80%8D%E2%80%8B%E2%80%8D%E2%80%8C%EF%BB%BF%EF%BB%BF%E2%80%8C+%7C+Playa+Mexican%22+Australia+director+OR+operations+OR+procurement","site:linkedin.com/in ""About​​​​‌﻿‍﻿​‍​‍‌‍﻿﻿‌﻿​‍‌‍‍‌‌‍‌﻿‌‍‍‌‌‍﻿‍​‍​‍​﻿‍‍​‍​‍‌﻿​﻿‌‍​‌‌‍﻿‍‌‍‍‌‌﻿‌​‌﻿‍‌​‍﻿‍‌‍‍‌‌‍﻿﻿​‍​‍​‍﻿​​‍​‍‌‍‍​‌﻿​‍‌‍‌‌‌‍‌‍​‍​‍​﻿‍‍​‍​‍‌‍‍​‌﻿‌​‌﻿‌​‌﻿​​​﻿‍‍​‍﻿﻿​‍﻿﻿‌‍﻿​‌‍﻿﻿‌‍​﻿‌‍​‌‌‍﻿​‌‍‍​‌‍﻿﻿‌﻿​﻿‌﻿‌​​﻿‍‍​﻿​﻿​﻿​﻿​﻿​﻿​﻿​﻿​‍﻿﻿‌‍‍‌‌‍﻿‍‌﻿‌​‌‍‌‌‌‍﻿‍‌﻿‌​​‍﻿﻿‌‍‌‌‌‍‌​‌‍‍‌‌﻿‌​​‍﻿﻿‌‍﻿‌‌‍﻿﻿‌‍‌​‌‍‌‌​﻿﻿‌‌﻿​​‌﻿​‍‌‍‌‌‌﻿​﻿‌‍‌‌‌‍﻿‍‌﻿‌​‌‍​‌‌﻿‌​‌‍‍‌‌‍﻿﻿‌‍﻿‍​﻿‍﻿‌‍‍‌‌‍‌​​﻿﻿‌​﻿‌​​﻿‍​​﻿‌​​﻿‌‍‌‍​﻿‌‍‌‌​﻿‌​​﻿​﻿​‍﻿‌​﻿‌‌​﻿‍​​﻿‌​‌‍‌‍​‍﻿‌​﻿‌​​﻿​​‌‍​‍‌‍‌‌​‍﻿‌​﻿‍​‌‍‌‍​﻿‌​​﻿‍‌​‍﻿‌​﻿‌‌​﻿​‌​﻿‍​‌‍​﻿​﻿​‍​﻿‍​​﻿‍‌​﻿​﻿‌","Low","Manual search URL for public LinkedIn result review; save only a matched personal/company URL with confidence notes."
"13","technical_status","31","AU-0556","About​​​​‌﻿‍﻿​‍​‍‌‍﻿﻿‌﻿​‍‌‍‍‌‌‍‌﻿‌‍‍‌‌‍﻿‍​‍​‍​﻿‍‍​‍​‍‌﻿​﻿‌‍​‌‌‍﻿‍‌‍‍‌‌﻿‌​‌﻿‍‌​‍﻿‍‌‍‍‌‌‍﻿﻿​‍​‍​‍﻿​​‍​‍‌‍‍​‌﻿​‍‌‍‌‌‌‍‌‍​‍​‍​﻿‍‍​‍​‍‌‍‍​‌﻿‌​‌﻿‌​‌﻿​​​﻿‍‍​‍﻿﻿​‍﻿﻿‌‍﻿​‌‍﻿﻿‌‍​﻿‌‍​‌‌‍﻿​‌‍‍​‌‍﻿﻿‌﻿​﻿‌﻿‌​​﻿‍‍​﻿​﻿​﻿​﻿​﻿​﻿​﻿​﻿​‍﻿﻿‌‍‍‌‌‍﻿‍‌﻿‌​‌‍‌‌‌‍﻿‍‌﻿‌​​‍﻿﻿‌‍‌‌‌‍‌​‌‍‍‌‌﻿‌​​‍﻿﻿‌‍﻿‌‌‍﻿﻿‌‍‌​‌‍‌‌​﻿﻿‌‌﻿​​‌﻿​‍‌‍‌‌‌﻿​﻿‌‍‌‌‌‍﻿‍‌﻿‌​‌‍​‌‌﻿‌​‌‍‍‌‌‍﻿﻿‌‍﻿‍​﻿‍﻿‌‍‍‌‌‍‌​​﻿﻿‌​﻿‌​​﻿‍​​﻿‌​​﻿‌‍‌‍​﻿‌‍‌‌​﻿‌​​﻿​﻿​‍﻿‌​﻿‌‌​﻿‍​​﻿‌​‌‍‌‍​‍﻿‌​﻿‌​​﻿​​‌‍​‍‌‍‌‌​‍﻿‌​﻿‍​‌‍‌‍​﻿‌​​﻿‍‌​‍﻿‌​﻿‌‌​﻿​‌​﻿‍​‌‍​﻿​﻿​‍​﻿‍​​﻿‍‌​﻿​﻿‌‍‌​​﻿‌‍‌‍​‍​﻿​‌​﻿‍﻿‌﻿‌​‌﻿‍‌‌﻿​​‌‍‌‌​﻿﻿‌‌﻿​​‌‍​‌‌‍‌﻿‌‍‌‌​﻿‍﻿‌﻿​​‌‍​‌‌﻿‌​‌‍‍​​﻿﻿‌‌﻿‌​‌‍‍‌‌﻿‌​‌‍﻿​‌‍‌‌​﻿﻿﻿‌‍​‍‌‍​‌‌﻿​﻿‌‍‌‌‌‌‌‌‌﻿​‍‌‍﻿​​﻿﻿‌‌‍‍​‌﻿‌​‌﻿‌​‌﻿​​​‍‌‌​﻿​﻿‌​​‌​‍‌‌​﻿​‍‌​‌‍​‍‌‌​﻿​‍‌​‌‍‌‍﻿​‌‍﻿﻿‌‍​﻿‌‍​‌‌‍﻿​‌‍‍​‌‍﻿﻿‌﻿​﻿‌﻿‌​​‍‌‌​﻿​﻿‌​​‌​﻿​﻿​﻿​﻿​﻿​﻿​﻿​﻿​‍‌‍‌‍‍‌‌‍‌​​﻿﻿‌​﻿‌​​﻿‍​​﻿‌​​﻿‌‍‌‍​﻿‌‍‌‌​﻿‌​​﻿​﻿​‍﻿‌​﻿‌‌​﻿‍​​﻿‌​‌‍‌‍​‍﻿‌​﻿‌​​﻿​​‌‍​‍‌‍‌‌​‍﻿‌​﻿‍​‌‍‌‍​﻿‌​​﻿‍‌​‍﻿‌​﻿‌‌​﻿​‌​﻿‍​‌‍​﻿​﻿​‍​﻿‍​​﻿‍‌​﻿​﻿‌‍‌​​﻿‌‍‌‍​‍​﻿​‌​‍‌‍‌﻿‌​‌﻿‍‌‌﻿​​‌‍‌‌​﻿﻿‌‌﻿​​‌‍​‌‌‍‌﻿‌‍‌‌​‍‌‍‌﻿​​‌‍​‌‌﻿‌​‌‍‍​​﻿﻿‌‌﻿‌​‌‍‍‌‌﻿‌​‌‍﻿​‌‍‌‌​‍‌‍‌﻿​​‌‍‌‌‌﻿​‍‌﻿​﻿‌﻿​​‌‍‌‌‌‍​﻿‌﻿‌​‌‍‍‌‌﻿‌‍‌‍‌‌​﻿﻿‌‌﻿​​‌﻿‌‌‌‍​‍‌‍﻿​‌‍‍‌‌﻿​﻿‌‍‍​‌‍‌‌‌‍‌​​‍​‍‌﻿﻿‌ | Playa Mexican","https://playamexican.com.au","1","","fetch_status","https://playamexican.com.au","","High","Fetch status: 200. Use only if page fetched successfully."
"13","technical_status","31","AU-0556","About​​​​‌﻿‍﻿​‍​‍‌‍﻿﻿‌﻿​‍‌‍‍‌‌‍‌﻿‌‍‍‌‌‍﻿‍​‍​‍​﻿‍‍​‍​‍‌﻿​﻿‌‍​‌‌‍﻿‍‌‍‍‌‌﻿‌​‌﻿‍‌​‍﻿‍‌‍‍‌‌‍﻿﻿​‍​‍​‍﻿​​‍​‍‌‍‍​‌﻿​‍‌‍‌‌‌‍‌‍​‍​‍​﻿‍‍​‍​‍‌‍‍​‌﻿‌​‌﻿‌​‌﻿​​​﻿‍‍​‍﻿﻿​‍﻿﻿‌‍﻿​‌‍﻿﻿‌‍​﻿‌‍​‌‌‍﻿​‌‍‍​‌‍﻿﻿‌﻿​﻿‌﻿‌​​﻿‍‍​﻿​﻿​﻿​﻿​﻿​﻿​﻿​﻿​‍﻿﻿‌‍‍‌‌‍﻿‍‌﻿‌​‌‍‌‌‌‍﻿‍‌﻿‌​​‍﻿﻿‌‍‌‌‌‍‌​‌‍‍‌‌﻿‌​​‍﻿﻿‌‍﻿‌‌‍﻿﻿‌‍‌​‌‍‌‌​﻿﻿‌‌﻿​​‌﻿​‍‌‍‌‌‌﻿​﻿‌‍‌‌‌‍﻿‍‌﻿‌​‌‍​‌‌﻿‌​‌‍‍‌‌‍﻿﻿‌‍﻿‍​﻿‍﻿‌‍‍‌‌‍‌​​﻿﻿‌​﻿‌​​﻿‍​​﻿‌​​﻿‌‍‌‍​﻿‌‍‌‌​﻿‌​​﻿​﻿​‍﻿‌​﻿‌‌​﻿‍​​﻿‌​‌‍‌‍​‍﻿‌​﻿‌​​﻿​​‌‍​‍‌‍‌‌​‍﻿‌​﻿‍​‌‍‌‍​﻿‌​​﻿‍‌​‍﻿‌​﻿‌‌​﻿​‌​﻿‍​‌‍​﻿​﻿​‍​﻿‍​​﻿‍‌​﻿​﻿‌‍‌​​﻿‌‍‌‍​‍​﻿​‌​﻿‍﻿‌﻿‌​‌﻿‍‌‌﻿​​‌‍‌‌​﻿﻿‌‌﻿​​‌‍​‌‌‍‌﻿‌‍‌‌​﻿‍﻿‌﻿​​‌‍​‌‌﻿‌​‌‍‍​​﻿﻿‌‌﻿‌​‌‍‍‌‌﻿‌​‌‍﻿​‌‍‌‌​﻿﻿﻿‌‍​‍‌‍​‌‌﻿​﻿‌‍‌‌‌‌‌‌‌﻿​‍‌‍﻿​​﻿﻿‌‌‍‍​‌﻿‌​‌﻿‌​‌﻿​​​‍‌‌​﻿​﻿‌​​‌​‍‌‌​﻿​‍‌​‌‍​‍‌‌​﻿​‍‌​‌‍‌‍﻿​‌‍﻿﻿‌‍​﻿‌‍​‌‌‍﻿​‌‍‍​‌‍﻿﻿‌﻿​﻿‌﻿‌​​‍‌‌​﻿​﻿‌​​‌​﻿​﻿​﻿​﻿​﻿​﻿​﻿​﻿​‍‌‍‌‍‍‌‌‍‌​​﻿﻿‌​﻿‌​​﻿‍​​﻿‌​​﻿‌‍‌‍​﻿‌‍‌‌​﻿‌​​﻿​﻿​‍﻿‌​﻿‌‌​﻿‍​​﻿‌​‌‍‌‍​‍﻿‌​﻿‌​​﻿​​‌‍​‍‌‍‌‌​‍﻿‌​﻿‍​‌‍‌‍​﻿‌​​﻿‍‌​‍﻿‌​﻿‌‌​﻿​‌​﻿‍​‌‍​﻿​﻿​‍​﻿‍​​﻿‍‌​﻿​﻿‌‍‌​​﻿‌‍‌‍​‍​﻿​‌​‍‌‍‌﻿‌​‌﻿‍‌‌﻿​​‌‍‌‌​﻿﻿‌‌﻿​​‌‍​‌‌‍‌﻿‌‍‌‌​‍‌‍‌﻿​​‌‍​‌‌﻿‌​‌‍‍​​﻿﻿‌‌﻿‌​‌‍‍‌‌﻿‌​‌‍﻿​‌‍‌‌​‍‌‍‌﻿​​‌‍‌‌‌﻿​‍‌﻿​﻿‌﻿​​‌‍‌‌‌‍​﻿‌﻿‌​‌‍‍‌‌﻿‌‍‌‍‌‌​﻿﻿‌‌﻿​​‌﻿‌‌‌‍​‍‌‍﻿​‌‍‍‌‌﻿​﻿‌‍‍​‌‍‌‌‌‍‌​​‍​‍‌﻿﻿‌ | Playa Mexican","https://playamexican.com.au/about","1","","fetch_status","https://playamexican.com.au/about","","High","Fetch status: 200. Use only if page fetched successfully."
"13","technical_status","31","AU-0556","About​​​​‌﻿‍﻿​‍​‍‌‍﻿﻿‌﻿​‍‌‍‍‌‌‍‌﻿‌‍‍‌‌‍﻿‍​‍​‍​﻿‍‍​‍​‍‌﻿​﻿‌‍​‌‌‍﻿‍‌‍‍‌‌﻿‌​‌﻿‍‌​‍﻿‍‌‍‍‌‌‍﻿﻿​‍​‍​‍﻿​​‍​‍‌‍‍​‌﻿​‍‌‍‌‌‌‍‌‍​‍​‍​﻿‍‍​‍​‍‌‍‍​‌﻿‌​‌﻿‌​‌﻿​​​﻿‍‍​‍﻿﻿​‍﻿﻿‌‍﻿​‌‍﻿﻿‌‍​﻿‌‍​‌‌‍﻿​‌‍‍​‌‍﻿﻿‌﻿​﻿‌﻿‌​​﻿‍‍​﻿​﻿​﻿​﻿​﻿​﻿​﻿​﻿​‍﻿﻿‌‍‍‌‌‍﻿‍‌﻿‌​‌‍‌‌‌‍﻿‍‌﻿‌​​‍﻿﻿‌‍‌‌‌‍‌​‌‍‍‌‌﻿‌​​‍﻿﻿‌‍﻿‌‌‍﻿﻿‌‍‌​‌‍‌‌​﻿﻿‌‌﻿​​‌﻿​‍‌‍‌‌‌﻿​﻿‌‍‌‌‌‍﻿‍‌﻿‌​‌‍​‌‌﻿‌​‌‍‍‌‌‍﻿﻿‌‍﻿‍​﻿‍﻿‌‍‍‌‌‍‌​​﻿﻿‌​﻿‌​​﻿‍​​﻿‌​​﻿‌‍‌‍​﻿‌‍‌‌​﻿‌​​﻿​﻿​‍﻿‌​﻿‌‌​﻿‍​​﻿‌​‌‍‌‍​‍﻿‌​﻿‌​​﻿​​‌‍​‍‌‍‌‌​‍﻿‌​﻿‍​‌‍‌‍​﻿‌​​﻿‍‌​‍﻿‌​﻿‌‌​﻿​‌​﻿‍​‌‍​﻿​﻿​‍​﻿‍​​﻿‍‌​﻿​﻿‌‍‌​​﻿‌‍‌‍​‍​﻿​‌​﻿‍﻿‌﻿‌​‌﻿‍‌‌﻿​​‌‍‌‌​﻿﻿‌‌﻿​​‌‍​‌‌‍‌﻿‌‍‌‌​﻿‍﻿‌﻿​​‌‍​‌‌﻿‌​‌‍‍​​﻿﻿‌‌﻿‌​‌‍‍‌‌﻿‌​‌‍﻿​‌‍‌‌​﻿﻿﻿‌‍​‍‌‍​‌‌﻿​﻿‌‍‌‌‌‌‌‌‌﻿​‍‌‍﻿​​﻿﻿‌‌‍‍​‌﻿‌​‌﻿‌​‌﻿​​​‍‌‌​﻿​﻿‌​​‌​‍‌‌​﻿​‍‌​‌‍​‍‌‌​﻿​‍‌​‌‍‌‍﻿​‌‍﻿﻿‌‍​﻿‌‍​‌‌‍﻿​‌‍‍​‌‍﻿﻿‌﻿​﻿‌﻿‌​​‍‌‌​﻿​﻿‌​​‌​﻿​﻿​﻿​﻿​﻿​﻿​﻿​﻿​‍‌‍‌‍‍‌‌‍‌​​﻿﻿‌​﻿‌​​﻿‍​​﻿‌​​﻿‌‍‌‍​﻿‌‍‌‌​﻿‌​​﻿​﻿​‍﻿‌​﻿‌‌​﻿‍​​﻿‌​‌‍‌‍​‍﻿‌​﻿‌​​﻿​​‌‍​‍‌‍‌‌​‍﻿‌​﻿‍​‌‍‌‍​﻿‌​​﻿‍‌​‍﻿‌​﻿‌‌​﻿​‌​﻿‍​‌‍​﻿​﻿​‍​﻿‍​​﻿‍‌​﻿​﻿‌‍‌​​﻿‌‍‌‍​‍​﻿​‌​‍‌‍‌﻿‌​‌﻿‍‌‌﻿​​‌‍‌‌​﻿﻿‌‌﻿​​‌‍​‌‌‍‌﻿‌‍‌‌​‍‌‍‌﻿​​‌‍​‌‌﻿‌​‌‍‍​​﻿﻿‌‌﻿‌​‌‍‍‌‌﻿‌​‌‍﻿​‌‍‌‌​‍‌‍‌﻿​​‌‍‌‌‌﻿​‍‌﻿​﻿‌﻿​​‌‍‌‌‌‍​﻿‌﻿‌​‌‍‍‌‌﻿‌‍‌‍‌‌​﻿﻿‌‌﻿​​‌﻿‌‌‌‍​‍‌‍﻿​‌‍‍‌‌﻿​﻿‌‍‍​‌‍‌‌‌‍‌​​‍​‍‌﻿﻿‌ | Playa Mexican","https://playamexican.com.au/book-a-table","1","","fetch_status","https://playamexican.com.au/book-a-table","","High","Fetch status: 200. Use only if page fetched successfully."
"114","department_or_company_email","32","AU-0562","ahs-australia.com.au","https://ahs-australia.com.au","11","https://ahs-australia.com.au/about-2/ | https://ahs-australia.com.au/contact/","email","info@ahs-australia.com.au","pitality Solutions company – AHS|Australian Hospitality Solutions PTY LTD Skip to content info@ahs-australia.com.au ABN - 14 663 970 269 Jki-facebook-light Jki-instagram-1-light Jki-linkedin-light AUSTRALI","High","Review whether this is company, department, or person email before saving."
"108","possible_key_person_linkedin","32","AU-0562","ahs-australia.com.au","https://ahs-australia.com.au","7","https://ahs-australia.com.au/about-2/ | https://ahs-australia.com.au/contact/","key_person_linkedin_url","https://www.linkedin.com/in/ahs-australia-hospitality-250954262","","Medium","Use as a manual LinkedIn review URL; do not treat as verified direct contact until person/company fit is confirmed."
"98","phone_candidate","32","AU-0562","ahs-australia.com.au","https://ahs-australia.com.au/contact/","1","","phone","info@ahs-australia.com.au","","High","Tel link; save with source/confidence note and review again before outreach."
"94","phone_candidate","32","AU-0562","ahs-australia.com.au","https://ahs-australia.com.au","17","https://ahs-australia.com.au/about-2/ | https://ahs-australia.com.au/contact/","phone","+61(02) - 9628-1315","HR & Recruitment Australian Chefs Club Kentford Education Jobs Contact Start Consultation +61(02) - 9628-1315 About Us Home About Us About our business More Than 20 Years We Provide Hospitality Solut","Medium","Review whether this is company or person phone before saving."
"89","possible_key_person","32","AU-0562","ahs-australia.com.au","https://ahs-australia.com.au/about-2/","1","","key_person_name","Bijaya Poudel","director: s PTY LTD Mr. Ubaraj Subedi Managing Director Mr. Bijaya Poudel Director We Are Here To Find The Best Solution For Your Hospitality Problems Australian Hospitality","Medium","Person name found near 'director' role. Verify person/company fit before saving to contacts."
"89","possible_key_person","32","AU-0562","ahs-australia.com.au","https://ahs-australia.com.au/about-2/","1","","key_person_name","Ubaraj Subedi","director: hind Australian Hospitality Solutions PTY LTD Mr. Ubaraj Subedi Managing Director Mr. Bijaya Poudel Director We Are Here To Find The Best Solution For Your Hospita","Medium","Person name found near 'director' role. Verify person/company fit before saving to contacts."
"88","team_or_about_page","32","AU-0562","ahs-australia.com.au","https://ahs-australia.com.au","7","https://ahs-australia.com.au/about-2/ | https://ahs-australia.com.au/contact/","team_link","https://ahs-australia.com.au/about-2/","About","Medium","Review linked page for contact/form/KP details."
"88","team_or_about_page","32","AU-0562","ahs-australia.com.au","https://ahs-australia.com.au","5","https://ahs-australia.com.au/about-2/ | https://ahs-australia.com.au/contact/","team_link","https://ahs-australia.com.au/restaurant-management/","","Medium","Review linked page for contact/form/KP details."
"72","company_contact_page","32","AU-0562","ahs-australia.com.au","https://ahs-australia.com.au","12","https://ahs-australia.com.au/about-2/ | https://ahs-australia.com.au/contact/","contact_link","https://ahs-australia.com.au/contact/","CONTACT US","Medium","Review linked page for contact/form/KP details."
"66","supplier_or_procurement_page","32","AU-0562","ahs-australia.com.au","https://ahs-australia.com.au","6","https://ahs-australia.com.au/about-2/ | https://ahs-australia.com.au/contact/","supplier_link","https://ahs-australia.com.au/partners/","Kentford Education","Medium","Review linked page for contact/form/KP details."
"60","kp_context_hint","32","AU-0562","ahs-australia.com.au","https://ahs-australia.com.au/about-2/","1","","role_context","director","agement Team Meet our Management Team People behind Australian Hospitality Solutions PTY LTD Mr. Ubaraj Subedi Managing Director Mr. Bijaya Poudel Director We Are Here To Find The Best Solution For Your Hospitality Problems Australian Hospitality Solutions has a strong, passionate and experienced pr","Low","Use as a page-level KP hint; confirm person name/title before saving."
"60","kp_context_hint","32","AU-0562","ahs-australia.com.au","https://ahs-australia.com.au/about-2/","1","","role_context","managing director","m Our Management Team Meet our Management Team People behind Australian Hospitality Solutions PTY LTD Mr. Ubaraj Subedi Managing Director Mr. Bijaya Poudel Director We Are Here To Find The Best Solution For Your Hospitality Problems Australian Hospitality Solutions has a strong, passionate and exper","Low","Use as a page-level KP hint; confirm person name/title before saving."
"60","kp_context_hint","32","AU-0562","ahs-australia.com.au","https://ahs-australia.com.au/about-2/","1","","role_context","people","empor incididunt ut labore et dolore magna aliqua. Ut enim ad minim veniam Our Management Team Meet our Management Team People behind Australian Hospitality Solutions PTY LTD Mr. Ubaraj Subedi Managing Director Mr. Bijaya Poudel Director We Are Here To Find The Best Solution For Your Hospitality Pro","Low","Use as a page-level KP hint; confirm person name/title before saving."
"50","kp_context_hint","32","AU-0562","ahs-australia.com.au","https://ahs-australia.com.au","2","https://ahs-australia.com.au/about-2/","role_context","culinary","d us a lot for our Nozomi - Japanese fine dining restaurant with more than 100 chefs for our Japanese, French and Greek culinary teams. They are very reliable and are excellent professionals. Chef Pawel Viktorek Corporate Executive Chef The team is young and passionate with great experience in the h","Low","Use as a page-level KP hint; confirm person name/title before saving."
"50","kp_context_hint","32","AU-0562","ahs-australia.com.au","https://ahs-australia.com.au","1","","role_context","events","engineering Read More Catering Management We help Hotels/Restaurants and other organizations plan and execute catering events. This can include everything from menu planning and food preparation to setup and service. We can also support Hospital/School to operate Cafeteria or Canteen Read More Jobs","Low","Use as a page-level KP hint; confirm person name/title before saving."
"50","kp_context_hint","32","AU-0562","ahs-australia.com.au","https://ahs-australia.com.au","3","https://ahs-australia.com.au/about-2/ | https://ahs-australia.com.au/contact/","role_context","management","ectetur adipiscing elit, sed do eiusmod tempor incididunt ut labore et dolore magna aliqua. Ut enim ad minim veniam Our Management Team Meet our Management Team People behind Australian Hospitality Solutions PTY LTD Mr. Ubaraj Subedi Managing Director Mr. Bijaya Poudel Director We Are Here To Find T","Low","Use as a page-level KP hint; confirm person name/title before saving."
"50","kp_context_hint","32","AU-0562","ahs-australia.com.au","https://ahs-australia.com.au","1","","role_context","operations","ance and productivity. Restaurant Management We provide support and assistance to restaurants in various aspects of the operations, staffing, Menus, Food costing, Staff Training, Food Safety trainings - Read More Staff Management We support restaurants and hotels to find and recruit new employees. W","Low","Use as a page-level KP hint; confirm person name/title before saving."
"50","kp_context_hint","32","AU-0562","ahs-australia.com.au","https://ahs-australia.com.au","3","https://ahs-australia.com.au/about-2/ | https://ahs-australia.com.au/contact/","role_context","projects","g Solutions 92% Restaurant Management 92% Menus and Food Costing 92% Staff Training 92% 0 + Happy Clients 0 + Completed Projects 0 + Years Of Experience 0 + Professional Team 0 + Happy Clients 0 + Completed Projects 0 + Years Of Experience 0 + Professional Team Our Services We Provide Best Hospitali","Low","Use as a page-level KP hint; confirm person name/title before saving."
"50","kp_context_hint","32","AU-0562","ahs-australia.com.au","https://ahs-australia.com.au","3","https://ahs-australia.com.au/about-2/ | https://ahs-australia.com.au/contact/","role_context","staff","or you The goal of Australian Hospitality Solutions is to help businesses in the industry run more efficiently, resolve staff shortage issues, increase revenue, and improve customer satisfaction. READ MORE Staffing Solutions 92% Restaurant Management 92% Menus and Food Costing 92% Staff Training 92%","Low","Use as a page-level KP hint; confirm person name/title before saving."
"50","kp_context_hint","32","AU-0562","ahs-australia.com.au","https://ahs-australia.com.au","2","https://ahs-australia.com.au/about-2/","role_context","team","d Food Costing 92% Staff Training 92% 0 + Happy Clients 0 + Completed Projects 0 + Years Of Experience 0 + Professional Team 0 + Happy Clients 0 + Completed Projects 0 + Years Of Experience 0 + Professional Team Our Services We Provide Best Hospitality Services For You Australian Hospitality Solutio","Low","Use as a page-level KP hint; confirm person name/title before saving."
"45","manual_linkedin_search","32","AU-0562","ahs-australia.com.au","queue_public_linkedin_query","1","","linkedin_search_url","https://www.google.com/search?q=site%3Alinkedin.com%2Fin+%22ahs-australia.com.au%22+Australia+director+OR+operations+OR+procurement","site:linkedin.com/in ""ahs-australia.com.au"" Australia director OR operations OR procurement","Low","Manual search URL for public LinkedIn result review; save only a matched personal/company URL with confidence notes."
"13","technical_status","32","AU-0562","ahs-australia.com.au","https://ahs-australia.com.au","1","","fetch_status","https://ahs-australia.com.au","","High","Fetch status: 200. Use only if page fetched successfully."
"13","technical_status","32","AU-0562","ahs-australia.com.au","https://ahs-australia.com.au/about-2/","1","","fetch_status","https://ahs-australia.com.au/about-2/","","High","Fetch status: 200. Use only if page fetched successfully."
"13","technical_status","32","AU-0562","ahs-australia.com.au","https://ahs-australia.com.au/contact/","1","","fetch_status","https://ahs-australia.com.au/contact/","","High","Fetch status: 200. Use only if page fetched successfully."
"120","possible_person_email","33","AU-0493","Albion Hotel, Albion, QLD","https://thealbionhotel.com.au","6","https://www.thealbionhotel.com.au/#home-functions-section | https://www.thealbionhotel.com.au/book-a-table","email","albion.hotel@alhgroup.com.au","nu Back To Top Albion Hotel, 300 Sandgate Road, Albion, QLD, 4010, Australia 07 3262 2733 albion.hotel@alhgroup.com.au albion hotel 300 Sandgate Rd, Albion, QLD, 4010 (07) 3262 2733 SIGNOR FOX Mon - Thu: 11:3","High","Review whether this is company, department, or person email before saving."
"108","company_email","33","AU-0493","Albion Hotel, Albion, QLD","https://thealbionhotel.com.au","6","https://www.thealbionhotel.com.au/#home-functions-section | https://www.thealbionhotel.com.au/book-a-table","email","albionhotel@alhgroup.com.au","","High","Mailto link; save with source/confidence note and review again before outreach."
"72","company_contact_page","33","AU-0493","Albion Hotel, Albion, QLD","https://thealbionhotel.com.au","12","https://www.thealbionhotel.com.au/#home-functions-section | https://www.thealbionhotel.com.au/book-a-table","contact_link","https://www.thealbionhotel.com.au/book-a-table","Book Now","Medium","Review linked page for contact/form/KP details."
"72","company_contact_page","33","AU-0493","Albion Hotel, Albion, QLD","https://thealbionhotel.com.au","6","https://www.thealbionhotel.com.au/#home-functions-section | https://www.thealbionhotel.com.au/book-a-table","contact_link","https://www.thealbionhotel.com.au/contact","Contact Us","Medium","Review linked page for contact/form/KP details."
"72","events_or_functions_contact","33","AU-0493","Albion Hotel, Albion, QLD","https://thealbionhotel.com.au","12","https://www.thealbionhotel.com.au/#home-functions-section | https://www.thealbionhotel.com.au/book-a-table","contact_link","https://www.thealbionhotel.com.au/#home-functions-section","Home Functions","Medium","Review linked page for contact/form/KP details."
"72","events_or_functions_contact","33","AU-0493","Albion Hotel, Albion, QLD","https://thealbionhotel.com.au","20","https://www.thealbionhotel.com.au/#home-functions-section | https://www.thealbionhotel.com.au/book-a-table","contact_link","https://www.thealbionhotel.com.au/functions#functions-area-1-section","Function Pack","Medium","Review linked page for contact/form/KP details."
"50","kp_context_hint","33","AU-0493","Albion Hotel, Albion, QLD","https://thealbionhotel.com.au","3","https://www.thealbionhotel.com.au/#home-functions-section | https://www.thealbionhotel.com.au/book-a-table","role_context","events","Bars The Lounge Bar The Beer Garden What's On Sport Functions Our Rooms Function Pack Enquire Now pub+ Gaming What's On Events Bars Sport UFC Jobs Contact Contact Us Join Now Book Now Home Banner Home Quick Links Home Featured Content block Home Core Content Home What's On Home Dining 1 Home Dining","Low","Use as a page-level KP hint; confirm person name/title before saving."
"50","kp_context_hint","33","AU-0493","Albion Hotel, Albion, QLD","https://thealbionhotel.com.au","2","https://www.thealbionhotel.com.au/#home-functions-section","role_context","team","big birthday blowouts, we’ve got you covered. The Albion offers different spaces to fit any occasion, and our dedicated team is here to handle all the details. We’re all about good times, great food, and even better company—so let us help you throw a legendary party. Function Pack Enquire Now Book N","Low","Use as a page-level KP hint; confirm person name/title before saving."
"45","manual_linkedin_search","33","AU-0493","Albion Hotel, Albion, QLD","queue_public_linkedin_query","1","","linkedin_search_url","https://www.google.com/search?q=site%3Alinkedin.com%2Fin+%22Albion+Hotel%2C+Albion%2C+QLD%22+Australia+director+OR+operations+OR+procurement","site:linkedin.com/in ""Albion Hotel, Albion, QLD"" Australia director OR operations OR procurement","Low","Manual search URL for public LinkedIn result review; save only a matched personal/company URL with confidence notes."
"13","technical_status","33","AU-0493","Albion Hotel, Albion, QLD","https://thealbionhotel.com.au","2","https://www.thealbionhotel.com.au/#home-functions-section","fetch_status","https://thealbionhotel.com.au","","High","Fetch status: 200. Use only if page fetched successfully."
"13","technical_status","33","AU-0493","Albion Hotel, Albion, QLD","https://www.thealbionhotel.com.au/book-a-table","1","","fetch_status","https://www.thealbionhotel.com.au/book-a-table","","High","Fetch status: 200. Use only if page fetched successfully."
"89","possible_key_person","34","AU-0526","ALM Portal Marketing","https://almliquor.com.au","1","","key_person_name","Ainslie Hill","general manager: ngs fresh, collaborative solutions to the table."" Ainslie Hill General Manager - The Grange Hotel & The Valley Tavern The professional support and service we’ve e","Medium","Person name found near 'general manager' role. Verify person/company fit before saving to contacts."
"89","possible_key_person","34","AU-0526","ALM Portal Marketing","https://almliquor.com.au","1","","key_person_name","Kyme Rigter","general manager: er relationships are vital for business success"". Kyme Rigter General Manager - Rigters Supermarket Group ""ALM and Diageo have a long-lasting and collaborative p","Medium","Person name found near 'general manager' role. Verify person/company fit before saving to contacts."
"88","team_or_about_page","34","AU-0526","ALM Portal Marketing","https://almliquor.com.au","10","https://www.almliquor.com.au/about-us | https://www.almliquor.com.au/contact-us","team_link","https://www.almliquor.com.au/about-us","https://www.almliquor.com.au/about-us","Medium","Review linked page for contact/form/KP details."
"72","company_contact_page","34","AU-0526","ALM Portal Marketing","https://almliquor.com.au","13","https://www.almliquor.com.au/about-us | https://www.almliquor.com.au/contact-us","contact_link","https://www.almliquor.com.au/contact-us","https://www.almliquor.com.au/contact-us","Medium","Review linked page for contact/form/KP details."
"66","supplier_or_procurement_page","34","AU-0526","ALM Portal Marketing","https://almliquor.com.au","12","https://www.almliquor.com.au/about-us | https://www.almliquor.com.au/contact-us","supplier_link","https://supplier.almliquor.com.au/alm/turnin/HeadOffice/TurnInLogin.jsp","https://supplier.almliquor.com.au/alm/turnin/HeadOffice/TurnInLogin.jsp","Medium","Review linked page for contact/form/KP details."
"60","kp_context_hint","34","AU-0526","ALM Portal Marketing","https://almliquor.com.au","1","","role_context","general manager",", successful relationship with ALM. Good supplier & retailer relationships are vital for business success"". Kyme Rigter General Manager - Rigters Supermarket Group ""ALM and Diageo have a long-lasting and collaborative partnership to service the valued independents network. We understand each other's","Low","Use as a page-level KP hint; confirm person name/title before saving."
"60","kp_context_hint","34","AU-0526","ALM Portal Marketing","https://almliquor.com.au","1","","role_context","owner","iquor retailers in Australia. Our goal is to support the passions & livelihood of the thousands of independent business owners we supply. In addition to supplying liquor retailers, ALM incorporates a specialist on-premise liquor division supporting bars, pubs, restaurants, and hotels. If you're look","Low","Use as a page-level KP hint; confirm person name/title before saving."
"50","kp_context_hint","34","AU-0526","ALM Portal Marketing","https://www.almliquor.com.au/about-us","1","","role_context","events","t Our On- Premise Businesses At ALM, we support a range of venues, spanning cafes & restaurants through to large format events, clubs, pubs, and hotels. ​ We are the only true national on-premise wholesaler with a dedicated sales and support team in all states and territories of Australia. ​ We are","Low","Use as a page-level KP hint; confirm person name/title before saving."
"50","kp_context_hint","34","AU-0526","ALM Portal Marketing","https://almliquor.com.au","2","https://www.almliquor.com.au/about-us","role_context","team","arge retailers. We're experts in the industry , leading the wholesale market. Our approachable & understanding accounts team are available to assist processing payments and provide advice on any queries. Assisting with Accounts Here's how we support you ALM has the widest distribution network in the","Low","Use as a page-level KP hint; confirm person name/title before saving."
"45","manual_linkedin_search","34","AU-0526","ALM Portal Marketing","queue_public_linkedin_query","1","","linkedin_search_url","https://www.google.com/search?q=site%3Alinkedin.com%2Fin+%22ALM+Portal+Marketing%22+Australia+director+OR+operations+OR+procurement","site:linkedin.com/in ""ALM Portal Marketing"" Australia director OR operations OR procurement","Low","Manual search URL for public LinkedIn result review; save only a matched personal/company URL with confidence notes."
"13","technical_status","34","AU-0526","ALM Portal Marketing","https://almliquor.com.au","1","","fetch_status","https://almliquor.com.au","","High","Fetch status: 200. Use only if page fetched successfully."
"13","technical_status","34","AU-0526","ALM Portal Marketing","https://www.almliquor.com.au/about-us","1","","fetch_status","https://www.almliquor.com.au/about-us","","High","Fetch status: 200. Use only if page fetched successfully."
"13","technical_status","34","AU-0526","ALM Portal Marketing","https://www.almliquor.com.au/contact-us","1","","fetch_status","https://www.almliquor.com.au/contact-us","","High","Fetch status: 200. Use only if page fetched successfully."
"102","official_form_candidate","35","AU-0499","Alt. Hospitality Group","https://althospitalitygroup.com.au/contact/","1","","contact_form","https://althospitalitygroup.com.au/contact/","contact_form form method=post action=current page Name Email Message Venue Georges River Sailing Club Club Central Menai Club Central Hurstville Above 8 Hotel Mountain Heritage Send","High","Official page contains a form; save as company_contact_form_url only if it is a contact/enquiry form, not only a booking widget."
"88","team_or_about_page","35","AU-0499","Alt. Hospitality Group","https://althospitalitygroup.com.au","3","","team_link","https://althospitalitygroup.com.au/leadership-update/","Leadership Update","Medium","Review linked page for contact/form/KP details."
"72","company_contact_page","35","AU-0499","Alt. Hospitality Group","https://althospitalitygroup.com.au","9","https://althospitalitygroup.com.au/contact/ | https://althospitalitygroup.com.au/event-venues-sydney/","contact_link","https://althospitalitygroup.com.au/contact/","Contact","Medium","Review linked page for contact/form/KP details."
"72","events_or_functions_contact","35","AU-0499","Alt. Hospitality Group","https://althospitalitygroup.com.au","9","https://althospitalitygroup.com.au/contact/ | https://althospitalitygroup.com.au/event-venues-sydney/","contact_link","https://althospitalitygroup.com.au/event-venues-sydney/","Alt. Events","Medium","Review linked page for contact/form/KP details."
"70","company_linkedin","35","AU-0499","Alt. Hospitality Group","https://althospitalitygroup.com.au","4","https://althospitalitygroup.com.au/contact/ | https://althospitalitygroup.com.au/event-venues-sydney/","company_linkedin_url","https://www.linkedin.com/company/alt-hospitality-group/?viewAsMember=true","","Low","Use as a manual LinkedIn review URL; do not treat as verified direct contact until person/company fit is confirmed."
"60","kp_context_hint","35","AU-0499","Alt. Hospitality Group","https://althospitalitygroup.com.au/event-venues-sydney/","1","","role_context","director","s Real Estate On behalf of our team at Rosalie Douglas Real Estate, I wanted to extend our heartfelt thanks to the Club Directors for the fantastic Melbourne Cup function yesterday. The menu selection and food quality were outstanding, and everyone at our table loved their meals. The elegant table d","Low","Use as a page-level KP hint; confirm person name/title before saving."
"60","kp_context_hint","35","AU-0499","Alt. Hospitality Group","https://althospitalitygroup.com.au/event-venues-sydney/","1","","role_context","staff","veryone at our table loved their meals. The elegant table decor added a perfect touch to the occasion. The managers and staff were exceptional—professional, non-intrusive, and always with a smile, which we greatly appreciated. The entertainment was a highlight, with fun performances, great music, ta","Low","Use as a page-level KP hint; confirm person name/title before saving."
"50","kp_context_hint","35","AU-0499","Alt. Hospitality Group","https://althospitalitygroup.com.au/event-venues-sydney/","1","","role_context","ceo","something. This was my first major event at ANSTO (which is run every 4 years here in Sydney and is so high profile the CEO attends). I am so grateful that I had you and the team working with me to pull it off. I will certainly recommend your facilities in future to our people at ANSTO. Sutherland P","Low","Use as a page-level KP hint; confirm person name/title before saving."
"50","kp_context_hint","35","AU-0499","Alt. Hospitality Group","https://althospitalitygroup.com.au","1","","role_context","chief executive","awarra Catholic Club, trading as Alt. Hospitality Group, advises that Paul Richardson has resigned from his position as Chief Executive Officer, effective immediately. Paul has led the organisation for the past seven years, a time that included navigating the COVID-19 lockdowns and period of growth","Low","Use as a page-level KP hint; confirm person name/title before saving."
"50","kp_context_hint","35","AU-0499","Alt. Hospitality Group","https://althospitalitygroup.com.au","3","https://althospitalitygroup.com.au/contact/ | https://althospitalitygroup.com.au/event-venues-sydney/","role_context","events","Event Spaces - Alt. Hospitality Group Alt. Hospitality Group Facebook Instagram Linkedin Alt. Events Event Spaces Instagram Facebook Alt. Events Event Spaces Instagram Facebook Our Story ALT. NEWS & BLOGS Alt. Blogs Alt. News Alt. Careers Alt. Venues Above 8 Rooftop Bar & L","Low","Use as a page-level KP hint; confirm person name/title before saving."
"50","kp_context_hint","35","AU-0499","Alt. Hospitality Group","https://althospitalitygroup.com.au","1","","role_context","leadership","offering diverse career development opportunities for hospitality professionals to thrive. ALT. NEWS VIEW ALL ARTICLES Leadership Update The Board of Illawarra Catholic Club, trading as Alt. Hospitality Group, advises that Paul Richardson has resigned from his position as Chief Executive Officer, e","Low","Use as a page-level KP hint; confirm person name/title before saving."
"50","kp_context_hint","35","AU-0499","Alt. Hospitality Group","https://althospitalitygroup.com.au/event-venues-sydney/","1","","role_context","management","d I am writing to you today on behalf of the PCYC Concert Band, Sutherland. I would like to extend our gratitude to the Management of the Club for your hospitality and assistance in helping arrange our Concert last Sunday. Without your assistance the day would not have been as successful as it was a","Low","Use as a page-level KP hint; confirm person name/title before saving."
"50","kp_context_hint","35","AU-0499","Alt. Hospitality Group","https://althospitalitygroup.com.au","3","https://althospitalitygroup.com.au/contact/ | https://althospitalitygroup.com.au/event-venues-sydney/","role_context","people","land on which we live, work and gather, which encompass the Gweagal, Bidjigal, Gadigal, Dharawal, Darug and Gundungurra peoples. We pay our respects to Elders past and present and extend that respect to all our First Nations team members. © 2025, Alt. Hospitality. All rights reserved. Privacy Policy","Low","Use as a page-level KP hint; confirm person name/title before saving."
"50","kp_context_hint","35","AU-0499","Alt. Hospitality Group","https://althospitalitygroup.com.au","3","https://althospitalitygroup.com.au/contact/ | https://althospitalitygroup.com.au/event-venues-sydney/","role_context","team","endar events, discover something refreshingly different and delightfully unexpected at an Alt. venue near you. JOIN OUR TEAM Alt. Careers Something different in your inbox Subscribe to our newsletter for Alt. updates you want to hear about. First Name Email SUBMIT QUICK LINKS Careers Alt. Events Con","Low","Use as a page-level KP hint; confirm person name/title before saving."
"45","manual_linkedin_search","35","AU-0499","Alt. Hospitality Group","queue_public_linkedin_query","1","","linkedin_search_url","https://www.google.com/search?q=site%3Alinkedin.com%2Fin+%22Alt.+Hospitality+Group%22+Australia+director+OR+operations+OR+procurement","site:linkedin.com/in ""Alt. Hospitality Group"" Australia director OR operations OR procurement","Low","Manual search URL for public LinkedIn result review; save only a matched personal/company URL with confidence notes."
"13","technical_status","35","AU-0499","Alt. Hospitality Group","https://althospitalitygroup.com.au","1","","fetch_status","https://althospitalitygroup.com.au","","High","Fetch status: 200. Use only if page fetched successfully."
"13","technical_status","35","AU-0499","Alt. Hospitality Group","https://althospitalitygroup.com.au/contact/","1","","fetch_status","https://althospitalitygroup.com.au/contact/","","High","Fetch status: 200. Use only if page fetched successfully."
"13","technical_status","35","AU-0499","Alt. Hospitality Group","https://althospitalitygroup.com.au/event-venues-sydney/","1","","fetch_status","https://althospitalitygroup.com.au/event-venues-sydney/","","High","Fetch status: 200. Use only if page fetched successfully."
"45","manual_linkedin_search","36","AU-0494","Altitude Restaurant 丨Modern Australian丨Shangri-La Sydney","queue_public_linkedin_query","1","","linkedin_search_url","https://www.google.com/search?q=site%3Alinkedin.com%2Fin+%22Altitude+Restaurant+%E4%B8%A8Modern+Australian%E4%B8%A8Shangri-La+Sydney%22+Australia+director+OR+operations+OR+procurement","site:linkedin.com/in ""Altitude Restaurant 丨Modern Australian丨Shangri-La Sydney"" Australia director OR operations OR procurement","Low","Manual search URL for public LinkedIn result review; save only a matched personal/company URL with confidence notes."
"13","technical_status","36","AU-0494","Altitude Restaurant 丨Modern Australian丨Shangri-La Sydney","https://shangri-la.com","1","","fetch_status","https://shangri-la.com","","High","Fetch status: 200. Use only if page fetched successfully."
"102","official_form_candidate","37","AU-0271","at Hotel Group","https://www.athotelgroup.com/property-management/","1","","contact_form","https://www.athotelgroup.com/property-management/","contact_form form method=post action=/property-management/ Full Name * First Last Email Address * Phone Holiday Rental Address * Street Address Suburb State / Province / Region ZIP / Postal Code Country Afghanistan Albania Algeria American Samoa Andorra Angola Anguilla Antarctica Antigua and Barbuda Argentina Armenia Aruba Australia Austria Azerbaijan Bahamas Bahrain Bangladesh Barbados Belarus Belgium Belize Benin Bermuda Bhutan Bolivia Bonaire, Sint Eustatius and Saba Bosnia and Herzegovina Bo","High","Official page contains a form; save as company_contact_form_url only if it is a contact/enquiry form, not only a booking widget."
"94","phone_candidate","37","AU-0271","at Hotel Group","https://www.athotelgroup.com/contact-us/","2","","phone","+61 2 4916 4777","Email: [email protected] Explore Nelson Bay, Port Stephens, NSW Mantra Nelson Bay Phone: +61 2 4916 4777 Email: [email protected] Explore Sitemap Privacy Policy Cookie Preferences Careers Blog |","Medium","Review whether this is company or person phone before saving."
"94","phone_candidate","37","AU-0271","at Hotel Group","https://www.athotelgroup.com/contact-us/","2","","phone","+61 7 4759 2100","Explore Magnetic Island, Townsville, QLD Grand Mercure Apartments Magentic Island Phone: +61 7 4759 2100 Email: [email protected] Explore Amaroo Rainforest Resort Magnetic Island Phone: + 61 7 4","Medium","Review whether this is company or person phone before saving."
"94","phone_candidate","37","AU-0271","at Hotel Group","https://www.athotelgroup.com/contact-us/","2","","phone","+61 7 4940 3560","1 7 4948 4000 Email: [email protected] Explore Heart Hotel and Gallery Whitsundays Phone: +61 7 4940 3560 Email: [email protected] Explore The Sebel Whitsundays Phone: +61 7 4946 3500 Email: [ema","Medium","Review whether this is company or person phone before saving."
"94","phone_candidate","37","AU-0271","at Hotel Group","https://www.athotelgroup.com/contact-us/","2","","phone","+61 7 4946 3500","days Phone: +61 7 4940 3560 Email: [email protected] Explore The Sebel Whitsundays Phone: +61 7 4946 3500 Email: [email protected] Explore Magnetic Island, Townsville, QLD Grand Mercure Apartment","Medium","Review whether this is company or person phone before saving."
"94","phone_candidate","37","AU-0271","at Hotel Group","https://www.athotelgroup.com/contact-us/","2","","phone","+61 7 4946 5316","ntact at a Glance Airlie Beach, The Whitsundays, QLD at Beach Court Holiday Villas Phone: +61 7 4946 5316 Email: [email protected] Explore at Boathaven Bay Holiday Apartments Phone: +61 7 4948 49","Medium","Review whether this is company or person phone before saving."
"94","phone_candidate","37","AU-0271","at Hotel Group","https://www.athotelgroup.com/contact-us/","2","","phone","+61 7 4948 4000","4948 6500 Email: [email protected] Explore at Whitsunday Vista Holiday Apartments Phone: +61 7 4948 4000 Email: [email protected] Explore Heart Hotel and Gallery Whitsundays Phone: +61 7 4940 35","Medium","Review whether this is company or person phone before saving."
"94","phone_candidate","37","AU-0271","at Hotel Group","https://www.athotelgroup.com/contact-us/","2","","phone","+61 7 4948 4300","res Phone: +61 7 4964 1500 Email: [email protected] Explore at Water’s Edge Resort Phone: +61 7 4948 4300 Email: [email protected] Explore at Waterfront Whitsunday Retreat Phone: +61 7 4948 6500","Medium","Review whether this is company or person phone before saving."
"94","phone_candidate","37","AU-0271","at Hotel Group","https://www.athotelgroup.com/contact-us/","2","","phone","+61 7 4948 4948","1 7 4946 5316 Email: [email protected] Explore at Boathaven Bay Holiday Apartments Phone: +61 7 4948 4948 Email: [email protected] Explore at Marina Shores Phone: +61 7 4964 1500 Email: [email pr","Medium","Review whether this is company or person phone before saving."
"94","phone_candidate","37","AU-0271","at Hotel Group","https://www.athotelgroup.com/contact-us/","2","","phone","+61 7 4948 6500","+61 7 4948 4300 Email: [email protected] Explore at Waterfront Whitsunday Retreat Phone: +61 7 4948 6500 Email: [email protected] Explore at Whitsunday Vista Holiday Apartments Phone: +61 7 4948","Medium","Review whether this is company or person phone before saving."
"94","phone_candidate","37","AU-0271","at Hotel Group","https://www.athotelgroup.com/contact-us/","2","","phone","+61 7 4964 1500","partments Phone: +61 7 4948 4948 Email: [email protected] Explore at Marina Shores Phone: +61 7 4964 1500 Email: [email protected] Explore at Water’s Edge Resort Phone: +61 7 4948 4300 Email: [em","Medium","Review whether this is company or person phone before saving."
"94","phone_candidate","37","AU-0271","at Hotel Group","https://www.athotelgroup.com/contact-us/","2","","phone","61 7 4778 5200","9 2100 Email: [email protected] Explore Amaroo Rainforest Resort Magnetic Island Phone: + 61 7 4778 5200 Email: [email protected] Explore Nelson Bay, Port Stephens, NSW Mantra Nelson Bay Phone:","Medium","Review whether this is company or person phone before saving."
"88","team_or_about_page","37","AU-0271","at Hotel Group","https://athotelgroup.com","3","https://www.athotelgroup.com/contact-us/ | https://www.athotelgroup.com/property-management/","team_link","https://www.athotelgroup.com/property-management/","Property Management | at Hotel Group","Medium","Review linked page for contact/form/KP details."
"88","team_or_about_page","37","AU-0271","at Hotel Group","https://athotelgroup.com","3","https://www.athotelgroup.com/contact-us/ | https://www.athotelgroup.com/property-management/","team_link","https://www.athotelgroup.com/who-are-we/","About Us | at Hotel Group","Medium","Review linked page for contact/form/KP details."
"76","booking_form_candidate","37","AU-0271","at Hotel Group","https://www.athotelgroup.com/contact-us/","1","","contact_form","https://www.athotelgroup.com/contact-us/","booking_form form method=post action=/contact-us/ Full Name * First Email Address * Phone Post Code * Accommodation Details Arrival Date MM slash DD slash YYYY Departure Date MM slash DD slash YYYY Adults * Children Select Room Type * * Choose Let Us Choose The Most Suitable Hotel Room Studio Style Room 1 Bedroom Apartment 2 Bedroom Apartment 3 Bedroom Apartment 2 Bedroom Penthouse 3 Bedroom Penthouse 4 Bedroom Penthouse Package – Romance Me Gift Voucher Properties You Are Interested In * Heart ","High","Official page contains a form; save as company_contact_form_url only if it is a contact/enquiry form, not only a booking widget."
"72","company_contact_page","37","AU-0271","at Hotel Group","https://athotelgroup.com","2","","contact_link","https://secure.athotelgroup.com/convert/site/Amaroo%20Rainforest%20Resort%20Magnetic%20Island/en/index.html","Book Now","Medium","Review linked page for contact/form/KP details."
"72","company_contact_page","37","AU-0271","at Hotel Group","https://athotelgroup.com","1","","contact_link","https://secure.athotelgroup.com/convert/site/at%20Beach%20Court%20Holiday%20Villas/en/index.html","Book Now","Medium","Review linked page for contact/form/KP details."
"72","company_contact_page","37","AU-0271","at Hotel Group","https://athotelgroup.com","1","","contact_link","https://secure.athotelgroup.com/convert/site/at%20Boathaven%20Bay%20Holiday%20Apartments/en/index.html","Book Now","Medium","Review linked page for contact/form/KP details."
"72","company_contact_page","37","AU-0271","at Hotel Group","https://athotelgroup.com","1","","contact_link","https://secure.athotelgroup.com/convert/site/at%20Marina%20Shores%20Apartments/en/index.html","Book Now","Medium","Review linked page for contact/form/KP details."
"72","company_contact_page","37","AU-0271","at Hotel Group","https://athotelgroup.com","1","","contact_link","https://secure.athotelgroup.com/convert/site/at%20Waterfront%20Whitsunday%20Retreat/en/index.html","Book Now","Medium","Review linked page for contact/form/KP details."
"72","company_contact_page","37","AU-0271","at Hotel Group","https://athotelgroup.com","1","","contact_link","https://secure.athotelgroup.com/convert/site/at%20Waters%20Edge%20Resort/en/index.html","Book Now","Medium","Review linked page for contact/form/KP details."
"72","company_contact_page","37","AU-0271","at Hotel Group","https://athotelgroup.com","1","","contact_link","https://secure.athotelgroup.com/convert/site/at%20Whitsunday%20Vista%20Holiday%20Apartments/en/index.html","Book Now","Medium","Review linked page for contact/form/KP details."
"72","company_contact_page","37","AU-0271","at Hotel Group","https://athotelgroup.com","1","","contact_link","https://secure.athotelgroup.com/convert/site/Grand%20Mercure%20Apartments%20Magnetic%20Island/en/index.html","Book now","Medium","Review linked page for contact/form/KP details."
"72","company_contact_page","37","AU-0271","at Hotel Group","https://athotelgroup.com","1","","contact_link","https://secure.athotelgroup.com/convert/site/Heart%20Hotel%20and%20Gallery%20Whitsundays/en/index.html","Book Now","Medium","Review linked page for contact/form/KP details."
"72","company_contact_page","37","AU-0271","at Hotel Group","https://athotelgroup.com","1","","contact_link","https://secure.athotelgroup.com/convert/site/Mantra%20Nelson%20Bay/en/index.html","Book Now","Medium","Review linked page for contact/form/KP details."
"72","company_contact_page","37","AU-0271","at Hotel Group","https://athotelgroup.com","1","","contact_link","https://secure.athotelgroup.com/convert/site/The%20Sebel%20Whitsundays%20Airlie%20Beach/en/index.html","Book Now","Medium","Review linked page for contact/form/KP details."
"72","company_contact_page","37","AU-0271","at Hotel Group","https://athotelgroup.com","1","","contact_link","https://secure.athotelgroup.com/portal/site/www.athotelgroup.com.au/en/index.html","Book Now","Medium","Review linked page for contact/form/KP details."
"72","company_contact_page","37","AU-0271","at Hotel Group","https://athotelgroup.com","3","https://www.athotelgroup.com/contact-us/ | https://www.athotelgroup.com/property-management/","contact_link","https://www.athotelgroup.com/contact-us/","Contact Us | at Hotel Group","Medium","Review linked page for contact/form/KP details."
"72","events_or_functions_contact","37","AU-0271","at Hotel Group","https://athotelgroup.com","3","https://www.athotelgroup.com/contact-us/ | https://www.athotelgroup.com/property-management/","contact_link","https://www.athotelgroup.com/whats-on-events-across-airlie-beach-magnetic-island-nelson-bay/","What’s On?","Medium","Review linked page for contact/form/KP details."
"60","kp_context_hint","37","AU-0271","at Hotel Group","https://www.athotelgroup.com/property-management/","1","","role_context","director","n real time, with eyes on every detail. That’s the difference between oversight and ownership.” Jeff Aquilina, Managing Director at Hotel Group To list your property with us please complete your details below. We will be in touch shortly and look forward to being of service. "" * "" indicates required","Low","Use as a page-level KP hint; confirm person name/title before saving."
"60","kp_context_hint","37","AU-0271","at Hotel Group","https://www.athotelgroup.com/property-management/","1","","role_context","managing director","n-site, in real time, with eyes on every detail. That’s the difference between oversight and ownership.” Jeff Aquilina, Managing Director at Hotel Group To list your property with us please complete your details below. We will be in touch shortly and look forward to being of service. "" * "" indicates","Low","Use as a page-level KP hint; confirm person name/title before saving."
"60","kp_context_hint","37","AU-0271","at Hotel Group","https://www.athotelgroup.com/property-management/","1","","role_context","owner","ousekeeping, and maintenance Professional guest service teams committed to flawless, end-to-end guest care. Hassle-Free Ownership No maintenance coordination responsibilities for owners Streamlined accounting and transparent financial reporting Regular performance updates and open communication. Per","Low","Use as a page-level KP hint; confirm person name/title before saving."
"60","kp_context_hint","37","AU-0271","at Hotel Group","https://www.athotelgroup.com/property-management/","1","","role_context","staff","ck‑ins Guest support Housekeeping Maintenance coordination Emergency issues Independent operators often rely on limited staff or owner involvement, which can impact guest experience and reviews. How do you ensure my property is well‑maintained? We provide: Scheduled housekeeping Professional linen s","Low","Use as a page-level KP hint; confirm person name/title before saving."
"50","kp_context_hint","37","AU-0271","at Hotel Group","https://www.athotelgroup.com/property-management/","1","","role_context","events","h Global multi-channel exposure: digital, print, social, and trade Representation at international and domestic tourism events Strategic partnerships with Tourism Australia, Tourism Events Queensland, airlines, and influencers Membership with key tourism bodies for credibility and visibility. Networ","Low","Use as a page-level KP hint; confirm person name/title before saving."
"50","kp_context_hint","37","AU-0271","at Hotel Group","https://athotelgroup.com","3","https://www.athotelgroup.com/contact-us/ | https://www.athotelgroup.com/property-management/","role_context","management","c Island, Townsville, North QLD Corporate Show and hide the Corporate submenu panel. About Us | at Hotel Group Property Management | at Hotel Group Sustainability | at Hotel Group Marketing | at Hotel Group (Opens in new window) (Opens in new window) Gallery Book Now Welcome to at Hotel Group Nelson","Low","Use as a page-level KP hint; confirm person name/title before saving."
"50","kp_context_hint","37","AU-0271","at Hotel Group","https://www.athotelgroup.com/property-management/","1","","role_context","operations","oven performance across diverse markets Strong occupancy potential driven by strategic revenue management. Professional Operations Trusted branding with a reputation for excellence Experienced on-site teams handling reception, housekeeping, and maintenance Professional guest service teams committed","Low","Use as a page-level KP hint; confirm person name/title before saving."
"50","kp_context_hint","37","AU-0271","at Hotel Group","https://www.athotelgroup.com/property-management/","1","","role_context","people","esia Iran Iraq Ireland Isle of Man Israel Italy Jamaica Japan Jersey Jordan Kazakhstan Kenya Kiribati Korea, Democratic People's Republic of Korea, Republic of Kuwait Kyrgyzstan Lao People's Democratic Republic Latvia Lebanon Lesotho Liberia Libya Liechtenstein Lithuania Luxembourg Macao Madagascar","Low","Use as a page-level KP hint; confirm person name/title before saving."
"50","kp_context_hint","37","AU-0271","at Hotel Group","https://athotelgroup.com","2","https://www.athotelgroup.com/property-management/","role_context","team","S Key Locations Modern Apartments Best View Best Deals Great Service Great Value Quality Bedding Friendly, Professional Team Choose Your Next Destinations All All Airlie Beach, Whitsundays Magnetic Island, Great Barrier Reef Nelson Bay, Port Stephens at Beach Court Holiday Villas Explore More Book N","Low","Use as a page-level KP hint; confirm person name/title before saving."
"45","manual_linkedin_search","37","AU-0271","at Hotel Group","queue_public_linkedin_query","1","","linkedin_search_url","https://www.google.com/search?q=site%3Alinkedin.com%2Fin+%22at+Hotel+Group%22+Australia+director+OR+operations+OR+procurement","site:linkedin.com/in ""at Hotel Group"" Australia director OR operations OR procurement","Low","Manual search URL for public LinkedIn result review; save only a matched personal/company URL with confidence notes."
"13","technical_status","37","AU-0271","at Hotel Group","https://athotelgroup.com","1","","fetch_status","https://athotelgroup.com","","High","Fetch status: 200. Use only if page fetched successfully."
"13","technical_status","37","AU-0271","at Hotel Group","https://www.athotelgroup.com/contact-us/","1","","fetch_status","https://www.athotelgroup.com/contact-us/","","High","Fetch status: 200. Use only if page fetched successfully."
"13","technical_status","37","AU-0271","at Hotel Group","https://www.athotelgroup.com/property-management/","1","","fetch_status","https://www.athotelgroup.com/property-management/","","High","Fetch status: 200. Use only if page fetched successfully."
"88","team_or_about_page","38","AU-0206","Atlantic Group","https://atlanticgroup.com.au","3","https://atlanticgroup.com.au/#contact_popup_form | https://atlanticgroup.com.au/about-us/careers/","team_link","https://atlanticgroup.com.au/about-us/careers/","CAREERS","Medium","Review linked page for contact/form/KP details."
"88","team_or_about_page","38","AU-0206","Atlantic Group","https://atlanticgroup.com.au","3","https://atlanticgroup.com.au/#contact_popup_form | https://atlanticgroup.com.au/about-us/careers/","team_link","https://atlanticgroup.com.au/about-us/our-story/","ABOUT US","Medium","Review linked page for contact/form/KP details."
"72","company_contact_page","38","AU-0206","Atlantic Group","https://atlanticgroup.com.au","10","https://atlanticgroup.com.au/#contact_popup_form","contact_link","https://atlanticgroup.com.au/#contact_popup_form","Enquire now","Medium","Review linked page for contact/form/KP details."
"72","company_contact_page","38","AU-0206","Atlantic Group","https://atlanticgroup.com.au/about-us/careers/","3","","contact_link","https://atlanticgroup.com.au/about-us/careers/#contact_popup_form","Enquire now","Medium","Review linked page for contact/form/KP details."
"72","company_contact_page","38","AU-0206","Atlantic Group","https://atlanticgroup.com.au","3","https://atlanticgroup.com.au/#contact_popup_form | https://atlanticgroup.com.au/about-us/careers/","contact_link","https://atlanticgroup.com.au/contact/","CONTACT US","Medium","Review linked page for contact/form/KP details."
"72","company_contact_page","38","AU-0206","Atlantic Group","https://atlanticgroup.com.au","3","https://atlanticgroup.com.au/#contact_popup_form | https://atlanticgroup.com.au/about-us/careers/","contact_link","https://atlanticgroup.com.au/general-enquiry/","General Enquiry","Medium","Review linked page for contact/form/KP details."
"72","events_or_functions_contact","38","AU-0206","Atlantic Group","https://atlanticgroup.com.au","14","https://atlanticgroup.com.au/#contact_popup_form | https://atlanticgroup.com.au/about-us/careers/","contact_link","https://atlanticgroup.com.au/corporate-events/","Corporate Function Venues","Medium","Review linked page for contact/form/KP details."
"72","events_or_functions_contact","38","AU-0206","Atlantic Group","https://atlanticgroup.com.au","3","https://atlanticgroup.com.au/#contact_popup_form | https://atlanticgroup.com.au/about-us/careers/","contact_link","https://atlanticgroup.com.au/event-enquiry/","Event Enquiry","Medium","Review linked page for contact/form/KP details."
"72","events_or_functions_contact","38","AU-0206","Atlantic Group","https://atlanticgroup.com.au","6","https://atlanticgroup.com.au/#contact_popup_form | https://atlanticgroup.com.au/about-us/careers/","contact_link","https://atlanticgroup.com.au/major-events/","MAJOR EVENTS","Medium","Review linked page for contact/form/KP details."
"70","company_linkedin","38","AU-0206","Atlantic Group","https://atlanticgroup.com.au","3","https://atlanticgroup.com.au/#contact_popup_form | https://atlanticgroup.com.au/about-us/careers/","company_linkedin_url","https://www.linkedin.com/company/1265690","https://www.linkedin.com/company/1265690","Low","Use as a manual LinkedIn review URL; do not treat as verified direct contact until person/company fit is confirmed."
"50","kp_context_hint","38","AU-0206","Atlantic Group","https://atlanticgroup.com.au","2","https://atlanticgroup.com.au/#contact_popup_form","role_context","culinary",". One is never enough. With a goal that is nothing short of perfection every time, we’re bringing style, innovation and culinary creativity to your occasion. We give you the chance to dine in style, offering up scrumptious food at a range of Melbourne locations, including exceptional waterfront venu","Low","Use as a page-level KP hint; confirm person name/title before saving."
"50","kp_context_hint","38","AU-0206","Atlantic Group","https://atlanticgroup.com.au","3","https://atlanticgroup.com.au/#contact_popup_form | https://atlanticgroup.com.au/about-us/careers/","role_context","events","s For Hire in Melbourne | Atlantic Group Enquire now | +61 3 8623 9600 MENU WHATS ON WEDDINGS PRIVATE PARTIES CORPORATE EVENTS EXTERNAL CATERING BARS & RESTAURANTS BARS THE DEN RESTAURANTS THE ATLANTIC Sushi Baby VENUES 408 THE VENUE CIEL THE VENUE GARDENS HOUSE SOPHIA PORT MELB YACHT CLUB THE GOODS","Low","Use as a page-level KP hint; confirm person name/title before saving."
"50","kp_context_hint","38","AU-0206","Atlantic Group","https://atlanticgroup.com.au","2","https://atlanticgroup.com.au/#contact_popup_form","role_context","staff","am to cater your next event in the location of your choosing. Think carefully curated cocktails, meticulously manicured staff and sophisticated yet ambitious menus. Completely crafted to exceed every expectation, the potential is limitless when you choose from our vast range of venues. Whether you h","Low","Use as a page-level KP hint; confirm person name/title before saving."
"50","kp_context_hint","38","AU-0206","Atlantic Group","https://atlanticgroup.com.au","2","https://atlanticgroup.com.au/#contact_popup_form","role_context","team","ry style of occasion, ambience and desired experience. PREMIUM CATERING IN MELBOURNE CBD AND ACROSS THE CITY Engage our team to cater your next event in the location of your choosing. Think carefully curated cocktails, meticulously manicured staff and sophisticated yet ambitious menus. Completely cr","Low","Use as a page-level KP hint; confirm person name/title before saving."
"45","manual_linkedin_search","38","AU-0206","Atlantic Group","queue_public_linkedin_query","1","","linkedin_search_url","https://www.google.com/search?q=site%3Alinkedin.com%2Fin+%22Atlantic+Group%22+Australia+director+OR+operations+OR+procurement","site:linkedin.com/in ""Atlantic Group"" Australia director OR operations OR procurement","Low","Manual search URL for public LinkedIn result review; save only a matched personal/company URL with confidence notes."
"13","technical_status","38","AU-0206","Atlantic Group","https://atlanticgroup.com.au","2","https://atlanticgroup.com.au/#contact_popup_form","fetch_status","https://atlanticgroup.com.au","","High","Fetch status: 200. Use only if page fetched successfully."
"13","technical_status","38","AU-0206","Atlantic Group","https://atlanticgroup.com.au/about-us/careers/","1","","fetch_status","https://atlanticgroup.com.au/about-us/careers/","","High","Fetch status: 200. Use only if page fetched successfully."
"108","company_email","39","AU-0453","Aurora Hotel Group","https://auroraresorts.com.au/contact/","2","","email","klodge@kl.auroraresorts.com.au","oll Free Within Australia: 1800 811 154 International Telephone: +61 (8) 8979 2422 Email: klodge@kl.auroraresorts.com.au In the heart of Kakadu. Experience Kakadu accommodation set in tranquil tropical surround","High","Review whether this is company, department, or person email before saving."
"102","official_form_candidate","39","AU-0453","Aurora Hotel Group","https://auroraresorts.com.au/contact/","2","","contact_form","https://auroraresorts.com.au/contact/","contact_form form method=post action=/contact/ Choose Hotel * Choose Hotel Aurora Ozone Hotel Aurora Kakadu Lodge Check In DD slash MM slash YYYY Check Out DD slash MM slash YYYY Adults 1 2 3 4 5 Children 0 1 2 3 4 5","High","Official page contains a form; save as company_contact_form_url only if it is a contact/enquiry form, not only a booking widget."
"94","phone_candidate","39","AU-0453","Aurora Hotel Group","https://auroraresorts.com.au/contact/","1","","phone","(08) 8979 2422","biru Drive, Jabiru, NT 0886 Postal Address: PO Box 196, Jabiru, NT 0886 Within Australia: (08) 8979 2422 Toll Free Within Australia: 1800 811 154 International Telephone: +61 (8) 8979 2422 Email","Medium","Review whether this is company or person phone before saving."
"94","phone_candidate","39","AU-0453","Aurora Hotel Group","https://auroraresorts.com.au/contact/","2","","phone","+61 (8) 8979 2422","stralia: (08) 8979 2422 Toll Free Within Australia: 1800 811 154 International Telephone: +61 (8) 8979 2422 Email: klodge@kl.auroraresorts.com.au In the heart of Kakadu. Experience Kakadu accommoda","Medium","Review whether this is company or person phone before saving."
"94","phone_candidate","39","AU-0453","Aurora Hotel Group","https://auroraresorts.com.au/contact/","1","","phone","08 8553 2011","Terrace, Kingscote, South Australia Postal Address: PO Box 96, Kingscote, SA 5223 Phone: 08 8553 2011 Email: info@ozonehotelki.com.au Ozone Hotel at Kingscote, Kangaroo Island, South Australi","Medium","Review whether this is company or person phone before saving."
"94","phone_candidate","39","AU-0453","Aurora Hotel Group","https://auroraresorts.com.au","3","https://auroraresorts.com.au/about-aurora/ | https://auroraresorts.com.au/contact/","phone","0860406458","agram post by aurorahotelsaustralia Jul 16 Open post by aurorahotelsaustralia with ID 17950860406458003 aurorahotelsaustralia View Instagram post by aurorahotelsaustralia Jul 1 Open post by","Medium","Review whether this is company or person phone before saving."
"94","phone_candidate","39","AU-0453","Aurora Hotel Group","https://auroraresorts.com.au/contact/","2","","phone","1800 811 154","PO Box 196, Jabiru, NT 0886 Within Australia: (08) 8979 2422 Toll Free Within Australia: 1800 811 154 International Telephone: +61 (8) 8979 2422 Email: klodge@kl.auroraresorts.com.au In the h","Medium","Review whether this is company or person phone before saving."
"88","team_or_about_page","39","AU-0453","Aurora Hotel Group","https://auroraresorts.com.au","9","https://auroraresorts.com.au/about-aurora/ | https://auroraresorts.com.au/contact/","team_link","https://auroraresorts.com.au/about-aurora/","About Aurora","Medium","Review linked page for contact/form/KP details."
"72","company_contact_page","39","AU-0453","Aurora Hotel Group","https://auroraresorts.com.au","6","https://auroraresorts.com.au/about-aurora/ | https://auroraresorts.com.au/contact/","contact_link","https://auroraresorts.com.au/contact/","Contact Us","Medium","Review linked page for contact/form/KP details."
"50","kp_context_hint","39","AU-0453","Aurora Hotel Group","https://auroraresorts.com.au","1","","role_context","people","ents, scenic swimming pools, wetlands, native wildlife and ancient rock art. Kakadu has been home to the Bininj/Mungguy people for over 65,000 years and here they will teach you about their ancient culture and history. Get ready for an experience that is insightful and truly grounding. Aurora Kakadu","Low","Use as a page-level KP hint; confirm person name/title before saving."
"50","kp_context_hint","39","AU-0453","Aurora Hotel Group","https://auroraresorts.com.au","3","https://auroraresorts.com.au/about-aurora/ | https://auroraresorts.com.au/contact/","role_context","projects","Our Hotels About Aurora Jobs Environment Policy Aurora Resorts & Hotels Pty Ltd is wholly owned by Australian Property Projects (APP) own and operate a variety of tourism and hospitality properties throughout the Northern Territory and South Australia, at the gateways to the magnificent natural loc","Low","Use as a page-level KP hint; confirm person name/title before saving."
"50","kp_context_hint","39","AU-0453","Aurora Hotel Group","https://auroraresorts.com.au","2","https://auroraresorts.com.au/about-aurora/","role_context","staff","aged to get a good deal. Car parking is available at front of cabins. Delan / Aurora Kakadu Lodge and Caravan Park “The staff were amazing and so helpful! Went above and beyond. Room was super clean! So peaceful and relaxing!!” Katie / Ozone Hotel View All Reviews See Why Our Guests Love Aurora Reso","Low","Use as a page-level KP hint; confirm person name/title before saving."
"45","manual_linkedin_search","39","AU-0453","Aurora Hotel Group","queue_public_linkedin_query","1","","linkedin_search_url","https://www.google.com/search?q=site%3Alinkedin.com%2Fin+%22Aurora+Hotel+Group%22+Australia+director+OR+operations+OR+procurement","site:linkedin.com/in ""Aurora Hotel Group"" Australia director OR operations OR procurement","Low","Manual search URL for public LinkedIn result review; save only a matched personal/company URL with confidence notes."
"13","technical_status","39","AU-0453","Aurora Hotel Group","https://auroraresorts.com.au","1","","fetch_status","https://auroraresorts.com.au","","High","Fetch status: 200. Use only if page fetched successfully."
"13","technical_status","39","AU-0453","Aurora Hotel Group","https://auroraresorts.com.au/about-aurora/","1","","fetch_status","https://auroraresorts.com.au/about-aurora/","","High","Fetch status: 200. Use only if page fetched successfully."
"13","technical_status","39","AU-0453","Aurora Hotel Group","https://auroraresorts.com.au/contact/","1","","fetch_status","https://auroraresorts.com.au/contact/","","High","Fetch status: 200. Use only if page fetched successfully."
"114","department_or_company_email","40","AU-0492","Australia Hotel","https://www.australiahotel.com.au/copy-of-contact-us","1","","email","info@mysite.com","","High","Mailto link; save with source/confidence note and review again before outreach."
"102","official_form_candidate","40","AU-0492","Australia Hotel","https://www.australiahotel.com.au/copy-of-contact-us","1","","contact_form","https://www.australiahotel.com.au/copy-of-contact-us","contact_form form method=unknown action=current page Contact Us First Name Last Name Email Write a message Submit Thanks for submitting!","High","Official page contains a form; save as company_contact_form_url only if it is a contact/enquiry form, not only a booking widget."
"72","company_contact_page","40","AU-0492","Australia Hotel","https://australiahotel.com.au","2","https://www.australiahotel.com.au/copy-of-contact-us","contact_link","https://www.australiahotel.com.au/copy-of-contact-us","https://www.australiahotel.com.au/copy-of-contact-us","Medium","Review linked page for contact/form/KP details."
"45","manual_linkedin_search","40","AU-0492","Australia Hotel","queue_public_linkedin_query","1","","linkedin_search_url","https://www.google.com/search?q=site%3Alinkedin.com%2Fin+%22Australia+Hotel%22+Australia+director+OR+operations+OR+procurement","site:linkedin.com/in ""Australia Hotel"" Australia director OR operations OR procurement","Low","Manual search URL for public LinkedIn result review; save only a matched personal/company URL with confidence notes."
"13","technical_status","40","AU-0492","Australia Hotel","https://australiahotel.com.au","1","","fetch_status","https://australiahotel.com.au","","High","Fetch status: 200. Use only if page fetched successfully."
"13","technical_status","40","AU-0492","Australia Hotel","https://www.australiahotel.com.au/copy-of-contact-us","1","","fetch_status","https://www.australiahotel.com.au/copy-of-contact-us","","High","Fetch status: 200. Use only if page fetched successfully."
