"priority_score","review_bucket","queue_rank","lead_id","company_name","source_url","source_count","additional_source_urls","candidate_type","candidate_value","candidate_context","confidence_suggestion","save_recommendation"
"88","team_or_about_page","1","LEAD-0166","H&J Restaurants","https://www.hjrestaurants.com.au/","6","https://www.hjrestaurants.com.au/about | https://www.hjrestaurants.com.au/contact","team_link","https://www.hjrestaurants.com.au/about","About Us","Medium","Review linked page for contact/form/KP details."
"72","company_contact_page","1","LEAD-0166","H&J Restaurants","https://www.hjrestaurants.com.au/","11","https://www.hjrestaurants.com.au/about | https://www.hjrestaurants.com.au/contact","contact_link","https://www.hjrestaurants.com.au/contact","Contact us","Medium","Review linked page for contact/form/KP details."
"60","kp_context_hint","1","LEAD-0166","H&J Restaurants","https://www.hjrestaurants.com.au/about","1","","role_context","ceo","tions reflect our commitment to ethical business practices and respect for our community. Leadership Jayantha Warnakula CEO Harsha Kumarasingha Managing Director Get in touch with us Say Hi Our office Restaurants address 226 Flinders Lane, Melbourne, 3000 Victoria Australia Mail address PO Box 163 F","Low","Use as a page-level KP hint; confirm person name/title before saving."
"60","kp_context_hint","1","LEAD-0166","H&J Restaurants","https://www.hjrestaurants.com.au/about","1","","role_context","director","thical business practices and respect for our community. Leadership Jayantha Warnakula CEO Harsha Kumarasingha Managing Director Get in touch with us Say Hi Our office Restaurants address 226 Flinders Lane, Melbourne, 3000 Victoria Australia Mail address PO Box 163 Flinders Lane, Melbourne, 3000 Vic","Low","Use as a page-level KP hint; confirm person name/title before saving."
"60","kp_context_hint","1","LEAD-0166","H&J Restaurants","https://www.hjrestaurants.com.au/about","1","","role_context","leadership","sparency, ensuring that our actions reflect our commitment to ethical business practices and respect for our community. Leadership Jayantha Warnakula CEO Harsha Kumarasingha Managing Director Get in touch with us Say Hi Our office Restaurants address 226 Flinders Lane, Melbourne, 3000 Victoria Austr","Low","Use as a page-level KP hint; confirm person name/title before saving."
"60","kp_context_hint","1","LEAD-0166","H&J Restaurants","https://www.hjrestaurants.com.au/about","1","","role_context","managing director","ment to ethical business practices and respect for our community. Leadership Jayantha Warnakula CEO Harsha Kumarasingha Managing Director Get in touch with us Say Hi Our office Restaurants address 226 Flinders Lane, Melbourne, 3000 Victoria Australia Mail address PO Box 163 Flinders Lane, Melbourne,","Low","Use as a page-level KP hint; confirm person name/title before saving."
"50","kp_context_hint","1","LEAD-0166","H&J Restaurants","https://www.hjrestaurants.com.au/","2","https://www.hjrestaurants.com.au/about","role_context","culinary","lcoming atmosphere. We’ve worked with great restaurant chains around the world Our previous ventures Our journey in the culinary world is marked by a series of successful restaurant projects, each with its own unique concept and flair. From the rustic charm of 'Harvest Haven,' a farm-to-table experi","Low","Use as a page-level KP hint; confirm person name/title before saving."
"50","kp_context_hint","1","LEAD-0166","H&J Restaurants","https://www.hjrestaurants.com.au/","1","","role_context","events","ghtfully crafted meals, every visit promises to be a memorable culinary journey that delights all the senses. Exclusive Events. Guests can look forward to special events and exclusive dining experiences, including chef’s tables, tasting menus, and live entertainment that enhance the overall dining e","Low","Use as a page-level KP hint; confirm person name/title before saving."
"50","kp_context_hint","1","LEAD-0166","H&J Restaurants","https://www.hjrestaurants.com.au/about","1","","role_context","people","ions 6 Pop-up restaurants 2 Our culture - Passion for Excellence, Commitment to Community We are a group of like-minded people who share the same core values. Customer Focus. We prioritize our customers’ needs and strive to provide exceptional service and memorable dining experiences for every guest","Low","Use as a page-level KP hint; confirm person name/title before saving."
"50","kp_context_hint","1","LEAD-0166","H&J Restaurants","https://www.hjrestaurants.com.au/","1","","role_context","projects","around the world Our previous ventures Our journey in the culinary world is marked by a series of successful restaurant projects, each with its own unique concept and flair. From the rustic charm of 'Harvest Haven,' a farm-to-table experience that celebrates local produce and sustainable eating. 202","Low","Use as a page-level KP hint; confirm person name/title before saving."
"45","manual_linkedin_search","1","LEAD-0166","H&J Restaurants","queue_public_linkedin_query","1","","linkedin_search_url","https://www.google.com/search?q=site%3Alinkedin.com%2Fin+%22H%26J+Restaurants%22+Australia+director+OR+operations+OR+procurement","site:linkedin.com/in ""H&J Restaurants"" Australia director OR operations OR procurement","Low","Manual search URL for public LinkedIn result review; save only a matched personal/company URL with confidence notes."
"13","technical_status","1","LEAD-0166","H&J Restaurants","https://www.hjrestaurants.com.au/","1","","fetch_status","https://www.hjrestaurants.com.au/","","High","Fetch status: 200. Use only if page fetched successfully."
"13","technical_status","1","LEAD-0166","H&J Restaurants","https://www.hjrestaurants.com.au/about","1","","fetch_status","https://www.hjrestaurants.com.au/about","","High","Fetch status: 200. Use only if page fetched successfully."
"13","technical_status","1","LEAD-0166","H&J Restaurants","https://www.hjrestaurants.com.au/contact","1","","fetch_status","https://www.hjrestaurants.com.au/contact","","High","Fetch status: 200. Use only if page fetched successfully."
"114","department_or_company_email","2","LEAD-0172","Australian Venue Co.","https://www.ausvenueco.com.au/contact/","2","","email","accounts.payable@ausvenueco.com.au","svenueco.com.au Copy Email copied Accounts enquiries For any queries related to accounts. accounts.payable@ausvenueco.com.au Copy Email copied We celebrate together. - Cheaper sessions with The Pass App. Download o","High","Review whether this is company, department, or person email before saving."
"114","department_or_company_email","2","LEAD-0172","Australian Venue Co.","https://www.ausvenueco.com.au/contact/","5","","email","info@ausvenueco.com.au","act Head office & general enquiries 16/242 Exhibition St, Melbourne VIC 3000 1800 836 837 info@ausvenueco.com.au More contact information Function bookings & enquiries For existing function bookings or","High","Review whether this is company, department, or person email before saving."
"114","department_or_company_email","2","LEAD-0172","Australian Venue Co.","https://www.ausvenueco.com.au/contact/","2","","email","procurement@ausvenueco.com.au","enquiries For procurement enquiries, new or existing suppliers are welcome to reach out. procurement@ausvenueco.com.au Copy Email copied Accounts enquiries For any queries related to accounts. accounts.payabl","High","Review whether this is company, department, or person email before saving."
"102","official_form_candidate","2","LEAD-0172","Australian Venue Co.","https://www.ausvenueco.com.au/contact/","1","","contact_form","https://www.ausvenueco.com.au/contact/#gf_2","contact_form form method=post action=/contact/#gf_2 First Name * Last Name * Email Address * Mobile Number * Venue Name * Relationship to the venue * Venue Address * Street Address Afghanistan Albania Algeria American Samoa Andorra Angola Anguilla Antarctica Antigua and Barbuda Argentina Armenia Aruba Australia Austria Azerbaijan Bahamas Bahrain Bangladesh Barbados Belarus Belgium Belize Benin Bermuda Bhutan Bolivia Bonaire, Sint Eustatius and Saba Bosnia and Herzegovina Botswana Bouvet Island B","High","Official page contains a form; save as company_contact_form_url only if it is a contact/enquiry form, not only a booking widget."
"88","team_or_about_page","2","LEAD-0172","Australian Venue Co.","https://www.ausvenueco.com.au/","7","https://www.ausvenueco.com.au/about/ | https://www.ausvenueco.com.au/contact/","team_link","https://www.ausvenueco.com.au/about/","https://www.ausvenueco.com.au/about/","Medium","Review linked page for contact/form/KP details."
"88","team_or_about_page","2","LEAD-0172","Australian Venue Co.","https://www.ausvenueco.com.au/","6","https://www.ausvenueco.com.au/about/ | https://www.ausvenueco.com.au/contact/","team_link","https://www.ausvenueco.com.au/our-team/","https://www.ausvenueco.com.au/our-team/","Medium","Review linked page for contact/form/KP details."
"88","team_or_about_page","2","LEAD-0172","Australian Venue Co.","https://www.ausvenueco.com.au/about/","1","","team_link","https://www.ausvenueco.com.au/people-pub-place/local-heroes/","","Medium","Review linked page for contact/form/KP details."
"88","team_or_about_page","2","LEAD-0172","Australian Venue Co.","https://www.ausvenueco.com.au/about/","1","","team_link","https://www.ausvenueco.com.au/people-pub-place/plant-a-tree-day/","","Medium","Review linked page for contact/form/KP details."
"88","team_or_about_page","2","LEAD-0172","Australian Venue Co.","https://www.ausvenueco.com.au/about/","1","","team_link","https://www.ausvenueco.com.au/people-pub-place/sustainability/","","Medium","Review linked page for contact/form/KP details."
"88","team_or_about_page","2","LEAD-0172","Australian Venue Co.","https://www.ausvenueco.com.au/","7","https://www.ausvenueco.com.au/about/ | https://www.ausvenueco.com.au/contact/","team_link","https://www.ausvenueco.com.au/pubs-people-planet/","https://www.ausvenueco.com.au/pubs-people-planet/","Medium","Review linked page for contact/form/KP details."
"72","company_contact_page","2","LEAD-0172","Australian Venue Co.","https://www.ausvenueco.com.au/","5","https://www.ausvenueco.com.au/about/ | https://www.ausvenueco.com.au/contact/","contact_link","https://www.ausvenueco.com.au/contact/","https://www.ausvenueco.com.au/contact/","Medium","Review linked page for contact/form/KP details."
"72","events_or_functions_contact","2","LEAD-0172","Australian Venue Co.","https://www.ausvenueco.com.au/","7","https://www.ausvenueco.com.au/about/ | https://www.ausvenueco.com.au/contact/","contact_link","https://www.ausvenueco.com.au/functions-portfolio/","https://www.ausvenueco.com.au/functions-portfolio/","Medium","Review linked page for contact/form/KP details."
"72","events_or_functions_contact","2","LEAD-0172","Australian Venue Co.","https://www.ausvenueco.com.au/","3","https://www.ausvenueco.com.au/about/ | https://www.ausvenueco.com.au/contact/","contact_link","https://www.ausvenueco.com.au/functions/","https://www.ausvenueco.com.au/functions/","Medium","Review linked page for contact/form/KP details."
"70","company_linkedin","2","LEAD-0172","Australian Venue Co.","https://www.ausvenueco.com.au/","3","https://www.ausvenueco.com.au/about/ | https://www.ausvenueco.com.au/contact/","company_linkedin_url","https://www.linkedin.com/company/australian-venue-co/","","Low","Use as a manual LinkedIn review URL; do not treat as verified direct contact until person/company fit is confirmed."
"60","kp_context_hint","2","LEAD-0172","Australian Venue Co.","https://www.ausvenueco.com.au/about/","1","","role_context","owner","he positive attitude & energy we bring to work helps us bounce back better than before. We empower team members to take ownership of their roles & responsibilities which leads to the best results for our customers. Agility Experience seamless agility that adapts to your needs in real-time. Resilienc","Low","Use as a page-level KP hint; confirm person name/title before saving."
"50","kp_context_hint","2","LEAD-0172","Australian Venue Co.","https://www.ausvenueco.com.au/","3","https://www.ausvenueco.com.au/about/ | https://www.ausvenueco.com.au/contact/","role_context","events","le & Planet Australian Venue Co. Instagram Facebook LinkedIn TikTok YouTube Stay up to date with AVC special offers and events Sign up In the spirit of reconciliation, we acknowledge the Traditional Custodians of country throughout Australia and their connections to land, sea and community. We pay o","Low","Use as a page-level KP hint; confirm person name/title before saving."
"50","kp_context_hint","2","LEAD-0172","Australian Venue Co.","https://www.ausvenueco.com.au/about/","1","","role_context","operations","undraising campaigns that have responded with impact during times of need. Our executive team has diverse experience in operations and strategy across a number of industries. This has brought operational efficiencies of the corporate sector into the hospitality industry with outstanding results. Car","Low","Use as a page-level KP hint; confirm person name/title before saving."
"50","kp_context_hint","2","LEAD-0172","Australian Venue Co.","https://www.ausvenueco.com.au/","3","https://www.ausvenueco.com.au/about/ | https://www.ausvenueco.com.au/contact/","role_context","people","ams Our Team Employee Hub Company Venues Functions NZVC The Pass App AVC Experience+ Acquisitions Gift Cards Read Pubs, People & Planet Press Latest News Media Releases Featured Victorian function venues Learn more - Good times since 1986 200+ unique & iconic venues Australia-wide. Who we are Austra","Low","Use as a page-level KP hint; confirm person name/title before saving."
"50","kp_context_hint","2","LEAD-0172","Australian Venue Co.","https://www.ausvenueco.com.au/contact/","1","","role_context","procurement","ivest your pub or bar, please use the form below to get in touch! info@ausvenueco.com.au Copy Email copied Send enquiry Procurement enquiries For procurement enquiries, new or existing suppliers are welcome to reach out. procurement@ausvenueco.com.au Copy Email copied Accounts enquiries For any quer","Low","Use as a page-level KP hint; confirm person name/title before saving."
"50","kp_context_hint","2","LEAD-0172","Australian Venue Co.","https://www.ausvenueco.com.au/","3","https://www.ausvenueco.com.au/about/ | https://www.ausvenueco.com.au/contact/","role_context","team","ralia-Wide Skip to: Home Content Footer navigation Menu Close Menu Close Functions Venues Australian Venue Co. Join Our Team Open Positions Australian Venue Co. Menu Close Menu Close Australian Venue Co. Menu About Functions Venues Accommodation Join Our Team News Contact FAQ Working with us Jobs Di","Low","Use as a page-level KP hint; confirm person name/title before saving."
"45","manual_linkedin_search","2","LEAD-0172","Australian Venue Co.","queue_public_linkedin_query","1","","linkedin_search_url","https://www.google.com/search?q=site%3Alinkedin.com%2Fin+%22Australian+Venue+Co.%22+Australia+director+OR+operations+OR+procurement","site:linkedin.com/in ""Australian Venue Co."" Australia director OR operations OR procurement","Low","Manual search URL for public LinkedIn result review; save only a matched personal/company URL with confidence notes."
"13","technical_status","2","LEAD-0172","Australian Venue Co.","https://www.ausvenueco.com.au/","1","","fetch_status","https://www.ausvenueco.com.au/","","High","Fetch status: 200. Use only if page fetched successfully."
"13","technical_status","2","LEAD-0172","Australian Venue Co.","https://www.ausvenueco.com.au/about/","1","","fetch_status","https://www.ausvenueco.com.au/about/","","High","Fetch status: 200. Use only if page fetched successfully."
"13","technical_status","2","LEAD-0172","Australian Venue Co.","https://www.ausvenueco.com.au/contact/","1","","fetch_status","https://www.ausvenueco.com.au/contact/","","High","Fetch status: 200. Use only if page fetched successfully."
"88","team_or_about_page","3","LEAD-0181","Crystalbrook Collection","https://www.crystalbrookcollection.com/","3","https://www.crystalbrookcollection.com/bailey-books | https://www.crystalbrookcollection.com/blog-artevents","team_link","https://www.crystalbrookcollection.com/hotel-management-agreements","Hotel Management Agreements","Medium","Review linked page for contact/form/KP details."
"88","team_or_about_page","3","LEAD-0181","Crystalbrook Collection","https://www.crystalbrookcollection.com/","4","https://www.crystalbrookcollection.com/bailey-books | https://www.crystalbrookcollection.com/blog-artevents","team_link","https://www.crystalbrookcollection.com/more/about-us","Discover More","Medium","Review linked page for contact/form/KP details."
"76","booking_form_candidate","3","LEAD-0181","Crystalbrook Collection","https://www.crystalbrookcollection.com/","3","https://www.crystalbrookcollection.com/bailey-books | https://www.crystalbrookcollection.com/blog-artevents","contact_form","https://www.crystalbrookcollection.com/skins/skin-crystal-brook-collection/assets/desktop/php/book.php","booking_form form method=post action=/skins/skin-crystal-brook-collection/assets/desktop/php/book.php Booking Form Select Destination Destination Brisbane Crystalbrook Vincent Byron Bay Crystalbrook Byron Cairns Crystalbrook Riley Crystalbrook Flynn Crystalbrook Bailey Newcastle Crystalbrook Kingsley Sydney Crystalbrook Albion Select Date Select Guests Adults − + Children − + Rooms − + Promo Code Please select destination Enquire Now Check Availability","High","Official page contains a form; save as company_contact_form_url only if it is a contact/enquiry form, not only a booking widget."
"72","company_contact_page","3","LEAD-0181","Crystalbrook Collection","https://www.crystalbrookcollection.com/","1","","contact_link","https://www.crystalbrookcollection.com/bailey-books","Read More","Medium","Review linked page for contact/form/KP details."
"72","company_contact_page","3","LEAD-0181","Crystalbrook Collection","https://www.crystalbrookcollection.com/","6","https://www.crystalbrookcollection.com/bailey-books | https://www.crystalbrookcollection.com/blog-artevents","contact_link","https://www.crystalbrookcollection.com/contact-us","Contact","Medium","Review linked page for contact/form/KP details."
"72","company_contact_page","3","LEAD-0181","Crystalbrook Collection","https://www.crystalbrookcollection.com/","3","https://www.crystalbrookcollection.com/bailey-books | https://www.crystalbrookcollection.com/blog-artevents","contact_link","https://www.crystalbrookcollection.com/make-enquiry","Make an Enquiry","Medium","Review linked page for contact/form/KP details."
"72","events_or_functions_contact","3","LEAD-0181","Crystalbrook Collection","https://www.crystalbrookcollection.com/","1","","contact_link","https://www.crystalbrookcollection.com/blog-artevents","Read More","Medium","Review linked page for contact/form/KP details."
"72","events_or_functions_contact","3","LEAD-0181","Crystalbrook Collection","https://www.crystalbrookcollection.com/","1","","contact_link","https://www.crystalbrookcollection.com/blog-byron-bay-events","Read More","Medium","Review linked page for contact/form/KP details."
"72","events_or_functions_contact","3","LEAD-0181","Crystalbrook Collection","https://www.crystalbrookcollection.com/","1","","contact_link","https://www.crystalbrookcollection.com/blog-the-best-byron-bay-restaurants-for-groups-and-events?_=1679871525007","Read More","Medium","Review linked page for contact/form/KP details."
"72","events_or_functions_contact","3","LEAD-0181","Crystalbrook Collection","https://www.crystalbrookcollection.com/","1","","contact_link","https://www.crystalbrookcollection.com/brisbane-accommodation-for-major-events","Read More","Medium","Review linked page for contact/form/KP details."
"72","events_or_functions_contact","3","LEAD-0181","Crystalbrook Collection","https://www.crystalbrookcollection.com/blog-artevents","1","","contact_link","https://www.crystalbrookcollection.com/cairns-venues","events","Medium","Review linked page for contact/form/KP details."
"72","events_or_functions_contact","3","LEAD-0181","Crystalbrook Collection","https://www.crystalbrookcollection.com/","3","https://www.crystalbrookcollection.com/bailey-books | https://www.crystalbrookcollection.com/blog-artevents","contact_link","https://www.crystalbrookcollection.com/event-spaces","Meetings and Events","Medium","Review linked page for contact/form/KP details."
"72","events_or_functions_contact","3","LEAD-0181","Crystalbrook Collection","https://www.crystalbrookcollection.com/","3","https://www.crystalbrookcollection.com/bailey-books | https://www.crystalbrookcollection.com/blog-artevents","contact_link","https://www.crystalbrookcollection.com/vincent/events","Crystalbrook Vincent Event Spaces","Medium","Review linked page for contact/form/KP details."
"70","company_linkedin","3","LEAD-0181","Crystalbrook Collection","https://www.crystalbrookcollection.com/","3","https://www.crystalbrookcollection.com/bailey-books | https://www.crystalbrookcollection.com/blog-artevents","company_linkedin_url","https://au.linkedin.com/company/crystalbrookcollection","LinkedIn","Low","Use as a manual LinkedIn review URL; do not treat as verified direct contact until person/company fit is confirmed."
"66","supplier_or_procurement_page","3","LEAD-0181","Crystalbrook Collection","https://www.crystalbrookcollection.com/","3","https://www.crystalbrookcollection.com/bailey-books | https://www.crystalbrookcollection.com/blog-artevents","supplier_link","https://www.crystalbrookcollection.com/our-partners","Our Partners","Medium","Review linked page for contact/form/KP details."
"60","kp_context_hint","3","LEAD-0181","Crystalbrook Collection","https://www.crystalbrookcollection.com/","1","","role_context","founder","e Exploring the World's Best Hotel Bars and Australian Gems Read More Byron Bay Bound: Summer Packing Tips from Spell's Founders Read More When the Sun Goes Down: Cairns After Dusk Read More Budget to Balling: Must do Tropical Adventure Experiences Read more Tropical Islands Getaways Close to Cairns","Low","Use as a page-level KP hint; confirm person name/title before saving."
"60","kp_context_hint","3","LEAD-0181","Crystalbrook Collection","https://www.crystalbrookcollection.com/","3","https://www.crystalbrookcollection.com/bailey-books | https://www.crystalbrookcollection.com/blog-artevents","role_context","owner","eet Port Douglas, Queensland Crystalbrook Collection acknowledges the Traditional Aboriginal and Torres Strait Islander Owners of the land, sea and waters of the Australian continent, and recognise their custodianship of culture and Country for over 60,000 years. We acknowledge and extend our respec","Low","Use as a page-level KP hint; confirm person name/title before saving."
"50","kp_context_hint","3","LEAD-0181","Crystalbrook Collection","https://www.crystalbrookcollection.com/","1","","role_context","culinary","on a smorgasbord of tasty treats at Boardwalk Social. Take Me There Crystalbrook Vincent’s Restaurants and Bars Go on a culinary journey at Crystalbrook Vincent, starting with Mews, our charming neighbourhood spot where breakfast and brunch are more than just a meal. Then, soak up the sweeping river","Low","Use as a page-level KP hint; confirm person name/title before saving."
"50","kp_context_hint","3","LEAD-0181","Crystalbrook Collection","https://www.crystalbrookcollection.com/","3","https://www.crystalbrookcollection.com/bailey-books | https://www.crystalbrookcollection.com/blog-artevents","role_context","events","me Day Spa at Crystalbrook Flynn Eléme Day Spa at Crystalbrook Riley Byron Bay, NSW Eléme Day Spa at Crystalbrook Byron Events Meetings + Events Event Spaces + Venues Make an Enquiry Cairns Crystalbrook Bailey Event Spaces Crystalbrook Flynn Event Spaces Crystalbrook Riley Event Spaces Weddings in C","Low","Use as a page-level KP hint; confirm person name/title before saving."
"50","kp_context_hint","3","LEAD-0181","Crystalbrook Collection","https://www.crystalbrookcollection.com/","3","https://www.crystalbrookcollection.com/bailey-books | https://www.crystalbrookcollection.com/blog-artevents","role_context","management","Gift Cards Careers More Our Story Destinations Superyacht Marina Gallery Journal Awards Development Our Partners Hotel Management Agreements byron-contests Media Subscribe Sustainability Careers Contact Privacy © 2026 Crystalbrook Collection. All rights reserved. Booking Form Select Destination Des","Low","Use as a page-level KP hint; confirm person name/title before saving."
"50","kp_context_hint","3","LEAD-0181","Crystalbrook Collection","https://www.crystalbrookcollection.com/","2","https://www.crystalbrookcollection.com/blog-artevents","role_context","people","ry Because the little things make a big difference Travel with a lighter footprint We love our planet, its wildlife and people. We enjoy contemporary living through attitude, design, technology and a passion for a better, more sustainable world – what we call #responsibleluxury. We embrace environme","Low","Use as a page-level KP hint; confirm person name/title before saving."
"50","kp_context_hint","3","LEAD-0181","Crystalbrook Collection","https://www.crystalbrookcollection.com/","1","","role_context","team","us Heritage Read More Go on a sweet hunt at the top dessert places Brisbane has to offer Read More Our guide to sauna, steam and slowing down Read More View all articles Save 10% on hotels, restaurants and bars Join Crystalbrook Crowd Join Now Crystalbrook Riley 131-141 Esplanade Cairns, Queensland","Low","Use as a page-level KP hint; confirm person name/title before saving."
"45","manual_linkedin_search","3","LEAD-0181","Crystalbrook Collection","queue_public_linkedin_query","1","","linkedin_search_url","https://www.google.com/search?q=site%3Alinkedin.com%2Fin+%22Crystalbrook+Collection%22+Australia+director+OR+operations+OR+procurement","site:linkedin.com/in ""Crystalbrook Collection"" Australia director OR operations OR procurement","Low","Manual search URL for public LinkedIn result review; save only a matched personal/company URL with confidence notes."
"13","technical_status","3","LEAD-0181","Crystalbrook Collection","https://www.crystalbrookcollection.com/","1","","fetch_status","https://www.crystalbrookcollection.com/","","High","Fetch status: 200. Use only if page fetched successfully."
"13","technical_status","3","LEAD-0181","Crystalbrook Collection","https://www.crystalbrookcollection.com/bailey-books","1","","fetch_status","https://www.crystalbrookcollection.com/bailey-books","","High","Fetch status: 200. Use only if page fetched successfully."
"13","technical_status","3","LEAD-0181","Crystalbrook Collection","https://www.crystalbrookcollection.com/blog-artevents","1","","fetch_status","https://www.crystalbrookcollection.com/blog-artevents","","High","Fetch status: 200. Use only if page fetched successfully."
"98","phone_candidate","4","LEAD-0193","Meriton Suites","https://www.meritonsuites.com.au/","4","https://www.meritonsuites.com.au/contact-us/ | https://www.meritonsuites.com.au/latest-events/","phone","0800556691","0800 556 691","High","Tel link; save with source/confidence note and review again before outreach."
"98","phone_candidate","4","LEAD-0193","Meriton Suites","https://www.meritonsuites.com.au/","3","https://www.meritonsuites.com.au/contact-us/ | https://www.meritonsuites.com.au/latest-events/","phone","69115511281","(69 115 511 281)","High","Tel link; save with source/confidence note and review again before outreach."
"94","phone_candidate","4","LEAD-0193","Meriton Suites","https://www.meritonsuites.com.au/","7","https://www.meritonsuites.com.au/contact-us/ | https://www.meritonsuites.com.au/latest-events/","phone","+61 2 9277 1111","ditions Help Centre Support Australia 1800 214 822 New Zealand 0800 556 691 International +61 2 9277 1111 Contact Us Manage Reservation Prepayment Feedback Form Back to Top We acknowledge the Tra","Medium","Review whether this is company or person phone before saving."
"94","phone_candidate","4","LEAD-0193","Meriton Suites","https://www.meritonsuites.com.au/","7","https://www.meritonsuites.com.au/contact-us/ | https://www.meritonsuites.com.au/latest-events/","phone","1800 214 822","itions Eminence Become A Member Eminence Terms & Conditions Help Centre Support Australia 1800 214 822 New Zealand 0800 556 691 International +61 2 9277 1111 Contact Us Manage Reservation Prep","Medium","Review whether this is company or person phone before saving."
"88","team_or_about_page","4","LEAD-0193","Meriton Suites","https://www.meritonsuites.com.au/","3","https://www.meritonsuites.com.au/contact-us/ | https://www.meritonsuites.com.au/latest-events/","team_link","https://www.meritonsuites.com.au/leadership/","Leadership Team","Medium","Review linked page for contact/form/KP details."
"88","team_or_about_page","4","LEAD-0193","Meriton Suites","https://www.meritonsuites.com.au/","1","","team_link","https://www.meritonsuites.com.au/our-hotels/nsw/","It's all about the location","Medium","Review linked page for contact/form/KP details."
"72","company_contact_page","4","LEAD-0193","Meriton Suites","https://www.meritonsuites.com.au/","1","","contact_link","https://reservations.meritonsuites.com.au/?chain=12196&level=chain","Book Now","Medium","Review linked page for contact/form/KP details."
"72","company_contact_page","4","LEAD-0193","Meriton Suites","https://www.meritonsuites.com.au/","6","https://www.meritonsuites.com.au/contact-us/ | https://www.meritonsuites.com.au/latest-events/","contact_link","https://www.meritonsuites.com.au/contact-us/","Contact Us","Medium","Review linked page for contact/form/KP details."
"72","events_or_functions_contact","4","LEAD-0193","Meriton Suites","https://www.meritonsuites.com.au/","3","https://www.meritonsuites.com.au/contact-us/ | https://www.meritonsuites.com.au/latest-events/","contact_link","https://www.meritonsuites.com.au/latest-events/","Latest Events","Medium","Review linked page for contact/form/KP details."
"70","company_linkedin","4","LEAD-0193","Meriton Suites","https://www.meritonsuites.com.au/","2","https://www.meritonsuites.com.au/contact-us/","company_linkedin_url","https://www.linkedin.com/company/meritonsuites/","https://www.linkedin.com/company/meritonsuites/","Low","Use as a manual LinkedIn review URL; do not treat as verified direct contact until person/company fit is confirmed."
"60","kp_context_hint","4","LEAD-0193","Meriton Suites","https://www.meritonsuites.com.au/","3","https://www.meritonsuites.com.au/contact-us/ | https://www.meritonsuites.com.au/latest-events/","role_context","owner","our 6,210 hotel suites and signature Penthouse Collection suites across the country. We have become Australia’s largest owner and operator of apartment-style hotel accommodation, delivering professional service with stylish and modern facilities that anticipate our guests’ every comfort. Our hotel s","Low","Use as a page-level KP hint; confirm person name/title before saving."
"50","kp_context_hint","4","LEAD-0193","Meriton Suites","https://www.meritonsuites.com.au/","3","https://www.meritonsuites.com.au/contact-us/ | https://www.meritonsuites.com.au/latest-events/","role_context","events","s Hotel Accommodation Across Australia | Meriton Suites MENU MENU MENU MENU Our Hotels Our Hotels Special Offers Latest Events Our Story Contact Us Online Shop Book Now Check Availability Eminence Join to access exclusive member-only hotel rates. JOIN NOW Your perfect stay reimagined Discover our la","Low","Use as a page-level KP hint; confirm person name/title before saving."
"50","kp_context_hint","4","LEAD-0193","Meriton Suites","https://www.meritonsuites.com.au/","3","https://www.meritonsuites.com.au/contact-us/ | https://www.meritonsuites.com.au/latest-events/","role_context","leadership","ng Commission Corporate Accommodation Elevate Direct 2.0 Extended Stays Gift Cards Giveaway Ts & Cs Group Accommodation Leadership Team Meriton Suites Advantage Newly Renovated Our History Privacy Policy Promotional Conditions Social Media Guidelines Sustainability Terms & Conditions Eminence Become","Low","Use as a page-level KP hint; confirm person name/title before saving."
"50","kp_context_hint","4","LEAD-0193","Meriton Suites","https://www.meritonsuites.com.au/","1","","role_context","people","ys in Sydney Itinerary One of Australia’s most popular cities, Sydney is a buzzing metropolitan filled with interesting people, amazing sights, and delicious food. Whether you’re visiting sunny Sydney for a quick 48-hour layover or planning a luxurious weekend away, we’ve got the inside scoop on how","Low","Use as a page-level KP hint; confirm person name/title before saving."
"50","kp_context_hint","4","LEAD-0193","Meriton Suites","https://www.meritonsuites.com.au/","3","https://www.meritonsuites.com.au/contact-us/ | https://www.meritonsuites.com.au/latest-events/","role_context","team","on Corporate Accommodation Elevate Direct 2.0 Extended Stays Gift Cards Giveaway Ts & Cs Group Accommodation Leadership Team Meriton Suites Advantage Newly Renovated Our History Privacy Policy Promotional Conditions Social Media Guidelines Sustainability Terms & Conditions Eminence Become A Member E","Low","Use as a page-level KP hint; confirm person name/title before saving."
"45","manual_linkedin_search","4","LEAD-0193","Meriton Suites","queue_public_linkedin_query","1","","linkedin_search_url","https://www.google.com/search?q=site%3Alinkedin.com%2Fin+%22Meriton+Suites%22+Australia+director+OR+operations+OR+procurement","site:linkedin.com/in ""Meriton Suites"" Australia director OR operations OR procurement","Low","Manual search URL for public LinkedIn result review; save only a matched personal/company URL with confidence notes."
"13","technical_status","4","LEAD-0193","Meriton Suites","https://www.meritonsuites.com.au/","1","","fetch_status","https://www.meritonsuites.com.au/","","High","Fetch status: 200. Use only if page fetched successfully."
"13","technical_status","4","LEAD-0193","Meriton Suites","https://www.meritonsuites.com.au/contact-us/","1","","fetch_status","https://www.meritonsuites.com.au/contact-us/","","High","Fetch status: 200. Use only if page fetched successfully."
"13","technical_status","4","LEAD-0193","Meriton Suites","https://www.meritonsuites.com.au/latest-events/","1","","fetch_status","https://www.meritonsuites.com.au/latest-events/","","High","Fetch status: 200. Use only if page fetched successfully."
"98","phone_candidate","5","LEAD-0194","Ovolo Hotels Australia","https://ovolohotels.com/","3","https://ovolohotels.com/ask/ | https://ovolohotels.com/book-ovolo-concierge/","phone","%2B61+2+9331+9000","P +61 2 9331 9000","High","Tel link; save with source/confidence note and review again before outreach."
"98","phone_candidate","5","LEAD-0194","Ovolo Hotels Australia","https://ovolohotels.com/","3","https://ovolohotels.com/ask/ | https://ovolohotels.com/book-ovolo-concierge/","phone","%2B852+5705+5388","P +852 5705 5388","High","Tel link; save with source/confidence note and review again before outreach."
"94","phone_candidate","5","LEAD-0194","Ovolo Hotels Australia","https://ovolohotels.com/","3","https://ovolohotels.com/ask/ | https://ovolohotels.com/book-ovolo-concierge/","phone","+61 2 9331 9000","! Australia Ovolo Hotels Australia 6 Cowper Wharf Roadway, Woolloomooloo, NSW Australia P +61 2 9331 9000 Hong Kong 21st Floor 8 Wyndham Street, Central Hong Kong P +852 5705 5388 Join The Club B","Medium","Review whether this is company or person phone before saving."
"89","possible_key_person","5","LEAD-0194","Ovolo Hotels Australia","https://ovolohotels.com/","3","https://ovolohotels.com/ask/ | https://ovolohotels.com/book-ovolo-concierge/","key_person_name","Hong Kong Indonesia","events: sia Street 32 Kuta Social Club Offers ▾ Australia Hong Kong Indonesia Events ▾ All Event Spaces Corporate Events Weddings Long stay ▾ Australia Hong Kong Bali More ▾ Boo","Medium","Person name found near 'events' role. Verify person/company fit before saving to contacts."
"72","company_contact_page","5","LEAD-0194","Ovolo Hotels Australia","https://ovolohotels.com/","3","https://ovolohotels.com/ask/ | https://ovolohotels.com/book-ovolo-concierge/","contact_link","https://ovolohotels.com/ask/","Contact","Medium","Review linked page for contact/form/KP details."
"72","company_contact_page","5","LEAD-0194","Ovolo Hotels Australia","https://ovolohotels.com/","2","","contact_link","https://ovolohotels.com/book-ovolo-concierge/","/book-ovolo-concierge/","Medium","Review linked page for contact/form/KP details."
"72","company_contact_page","5","LEAD-0194","Ovolo Hotels Australia","https://ovolohotels.com/book-ovolo-concierge/","1","","contact_link","https://ovolohotels.com/book-ovolo-concierge/brisbane","","Medium","Review linked page for contact/form/KP details."
"72","company_contact_page","5","LEAD-0194","Ovolo Hotels Australia","https://ovolohotels.com/book-ovolo-concierge/","1","","contact_link","https://ovolohotels.com/book-ovolo-concierge/canberra","","Medium","Review linked page for contact/form/KP details."
"72","company_contact_page","5","LEAD-0194","Ovolo Hotels Australia","https://ovolohotels.com/book-ovolo-concierge/","1","","contact_link","https://ovolohotels.com/book-ovolo-concierge/melbourne","","Medium","Review linked page for contact/form/KP details."
"72","company_contact_page","5","LEAD-0194","Ovolo Hotels Australia","https://ovolohotels.com/book-ovolo-concierge/","1","","contact_link","https://ovolohotels.com/book-ovolo-concierge/sydney","","Medium","Review linked page for contact/form/KP details."
"72","company_contact_page","5","LEAD-0194","Ovolo Hotels Australia","https://ovolohotels.com/","3","https://ovolohotels.com/ask/ | https://ovolohotels.com/book-ovolo-concierge/","contact_link","https://ovolohotels.com/takin-care-of-business/","Corporate Enquiries","Medium","Review linked page for contact/form/KP details."
"72","company_contact_page","5","LEAD-0194","Ovolo Hotels Australia","https://ovolohotels.com/book-ovolo-concierge/","1","","contact_link","https://ovolohotels.com/tw/book-ovolo-concierge/","中文 (繁體)","Medium","Review linked page for contact/form/KP details."
"72","company_contact_page","5","LEAD-0194","Ovolo Hotels Australia","https://ovolohotels.com/","11","https://ovolohotels.com/ask/ | https://ovolohotels.com/book-ovolo-concierge/","contact_link","https://ovolohotels.com/why-book-direct/","Book Direct Promise","Medium","Review linked page for contact/form/KP details."
"72","company_contact_page","5","LEAD-0194","Ovolo Hotels Australia","https://ovolohotels.com/book-ovolo-concierge/","1","","contact_link","https://ovolohotels.com/zh/book-ovolo-concierge/","中文 (简体)","Medium","Review linked page for contact/form/KP details."
"72","events_or_functions_contact","5","LEAD-0194","Ovolo Hotels Australia","https://ovolohotels.com/","3","https://ovolohotels.com/ask/ | https://ovolohotels.com/book-ovolo-concierge/","contact_link","https://ovolohotels.com/events/","All Event Spaces","Medium","Review linked page for contact/form/KP details."
"72","events_or_functions_contact","5","LEAD-0194","Ovolo Hotels Australia","https://ovolohotels.com/","3","https://ovolohotels.com/ask/ | https://ovolohotels.com/book-ovolo-concierge/","contact_link","https://ovolohotels.com/events/corporate/","Corporate Events","Medium","Review linked page for contact/form/KP details."
"72","events_or_functions_contact","5","LEAD-0194","Ovolo Hotels Australia","https://ovolohotels.com/","3","https://ovolohotels.com/ask/ | https://ovolohotels.com/book-ovolo-concierge/","contact_link","https://ovolohotels.com/events/weddings/","Weddings","Medium","Review linked page for contact/form/KP details."
"70","company_linkedin","5","LEAD-0194","Ovolo Hotels Australia","https://ovolohotels.com/","3","https://ovolohotels.com/ask/ | https://ovolohotels.com/book-ovolo-concierge/","company_linkedin_url","https://www.linkedin.com/company/ovolo-group-hotels-&-serviced-apartments","https://www.linkedin.com/company/ovolo-group-hotels-&-serviced-apartments","Low","Use as a manual LinkedIn review URL; do not treat as verified direct contact until person/company fit is confirmed."
"50","kp_context_hint","5","LEAD-0194","Ovolo Hotels Australia","https://ovolohotels.com/","1","","role_context","crew","URF. SLEEP. REPEAT. Your ultimate wave-filled escape is here! Wake up to the sound of the ocean, ride with the Rip Curl crew, refuel at Kuta Social Club, chill in… Discover More Ovolo Concierge Book direct & unlock your all-access city pass to hidden bars, foodie faves, luxe spas, epic shows and tra","Low","Use as a page-level KP hint; confirm person name/title before saving."
"50","kp_context_hint","5","LEAD-0194","Ovolo Hotels Australia","https://ovolohotels.com/","3","https://ovolohotels.com/ask/ | https://ovolohotels.com/book-ovolo-concierge/","role_context","events","ia Bar Yarra Hong Kong Southside Cafe Bali, Indonesia Street 32 Kuta Social Club Offers ▾ Australia Hong Kong Indonesia Events ▾ All Event Spaces Corporate Events Weddings Long stay ▾ Australia Hong Kong Bali More ▾ Book Direct Promise Blog Careers Contact VIPooch Corporate Enquiries Sustainability","Low","Use as a page-level KP hint; confirm person name/title before saving."
"50","kp_context_hint","5","LEAD-0194","Ovolo Hotels Australia","https://ovolohotels.com/","1","","role_context","f&b","e The Overstay – 2 Nights TWO NIGHTS IS JUST THE BEGINNING Check in. Settle in. Stay out longer than you meant to. With F&B credit from $50 and Apero Hour every evening, The Overstay was… Discover More It Takes Two COMPLIMENTARY BREAKFAST, APERO HOUR, & LATE CHECKOUT. Book direct before June 30th fo","Low","Use as a page-level KP hint; confirm person name/title before saving."
"50","kp_context_hint","5","LEAD-0194","Ovolo Hotels Australia","https://ovolohotels.com/","3","https://ovolohotels.com/ask/ | https://ovolohotels.com/book-ovolo-concierge/","role_context","management","Mamaka by Ovolo Home Offers Why Book Direct Privacy Policy Website terms and conditions Blog Sitemap Owned by OMG Hotel Management Limited English 中文 (简体) 中文 (繁體)","Low","Use as a page-level KP hint; confirm person name/title before saving."
"50","kp_context_hint","5","LEAD-0194","Ovolo Hotels Australia","https://ovolohotels.com/","3","https://ovolohotels.com/ask/ | https://ovolohotels.com/book-ovolo-concierge/","role_context","people","By Ovolo Collective Hotels Each one unique, each one special. The more you explore, the more you’ll find. Which is why people come for the experience, and stay for the memories. Wonder. Full. Hong Kong The Aberdeen by Ovolo Melbourne, Australia Laneways By Ovolo, Melbourne Bali, Indonesia Mamaka by","Low","Use as a page-level KP hint; confirm person name/title before saving."
"45","manual_linkedin_search","5","LEAD-0194","Ovolo Hotels Australia","queue_public_linkedin_query","1","","linkedin_search_url","https://www.google.com/search?q=site%3Alinkedin.com%2Fin+%22Ovolo+Hotels+Australia%22+Australia+director+OR+operations+OR+procurement","site:linkedin.com/in ""Ovolo Hotels Australia"" Australia director OR operations OR procurement","Low","Manual search URL for public LinkedIn result review; save only a matched personal/company URL with confidence notes."
"13","technical_status","5","LEAD-0194","Ovolo Hotels Australia","https://ovolohotels.com/","1","","fetch_status","https://ovolohotels.com/","","High","Fetch status: 200. Use only if page fetched successfully."
"13","technical_status","5","LEAD-0194","Ovolo Hotels Australia","https://ovolohotels.com/ask/","1","","fetch_status","https://ovolohotels.com/ask/","","High","Fetch status: 200. Use only if page fetched successfully."
"13","technical_status","5","LEAD-0194","Ovolo Hotels Australia","https://ovolohotels.com/book-ovolo-concierge/","1","","fetch_status","https://ovolohotels.com/book-ovolo-concierge/","","High","Fetch status: 200. Use only if page fetched successfully."
"89","possible_key_person","6","LEAD-0176","Trader House","https://www.traderhouse.com.au/","3","https://www.traderhouse.com.au/about | https://www.traderhouse.com.au/contact-us","key_person_name","Wurundjeri Woi Wurrung","people: Trader House acknowledges and pays respect to the Wurundjeri Woi Wurrung people of the Kulin Nation and the Jagera people & Turrbal people of Meanjin, the Traditional Custo","Medium","Person name found near 'people' role. Verify person/company fit before saving to contacts."
"88","team_or_about_page","6","LEAD-0176","Trader House","https://www.traderhouse.com.au/","9","https://www.traderhouse.com.au/about | https://www.traderhouse.com.au/contact-us","team_link","https://www.traderhouse.com.au/about","About","Medium","Review linked page for contact/form/KP details."
"72","company_contact_page","6","LEAD-0176","Trader House","https://www.traderhouse.com.au/","3","https://www.traderhouse.com.au/about | https://www.traderhouse.com.au/contact-us","contact_link","https://www.traderhouse.com.au/contact-us","Contact us","Medium","Review linked page for contact/form/KP details."
"72","events_or_functions_contact","6","LEAD-0176","Trader House","https://www.traderhouse.com.au/","3","https://www.traderhouse.com.au/about | https://www.traderhouse.com.au/contact-us","contact_link","https://www.traderhouse.com.au/events","","Medium","Review linked page for contact/form/KP details."
"72","events_or_functions_contact","6","LEAD-0176","Trader House","https://www.traderhouse.com.au/","9","https://www.traderhouse.com.au/about | https://www.traderhouse.com.au/contact-us","contact_link","https://www.traderhouse.com.au/events-contact","","Medium","Review linked page for contact/form/KP details."
"66","supplier_or_procurement_page","6","LEAD-0176","Trader House","https://www.traderhouse.com.au/about","1","","supplier_link","https://www.traderhouse.com.au/venue-list/bar-miette","Click Here","Medium","Review linked page for contact/form/KP details."
"66","supplier_or_procurement_page","6","LEAD-0176","Trader House","https://www.traderhouse.com.au/about","1","","supplier_link","https://www.traderhouse.com.au/venue-list/supernormal-brisbane","Click Here","Medium","Review linked page for contact/form/KP details."
"60","kp_context_hint","6","LEAD-0176","Trader House","https://www.traderhouse.com.au/about","1","","role_context","owner","tation of each restaurant, bar and retail space are a testament to the vision and diligence of him and his team. Chef & Owner Andrew McConnell Born and raised in the city, Andrew McConnell is the quintessential Melburnian. With a profound passion for produce, cooking, eating, art and design, it’s no","Low","Use as a page-level KP hint; confirm person name/title before saving."
"50","kp_context_hint","6","LEAD-0176","Trader House","https://www.traderhouse.com.au/about","1","","role_context","culinary","Jo McGann. Ours are some of Melbourne’s most iconic and critically acclaimed establishments; they embody the values and culinary culture of Melbourne. They include award-winning restaurants, bars, a pub, a bakery & grocer and specialty butcheries. They are acclaimed locally and internationally for b","Low","Use as a page-level KP hint; confirm person name/title before saving."
"50","kp_context_hint","6","LEAD-0176","Trader House","https://www.traderhouse.com.au/","3","https://www.traderhouse.com.au/about | https://www.traderhouse.com.au/contact-us","role_context","events","Contact Us — Trader House Skip to Content Open Menu Close Menu About Venues Careers Events Event Spaces Contact Our Events Team Stories 0 0 0 0 About Venues Careers Events Event Spaces Contact Our Events Team Stories Open Menu Close Menu About Venues Careers Folde","Low","Use as a page-level KP hint; confirm person name/title before saving."
"50","kp_context_hint","6","LEAD-0176","Trader House","https://www.traderhouse.com.au/","3","https://www.traderhouse.com.au/about | https://www.traderhouse.com.au/contact-us","role_context","people","retail stores by Andrew McConnell & Jo McGann. Trader House acknowledges and pays respect to the Wurundjeri Woi Wurrung people of the Kulin Nation and the Jagera people & Turrbal people of Meanjin, the Traditional Custodians of the lands on which we live, cook, grow and create. We pay respect to the","Low","Use as a page-level KP hint; confirm person name/title before saving."
"50","kp_context_hint","6","LEAD-0176","Trader House","https://www.traderhouse.com.au/","3","https://www.traderhouse.com.au/about | https://www.traderhouse.com.au/contact-us","role_context","team","tact Us — Trader House Skip to Content Open Menu Close Menu About Venues Careers Events Event Spaces Contact Our Events Team Stories 0 0 0 0 About Venues Careers Events Event Spaces Contact Our Events Team Stories Open Menu Close Menu About Venues Careers Folder: Events Back Event Spaces Contact Our","Low","Use as a page-level KP hint; confirm person name/title before saving."
"45","manual_linkedin_search","6","LEAD-0176","Trader House","queue_public_linkedin_query","1","","linkedin_search_url","https://www.google.com/search?q=site%3Alinkedin.com%2Fin+%22Trader+House%22+Australia+director+OR+operations+OR+procurement","site:linkedin.com/in ""Trader House"" Australia director OR operations OR procurement","Low","Manual search URL for public LinkedIn result review; save only a matched personal/company URL with confidence notes."
"13","technical_status","6","LEAD-0176","Trader House","https://www.traderhouse.com.au/","1","","fetch_status","https://www.traderhouse.com.au/","","High","Fetch status: 200. Use only if page fetched successfully."
"13","technical_status","6","LEAD-0176","Trader House","https://www.traderhouse.com.au/about","1","","fetch_status","https://www.traderhouse.com.au/about","","High","Fetch status: 200. Use only if page fetched successfully."
"13","technical_status","6","LEAD-0176","Trader House","https://www.traderhouse.com.au/contact-us","1","","fetch_status","https://www.traderhouse.com.au/contact-us","","High","Fetch status: 200. Use only if page fetched successfully."
"102","official_form_candidate","7","LEAD-0180","AB Hotels","https://www.abhotels.com.au/contact","1","","contact_form","https://www.abhotels.com.au/contact","contact_form form method=unknown action=current page First name * Email * Phone Subject * Write a message * Send","High","Official page contains a form; save as company_contact_form_url only if it is a contact/enquiry form, not only a booking widget."
"88","team_or_about_page","7","LEAD-0180","AB Hotels","https://www.abhotels.com.au/","3","https://www.abhotels.com.au/about | https://www.abhotels.com.au/contact","team_link","https://www.abhotels.com.au/about","https://www.abhotels.com.au/about","Medium","Review linked page for contact/form/KP details."
"72","company_contact_page","7","LEAD-0180","AB Hotels","https://www.abhotels.com.au/","3","https://www.abhotels.com.au/about | https://www.abhotels.com.au/contact","contact_link","https://www.abhotels.com.au/contact","https://www.abhotels.com.au/contact","Medium","Review linked page for contact/form/KP details."
"50","kp_context_hint","7","LEAD-0180","AB Hotels","https://www.abhotels.com.au/","2","https://www.abhotels.com.au/about","role_context","people","tality & good times collide Proudly Pouring Hospitality AB Hotels is built on the belief that good hospitality connects people, enriches neighbourhoods, and supports local culture. Our Venues Harwood Hotel Harwood, NSW, 2465 HARWOOD Kent St Hotel Sydney CBD, NSW, 2000 KENT ST Valla Beach Tavern Vall","Low","Use as a page-level KP hint; confirm person name/title before saving."
"45","manual_linkedin_search","7","LEAD-0180","AB Hotels","queue_public_linkedin_query","1","","linkedin_search_url","https://www.google.com/search?q=site%3Alinkedin.com%2Fin+%22AB+Hotels%22+Australia+director+OR+operations+OR+procurement","site:linkedin.com/in ""AB Hotels"" Australia director OR operations OR procurement","Low","Manual search URL for public LinkedIn result review; save only a matched personal/company URL with confidence notes."
"13","technical_status","7","LEAD-0180","AB Hotels","https://www.abhotels.com.au/","1","","fetch_status","https://www.abhotels.com.au/","","High","Fetch status: 200. Use only if page fetched successfully."
"13","technical_status","7","LEAD-0180","AB Hotels","https://www.abhotels.com.au/about","1","","fetch_status","https://www.abhotels.com.au/about","","High","Fetch status: 200. Use only if page fetched successfully."
"13","technical_status","7","LEAD-0180","AB Hotels","https://www.abhotels.com.au/contact","1","","fetch_status","https://www.abhotels.com.au/contact","","High","Fetch status: 200. Use only if page fetched successfully."
"108","company_email","8","LEAD-0120","ALH Group","https://www.alhgroup.com.au/contact","2","","email","merchandisingteam@alhgroup.com.au","Pty Ltd ACN: 098 212 134 Media enquiries : media@edg.com.au Beverage Supplier Enquiries : merchandisingteam@alhgroup.com.au Alternatively, you can contact us using the form provided. General Enquiries Top NEWS Con","High","Review whether this is company, department, or person email before saving."
"88","team_or_about_page","8","LEAD-0120","ALH Group","https://www.alhgroup.com.au/","6","https://www.alhgroup.com.au/about | https://www.alhgroup.com.au/contact","team_link","https://www.alhgroup.com.au/about","","Medium","Review linked page for contact/form/KP details."
"88","team_or_about_page","8","LEAD-0120","ALH Group","https://www.alhgroup.com.au/","3","https://www.alhgroup.com.au/about | https://www.alhgroup.com.au/contact","team_link","https://www.alhgroup.com.au/responsible-service-of-gaming","Learn about our approach","Medium","Review linked page for contact/form/KP details."
"72","company_contact_page","8","LEAD-0120","ALH Group","https://www.alhgroup.com.au/","6","https://www.alhgroup.com.au/about | https://www.alhgroup.com.au/contact","contact_link","https://www.alhgroup.com.au/contact","General Enquiries","Medium","Review linked page for contact/form/KP details."
"72","events_or_functions_contact","8","LEAD-0120","ALH Group","https://www.alhgroup.com.au/","6","https://www.alhgroup.com.au/about | https://www.alhgroup.com.au/contact","contact_link","https://www.alhgroup.com.au/functions","","Medium","Review linked page for contact/form/KP details."
"70","company_linkedin","8","LEAD-0120","ALH Group","https://www.alhgroup.com.au/","3","https://www.alhgroup.com.au/about | https://www.alhgroup.com.au/contact","company_linkedin_url","https://au.linkedin.com/company/alhhotels","","Low","Use as a manual LinkedIn review URL; do not treat as verified direct contact until person/company fit is confirmed."
"50","kp_context_hint","8","LEAD-0120","ALH Group","https://www.alhgroup.com.au/about","1","","role_context","operations",". We employ over 15,000 people across Australia at more than 350 licensed venues. Our main business activities are: Pub operations such as bar, food, accommodation, functions and entertainment. Property development. We acquire, redevelop, and refurbish venues to optimise our portfolio and offer stat","Low","Use as a page-level KP hint; confirm person name/title before saving."
"50","kp_context_hint","8","LEAD-0120","ALH Group","https://www.alhgroup.com.au/","2","https://www.alhgroup.com.au/about","role_context","people","0 accommodation rooms Sponsor over 800 clubs nationally Spend over $30M p.a. on bands, acts and DJ’s Employ over 12,000 people Recent news from ALH Hotels News PARMA WEEK RAISES $28,186 FOR THE ROYAL CHILDREN’S HOSPITAL GOOD FRIDAY APPEAL In our 16th year of support for the Good Friday Appeal, Parma","Low","Use as a page-level KP hint; confirm person name/title before saving."
"50","kp_context_hint","8","LEAD-0120","ALH Group","https://www.alhgroup.com.au/","3","https://www.alhgroup.com.au/about | https://www.alhgroup.com.au/contact","role_context","team","Contact — ALH Group Home Our Story About History News Brands Careers Join The Team Apprenticeships Venues What We Do Accommodation Bars Entertainment Food Functions Gaming Community Responsible Service Responsible Service Responsible Service of Alcohol Respo","Low","Use as a page-level KP hint; confirm person name/title before saving."
"48","low_value_company_email","8","LEAD-0120","ALH Group","https://www.alhgroup.com.au/contact","2","","email","media@edg.com.au","fety & Health Player Protect Contact ALH Group Pty Ltd ACN: 098 212 134 Media enquiries : media@edg.com.au Beverage Supplier Enquiries : merchandisingteam@alhgroup.com.au Alternatively, you can co","High","Review whether this is company, department, or person email before saving."
"45","manual_linkedin_search","8","LEAD-0120","ALH Group","queue_public_linkedin_query","1","","linkedin_search_url","https://www.google.com/search?q=site%3Alinkedin.com%2Fin+%22ALH+Group%22+Australia+director+OR+operations+OR+procurement","site:linkedin.com/in ""ALH Group"" Australia director OR operations OR procurement","Low","Manual search URL for public LinkedIn result review; save only a matched personal/company URL with confidence notes."
"13","technical_status","8","LEAD-0120","ALH Group","https://www.alhgroup.com.au/","1","","fetch_status","https://www.alhgroup.com.au/","","High","Fetch status: 200. Use only if page fetched successfully."
"13","technical_status","8","LEAD-0120","ALH Group","https://www.alhgroup.com.au/about","1","","fetch_status","https://www.alhgroup.com.au/about","","High","Fetch status: 200. Use only if page fetched successfully."
"13","technical_status","8","LEAD-0120","ALH Group","https://www.alhgroup.com.au/contact","1","","fetch_status","https://www.alhgroup.com.au/contact","","High","Fetch status: 200. Use only if page fetched successfully."
"72","company_contact_page","9","LEAD-0119","Signature Hospitality Group","https://www.signaturehospitalitygroup.com.au/","6","https://www.signaturehospitalitygroup.com.au/contact/ | https://www.signaturehospitalitygroup.com.au/functions/","contact_link","https://www.signaturehospitalitygroup.com.au/contact/","/contact/","Medium","Review linked page for contact/form/KP details."
"72","events_or_functions_contact","9","LEAD-0119","Signature Hospitality Group","https://www.signaturehospitalitygroup.com.au/","6","https://www.signaturehospitalitygroup.com.au/contact/ | https://www.signaturehospitalitygroup.com.au/functions/","contact_link","https://www.signaturehospitalitygroup.com.au/functions/","Functions and Events","Medium","Review linked page for contact/form/KP details."
"70","company_linkedin","9","LEAD-0119","Signature Hospitality Group","https://www.signaturehospitalitygroup.com.au/","4","https://www.signaturehospitalitygroup.com.au/contact/ | https://www.signaturehospitalitygroup.com.au/functions/","company_linkedin_url","https://www.linkedin.com/company/signature-hospitality-group/","https://www.linkedin.com/company/signature-hospitality-group/","Low","Use as a manual LinkedIn review URL; do not treat as verified direct contact until person/company fit is confirmed."
"50","kp_context_hint","9","LEAD-0119","Signature Hospitality Group","https://www.signaturehospitalitygroup.com.au/","3","https://www.signaturehospitalitygroup.com.au/contact/ | https://www.signaturehospitalitygroup.com.au/functions/","role_context","events","Signature Hospitality Group | Home to Australia’s Leading Restaurant Brands Our Brands Careers Functions and Events Franchise Contact Better Together with Signature Hospitality Group We’re Australia’s leading hospitality network, creating unforgettable dining and entertainment experiences","Low","Use as a page-level KP hint; confirm person name/title before saving."
"50","kp_context_hint","9","LEAD-0119","Signature Hospitality Group","https://www.signaturehospitalitygroup.com.au/","2","https://www.signaturehospitalitygroup.com.au/functions/","role_context","people","orgettable dining and entertainment experiences through our iconic brands. From big games to casual catch-ups, we bring people together for moments to remember. Explore Careers Meet Our Brands Our Brands Four unique experiences. One shared purpose: to connect people through great food, drinks, and e","Low","Use as a page-level KP hint; confirm person name/title before saving."
"50","kp_context_hint","9","LEAD-0119","Signature Hospitality Group","https://www.signaturehospitalitygroup.com.au/contact/","2","https://www.signaturehospitalitygroup.com.au/functions/","role_context","team","Incredible Brands From partnership opportunities and private functions to careers and reservations, our dedicated brand teams are ready to help. The Sporting Globe Your go-to sports bar and grill for live entertainment and unforgettable game-day vibes. Get in touch TGI Fridays Classic American dinin","Low","Use as a page-level KP hint; confirm person name/title before saving."
"45","manual_linkedin_search","9","LEAD-0119","Signature Hospitality Group","queue_public_linkedin_query","1","","linkedin_search_url","https://www.google.com/search?q=site%3Alinkedin.com%2Fin+%22Signature+Hospitality+Group%22+Australia+director+OR+operations+OR+procurement","site:linkedin.com/in ""Signature Hospitality Group"" Australia director OR operations OR procurement","Low","Manual search URL for public LinkedIn result review; save only a matched personal/company URL with confidence notes."
"13","technical_status","9","LEAD-0119","Signature Hospitality Group","https://www.signaturehospitalitygroup.com.au/","1","","fetch_status","https://www.signaturehospitalitygroup.com.au/","","High","Fetch status: 200. Use only if page fetched successfully."
"13","technical_status","9","LEAD-0119","Signature Hospitality Group","https://www.signaturehospitalitygroup.com.au/contact/","1","","fetch_status","https://www.signaturehospitalitygroup.com.au/contact/","","High","Fetch status: 200. Use only if page fetched successfully."
"13","technical_status","9","LEAD-0119","Signature Hospitality Group","https://www.signaturehospitalitygroup.com.au/functions/","1","","fetch_status","https://www.signaturehospitalitygroup.com.au/functions/","","High","Fetch status: 200. Use only if page fetched successfully."
"88","team_or_about_page","10","LEAD-0117","Bentley Restaurant Group","https://www.bentleyrestaurantgroup.com.au/","9","https://www.bentleyrestaurantgroup.com.au/about-us | https://www.bentleyrestaurantgroup.com.au/about-us-1","team_link","https://www.bentleyrestaurantgroup.com.au/about-us","About Us","Medium","Review linked page for contact/form/KP details."
"88","team_or_about_page","10","LEAD-0117","Bentley Restaurant Group","https://www.bentleyrestaurantgroup.com.au/","3","https://www.bentleyrestaurantgroup.com.au/about-us | https://www.bentleyrestaurantgroup.com.au/about-us-1","team_link","https://www.bentleyrestaurantgroup.com.au/about-us-1","About Us","Medium","Review linked page for contact/form/KP details."
"72","company_contact_page","10","LEAD-0117","Bentley Restaurant Group","https://www.bentleyrestaurantgroup.com.au/","12","https://www.bentleyrestaurantgroup.com.au/about-us | https://www.bentleyrestaurantgroup.com.au/about-us-1","contact_link","https://www.bentleyrestaurantgroup.com.au/contact","Contact","Medium","Review linked page for contact/form/KP details."
"72","events_or_functions_contact","10","LEAD-0117","Bentley Restaurant Group","https://www.bentleyrestaurantgroup.com.au/","12","https://www.bentleyrestaurantgroup.com.au/about-us | https://www.bentleyrestaurantgroup.com.au/about-us-1","contact_link","https://www.bentleyrestaurantgroup.com.au/events-spaces","Events & Spaces","Medium","Review linked page for contact/form/KP details."
"70","company_linkedin","10","LEAD-0117","Bentley Restaurant Group","https://www.bentleyrestaurantgroup.com.au/","3","https://www.bentleyrestaurantgroup.com.au/about-us | https://www.bentleyrestaurantgroup.com.au/about-us-1","company_linkedin_url","https://au.linkedin.com/company/the-bentley-restaurant-group","","Low","Use as a manual LinkedIn review URL; do not treat as verified direct contact until person/company fit is confirmed."
"60","kp_context_hint","10","LEAD-0117","Bentley Restaurant Group","https://www.bentleyrestaurantgroup.com.au/about-us","2","https://www.bentleyrestaurantgroup.com.au/about-us-1","role_context","owner","Gift Cards What's On About Us Contact Reservations About Us Chef Brent Savage and Sommelier Nick Hildebrandt are the co-owners of The Bentley Group. One of Australia’s most respected and influential chefs, Brent Savage has a reputation for exciting, cutting edge food, clever technique and a unique m","Low","Use as a page-level KP hint; confirm person name/title before saving."
"50","kp_context_hint","10","LEAD-0117","Bentley Restaurant Group","https://www.bentleyrestaurantgroup.com.au/","3","https://www.bentleyrestaurantgroup.com.au/about-us | https://www.bentleyrestaurantgroup.com.au/about-us-1","role_context","events","staurant Group Sydney 0 Skip to Content Our Restaurants Bentley Restaurant + Bar King Clarence Eleven Barrack Watermans Events & Spaces Gift Cards What's On About Us Contact Reservations Open Menu Close Menu Reservations Our Restaurants Bentley Restaurant + Bar King Clarence Eleven Barrack Watermans","Low","Use as a page-level KP hint; confirm person name/title before saving."
"50","kp_context_hint","10","LEAD-0117","Bentley Restaurant Group","https://www.bentleyrestaurantgroup.com.au/","1","","role_context","team","at home. Shop Now WORK WITH US The Bentley Group is on the lookout for passionate hospitality professionals to join our team, who we consider to be amongst the industry’s best and brightest. With opportunities for career development throughout the group, competitive salaries and generous company dis","Low","Use as a page-level KP hint; confirm person name/title before saving."
"48","low_value_company_email","10","LEAD-0117","Bentley Restaurant Group","https://www.bentleyrestaurantgroup.com.au/","1","","email","careers@thebentely.com.au","","High","Mailto link; save with source/confidence note and review again before outreach."
"48","low_value_company_email","10","LEAD-0117","Bentley Restaurant Group","https://www.bentleyrestaurantgroup.com.au/","1","","email","careers@thebentley.com.au","d generous company discounts, we welcome your expression of interest. Send your resume to careers@thebentley.com.au OUR GIFT CARDS Gift a memorable experience at one of our restaurants. Shop Our Gift Cards","High","Review whether this is company, department, or person email before saving."
"45","manual_linkedin_search","10","LEAD-0117","Bentley Restaurant Group","queue_public_linkedin_query","1","","linkedin_search_url","https://www.google.com/search?q=site%3Alinkedin.com%2Fin+%22Bentley+Restaurant+Group%22+Australia+director+OR+operations+OR+procurement","site:linkedin.com/in ""Bentley Restaurant Group"" Australia director OR operations OR procurement","Low","Manual search URL for public LinkedIn result review; save only a matched personal/company URL with confidence notes."
"13","technical_status","10","LEAD-0117","Bentley Restaurant Group","https://www.bentleyrestaurantgroup.com.au/","1","","fetch_status","https://www.bentleyrestaurantgroup.com.au/","","High","Fetch status: 200. Use only if page fetched successfully."
"13","technical_status","10","LEAD-0117","Bentley Restaurant Group","https://www.bentleyrestaurantgroup.com.au/about-us","1","","fetch_status","https://www.bentleyrestaurantgroup.com.au/about-us","","High","Fetch status: 200. Use only if page fetched successfully."
"13","technical_status","10","LEAD-0117","Bentley Restaurant Group","https://www.bentleyrestaurantgroup.com.au/about-us-1","1","","fetch_status","https://www.bentleyrestaurantgroup.com.au/about-us-1","","High","Fetch status: 200. Use only if page fetched successfully."
"108","company_email","11","LEAD-0118","Gambaro Group","https://gambarogroup.com.au/contact/","1","","email","ce@gambaro.com.au","and Event enquiries, please contact us via email or phone. Phone: +6107 3369 9500 Email: ce@gambaro.com.au For General and Media enquiries, please contact us via email or phone. Phone: +6107 3369","High","Review whether this is company, department, or person email before saving."
"88","team_or_about_page","11","LEAD-0118","Gambaro Group","https://gambarogroup.com.au/","10","https://gambarogroup.com.au/about/ | https://gambarogroup.com.au/contact/","team_link","https://gambarogroup.com.au/about/","https://gambarogroup.com.au/about/","Medium","Review linked page for contact/form/KP details."
"72","company_contact_page","11","LEAD-0118","Gambaro Group","https://gambarogroup.com.au/","11","https://gambarogroup.com.au/about/ | https://gambarogroup.com.au/contact/","contact_link","https://gambarogroup.com.au/contact/","https://gambarogroup.com.au/contact/","Medium","Review linked page for contact/form/KP details."
"70","company_linkedin","11","LEAD-0118","Gambaro Group","https://gambarogroup.com.au/","3","https://gambarogroup.com.au/about/ | https://gambarogroup.com.au/contact/","company_linkedin_url","https://au.linkedin.com/company/gambaro-pty-ltd","https://au.linkedin.com/company/gambaro-pty-ltd","Low","Use as a manual LinkedIn review URL; do not treat as verified direct contact until person/company fit is confirmed."
"60","kp_context_hint","11","LEAD-0118","Gambaro Group","https://gambarogroup.com.au/","1","","role_context","director","at goes above and beyond. And striving as a whole to improve everyday. These are the keys to our success.” John Gambaro Director, Gambaro Group. Looking for an Event Space? Contact us About Contact Privacy Policy Cookies Policy Terms & Conditions Copyright © 2026 Gambaro Group Scroll to Top","Low","Use as a page-level KP hint; confirm person name/title before saving."
"50","kp_context_hint","11","LEAD-0118","Gambaro Group","https://gambarogroup.com.au/","2","https://gambarogroup.com.au/about/","role_context","events","er and city skyline, exquisite Italian cuisine, and excellent service, Persone is your ultimate destination for special events, corporate functions and social gatherings. Immerse yourself in a truly Italian dining experience, where fresh bread and pasta is made on site everyday. Find out more Pipi’s","Low","Use as a page-level KP hint; confirm person name/title before saving."
"50","kp_context_hint","11","LEAD-0118","Gambaro Group","https://gambarogroup.com.au/about/","1","","role_context","projects","ure venues we have planned for our customers. Below is a summary of some of our key historical milestones, and upcoming projects. Scroll down and wait for loading…. 1937 Michele Gambaro Michele Gambaro was born in Falerna, Calabria in Italy. 1950-53 Family settles in Australia Michele moves to Austr","Low","Use as a page-level KP hint; confirm person name/title before saving."
"50","kp_context_hint","11","LEAD-0118","Gambaro Group","https://gambarogroup.com.au/about/","1","","role_context","staff","ralia. In addition to this, the Group has an unending commitment to employing and training both local and international staff to the highest levels, with the newly established Gambaro Training Academy – to ensure the future of quality hospitality in Brisbane and beyond. Historical Timeline Gambaro G","Low","Use as a page-level KP hint; confirm person name/title before saving."
"50","kp_context_hint","11","LEAD-0118","Gambaro Group","https://gambarogroup.com.au/","1","","role_context","team","area, taking in the beautiful views. Find out more We help bring your event to life Looking for an inspiring venue and team to bring your event to fruition? With a multitude of event spaces, private dining options, and beautiful views, contact the experts in events, conferences, formals, weddings a","Low","Use as a page-level KP hint; confirm person name/title before saving."
"48","low_value_company_email","11","LEAD-0118","Gambaro Group","https://gambarogroup.com.au/contact/","1","","email","marketing@gambaro.com.au","and Media enquiries, please contact us via email or phone. Phone: +6107 3369 9500 Email: marketing@gambaro.com.au Gambaro Group, 36 Caxton Street, Petrie Terrace Brisbane, QLD 4000. About Contact Privacy","High","Review whether this is company, department, or person email before saving."
"45","manual_linkedin_search","11","LEAD-0118","Gambaro Group","queue_public_linkedin_query","1","","linkedin_search_url","https://www.google.com/search?q=site%3Alinkedin.com%2Fin+%22Gambaro+Group%22+Australia+director+OR+operations+OR+procurement","site:linkedin.com/in ""Gambaro Group"" Australia director OR operations OR procurement","Low","Manual search URL for public LinkedIn result review; save only a matched personal/company URL with confidence notes."
"13","technical_status","11","LEAD-0118","Gambaro Group","https://gambarogroup.com.au/","1","","fetch_status","https://gambarogroup.com.au/","","High","Fetch status: 200. Use only if page fetched successfully."
"13","technical_status","11","LEAD-0118","Gambaro Group","https://gambarogroup.com.au/about/","1","","fetch_status","https://gambarogroup.com.au/about/","","High","Fetch status: 200. Use only if page fetched successfully."
"13","technical_status","11","LEAD-0118","Gambaro Group","https://gambarogroup.com.au/contact/","1","","fetch_status","https://gambarogroup.com.au/contact/","","High","Fetch status: 200. Use only if page fetched successfully."
"89","possible_key_person","12","AU-0203","ahs hospitality","https://ahshospitality.com.au","1","","key_person_name","Building Stronger","team: nvironmental outcomes and operational efficiency. Building Stronger Teams Through Inclusion in Cultural Diversity Week By Camilla Yang • March 24, 2026 At ahs hospital","Medium","Person name found near 'team' role. Verify person/company fit before saving to contacts."
"89","possible_key_person","12","AU-0203","ahs hospitality","https://www.ahshospitality.com.au/about-us","1","","key_person_name","Recruit Global","staff: aland 2015 ahs hospitality became a subsidiary of Recruit Global Staffing 2020 Expansion of our services into short term labour hire Our Reach With offices and seni","Medium","Person name found near 'staff' role. Verify person/company fit before saving to contacts."
"89","possible_key_person","12","AU-0203","ahs hospitality","https://ahshospitality.com.au","1","","key_person_name","Sample Logo What","people: o Sample Logo Sample Logo Sample Logo Sample Logo Sample Logo What People Say About Us! Read Our Blogs Sustainable Cleaning Starts with Small Changes By Camilla Yang","Medium","Person name found near 'people' role. Verify person/company fit before saving to contacts."
"88","team_or_about_page","12","AU-0203","ahs hospitality","https://ahshospitality.com.au","13","https://www.ahshospitality.com.au/about-us | https://www.ahshospitality.com.au/about-us/our-group","team_link","https://www.ahshospitality.com.au/about-us","","Medium","Review linked page for contact/form/KP details."
"88","team_or_about_page","12","AU-0203","ahs hospitality","https://ahshospitality.com.au","6","https://www.ahshospitality.com.au/about-us | https://www.ahshospitality.com.au/about-us/our-group","team_link","https://www.ahshospitality.com.au/about-us/our-group","","Medium","Review linked page for contact/form/KP details."
"88","team_or_about_page","12","AU-0203","ahs hospitality","https://ahshospitality.com.au","7","https://www.ahshospitality.com.au/about-us | https://www.ahshospitality.com.au/about-us/our-group","team_link","https://www.ahshospitality.com.au/about-us/our-partners","","Medium","Review linked page for contact/form/KP details."
"88","team_or_about_page","12","AU-0203","ahs hospitality","https://ahshospitality.com.au","7","https://www.ahshospitality.com.au/about-us | https://www.ahshospitality.com.au/about-us/our-group","team_link","https://www.ahshospitality.com.au/about-us/sustainability-esg","","Medium","Review linked page for contact/form/KP details."
"88","team_or_about_page","12","AU-0203","ahs hospitality","https://ahshospitality.com.au","2","","team_link","https://www.ahshospitality.com.au/building-stronger-teams-through-inclusion-in-cultural-diversity-week","Building Stronger Teams Through Inclusion in Cultural Diversity Week","Medium","Review linked page for contact/form/KP details."
"88","team_or_about_page","12","AU-0203","ahs hospitality","https://ahshospitality.com.au","6","https://www.ahshospitality.com.au/about-us | https://www.ahshospitality.com.au/about-us/our-group","team_link","https://www.ahshospitality.com.au/leadership","","Medium","Review linked page for contact/form/KP details."
"88","team_or_about_page","12","AU-0203","ahs hospitality","https://ahshospitality.com.au","6","https://www.ahshospitality.com.au/about-us | https://www.ahshospitality.com.au/about-us/our-group","team_link","https://www.ahshospitality.com.au/team-testimonials","","Medium","Review linked page for contact/form/KP details."
"72","company_contact_page","12","AU-0203","ahs hospitality","https://ahshospitality.com.au","14","https://www.ahshospitality.com.au/about-us | https://www.ahshospitality.com.au/about-us/our-group","contact_link","https://www.ahshospitality.com.au/contact-us","","Medium","Review linked page for contact/form/KP details."
"72","company_contact_page","12","AU-0203","ahs hospitality","https://ahshospitality.com.au","6","https://www.ahshospitality.com.au/about-us | https://www.ahshospitality.com.au/about-us/our-group","contact_link","https://www.ahshospitality.com.au/contact-us/auckland","","Medium","Review linked page for contact/form/KP details."
"72","company_contact_page","12","AU-0203","ahs hospitality","https://ahshospitality.com.au","6","https://www.ahshospitality.com.au/about-us | https://www.ahshospitality.com.au/about-us/our-group","contact_link","https://www.ahshospitality.com.au/contact-us/christchurch","","Medium","Review linked page for contact/form/KP details."
"72","company_contact_page","12","AU-0203","ahs hospitality","https://ahshospitality.com.au","6","https://www.ahshospitality.com.au/about-us | https://www.ahshospitality.com.au/about-us/our-group","contact_link","https://www.ahshospitality.com.au/contact-us/nsw-and-act","","Medium","Review linked page for contact/form/KP details."
"72","company_contact_page","12","AU-0203","ahs hospitality","https://ahshospitality.com.au","6","https://www.ahshospitality.com.au/about-us | https://www.ahshospitality.com.au/about-us/our-group","contact_link","https://www.ahshospitality.com.au/contact-us/qld-and-nt","","Medium","Review linked page for contact/form/KP details."
"72","company_contact_page","12","AU-0203","ahs hospitality","https://ahshospitality.com.au","6","https://www.ahshospitality.com.au/about-us | https://www.ahshospitality.com.au/about-us/our-group","contact_link","https://www.ahshospitality.com.au/contact-us/sa","","Medium","Review linked page for contact/form/KP details."
"72","company_contact_page","12","AU-0203","ahs hospitality","https://ahshospitality.com.au","9","https://www.ahshospitality.com.au/about-us | https://www.ahshospitality.com.au/about-us/our-group","contact_link","https://www.ahshospitality.com.au/contact-us/sales-and-marketing","","Medium","Review linked page for contact/form/KP details."
"72","company_contact_page","12","AU-0203","ahs hospitality","https://ahshospitality.com.au","6","https://www.ahshospitality.com.au/about-us | https://www.ahshospitality.com.au/about-us/our-group","contact_link","https://www.ahshospitality.com.au/contact-us/vic-and-tas","","Medium","Review linked page for contact/form/KP details."
"72","company_contact_page","12","AU-0203","ahs hospitality","https://ahshospitality.com.au","6","https://www.ahshospitality.com.au/about-us | https://www.ahshospitality.com.au/about-us/our-group","contact_link","https://www.ahshospitality.com.au/contact-us/wa","","Medium","Review linked page for contact/form/KP details."
"70","company_linkedin","12","AU-0203","ahs hospitality","https://ahshospitality.com.au","3","https://www.ahshospitality.com.au/about-us | https://www.ahshospitality.com.au/about-us/our-group","company_linkedin_url","https://www.linkedin.com/company/ahs-hospitality","","Low","Use as a manual LinkedIn review URL; do not treat as verified direct contact until person/company fit is confirmed."
"60","kp_context_hint","12","AU-0203","ahs hospitality","https://ahshospitality.com.au","3","https://www.ahshospitality.com.au/about-us | https://www.ahshospitality.com.au/about-us/our-group","role_context","owner","fo@ahshospitality.com.au Level 16, 570 Bourke St, Melbourne.3000 Follow Us ahs hospitality acknowledges the Traditional Owners of Country. We pay our respects to the Aboriginal and Torres Strait Islander cultures, and to elders past and present, whose land we stand upon today. ahs hospitality | All","Low","Use as a page-level KP hint; confirm person name/title before saving."
"50","kp_context_hint","12","AU-0203","ahs hospitality","https://ahshospitality.com.au","3","https://www.ahshospitality.com.au/about-us | https://www.ahshospitality.com.au/about-us/our-group","role_context","leadership","Australian Hospitality Services Provider | ahs hospitality About Us Sustainability (ESG) Our Leadership Our Partners Our Group Our Services Outsourced Housekeeping Services Labour Hire Solution Commercial Cleaning Service Student Accommodation Service Hospitality Our Guara","Low","Use as a page-level KP hint; confirm person name/title before saving."
"50","kp_context_hint","12","AU-0203","ahs hospitality","https://www.ahshospitality.com.au/about-us","1","","role_context","management","of Recruit Global Staffing 2020 Expansion of our services into short term labour hire Our Reach With offices and senior management throughout Australia and New Zealand, we are always nearby to provide support. Contact Us Our Partners Sample Logo Sample Logo Sample Logo Sample Logo Sample Logo Sample","Low","Use as a page-level KP hint; confirm person name/title before saving."
"50","kp_context_hint","12","AU-0203","ahs hospitality","https://ahshospitality.com.au","1","","role_context","operations","meaningful change. In housekeeping and commercial cleaning services, practical sustainability can be embedded in daily operations through smarter resource use, reduced waste, and continuous improvements that support both environmental outcomes and operational efficiency. Building Stronger Teams Thr","Low","Use as a page-level KP hint; confirm person name/title before saving."
"50","kp_context_hint","12","AU-0203","ahs hospitality","https://ahshospitality.com.au","3","https://www.ahshospitality.com.au/about-us | https://www.ahshospitality.com.au/about-us/our-group","role_context","people","otal Facility Cleaning Aged Care Commercial Office Portfolios ﻿ We offer transparency, flexibility and compassion, with people at the heart of all we do. Speak To Us 3500+ Employees across Australia and New Zealand 120+ Partners 950K Hours cleaned 24/7 Mobilisation capability Our Partners Sample Log","Low","Use as a page-level KP hint; confirm person name/title before saving."
"50","kp_context_hint","12","AU-0203","ahs hospitality","https://www.ahshospitality.com.au/about-us","2","https://www.ahshospitality.com.au/about-us/our-group","role_context","staff","handler Macleod Group 2013 ​First partnership in New Zealand 2015 ahs hospitality became a subsidiary of Recruit Global Staffing 2020 Expansion of our services into short term labour hire Our Reach With offices and senior management throughout Australia and New Zealand, we are always nearby to provi","Low","Use as a page-level KP hint; confirm person name/title before saving."
"50","kp_context_hint","12","AU-0203","ahs hospitality","https://ahshospitality.com.au","3","https://www.ahshospitality.com.au/about-us | https://www.ahshospitality.com.au/about-us/our-group","role_context","team","rvice Student Accommodation Service Hospitality Our Guarantee Client Testimonials Jobs Job Search Our Workplace Culture Team Testimonials Blog Contact Us NSW & ACT VIC & TAS QLD & NT SA WA Auckland Christchurch Sales & Marketing Login Register User Dashboard Client Portal Signout info@ahshospitality","Low","Use as a page-level KP hint; confirm person name/title before saving."
"45","manual_linkedin_search","12","AU-0203","ahs hospitality","queue_public_linkedin_query","1","","linkedin_search_url","https://www.google.com/search?q=site%3Alinkedin.com%2Fin+%22ahs+hospitality%22+Australia+director+OR+operations+OR+procurement","site:linkedin.com/in ""ahs hospitality"" Australia director OR operations OR procurement","Low","Manual search URL for public LinkedIn result review; save only a matched personal/company URL with confidence notes."
"13","technical_status","12","AU-0203","ahs hospitality","https://ahshospitality.com.au","1","","fetch_status","https://ahshospitality.com.au","","High","Fetch status: 200. Use only if page fetched successfully."
"13","technical_status","12","AU-0203","ahs hospitality","https://www.ahshospitality.com.au/about-us","1","","fetch_status","https://www.ahshospitality.com.au/about-us","","High","Fetch status: 200. Use only if page fetched successfully."
"13","technical_status","12","AU-0203","ahs hospitality","https://www.ahshospitality.com.au/about-us/our-group","1","","fetch_status","https://www.ahshospitality.com.au/about-us/our-group","","High","Fetch status: 200. Use only if page fetched successfully."
"89","possible_key_person","13","AU-0221","Bay 13 Brewery & Kitchen","https://bay13brewery.com","2","https://www.bay13brewery.com/about","key_person_name","Happenings Back Specials","events: u Beer Archives Full Collection Cocktails Folder: Happenings Back Specials Events Other Projects Folder: Bookings Back Make a Reservation Group Events Join the waitlist Book","Medium","Person name found near 'events' role. Verify person/company fit before saving to contacts."
"88","team_or_about_page","13","AU-0221","Bay 13 Brewery & Kitchen","https://bay13brewery.com","6","https://www.bay13brewery.com/about","team_link","https://www.bay13brewery.com/about","About","Medium","Review linked page for contact/form/KP details."
"72","company_contact_page","13","AU-0221","Bay 13 Brewery & Kitchen","https://bay13brewery.com","2","https://www.bay13brewery.com/about","contact_link","https://www.bay13brewery.com/Bookings","","Medium","Review linked page for contact/form/KP details."
"72","events_or_functions_contact","13","AU-0221","Bay 13 Brewery & Kitchen","https://bay13brewery.com","8","https://www.bay13brewery.com/about","contact_link","https://www.bay13brewery.com/events","View Events","Medium","Review linked page for contact/form/KP details."
"72","events_or_functions_contact","13","AU-0221","Bay 13 Brewery & Kitchen","https://bay13brewery.com","15","https://www.bay13brewery.com/about","contact_link","https://www.bay13brewery.com/group-events","Book your event","Medium","Review linked page for contact/form/KP details."
"70","company_linkedin","13","AU-0221","Bay 13 Brewery & Kitchen","https://bay13brewery.com","8","https://www.bay13brewery.com/about","company_linkedin_url","https://www.linkedin.com/company/bay13brewery","","Low","Use as a manual LinkedIn review URL; do not treat as verified direct contact until person/company fit is confirmed."
"60","kp_context_hint","13","AU-0221","Bay 13 Brewery & Kitchen","https://www.bay13brewery.com/about","1","","role_context","owner","a global offering of beer styles, of course including some great Southern Hemisphere style beers. Our Team Nick Sharp - Owner Nick came to Miami in 2012 as an accountant at a dairy commodity trading company. In 2014 with his wife Teresa, opened Threefold Café on Giralda Avenue in the Gables aiming t","Low","Use as a page-level KP hint; confirm person name/title before saving."
"60","kp_context_hint","13","AU-0221","Bay 13 Brewery & Kitchen","https://www.bay13brewery.com/about","1","","role_context","team","ularly showcasing a global offering of beer styles, of course including some great Southern Hemisphere style beers. Our Team Nick Sharp - Owner Nick came to Miami in 2012 as an accountant at a dairy commodity trading company. In 2014 with his wife Teresa, opened Threefold Café on Giralda Avenue in t","Low","Use as a page-level KP hint; confirm person name/title before saving."
"50","kp_context_hint","13","AU-0221","Bay 13 Brewery & Kitchen","https://bay13brewery.com","2","https://www.bay13brewery.com/about","role_context","events","Content Open Menu Close Menu Home About Menu Beer Beer Menu Beer Archives Full Collection Cocktails Happenings Specials Events Other Projects Bookings Make a Reservation Group Events Join the waitlist 0 0 Book an Event Open Menu Close Menu Home About Menu Beer Beer Menu Beer Archives Full Collection","Low","Use as a page-level KP hint; confirm person name/title before saving."
"50","kp_context_hint","13","AU-0221","Bay 13 Brewery & Kitchen","https://bay13brewery.com","2","https://www.bay13brewery.com/about","role_context","projects","Menu Close Menu Home About Menu Beer Beer Menu Beer Archives Full Collection Cocktails Happenings Specials Events Other Projects Bookings Make a Reservation Group Events Join the waitlist 0 0 Book an Event Open Menu Close Menu Home About Menu Beer Beer Menu Beer Archives Full Collection Cocktails Ha","Low","Use as a page-level KP hint; confirm person name/title before saving."
"45","manual_linkedin_search","13","AU-0221","Bay 13 Brewery & Kitchen","queue_public_linkedin_query","1","","linkedin_search_url","https://www.google.com/search?q=site%3Alinkedin.com%2Fin+%22Bay+13+Brewery+%26+Kitchen%22+Australia+director+OR+operations+OR+procurement","site:linkedin.com/in ""Bay 13 Brewery & Kitchen"" Australia director OR operations OR procurement","Low","Manual search URL for public LinkedIn result review; save only a matched personal/company URL with confidence notes."
"13","technical_status","13","AU-0221","Bay 13 Brewery & Kitchen","https://bay13brewery.com","1","","fetch_status","https://bay13brewery.com","","High","Fetch status: 200. Use only if page fetched successfully."
"13","technical_status","13","AU-0221","Bay 13 Brewery & Kitchen","https://www.bay13brewery.com/about","1","","fetch_status","https://www.bay13brewery.com/about","","High","Fetch status: 200. Use only if page fetched successfully."
"13","technical_status","13","AU-0221","Bay 13 Brewery & Kitchen","https://www.bay13brewery.com/Bookings","1","","fetch_status","https://www.bay13brewery.com/Bookings","","High","Fetch status: 200. Use only if page fetched successfully."
"88","team_or_about_page","14","AU-0292","Bespoke Catering &amp; Events - Premium Event Catering in Sydney","https://bespokecatering.sydney","10","https://bespokecatering.sydney/about/ | https://bespokecatering.sydney/contact/","team_link","https://bespokecatering.sydney/about/","More About Bespoke","Medium","Review linked page for contact/form/KP details."
"88","team_or_about_page","14","AU-0292","Bespoke Catering &amp; Events - Premium Event Catering in Sydney","https://bespokecatering.sydney","9","https://bespokecatering.sydney/about/ | https://bespokecatering.sydney/contact/","team_link","https://bespokecatering.sydney/lets-talk-about-buffet/","https://bespokecatering.sydney/lets-talk-about-buffet/","Medium","Review linked page for contact/form/KP details."
"72","company_contact_page","14","AU-0292","Bespoke Catering &amp; Events - Premium Event Catering in Sydney","https://bespokecatering.sydney","15","https://bespokecatering.sydney/about/ | https://bespokecatering.sydney/contact/","contact_link","https://bespokecatering.sydney/contact/","Get Free Quote","Medium","Review linked page for contact/form/KP details."
"70","company_linkedin","14","AU-0292","Bespoke Catering &amp; Events - Premium Event Catering in Sydney","https://bespokecatering.sydney","3","https://bespokecatering.sydney/about/ | https://bespokecatering.sydney/contact/","company_linkedin_url","https://www.linkedin.com/company/30881548/admin/","https://www.linkedin.com/company/30881548/admin/","Low","Use as a manual LinkedIn review URL; do not treat as verified direct contact until person/company fit is confirmed."
"60","kp_context_hint","14","AU-0292","Bespoke Catering &amp; Events - Premium Event Catering in Sydney","https://bespokecatering.sydney/about/","1","","role_context","director","ort each other giving back to the communities we live in. Our Team Dion Event & Service Manager Fabio Catering & Events Director / Owner Carmelina Head Chef Why Choose Us Experience in 5 Star Hotels Flexibility to adapt to client needs and budgets You dream it – we’ll create it Fair and transparent","Low","Use as a page-level KP hint; confirm person name/title before saving."
"60","kp_context_hint","14","AU-0292","Bespoke Catering &amp; Events - Premium Event Catering in Sydney","https://bespokecatering.sydney/about/","1","","role_context","owner","her giving back to the communities we live in. Our Team Dion Event & Service Manager Fabio Catering & Events Director / Owner Carmelina Head Chef Why Choose Us Experience in 5 Star Hotels Flexibility to adapt to client needs and budgets You dream it – we’ll create it Fair and transparent pricing Whe","Low","Use as a page-level KP hint; confirm person name/title before saving."
"50","kp_context_hint","14","AU-0292","Bespoke Catering &amp; Events - Premium Event Catering in Sydney","https://bespokecatering.sydney","3","https://bespokecatering.sydney/about/ | https://bespokecatering.sydney/contact/","role_context","culinary","Top 7 Catering Trends in Sydney for 2025: Elevate Your Events with Bespoke Catering Sydney is renowned for its vibrant culinary scene, and catering trends evolve rapidly to meet the expectations of discerning hosts and guests. At Bespoke Catering, we’re committed to aligning with current industry s","Low","Use as a page-level KP hint; confirm person name/title before saving."
"50","kp_context_hint","14","AU-0292","Bespoke Catering &amp; Events - Premium Event Catering in Sydney","https://bespokecatering.sydney","3","https://bespokecatering.sydney/about/ | https://bespokecatering.sydney/contact/","role_context","events","Contact - Bespoke Catering & Events Dining at Home in Style with gourmet meals delivered to your door! Order Now Talk to us at 02 9066 4091 Home Menus Corporate Our Venues Wedding About Contact Get Free Quote","Low","Use as a page-level KP hint; confirm person name/title before saving."
"50","kp_context_hint","14","AU-0292","Bespoke Catering &amp; Events - Premium Event Catering in Sydney","https://bespokecatering.sydney/about/","1","","role_context","people","g her parents in the family business. From there, she cultivated a passion for deeply understanding and connecting with people spending several years in high-profile customer service and human resources roles. Her pragmatism and audacity are the perfect complement to contribute to a business focused","Low","Use as a page-level KP hint; confirm person name/title before saving."
"50","kp_context_hint","14","AU-0292","Bespoke Catering &amp; Events - Premium Event Catering in Sydney","https://bespokecatering.sydney","3","https://bespokecatering.sydney/about/ | https://bespokecatering.sydney/contact/","role_context","team","a flexible, innovative, collaborative and exciting venture. With a strong background in hospitality Fabio Funai and his team work closely with our clients to understand their vision for their event. More About Bespoke Why Choose Us Experience in 5 Star Hotels Flexibility to adapt to client needs and","Low","Use as a page-level KP hint; confirm person name/title before saving."
"45","manual_linkedin_search","14","AU-0292","Bespoke Catering &amp; Events - Premium Event Catering in Sydney","queue_public_linkedin_query","1","","linkedin_search_url","https://www.google.com/search?q=site%3Alinkedin.com%2Fin+%22Bespoke+Catering+%26amp%3B+Events+-+Premium+Event+Catering+in+Sydney%22+Australia+director+OR+operations+OR+procurement","site:linkedin.com/in ""Bespoke Catering &amp; Events - Premium Event Catering in Sydney"" Australia director OR operations OR procurement","Low","Manual search URL for public LinkedIn result review; save only a matched personal/company URL with confidence notes."
"13","technical_status","14","AU-0292","Bespoke Catering &amp; Events - Premium Event Catering in Sydney","https://bespokecatering.sydney","1","","fetch_status","https://bespokecatering.sydney","OK","High","Fetch status: 200. Use only if page fetched successfully."
"13","technical_status","14","AU-0292","Bespoke Catering &amp; Events - Premium Event Catering in Sydney","https://bespokecatering.sydney/about/","1","","fetch_status","https://bespokecatering.sydney/about/","OK","High","Fetch status: 200. Use only if page fetched successfully."
"13","technical_status","14","AU-0292","Bespoke Catering &amp; Events - Premium Event Catering in Sydney","https://bespokecatering.sydney/contact/","1","","fetch_status","https://bespokecatering.sydney/contact/","OK","High","Fetch status: 200. Use only if page fetched successfully."
"89","possible_key_person","15","AU-0202","Blanco Horner Hospitality","https://www.blancohorner.com.au/contact-us/","1","","key_person_name","Blanco Horner Hospitality","management: Contact Blanco Horner Hospitality Management in Adelaide, South Australia. Skip to content Search for: CATERING MENU RESTAURANTS & CA","Medium","Person name found near 'management' role. Verify person/company fit before saving to contacts."
"72","company_contact_page","15","AU-0202","Blanco Horner Hospitality","https://blancohorner.com.au","10","https://www.blancohorner.com.au/contact-us/ | https://www.blancohorner.com.au/events/","contact_link","https://www.blancohorner.com.au/contact-us/","https://www.blancohorner.com.au/contact-us/#form","Medium","Review linked page for contact/form/KP details."
"72","events_or_functions_contact","15","AU-0202","Blanco Horner Hospitality","https://blancohorner.com.au","5","https://www.blancohorner.com.au/contact-us/ | https://www.blancohorner.com.au/events/","contact_link","https://www.blancohorner.com.au/events/","https://www.blancohorner.com.au/events/","Medium","Review linked page for contact/form/KP details."
"70","company_linkedin","15","AU-0202","Blanco Horner Hospitality","https://blancohorner.com.au","3","https://www.blancohorner.com.au/contact-us/ | https://www.blancohorner.com.au/events/","company_linkedin_url","https://www.linkedin.com/company/blancohorner","https://www.linkedin.com/company/blancohorner","Low","Use as a manual LinkedIn review URL; do not treat as verified direct contact until person/company fit is confirmed."
"60","kp_context_hint","15","AU-0202","Blanco Horner Hospitality","https://blancohorner.com.au","1","","role_context","co-founder","has become synonymous with unparalleled hospitality experiences and unforgettable moments. From our humble beginnings, co-founders Steve Blanco and Christopher Horner envisioned a culinary journey that would redefine the standards of excellence in Adelaide’s vibrant hospitality industry.With a rich","Low","Use as a page-level KP hint; confirm person name/title before saving."
"60","kp_context_hint","15","AU-0202","Blanco Horner Hospitality","https://blancohorner.com.au","2","https://www.blancohorner.com.au/events/","role_context","culinary","alleled dining experience that champions sustainable and locally sourced ingredients. Join us as we redefine the art of culinary excellence. GET IN CONTACT Experience the unforgettable. Rose Garden Pavilion The Sanctuary Restaurant Botanic Evergreen Botanic Lodge Wildflowers Cafe U City Function Cen","Low","Use as a page-level KP hint; confirm person name/title before saving."
"60","kp_context_hint","15","AU-0202","Blanco Horner Hospitality","https://blancohorner.com.au","1","","role_context","founder","s become synonymous with unparalleled hospitality experiences and unforgettable moments. From our humble beginnings, co-founders Steve Blanco and Christopher Horner envisioned a culinary journey that would redefine the standards of excellence in Adelaide’s vibrant hospitality industry.With a rich po","Low","Use as a page-level KP hint; confirm person name/title before saving."
"60","kp_context_hint","15","AU-0202","Blanco Horner Hospitality","https://www.blancohorner.com.au/contact-us/","1","","role_context","operations","your guests. Blanco Horner 33 Sunbeam Road, Glynde, SA 5070 PO Box 2006 Glynde Plaza LPO SA 5070 Ria Little – Catering Operations Manager *protected email* Privacy Policy Enquire Today Reserve your special event today. * indicates required Email Address * First Name * Last Name Phone Number Preferr","Low","Use as a page-level KP hint; confirm person name/title before saving."
"50","kp_context_hint","15","AU-0202","Blanco Horner Hospitality","https://blancohorner.com.au","3","https://www.blancohorner.com.au/contact-us/ | https://www.blancohorner.com.au/events/","role_context","events","p to content Search for: CATERING MENU RESTAURANTS & CAFES RESTAURANT BOTANIC ESMAY EVERGREEN BOTANIC LODGE WILDFLOWERS EVENTS WHAT’S ON! EVENT VENUES ROSE GARDEN THE SANCTUARY S.A. MUSEUM TOWN HALL U CITY WEDDINGS ABOUT NEWS REVIEWS CAREERS CONTACT Contact Us Juliana 2026-03-17T10:50:22+09:30 GET I","Low","Use as a page-level KP hint; confirm person name/title before saving."
"50","kp_context_hint","15","AU-0202","Blanco Horner Hospitality","https://www.blancohorner.com.au/contact-us/","1","","role_context","management","Contact Blanco Horner Hospitality Management in Adelaide, South Australia. Skip to content Search for: CATERING MENU RESTAURANTS & CAFES RESTAURANT BOTANIC ESMAY EVERGREEN BOTANIC LODGE WILDFLOWERS EVENTS WHAT’S ON","Low","Use as a page-level KP hint; confirm person name/title before saving."
"50","kp_context_hint","15","AU-0202","Blanco Horner Hospitality","https://blancohorner.com.au","1","","role_context","team","n Adelaide’s vibrant hospitality industry.With a rich portfolio of venues strategically located in Adelaide’s CBD and a team of 100+ dedicated professionals, we remain committed to delivering exceptional culinary journeys and unforgettable moments across South Australia. VENUES | EVENTS | CATERING B","Low","Use as a page-level KP hint; confirm person name/title before saving."
"45","manual_linkedin_search","15","AU-0202","Blanco Horner Hospitality","queue_public_linkedin_query","1","","linkedin_search_url","https://www.google.com/search?q=site%3Alinkedin.com%2Fin+%22Blanco+Horner+Hospitality%22+Australia+director+OR+operations+OR+procurement","site:linkedin.com/in ""Blanco Horner Hospitality"" Australia director OR operations OR procurement","Low","Manual search URL for public LinkedIn result review; save only a matched personal/company URL with confidence notes."
"13","technical_status","15","AU-0202","Blanco Horner Hospitality","https://blancohorner.com.au","1","","fetch_status","https://blancohorner.com.au","","High","Fetch status: 200. Use only if page fetched successfully."
"13","technical_status","15","AU-0202","Blanco Horner Hospitality","https://www.blancohorner.com.au/contact-us/","1","","fetch_status","https://www.blancohorner.com.au/contact-us/","","High","Fetch status: 200. Use only if page fetched successfully."
"13","technical_status","15","AU-0202","Blanco Horner Hospitality","https://www.blancohorner.com.au/events/","1","","fetch_status","https://www.blancohorner.com.au/events/","","High","Fetch status: 200. Use only if page fetched successfully."
"102","official_form_candidate","16","AU-0330","Catering Melbourne | Diamond Blue Catering Services","https://diamondbluecateringmelbourne.com.au","2","","contact_form","https://diamondbluecateringmelbourne.com.au","contact_form form method=post action=current page Get A Quote Event Type * Corporate Cocktail Wedding Birthday Dinner Party BBQ Other Other Event Date * Number of Guests * Name * Email * Phone * Company * Suburb * Where did you hear about us? Please select Google Friend Social Media Referral Comments Submit If you are human, leave this field blank.","High","Official page contains a form; save as company_contact_form_url only if it is a contact/enquiry form, not only a booking widget."
"102","official_form_candidate","16","AU-0330","Catering Melbourne | Diamond Blue Catering Services","https://diamondbluecateringmelbourne.com.au/about-us/","1","","contact_form","https://diamondbluecateringmelbourne.com.au/about-us/","contact_form form method=post action=current page Get A Quote Event Type * Corporate Cocktail Wedding Birthday Dinner Party BBQ Other Other Event Date * Number of Guests * Name * Email * Phone * Company * Suburb * Where did you hear about us? Please select Google Friend Social Media Referral Comments Submit If you are human, leave this field blank.","High","Official page contains a form; save as company_contact_form_url only if it is a contact/enquiry form, not only a booking widget."
"98","phone_candidate","16","AU-0330","Catering Melbourne | Diamond Blue Catering Services","https://diamondbluecateringmelbourne.com.au","2","","phone","1300%20546 144","","High","Tel link; save with source/confidence note and review again before outreach."
"94","phone_candidate","16","AU-0330","Catering Melbourne | Diamond Blue Catering Services","https://diamondbluecateringmelbourne.com.au","6","https://diamondbluecateringmelbourne.com.au/about-us/","phone","(03) 9737 1113","ering professional catering solutions that will exceed your expectations. Contact us Call (03) 9737 1113 Catering Since 2006 At Diamond Blue Catering, we understand the importance of creating me","Medium","Review whether this is company or person phone before saving."
"88","team_or_about_page","16","AU-0330","Catering Melbourne | Diamond Blue Catering Services","https://diamondbluecateringmelbourne.com.au","3","https://diamondbluecateringmelbourne.com.au/about-us/","team_link","https://diamondbluecateringmelbourne.com.au/about-us/","About Us","Medium","Review linked page for contact/form/KP details."
"72","company_contact_page","16","AU-0330","Catering Melbourne | Diamond Blue Catering Services","https://diamondbluecateringmelbourne.com.au","16","","contact_link","https://diamondbluecateringmelbourne.com.au/#quote","Get a Quote","Medium","Review linked page for contact/form/KP details."
"72","company_contact_page","16","AU-0330","Catering Melbourne | Diamond Blue Catering Services","https://diamondbluecateringmelbourne.com.au/about-us/","2","","contact_link","https://diamondbluecateringmelbourne.com.au/about-us/#quote","Get a Quote","Medium","Review linked page for contact/form/KP details."
"72","company_contact_page","16","AU-0330","Catering Melbourne | Diamond Blue Catering Services","https://diamondbluecateringmelbourne.com.au","10","https://diamondbluecateringmelbourne.com.au/about-us/","contact_link","https://diamondbluecateringmelbourne.com.au/contact-us/","Enquire Now","Medium","Review linked page for contact/form/KP details."
"60","kp_context_hint","16","AU-0330","Catering Melbourne | Diamond Blue Catering Services","https://diamondbluecateringmelbourne.com.au","2","","role_context","founder","atering services available for pickup or delivery. It also suits special events at home. Online Shop A message from our founder At Diamond Blue Catering we have always prided ourselves on supplying a professional and affordable catering service that not only delivers exceptional food and service but","Low","Use as a page-level KP hint; confirm person name/title before saving."
"60","kp_context_hint","16","AU-0330","Catering Melbourne | Diamond Blue Catering Services","https://diamondbluecateringmelbourne.com.au","2","","role_context","owner","eft out. Feel free to contact us to discuss your upcoming event and your catering requirements – Todd Graham, Founder & Owner What Customers Are Saying About Us “ The food and team from Diamond Blue Catering were exceptional! They were so friendly and the food was incredible for wedding. The bar ten","Low","Use as a page-level KP hint; confirm person name/title before saving."
"50","kp_context_hint","16","AU-0330","Catering Melbourne | Diamond Blue Catering Services","https://diamondbluecateringmelbourne.com.au","2","","role_context","events","ring. We pride ourselves on providing the highest quality cuisine for any event. Our experienced chefs design menus for events of all kinds – from birthday parties to corporate functions, weddings and even funerals. Corporate Learn more Events Learn more Weddings Learn more Platters Learn more View","Low","Use as a page-level KP hint; confirm person name/title before saving."
"50","kp_context_hint","16","AU-0330","Catering Melbourne | Diamond Blue Catering Services","https://diamondbluecateringmelbourne.com.au","2","","role_context","people","e really decorative btw) and the … ”      Nicholas Leung “ I used Diamond Blue for a workplace morning tea for 100 people. With a very short timeframe, multiple dietary requirements and an important event, Diamond Blue were simply OUTSTANDING! I cannot recommend them enough. The quality of thei","Low","Use as a page-level KP hint; confirm person name/title before saving."
"50","kp_context_hint","16","AU-0330","Catering Melbourne | Diamond Blue Catering Services","https://diamondbluecateringmelbourne.com.au","2","","role_context","staff","ry & Setup We deliver within your agreed time window and set up onsite — everything presented and ready to go. Optional Staff & Equipment Need wait staff or serving equipment? We offer full venue service so your event runs seamlessly. Dietary Needs Covered All dietary requirements are carefully cate","Low","Use as a page-level KP hint; confirm person name/title before saving."
"50","kp_context_hint","16","AU-0330","Catering Melbourne | Diamond Blue Catering Services","https://diamondbluecateringmelbourne.com.au","3","https://diamondbluecateringmelbourne.com.au/about-us/","role_context","team","experiences for our clients. Whether you’re hosting a corporate event, a wedding, or a private gathering, our dedicated team is here to ensure that every detail is handled with care and precision. Contact us Call 1300 546 144 Spit Roast Catering A relaxed choice for a corporate event or family funct","Low","Use as a page-level KP hint; confirm person name/title before saving."
"45","manual_linkedin_search","16","AU-0330","Catering Melbourne | Diamond Blue Catering Services","queue_public_linkedin_query","1","","linkedin_search_url","https://www.google.com/search?q=site%3Alinkedin.com%2Fin+%22Catering+Melbourne+%7C+Diamond+Blue+Catering+Services%22+Australia+director+OR+operations+OR+procurement","site:linkedin.com/in ""Catering Melbourne | Diamond Blue Catering Services"" Australia director OR operations OR procurement","Low","Manual search URL for public LinkedIn result review; save only a matched personal/company URL with confidence notes."
"13","technical_status","16","AU-0330","Catering Melbourne | Diamond Blue Catering Services","https://diamondbluecateringmelbourne.com.au","2","","fetch_status","https://diamondbluecateringmelbourne.com.au","","High","Fetch status: 200. Use only if page fetched successfully."
"13","technical_status","16","AU-0330","Catering Melbourne | Diamond Blue Catering Services","https://diamondbluecateringmelbourne.com.au/about-us/","1","","fetch_status","https://diamondbluecateringmelbourne.com.au/about-us/","","High","Fetch status: 200. Use only if page fetched successfully."
"89","possible_key_person","17","AU-0329","Catering Melbourne | Essential Catering &amp; Events","https://essentialcatering.com.au","3","https://www.essentialcatering.com.au/about | https://www.essentialcatering.com.au/contact-us","key_person_name","Breakfast Catering Private","events: onference Catering Office Parties Buffet Catering Breakfast Catering Private Events Birthday Party Catering Engagement Party Catering Funeral Catering Drop Off Catering Menus V","Medium","Person name found near 'events' role. Verify person/company fit before saving to contacts."
"89","possible_key_person","17","AU-0329","Catering Melbourne | Essential Catering &amp; Events","https://essentialcatering.com.au","3","https://www.essentialcatering.com.au/about | https://www.essentialcatering.com.au/contact-us","key_person_name","Corporate Catering Private","events: ng the form. essential CATERING + EVENTS Weddings Corporate Catering Private Events Venues Menus About Us Resources In A Hurry? Drop Off Catering Contact Us Call Us Terms of Se","Medium","Person name found near 'events' role. Verify person/company fit before saving to contacts."
"89","possible_key_person","17","AU-0329","Catering Melbourne | Essential Catering &amp; Events","https://essentialcatering.com.au","3","https://www.essentialcatering.com.au/about | https://www.essentialcatering.com.au/contact-us","key_person_name","Weddings Corporate Corporate","events: ial Catering & Events essential CATERING + EVENTS Weddings Corporate Corporate Events Boardroom Catering Conference Catering Office Parties Buffet Catering Breakfast Catering Pri","Medium","Person name found near 'events' role. Verify person/company fit before saving to contacts."
"88","team_or_about_page","17","AU-0329","Catering Melbourne | Essential Catering &amp; Events","https://essentialcatering.com.au","4","https://www.essentialcatering.com.au/about | https://www.essentialcatering.com.au/contact-us","team_link","https://www.essentialcatering.com.au/about","About Us","Medium","Review linked page for contact/form/KP details."
"72","company_contact_page","17","AU-0329","Catering Melbourne | Essential Catering &amp; Events","https://essentialcatering.com.au","11","https://www.essentialcatering.com.au/about | https://www.essentialcatering.com.au/contact-us","contact_link","https://www.essentialcatering.com.au/contact-us","Get In Touch","Medium","Review linked page for contact/form/KP details."
"72","events_or_functions_contact","17","AU-0329","Catering Melbourne | Essential Catering &amp; Events","https://essentialcatering.com.au","3","https://www.essentialcatering.com.au/about | https://www.essentialcatering.com.au/contact-us","contact_link","https://www.essentialcatering.com.au/corporate-event-catering","Corporate Events","Medium","Review linked page for contact/form/KP details."
"72","events_or_functions_contact","17","AU-0329","Catering Melbourne | Essential Catering &amp; Events","https://essentialcatering.com.au","6","https://www.essentialcatering.com.au/about | https://www.essentialcatering.com.au/contact-us","contact_link","https://www.essentialcatering.com.au/private-event-catering-melbourne","Private Events","Medium","Review linked page for contact/form/KP details."
"60","kp_context_hint","17","AU-0329","Catering Melbourne | Essential Catering &amp; Events","https://www.essentialcatering.com.au/about","1","","role_context","ceo","ng more satisfying than finishing a big event, stepping back, and seeing the smiles on people’s faces. JULIAN AZZOPARDI CEO & CO-OWNER With more than 20 years of leadership experience, Julian combines deep expertise in hospitality with a sharp focus on business transformation. His career has spanned","Low","Use as a page-level KP hint; confirm person name/title before saving."
"60","kp_context_hint","17","AU-0329","Catering Melbourne | Essential Catering &amp; Events","https://essentialcatering.com.au","1","","role_context","director","s. Read More The food and staff were amazing and they offered SO many options to suit our needs SAM S, CUSTOMER SERVICE DIRECTOR JUST PERFECT. The dishes were flavoUrful, the team went above and beyond to make our event special DANIELLE J, CUSTOMER SERVICE DIRECTOR Get In Touch We’d love to help you","Low","Use as a page-level KP hint; confirm person name/title before saving."
"60","kp_context_hint","17","AU-0329","Catering Melbourne | Essential Catering &amp; Events","https://essentialcatering.com.au","2","https://www.essentialcatering.com.au/about","role_context","founder","for Essential? I enjoy the challenge of working in different locations — no two days are ever the same. Sean Robertson Founder For Sean, great catering starts in the garden. His lush Bayswater North veggie patch, home to more than 150 plants, fruit trees, and herbs, provides the freshest produce fo","Low","Use as a page-level KP hint; confirm person name/title before saving."
"60","kp_context_hint","17","AU-0329","Catering Melbourne | Essential Catering &amp; Events","https://www.essentialcatering.com.au/about","1","","role_context","leadership","ent, stepping back, and seeing the smiles on people’s faces. JULIAN AZZOPARDI CEO & CO-OWNER With more than 20 years of leadership experience, Julian combines deep expertise in hospitality with a sharp focus on business transformation. His career has spanned every corner of the hospitality industry,","Low","Use as a page-level KP hint; confirm person name/title before saving."
"60","kp_context_hint","17","AU-0329","Catering Melbourne | Essential Catering &amp; Events","https://essentialcatering.com.au","3","https://www.essentialcatering.com.au/about | https://www.essentialcatering.com.au/contact-us","role_context","owner","f Catering Contact Us Call Us Terms of Service Privacy Policy Acknowledgement of country We acknowledge the Traditional Owners of the land where we work and live and pay our respects to Elders past and present. We celebrate the stories, culture and traditions of Aboriginal and Torres Strait Islander","Low","Use as a page-level KP hint; confirm person name/title before saving."
"60","kp_context_hint","17","AU-0329","Catering Melbourne | Essential Catering &amp; Events","https://essentialcatering.com.au","2","https://www.essentialcatering.com.au/about","role_context","staff","rn blank canvas venue in Melbourne’s QV Complex, ideal for bespoke private and corporate events. Read More The food and staff were amazing and they offered SO many options to suit our needs SAM S, CUSTOMER SERVICE DIRECTOR JUST PERFECT. The dishes were flavoUrful, the team went above and beyond to m","Low","Use as a page-level KP hint; confirm person name/title before saving."
"50","kp_context_hint","17","AU-0329","Catering Melbourne | Essential Catering &amp; Events","https://essentialcatering.com.au","3","https://www.essentialcatering.com.au/about | https://www.essentialcatering.com.au/contact-us","role_context","culinary","tage for unforgettable occasions in Melbourne. From intimate gatherings to grand celebrations, we transform events with culinary creativity and passion, to truly deliver… Experiences Beyond Imagination The Unforgettable Awaits CORPORATE EVENTS Exceptional events that feel anything but corporate. Wha","Low","Use as a page-level KP hint; confirm person name/title before saving."
"50","kp_context_hint","17","AU-0329","Catering Melbourne | Essential Catering &amp; Events","https://essentialcatering.com.au","3","https://www.essentialcatering.com.au/about | https://www.essentialcatering.com.au/contact-us","role_context","events","Catering Melbourne | Essential Catering & Events essential CATERING + EVENTS Weddings Corporate Corporate Events Boardroom Catering Conference Catering Office Parties Buffet Catering Breakfast Catering Private Events Birth","Low","Use as a page-level KP hint; confirm person name/title before saving."
"50","kp_context_hint","17","AU-0329","Catering Melbourne | Essential Catering &amp; Events","https://www.essentialcatering.com.au/about","1","","role_context","food and beverage","sharp focus on business transformation. His career has spanned every corner of the hospitality industry, from managing food and beverage operations in hotels to overseeing catering in business, aged care, and education settings. Julian has led large teams across hundreds of contracts, always strivi","Low","Use as a page-level KP hint; confirm person name/title before saving."
"50","kp_context_hint","17","AU-0329","Catering Melbourne | Essential Catering &amp; Events","https://www.essentialcatering.com.au/about","1","","role_context","operations","siness transformation. His career has spanned every corner of the hospitality industry, from managing food and beverage operations in hotels to overseeing catering in business, aged care, and education settings. Julian has led large teams across hundreds of contracts, always striving to deliver exce","Low","Use as a page-level KP hint; confirm person name/title before saving."
"50","kp_context_hint","17","AU-0329","Catering Melbourne | Essential Catering &amp; Events","https://essentialcatering.com.au","3","https://www.essentialcatering.com.au/about | https://www.essentialcatering.com.au/contact-us","role_context","people","ll communities who also work and live on this land. ‍ We welcome and celebrate everyone We work with a diverse array of people regardless of background, gender identity, sexual orientation, beliefs or ethnicities. We strive to make everyone feel welcomed, heard and recognised for the unique perspect","Low","Use as a page-level KP hint; confirm person name/title before saving."
"50","kp_context_hint","17","AU-0329","Catering Melbourne | Essential Catering &amp; Events","https://essentialcatering.com.au","2","https://www.essentialcatering.com.au/about","role_context","team","s that feel anything but corporate. Whatever the occasion, be it a boardroom lunch or an after-hours soirée, our expert team can create the perfect menu for you. Find Out More Weddings Bring your love story to life with exquisite flavours, tailored service and a hint of magic to make your special da","Low","Use as a page-level KP hint; confirm person name/title before saving."
"45","manual_linkedin_search","17","AU-0329","Catering Melbourne | Essential Catering &amp; Events","queue_public_linkedin_query","1","","linkedin_search_url","https://www.google.com/search?q=site%3Alinkedin.com%2Fin+%22Catering+Melbourne+%7C+Essential+Catering+%26amp%3B+Events%22+Australia+director+OR+operations+OR+procurement","site:linkedin.com/in ""Catering Melbourne | Essential Catering &amp; Events"" Australia director OR operations OR procurement","Low","Manual search URL for public LinkedIn result review; save only a matched personal/company URL with confidence notes."
"13","technical_status","17","AU-0329","Catering Melbourne | Essential Catering &amp; Events","https://essentialcatering.com.au","1","","fetch_status","https://essentialcatering.com.au","","High","Fetch status: 200. Use only if page fetched successfully."
"13","technical_status","17","AU-0329","Catering Melbourne | Essential Catering &amp; Events","https://www.essentialcatering.com.au/about","1","","fetch_status","https://www.essentialcatering.com.au/about","","High","Fetch status: 200. Use only if page fetched successfully."
"13","technical_status","17","AU-0329","Catering Melbourne | Essential Catering &amp; Events","https://www.essentialcatering.com.au/contact-us","1","","fetch_status","https://www.essentialcatering.com.au/contact-us","","High","Fetch status: 200. Use only if page fetched successfully."
"89","possible_key_person","18","AU-0450","Regional Motel Partners","https://motelpartners.com.au","2","https://www.motelpartners.com.au","key_person_name","Operator Improves Motel","operations: h Business and Leisure Travel How the Right Motel Operator Improves Motel Operations Why Aren’t More Motels Being Built in Australia? How Online Booking Systems Are Helping","Medium","Person name found near 'operations' role. Verify person/company fit before saving to contacts."
"88","team_or_about_page","18","AU-0450","Regional Motel Partners","https://motelpartners.com.au","6","https://www.motelpartners.com.au | https://www.motelpartners.com.au/about-us","team_link","https://www.motelpartners.com.au/about-us","https://www.motelpartners.com.au/about-us","Medium","Review linked page for contact/form/KP details."
"72","company_contact_page","18","AU-0450","Regional Motel Partners","https://motelpartners.com.au","6","https://www.motelpartners.com.au | https://www.motelpartners.com.au/about-us","contact_link","https://www.motelpartners.com.au/contact","https://www.motelpartners.com.au/contact","Medium","Review linked page for contact/form/KP details."
"72","company_contact_page","18","AU-0450","Regional Motel Partners","https://motelpartners.com.au","2","https://www.motelpartners.com.au","contact_link","https://www.motelpartners.com.au/post/online-booking-systems-increase-motel-revenue","https://www.motelpartners.com.au/post/online-booking-systems-increase-motel-revenue","Medium","Review linked page for contact/form/KP details."
"70","company_linkedin","18","AU-0450","Regional Motel Partners","https://motelpartners.com.au","3","https://www.motelpartners.com.au | https://www.motelpartners.com.au/about-us","company_linkedin_url","https://www.linkedin.com/company/regional-motel-partners","https://www.linkedin.com/company/regional-motel-partners","Low","Use as a manual LinkedIn review URL; do not treat as verified direct contact until person/company fit is confirmed."
"66","supplier_or_procurement_page","18","AU-0450","Regional Motel Partners","https://motelpartners.com.au","3","https://www.motelpartners.com.au | https://www.motelpartners.com.au/about-us","supplier_link","https://www.motelpartners.com.au","https://www.motelpartners.com.au","Medium","Review linked page for contact/form/KP details."
"66","supplier_or_procurement_page","18","AU-0450","Regional Motel Partners","https://motelpartners.com.au","6","https://www.motelpartners.com.au | https://www.motelpartners.com.au/about-us","supplier_link","https://www.motelpartners.com.au/insights-1","https://www.motelpartners.com.au/insights-1","Medium","Review linked page for contact/form/KP details."
"66","supplier_or_procurement_page","18","AU-0450","Regional Motel Partners","https://motelpartners.com.au","3","https://www.motelpartners.com.au | https://www.motelpartners.com.au/about-us","supplier_link","https://www.motelpartners.com.au/investors","https://www.motelpartners.com.au/investors","Medium","Review linked page for contact/form/KP details."
"66","supplier_or_procurement_page","18","AU-0450","Regional Motel Partners","https://motelpartners.com.au","3","https://www.motelpartners.com.au | https://www.motelpartners.com.au/about-us","supplier_link","https://www.motelpartners.com.au/investors/motel-roi-and-returns","https://www.motelpartners.com.au/investors/motel-roi-and-returns","Medium","Review linked page for contact/form/KP details."
"66","supplier_or_procurement_page","18","AU-0450","Regional Motel Partners","https://motelpartners.com.au","3","https://www.motelpartners.com.au | https://www.motelpartners.com.au/about-us","supplier_link","https://www.motelpartners.com.au/investors/regional-property-investment","https://www.motelpartners.com.au/investors/regional-property-investment","Medium","Review linked page for contact/form/KP details."
"66","supplier_or_procurement_page","18","AU-0450","Regional Motel Partners","https://motelpartners.com.au","9","https://www.motelpartners.com.au | https://www.motelpartners.com.au/about-us","supplier_link","https://www.motelpartners.com.au/investors/secured-notes-opportunity","https://www.motelpartners.com.au/investors/secured-notes-opportunity","Medium","Review linked page for contact/form/KP details."
"66","supplier_or_procurement_page","18","AU-0450","Regional Motel Partners","https://motelpartners.com.au","3","https://www.motelpartners.com.au | https://www.motelpartners.com.au/about-us","supplier_link","https://www.motelpartners.com.au/investors/why-invest-in-motels","https://www.motelpartners.com.au/investors/why-invest-in-motels","Medium","Review linked page for contact/form/KP details."
"66","supplier_or_procurement_page","18","AU-0450","Regional Motel Partners","https://motelpartners.com.au","3","https://www.motelpartners.com.au | https://www.motelpartners.com.au/about-us","supplier_link","https://www.motelpartners.com.au/our-motels","https://www.motelpartners.com.au/our-motels","Medium","Review linked page for contact/form/KP details."
"66","supplier_or_procurement_page","18","AU-0450","Regional Motel Partners","https://motelpartners.com.au","3","https://www.motelpartners.com.au | https://www.motelpartners.com.au/about-us","supplier_link","https://www.motelpartners.com.au/our-motels/huntergateway","https://www.motelpartners.com.au/our-motels/huntergateway","Medium","Review linked page for contact/form/KP details."
"66","supplier_or_procurement_page","18","AU-0450","Regional Motel Partners","https://motelpartners.com.au","3","https://www.motelpartners.com.au | https://www.motelpartners.com.au/about-us","supplier_link","https://www.motelpartners.com.au/our-motels/southgatemotel","https://www.motelpartners.com.au/our-motels/southgatemotel","Medium","Review linked page for contact/form/KP details."
"66","supplier_or_procurement_page","18","AU-0450","Regional Motel Partners","https://motelpartners.com.au","2","https://www.motelpartners.com.au","supplier_link","https://www.motelpartners.com.au/post/how-motel-operations-improve-performance","https://www.motelpartners.com.au/post/how-motel-operations-improve-performance","Medium","Review linked page for contact/form/KP details."
"66","supplier_or_procurement_page","18","AU-0450","Regional Motel Partners","https://motelpartners.com.au","2","https://www.motelpartners.com.au","supplier_link","https://www.motelpartners.com.au/post/motels-in-australia-have-become-digital","https://www.motelpartners.com.au/post/motels-in-australia-have-become-digital","Medium","Review linked page for contact/form/KP details."
"66","supplier_or_procurement_page","18","AU-0450","Regional Motel Partners","https://motelpartners.com.au","2","https://www.motelpartners.com.au","supplier_link","https://www.motelpartners.com.au/post/regional-motels-business-and-leisure-travel-demand","https://www.motelpartners.com.au/post/regional-motels-business-and-leisure-travel-demand","Medium","Review linked page for contact/form/KP details."
"66","supplier_or_procurement_page","18","AU-0450","Regional Motel Partners","https://motelpartners.com.au","2","https://www.motelpartners.com.au","supplier_link","https://www.motelpartners.com.au/post/why-motels-arent-being-built-in-australia","https://www.motelpartners.com.au/post/why-motels-arent-being-built-in-australia","Medium","Review linked page for contact/form/KP details."
"66","supplier_or_procurement_page","18","AU-0450","Regional Motel Partners","https://motelpartners.com.au","3","https://www.motelpartners.com.au | https://www.motelpartners.com.au/about-us","supplier_link","https://www.motelpartners.com.au/privacy-policy","Privacy Policy","Medium","Review linked page for contact/form/KP details."
"60","kp_context_hint","18","AU-0450","Regional Motel Partners","https://www.motelpartners.com.au/about-us","1","","role_context","co-founder","erty equities. He has also worked as a portfolio manager at PURE Asset Management. Mike Henshaw Director Mike is also a Co-Founder of PURE Asset Management and has over 31 years’ experience in financial markets. Prior to this role, Mike was the Head of Industrials Research and a member of the execut","Low","Use as a page-level KP hint; confirm person name/title before saving."
"60","kp_context_hint","18","AU-0450","Regional Motel Partners","https://www.motelpartners.com.au/about-us","1","","role_context","director","e next 5 years and then consider the suitability of an admission to the ASX or a trade sale. ​ Our Team Jonathan Kriska Director Jonathan has over 25 years of experience in financial markets across both stockbroking and funds management, most of which has been focused on the property sector. His exp","Low","Use as a page-level KP hint; confirm person name/title before saving."
"60","kp_context_hint","18","AU-0450","Regional Motel Partners","https://motelpartners.com.au","3","https://www.motelpartners.com.au | https://www.motelpartners.com.au/about-us","role_context","founder","s access to the high yielding motel sector. We offer wholesale investors the opportunity to invest alongside our equity founders via secured notes. Learn More Why Invest in Motels? Attractive Yields Leasehold motels are high cashflow businesses, offering attractive yields, ​ ​ ​ Tourism Growth Austr","Low","Use as a page-level KP hint; confirm person name/title before saving."
"60","kp_context_hint","18","AU-0450","Regional Motel Partners","https://www.motelpartners.com.au/about-us","1","","role_context","team","15-20 motels over the next 5 years and then consider the suitability of an admission to the ASX or a trade sale. ​ Our Team Jonathan Kriska Director Jonathan has over 25 years of experience in financial markets across both stockbroking and funds management, most of which has been focused on the pro","Low","Use as a page-level KP hint; confirm person name/title before saving."
"50","kp_context_hint","18","AU-0450","Regional Motel Partners","https://www.motelpartners.com.au/about-us","1","","role_context","leadership","ience in financial markets. Prior to this role, Mike was the Head of Industrials Research and a member of the executive leadership team at Petra Capital. During his tenure at Petra Capital, Mike was involved in raising over $2 billion to assist emerging Australian companies in their growth aspiratio","Low","Use as a page-level KP hint; confirm person name/title before saving."
"50","kp_context_hint","18","AU-0450","Regional Motel Partners","https://motelpartners.com.au","3","https://www.motelpartners.com.au | https://www.motelpartners.com.au/about-us","role_context","management","rmance Upside Opportunity to improve the performance of previously family-run businesses by adopting superior financial management and best in class operational management. Stable Business Model Motels are very resilient businesses due to consitent local and business demand. Significantly more so th","Low","Use as a page-level KP hint; confirm person name/title before saving."
"50","kp_context_hint","18","AU-0450","Regional Motel Partners","https://motelpartners.com.au","2","https://www.motelpartners.com.au","role_context","operations","ess unchanged for 30 years, ​ Cottage Industry The motel industry is still mostly run and owned by small private family operations, providing scope for consolidation. -How to Invest - Find out how a secured note investment in Regional Motel Partners works Learn More Insights How Motels in Australia","Low","Use as a page-level KP hint; confirm person name/title before saving."
"45","manual_linkedin_search","18","AU-0450","Regional Motel Partners","queue_public_linkedin_query","1","","linkedin_search_url","https://www.google.com/search?q=site%3Alinkedin.com%2Fin+%22Regional+Motel+Partners%22+Australia+director+OR+operations+OR+procurement","site:linkedin.com/in ""Regional Motel Partners"" Australia director OR operations OR procurement","Low","Manual search URL for public LinkedIn result review; save only a matched personal/company URL with confidence notes."
"13","technical_status","18","AU-0450","Regional Motel Partners","https://motelpartners.com.au","2","https://www.motelpartners.com.au","fetch_status","https://motelpartners.com.au","","High","Fetch status: 200. Use only if page fetched successfully."
"13","technical_status","18","AU-0450","Regional Motel Partners","https://www.motelpartners.com.au/about-us","1","","fetch_status","https://www.motelpartners.com.au/about-us","","High","Fetch status: 200. Use only if page fetched successfully."
"88","team_or_about_page","19","AU-0196","Tao Restaurant Group","https://taogroup.com.au","8","https://www.taogroup.com.au/about | https://www.taogroup.com.au/groupsandparties","team_link","https://www.taogroup.com.au/about","press & media","Medium","Review linked page for contact/form/KP details."
"72","company_contact_page","19","AU-0196","Tao Restaurant Group","https://taogroup.com.au","4","https://www.taogroup.com.au/about | https://www.taogroup.com.au/groupsandparties","contact_link","https://www.taogroup.com.au/reservation","Make a Booking","Medium","Review linked page for contact/form/KP details."
"72","events_or_functions_contact","19","AU-0196","Tao Restaurant Group","https://taogroup.com.au","1","","contact_link","https://www.taogroup.com.au/groupsandparties","Enquiry Event","Medium","Review linked page for contact/form/KP details."
"50","kp_context_hint","19","AU-0196","Tao Restaurant Group","https://taogroup.com.au","3","https://www.taogroup.com.au/about | https://www.taogroup.com.au/groupsandparties","role_context","culinary","a collection of unique dining venues. Each of our venues offers a distinct experience, reflecting the rich and diverse culinary landscape of Asia. Experience the vibrant and diverse flavors of rich Chinese cultural heritage, authentically recreated to celebrate local dining preferences. Press & Med","Low","Use as a page-level KP hint; confirm person name/title before saving."
"50","kp_context_hint","19","AU-0196","Tao Restaurant Group","https://taogroup.com.au","1","","role_context","events","ht Club by Chambers, our waterside venue at Rozelle Bay, overlooking Anzac bridge. We host weddings, parties, corporate events, meetings and workshops, breakfast and brunch events, photoshoots, filming and more. Please contact us for your event details. Enquiry Event If you are captivated by the tim","Low","Use as a page-level KP hint; confirm person name/title before saving."
"45","manual_linkedin_search","19","AU-0196","Tao Restaurant Group","queue_public_linkedin_query","1","","linkedin_search_url","https://www.google.com/search?q=site%3Alinkedin.com%2Fin+%22Tao+Restaurant+Group%22+Australia+director+OR+operations+OR+procurement","site:linkedin.com/in ""Tao Restaurant Group"" Australia director OR operations OR procurement","Low","Manual search URL for public LinkedIn result review; save only a matched personal/company URL with confidence notes."
"13","technical_status","19","AU-0196","Tao Restaurant Group","https://taogroup.com.au","1","","fetch_status","https://taogroup.com.au","","High","Fetch status: 200. Use only if page fetched successfully."
"13","technical_status","19","AU-0196","Tao Restaurant Group","https://www.taogroup.com.au/about","1","","fetch_status","https://www.taogroup.com.au/about","","High","Fetch status: 200. Use only if page fetched successfully."
"13","technical_status","19","AU-0196","Tao Restaurant Group","https://www.taogroup.com.au/groupsandparties","1","","fetch_status","https://www.taogroup.com.au/groupsandparties","","High","Fetch status: 200. Use only if page fetched successfully."
"108","company_email","20","AU-0325","The Catering Group","http://thecateringgroup.com.au/contact-us/","1","","email","02%208530%201668","02 8530 1668","High","Mailto link; save with source/confidence note and review again before outreach."
"98","phone_candidate","20","AU-0325","The Catering Group","https://thecateringgroup.com.au","12","http://thecateringgroup.com.au/contact-us/ | https://thecateringgroup.com.au/about-us/","phone","02%208530%201668","Phone Number :","High","Tel link; save with source/confidence note and review again before outreach."
"89","possible_key_person","20","AU-0325","The Catering Group","https://thecateringgroup.com.au/about-us/","1","","key_person_name","Coordinator Calek Alshowaiheen","operations: f (Events) Brigitte Dalziell Functions and Events Coordinator Calek Alshowaiheen Operations Manager Work with us Careers The Catering Group is always looking to grow our team. We h","Medium","Person name found near 'operations' role. Verify person/company fit before saving to contacts."
"88","team_or_about_page","20","AU-0325","The Catering Group","https://thecateringgroup.com.au","24","http://thecateringgroup.com.au/contact-us/ | https://thecateringgroup.com.au/about-us/","team_link","https://thecateringgroup.com.au/about-us/","About Us","Medium","Review linked page for contact/form/KP details."
"72","company_contact_page","20","AU-0325","The Catering Group","https://thecateringgroup.com.au","2","https://thecateringgroup.com.au/about-us/","contact_link","http://thecateringgroup.com.au/contact-us/","","Medium","Review linked page for contact/form/KP details."
"72","company_contact_page","20","AU-0325","The Catering Group","https://thecateringgroup.com.au","26","http://thecateringgroup.com.au/contact-us/ | https://thecateringgroup.com.au/about-us/","contact_link","https://thecateringgroup.com.au/contact-us/","https://thecateringgroup.com.au/contact-us/","Medium","Review linked page for contact/form/KP details."
"72","events_or_functions_contact","20","AU-0325","The Catering Group","https://thecateringgroup.com.au","24","http://thecateringgroup.com.au/contact-us/ | https://thecateringgroup.com.au/about-us/","contact_link","https://thecateringgroup.com.au/events/","Events","Medium","Review linked page for contact/form/KP details."
"60","kp_context_hint","20","AU-0325","The Catering Group","https://thecateringgroup.com.au/about-us/","1","","role_context","operations","hef (Venues) Ivalu Otaiza Executive Chef (Events) Brigitte Dalziell Functions and Events Coordinator Calek Alshowaiheen Operations Manager Work with us Careers The Catering Group is always looking to grow our team. We have a range of casual, part-time and full-time positions across our venues and he","Low","Use as a page-level KP hint; confirm person name/title before saving."
"50","kp_context_hint","20","AU-0325","The Catering Group","https://thecateringgroup.com.au/about-us/","1","","role_context","ceo","propelling The Catering Group towards its goal of becoming a leading force in the industry. Meet The Team Greg Barclay CEO Adham Aston COO Caleb Moras-Smith Executive Chef (Venues) Ivalu Otaiza Executive Chef (Events) Brigitte Dalziell Functions and Events Coordinator Calek Alshowaiheen Operations","Low","Use as a page-level KP hint; confirm person name/title before saving."
"50","kp_context_hint","20","AU-0325","The Catering Group","https://thecateringgroup.com.au","1","","role_context","culinary","fect Spaces for Every Event! BOOK NOW Iluka on Baywater Welcome to Iluka on Baywater, your destination for a delightful culinary journey in Wentworth Point. Lantern Club Indulge in the vibrant flavours of the Mediterranean at Mazi, nestled within Lantern Club. Springwood Sports Club Welcome to Gathe","Low","Use as a page-level KP hint; confirm person name/title before saving."
"50","kp_context_hint","20","AU-0325","The Catering Group","https://thecateringgroup.com.au","3","http://thecateringgroup.com.au/contact-us/ | https://thecateringgroup.com.au/about-us/","role_context","events","ering Group Skip to content The Catering Group Home + About Us + Venues + Home + About Us + Venues + The Catering Group Events + Contact Us + Events + Contact Us + The Catering Group Home + About Us + Venues + Home + About Us + Venues + The Catering Group Events + Contact Us + Events + Contact Us +","Low","Use as a page-level KP hint; confirm person name/title before saving."
"50","kp_context_hint","20","AU-0325","The Catering Group","https://thecateringgroup.com.au","2","https://thecateringgroup.com.au/about-us/","role_context","staff","s consistent and hassle-free. But we don’t just deliver great food — we handle the details too. From equipment hire and staffing to full event styling, our team is here to support you every step of the way. Get in touch today to start planning your next event. BOOK NOW Explore Our Menus Our menus ar","Low","Use as a page-level KP hint; confirm person name/title before saving."
"50","kp_context_hint","20","AU-0325","The Catering Group","https://thecateringgroup.com.au","2","https://thecateringgroup.com.au/about-us/","role_context","team","itality expertise, propelling The Catering Group towards its goal of becoming a leading force in the industry. Meet The Team Greg Barclay CEO Adham Aston COO Caleb Moras-Smith Executive Chef (Venues) Ivalu Otaiza Executive Chef (Events) Brigitte Dalziell Functions and Events Coordinator Calek Alshow","Low","Use as a page-level KP hint; confirm person name/title before saving."
"45","manual_linkedin_search","20","AU-0325","The Catering Group","queue_public_linkedin_query","1","","linkedin_search_url","https://www.google.com/search?q=site%3Alinkedin.com%2Fin+%22The+Catering+Group%22+Australia+director+OR+operations+OR+procurement","site:linkedin.com/in ""The Catering Group"" Australia director OR operations OR procurement","Low","Manual search URL for public LinkedIn result review; save only a matched personal/company URL with confidence notes."
"13","technical_status","20","AU-0325","The Catering Group","http://thecateringgroup.com.au/contact-us/","1","","fetch_status","http://thecateringgroup.com.au/contact-us/","","High","Fetch status: 200. Use only if page fetched successfully."
"13","technical_status","20","AU-0325","The Catering Group","https://thecateringgroup.com.au","1","","fetch_status","https://thecateringgroup.com.au","","High","Fetch status: 200. Use only if page fetched successfully."
"13","technical_status","20","AU-0325","The Catering Group","https://thecateringgroup.com.au/about-us/","1","","fetch_status","https://thecateringgroup.com.au/about-us/","","High","Fetch status: 200. Use only if page fetched successfully."
"102","official_form_candidate","21","AU-0463","4 Things To Consider When Choosing Your Event Venue","https://thebelltower.com.au","2","","contact_form","https://thebelltower.com.au","contact_form form method=POST action=current page Newsletter Form First Name Last Name Email Phone/Mobile Subscribe","High","Official page contains a form; save as company_contact_form_url only if it is a contact/enquiry form, not only a booking widget."
"102","official_form_candidate","21","AU-0463","4 Things To Consider When Choosing Your Event Venue","https://www.thebelltower.com.au/about/","1","","contact_form","https://www.thebelltower.com.au/about/","contact_form form method=POST action=current page Newsletter Form First Name Last Name Email Phone/Mobile Subscribe","High","Official page contains a form; save as company_contact_form_url only if it is a contact/enquiry form, not only a booking widget."
"89","possible_key_person","21","AU-0463","4 Things To Consider When Choosing Your Event Venue","https://thebelltower.com.au","3","https://www.thebelltower.com.au/about/","key_person_name","Elopement Package Corporate","events: Love Locks Love Locks Bundle Venue Hire Weddings Elopement Package Corporate Events Community Bell Ringing News & Events About History The ANZAC Bell Plan Your Visit Accessibil","Medium","Person name found near 'events' role. Verify person/company fit before saving to contacts."
"89","possible_key_person","21","AU-0463","4 Things To Consider When Choosing Your Event Venue","https://thebelltower.com.au","3","https://www.thebelltower.com.au/about/","key_person_name","Whadjuk Nyoongar","owner: low Follow Follow The Bell Tower acknowledges the Whadjuk Nyoongar people as the traditional owners of the lands and waters on which we are situated today, and pay ou","Medium","Person name found near 'owner' role. Verify person/company fit before saving to contacts."
"88","team_or_about_page","21","AU-0463","4 Things To Consider When Choosing Your Event Venue","https://thebelltower.com.au","3","https://www.thebelltower.com.au/about/","team_link","https://www.thebelltower.com.au/about/","About","Medium","Review linked page for contact/form/KP details."
"88","team_or_about_page","21","AU-0463","4 Things To Consider When Choosing Your Event Venue","https://thebelltower.com.au","4","https://www.thebelltower.com.au/about/","team_link","https://www.thebelltower.com.au/about/faqs/","Frequently Asked Questions","Medium","Review linked page for contact/form/KP details."
"88","team_or_about_page","21","AU-0463","4 Things To Consider When Choosing Your Event Venue","https://thebelltower.com.au","3","https://www.thebelltower.com.au/about/","team_link","https://www.thebelltower.com.au/about/history-of-perth-bell-tower/","History","Medium","Review linked page for contact/form/KP details."
"88","team_or_about_page","21","AU-0463","4 Things To Consider When Choosing Your Event Venue","https://thebelltower.com.au","5","https://www.thebelltower.com.au/about/","team_link","https://www.thebelltower.com.au/about/plan-your-visit/","Plan Your Visit","Medium","Review linked page for contact/form/KP details."
"88","team_or_about_page","21","AU-0463","4 Things To Consider When Choosing Your Event Venue","https://thebelltower.com.au","3","https://www.thebelltower.com.au/about/","team_link","https://www.thebelltower.com.au/about/plan-your-visit/accessibility/","Accessibility","Medium","Review linked page for contact/form/KP details."
"88","team_or_about_page","21","AU-0463","4 Things To Consider When Choosing Your Event Venue","https://thebelltower.com.au","4","https://www.thebelltower.com.au/about/","team_link","https://www.thebelltower.com.au/about/the-anzac-bell/","https://www.thebelltower.com.au/about/the-anzac-bell/","Medium","Review linked page for contact/form/KP details."
"72","company_contact_page","21","AU-0463","4 Things To Consider When Choosing Your Event Venue","https://thebelltower.com.au","2","","contact_link","https://www.thebelltower.com.au/#booking","Explore","Medium","Review linked page for contact/form/KP details."
"72","company_contact_page","21","AU-0463","4 Things To Consider When Choosing Your Event Venue","https://thebelltower.com.au","10","https://www.thebelltower.com.au/about/","contact_link","https://www.thebelltower.com.au/book-an-experience/","Book an Experience","Medium","Review linked page for contact/form/KP details."
"72","company_contact_page","21","AU-0463","4 Things To Consider When Choosing Your Event Venue","https://thebelltower.com.au","3","https://www.thebelltower.com.au/about/","contact_link","https://www.thebelltower.com.au/book-an-experience/group-bookings/","Group Bookings","Medium","Review linked page for contact/form/KP details."
"72","company_contact_page","21","AU-0463","4 Things To Consider When Choosing Your Event Venue","https://thebelltower.com.au","3","https://www.thebelltower.com.au/about/","contact_link","https://www.thebelltower.com.au/book-an-experience/school-excursions/","School Excursions","Medium","Review linked page for contact/form/KP details."
"72","company_contact_page","21","AU-0463","4 Things To Consider When Choosing Your Event Venue","https://thebelltower.com.au","3","https://www.thebelltower.com.au/about/","contact_link","https://www.thebelltower.com.au/contact/","Contact","Medium","Review linked page for contact/form/KP details."
"72","events_or_functions_contact","21","AU-0463","4 Things To Consider When Choosing Your Event Venue","https://thebelltower.com.au","3","https://www.thebelltower.com.au/about/","contact_link","https://www.thebelltower.com.au/news-events/","News & Events","Medium","Review linked page for contact/form/KP details."
"72","events_or_functions_contact","21","AU-0463","4 Things To Consider When Choosing Your Event Venue","https://thebelltower.com.au","4","https://www.thebelltower.com.au/about/","contact_link","https://www.thebelltower.com.au/venue-hire/corporate-events/","https://www.thebelltower.com.au/venue-hire/corporate-events/","Medium","Review linked page for contact/form/KP details."
"60","kp_context_hint","21","AU-0463","4 Things To Consider When Choosing Your Event Venue","https://thebelltower.com.au","3","https://www.thebelltower.com.au/about/","role_context","owner","ow Follow Follow Follow Follow Follow Follow The Bell Tower acknowledges the Whadjuk Nyoongar people as the traditional owners of the lands and waters on which we are situated today, and pay our respects to Elders past and present. The Swan Bells Foundation Inc. | Privacy Policy Copyright © 2023 - 2","Low","Use as a page-level KP hint; confirm person name/title before saving."
"60","kp_context_hint","21","AU-0463","4 Things To Consider When Choosing Your Event Venue","https://thebelltower.com.au","3","https://www.thebelltower.com.au/about/","role_context","people","ong with five specially cast bells were presented to the University of Western Australia, the City of Perth, and to the people of Western Australia. The London diocese of the Church of England and the parish of St Martin-in-the-Fields gave authority for the project to proceed. The additional bells c","Low","Use as a page-level KP hint; confirm person name/title before saving."
"50","kp_context_hint","21","AU-0463","4 Things To Consider When Choosing Your Event Venue","https://thebelltower.com.au","3","https://www.thebelltower.com.au/about/","role_context","events","e Tickets Group Bookings School Excursions Love Locks Love Locks Bundle Venue Hire Weddings Elopement Package Corporate Events Community Bell Ringing News & Events About History The ANZAC Bell Plan Your Visit Accessibility FAQs Contact Select Page EXPERIENCE THE SOUND OF PERTH Explore ; Discover The","Low","Use as a page-level KP hint; confirm person name/title before saving."
"50","kp_context_hint","21","AU-0463","4 Things To Consider When Choosing Your Event Venue","https://www.thebelltower.com.au/about/","1","","role_context","operations","d is a lasting memorial to Australian and New Zealand servicemen and women involved in wars, conflicts and peacekeeping operations around the world. The ANZAC Bell is one of the first bells to use 3D printing in the design. Gold was added to the copper and tin during the casting process, reflecting","Low","Use as a page-level KP hint; confirm person name/title before saving."
"45","manual_linkedin_search","21","AU-0463","4 Things To Consider When Choosing Your Event Venue","queue_public_linkedin_query","1","","linkedin_search_url","https://www.google.com/search?q=site%3Alinkedin.com%2Fin+%224+Things+To+Consider+When+Choosing+Your+Event+Venue%22+Australia+director+OR+operations+OR+procurement","site:linkedin.com/in ""4 Things To Consider When Choosing Your Event Venue"" Australia director OR operations OR procurement","Low","Manual search URL for public LinkedIn result review; save only a matched personal/company URL with confidence notes."
"13","technical_status","21","AU-0463","4 Things To Consider When Choosing Your Event Venue","https://thebelltower.com.au","2","","fetch_status","https://thebelltower.com.au","","High","Fetch status: 200. Use only if page fetched successfully."
"13","technical_status","21","AU-0463","4 Things To Consider When Choosing Your Event Venue","https://www.thebelltower.com.au/about/","1","","fetch_status","https://www.thebelltower.com.au/about/","","High","Fetch status: 200. Use only if page fetched successfully."
"88","team_or_about_page","22","AU-0206","Atlantic Group","https://atlanticgroup.com.au","3","https://atlanticgroup.com.au/#contact_popup_form | https://atlanticgroup.com.au/about-us/careers/","team_link","https://atlanticgroup.com.au/about-us/careers/","CAREERS","Medium","Review linked page for contact/form/KP details."
"88","team_or_about_page","22","AU-0206","Atlantic Group","https://atlanticgroup.com.au","3","https://atlanticgroup.com.au/#contact_popup_form | https://atlanticgroup.com.au/about-us/careers/","team_link","https://atlanticgroup.com.au/about-us/our-story/","ABOUT US","Medium","Review linked page for contact/form/KP details."
"72","company_contact_page","22","AU-0206","Atlantic Group","https://atlanticgroup.com.au","10","https://atlanticgroup.com.au/#contact_popup_form","contact_link","https://atlanticgroup.com.au/#contact_popup_form","Enquire now","Medium","Review linked page for contact/form/KP details."
"72","company_contact_page","22","AU-0206","Atlantic Group","https://atlanticgroup.com.au/about-us/careers/","3","","contact_link","https://atlanticgroup.com.au/about-us/careers/#contact_popup_form","Enquire now","Medium","Review linked page for contact/form/KP details."
"72","company_contact_page","22","AU-0206","Atlantic Group","https://atlanticgroup.com.au","3","https://atlanticgroup.com.au/#contact_popup_form | https://atlanticgroup.com.au/about-us/careers/","contact_link","https://atlanticgroup.com.au/contact/","CONTACT US","Medium","Review linked page for contact/form/KP details."
"72","company_contact_page","22","AU-0206","Atlantic Group","https://atlanticgroup.com.au","3","https://atlanticgroup.com.au/#contact_popup_form | https://atlanticgroup.com.au/about-us/careers/","contact_link","https://atlanticgroup.com.au/general-enquiry/","General Enquiry","Medium","Review linked page for contact/form/KP details."
"72","events_or_functions_contact","22","AU-0206","Atlantic Group","https://atlanticgroup.com.au","14","https://atlanticgroup.com.au/#contact_popup_form | https://atlanticgroup.com.au/about-us/careers/","contact_link","https://atlanticgroup.com.au/corporate-events/","Corporate Function Venues","Medium","Review linked page for contact/form/KP details."
"72","events_or_functions_contact","22","AU-0206","Atlantic Group","https://atlanticgroup.com.au","3","https://atlanticgroup.com.au/#contact_popup_form | https://atlanticgroup.com.au/about-us/careers/","contact_link","https://atlanticgroup.com.au/event-enquiry/","Event Enquiry","Medium","Review linked page for contact/form/KP details."
"72","events_or_functions_contact","22","AU-0206","Atlantic Group","https://atlanticgroup.com.au","6","https://atlanticgroup.com.au/#contact_popup_form | https://atlanticgroup.com.au/about-us/careers/","contact_link","https://atlanticgroup.com.au/major-events/","MAJOR EVENTS","Medium","Review linked page for contact/form/KP details."
"70","company_linkedin","22","AU-0206","Atlantic Group","https://atlanticgroup.com.au","3","https://atlanticgroup.com.au/#contact_popup_form | https://atlanticgroup.com.au/about-us/careers/","company_linkedin_url","https://www.linkedin.com/company/1265690","https://www.linkedin.com/company/1265690","Low","Use as a manual LinkedIn review URL; do not treat as verified direct contact until person/company fit is confirmed."
"50","kp_context_hint","22","AU-0206","Atlantic Group","https://atlanticgroup.com.au","2","https://atlanticgroup.com.au/#contact_popup_form","role_context","culinary",". One is never enough. With a goal that is nothing short of perfection every time, we’re bringing style, innovation and culinary creativity to your occasion. We give you the chance to dine in style, offering up scrumptious food at a range of Melbourne locations, including exceptional waterfront venu","Low","Use as a page-level KP hint; confirm person name/title before saving."
"50","kp_context_hint","22","AU-0206","Atlantic Group","https://atlanticgroup.com.au","3","https://atlanticgroup.com.au/#contact_popup_form | https://atlanticgroup.com.au/about-us/careers/","role_context","events","s For Hire in Melbourne | Atlantic Group Enquire now | +61 3 8623 9600 MENU WHATS ON WEDDINGS PRIVATE PARTIES CORPORATE EVENTS EXTERNAL CATERING BARS & RESTAURANTS BARS THE DEN RESTAURANTS THE ATLANTIC Sushi Baby VENUES 408 THE VENUE CIEL THE VENUE GARDENS HOUSE SOPHIA PORT MELB YACHT CLUB THE GOODS","Low","Use as a page-level KP hint; confirm person name/title before saving."
"50","kp_context_hint","22","AU-0206","Atlantic Group","https://atlanticgroup.com.au","2","https://atlanticgroup.com.au/#contact_popup_form","role_context","staff","am to cater your next event in the location of your choosing. Think carefully curated cocktails, meticulously manicured staff and sophisticated yet ambitious menus. Completely crafted to exceed every expectation, the potential is limitless when you choose from our vast range of venues. Whether you h","Low","Use as a page-level KP hint; confirm person name/title before saving."
"50","kp_context_hint","22","AU-0206","Atlantic Group","https://atlanticgroup.com.au","2","https://atlanticgroup.com.au/#contact_popup_form","role_context","team","ry style of occasion, ambience and desired experience. PREMIUM CATERING IN MELBOURNE CBD AND ACROSS THE CITY Engage our team to cater your next event in the location of your choosing. Think carefully curated cocktails, meticulously manicured staff and sophisticated yet ambitious menus. Completely cr","Low","Use as a page-level KP hint; confirm person name/title before saving."
"45","manual_linkedin_search","22","AU-0206","Atlantic Group","queue_public_linkedin_query","1","","linkedin_search_url","https://www.google.com/search?q=site%3Alinkedin.com%2Fin+%22Atlantic+Group%22+Australia+director+OR+operations+OR+procurement","site:linkedin.com/in ""Atlantic Group"" Australia director OR operations OR procurement","Low","Manual search URL for public LinkedIn result review; save only a matched personal/company URL with confidence notes."
"13","technical_status","22","AU-0206","Atlantic Group","https://atlanticgroup.com.au","2","https://atlanticgroup.com.au/#contact_popup_form","fetch_status","https://atlanticgroup.com.au","","High","Fetch status: 200. Use only if page fetched successfully."
"13","technical_status","22","AU-0206","Atlantic Group","https://atlanticgroup.com.au/about-us/careers/","1","","fetch_status","https://atlanticgroup.com.au/about-us/careers/","","High","Fetch status: 200. Use only if page fetched successfully."
"102","official_form_candidate","23","AU-0296","Authentic Lebanese Wedding Catering Melbourne &amp; Regional Victoria | atiyah","https://www.atiyah.life/contact-us/","1","","contact_form","https://www.atiyah.life/contact-us/","contact_form form method=post action=current page First Name Last Name Phone Email Message This site is protected by reCAPTCHA and the Google Privacy Policy and Terms of Service apply. Send","High","Official page contains a form; save as company_contact_form_url only if it is a contact/enquiry form, not only a booking widget."
"88","team_or_about_page","23","AU-0296","Authentic Lebanese Wedding Catering Melbourne &amp; Regional Victoria | atiyah","https://atiyah.life","7","https://www.atiyah.life/contact-us/ | https://www.atiyah.life/our-people/","team_link","https://www.atiyah.life/our-people/","OUR PEOPLE","Medium","Review linked page for contact/form/KP details."
"72","company_contact_page","23","AU-0296","Authentic Lebanese Wedding Catering Melbourne &amp; Regional Victoria | atiyah","https://atiyah.life","6","https://www.atiyah.life/contact-us/ | https://www.atiyah.life/our-people/","contact_link","https://www.atiyah.life/contact-us/","CONTACT US","Medium","Review linked page for contact/form/KP details."
"70","company_linkedin","23","AU-0296","Authentic Lebanese Wedding Catering Melbourne &amp; Regional Victoria | atiyah","https://atiyah.life","3","https://www.atiyah.life/contact-us/ | https://www.atiyah.life/our-people/","company_linkedin_url","https://www.linkedin.com/company/atiyah","","Low","Use as a manual LinkedIn review URL; do not treat as verified direct contact until person/company fit is confirmed."
"50","kp_context_hint","23","AU-0296","Authentic Lebanese Wedding Catering Melbourne &amp; Regional Victoria | atiyah","https://atiyah.life","1","","role_context","events","ans “gift of love”. atiyah’s awesome Lebanese catering is made with love and perfect for weddings, corporate or private events. Start with crispy nourishing manakish flatbread, baked fresh. Our unique atiyah za’atar blend from Southern Lebanon and delicious homemade fresh dips are irresistible. Eat","Low","Use as a page-level KP hint; confirm person name/title before saving."
"50","kp_context_hint","23","AU-0296","Authentic Lebanese Wedding Catering Melbourne &amp; Regional Victoria | atiyah","https://atiyah.life","1","","role_context","leadership","at you need to be innovative. We’ve brought together two things that matter to people today: delicious healthy food and leadership in sustainability, combined to create an experience that’s about great food and values. LEARN MORE Awesome catering has the best ingredients. FRESH AND HEALTHY The quali","Low","Use as a page-level KP hint; confirm person name/title before saving."
"50","kp_context_hint","23","AU-0296","Authentic Lebanese Wedding Catering Melbourne &amp; Regional Victoria | atiyah","https://atiyah.life","3","https://www.atiyah.life/contact-us/ | https://www.atiyah.life/our-people/","role_context","people","p to content MENU & PACKAGES INGREDIENTS SUSTAINABILITY MENU & PACKAGES INGREDIENTS SUSTAINABILITY Wedding Catering OUR PEOPLE CONTACT US Wedding Catering OUR PEOPLE CONTACT US Catering Offering a complete sustainable halal solution for your corporate or private event, showcasing our Lebanese and Mi","Low","Use as a page-level KP hint; confirm person name/title before saving."
"50","kp_context_hint","23","AU-0296","Authentic Lebanese Wedding Catering Melbourne &amp; Regional Victoria | atiyah","https://atiyah.life","2","https://www.atiyah.life/our-people/","role_context","team","atar, to the smokey eggplant in our Messakaa. LEARN MORE Awesome Catering begins with awesome people. ATIYAH PEOPLE Our team are passionate about accelerating the worlds transitions to a sustainable future. They are committed to care for our customers, protecting people and our planet. Creating a co","Low","Use as a page-level KP hint; confirm person name/title before saving."
"45","manual_linkedin_search","23","AU-0296","Authentic Lebanese Wedding Catering Melbourne &amp; Regional Victoria | atiyah","queue_public_linkedin_query","1","","linkedin_search_url","https://www.google.com/search?q=site%3Alinkedin.com%2Fin+%22Authentic+Lebanese+Wedding+Catering+Melbourne+%26amp%3B+Regional+Victoria+%7C+atiyah%22+Australia+director+OR+operations+OR+procurement","site:linkedin.com/in ""Authentic Lebanese Wedding Catering Melbourne &amp; Regional Victoria | atiyah"" Australia director OR operations OR procurement","Low","Manual search URL for public LinkedIn result review; save only a matched personal/company URL with confidence notes."
"13","technical_status","23","AU-0296","Authentic Lebanese Wedding Catering Melbourne &amp; Regional Victoria | atiyah","https://atiyah.life","1","","fetch_status","https://atiyah.life","","High","Fetch status: 200. Use only if page fetched successfully."
"13","technical_status","23","AU-0296","Authentic Lebanese Wedding Catering Melbourne &amp; Regional Victoria | atiyah","https://www.atiyah.life/contact-us/","1","","fetch_status","https://www.atiyah.life/contact-us/","","High","Fetch status: 200. Use only if page fetched successfully."
"13","technical_status","23","AU-0296","Authentic Lebanese Wedding Catering Melbourne &amp; Regional Victoria | atiyah","https://www.atiyah.life/our-people/","1","","fetch_status","https://www.atiyah.life/our-people/","","High","Fetch status: 200. Use only if page fetched successfully."
"102","official_form_candidate","24","AU-0297","Birthday Catering Melbourne | Events &amp; Party Catering Service","https://cateringbychefs.com.au/catering-enquiry-get-a-free-quote-melbourne/","1","","contact_form","https://cateringbychefs.com.au/catering-enquiry-get-a-free-quote-melbourne/","contact_form form method=post action=https://cateringbychefs.com.au/catering-enquiry-get-a-free-quote-melbourne/ CATERING ENQUIRY Get a FREE quote! Please enter your details: Would you also like bar/drinks included in your quote? * Please select Yes No How did you hear about us? Please select from below Google / Search Engine Saw us at an event Friend / Family / Colleague Recommendation Facebook Instagram LinkedIn A Venue / Vendor Recommendation Other Please subscribe me to your newsletter to ke","High","Official page contains a form; save as company_contact_form_url only if it is a contact/enquiry form, not only a booking widget."
"94","phone_candidate","24","AU-0297","Birthday Catering Melbourne | Events &amp; Party Catering Service","https://cateringbychefs.com.au","13","https://cateringbychefs.com.au/about-us/ | https://cateringbychefs.com.au/catering-enquiry-get-a-free-quote-melbourne/","phone","0407 633 322","ut Us | Catering By Chefs Skip to content ONLINE PARTY PACKS QUICK ENQUIRY DOWNLOAD MENUS 0407 633 322 CALL US Toggle Navigation HOME ABOUT CATERING SERVICES & MENU WEDDING CATERING ENGAGEMENT","Medium","Review whether this is company or person phone before saving."
"88","team_or_about_page","24","AU-0297","Birthday Catering Melbourne | Events &amp; Party Catering Service","https://cateringbychefs.com.au","6","https://cateringbychefs.com.au/about-us/ | https://cateringbychefs.com.au/catering-enquiry-get-a-free-quote-melbourne/","team_link","https://cateringbychefs.com.au/about-us/","https://cateringbychefs.com.au/about-us/","Medium","Review linked page for contact/form/KP details."
"72","company_contact_page","24","AU-0297","Birthday Catering Melbourne | Events &amp; Party Catering Service","https://cateringbychefs.com.au","6","https://cateringbychefs.com.au/about-us/ | https://cateringbychefs.com.au/catering-enquiry-get-a-free-quote-melbourne/","contact_link","https://cateringbychefs.com.au/catering-enquiry-get-a-free-quote-melbourne/","https://cateringbychefs.com.au/catering-enquiry-get-a-free-quote-melbourne/","Medium","Review linked page for contact/form/KP details."
"72","company_contact_page","24","AU-0297","Birthday Catering Melbourne | Events &amp; Party Catering Service","https://cateringbychefs.com.au","6","https://cateringbychefs.com.au/about-us/ | https://cateringbychefs.com.au/catering-enquiry-get-a-free-quote-melbourne/","contact_link","https://cateringbychefs.com.au/contact-us/","https://cateringbychefs.com.au/contact-us/","Medium","Review linked page for contact/form/KP details."
"72","company_contact_page","24","AU-0297","Birthday Catering Melbourne | Events &amp; Party Catering Service","https://cateringbychefs.com.au","3","https://cateringbychefs.com.au/about-us/ | https://cateringbychefs.com.au/catering-enquiry-get-a-free-quote-melbourne/","contact_link","https://cateringbychefs.com.au/faq-items/catering-by-chefs-terms-conditions/","Quote & Booking T&Cs","Medium","Review linked page for contact/form/KP details."
"72","events_or_functions_contact","24","AU-0297","Birthday Catering Melbourne | Events &amp; Party Catering Service","https://cateringbychefs.com.au","8","https://cateringbychefs.com.au/about-us/ | https://cateringbychefs.com.au/catering-enquiry-get-a-free-quote-melbourne/","contact_link","https://cateringbychefs.com.au/private-functions-catering-melbourne/","https://cateringbychefs.com.au/private-functions-catering-melbourne/","Medium","Review linked page for contact/form/KP details."
"72","events_or_functions_contact","24","AU-0297","Birthday Catering Melbourne | Events &amp; Party Catering Service","https://cateringbychefs.com.au","6","https://cateringbychefs.com.au/about-us/ | https://cateringbychefs.com.au/catering-enquiry-get-a-free-quote-melbourne/","contact_link","https://cateringbychefs.com.au/venues-catering-private-events/","https://cateringbychefs.com.au/venues-catering-private-events/","Medium","Review linked page for contact/form/KP details."
"60","kp_context_hint","24","AU-0297","Birthday Catering Melbourne | Events &amp; Party Catering Service","https://cateringbychefs.com.au/about-us/","1","","role_context","owner","fs is the Premium Catering Company in Melbourne renowned for its highest quality food and outstanding service. Phil the Owner and Executive Chef has 20 years of Catering and Chefing experience throughout Melbourne and Regional Victoria. Qualified chefs and waiters with restaurant and catering experi","Low","Use as a page-level KP hint; confirm person name/title before saving."
"50","kp_context_hint","24","AU-0297","Birthday Catering Melbourne | Events &amp; Party Catering Service","https://cateringbychefs.com.au","1","","role_context","culinary","atering services in Melbourne, consistently delivering memorable dining experiences. With over two decades of dedicated culinary experience, we have been offering a myriad of birthday catering services tailored to specific events or occasions in Melbourne. It includes wedding catering, event caterin","Low","Use as a page-level KP hint; confirm person name/title before saving."
"50","kp_context_hint","24","AU-0297","Birthday Catering Melbourne | Events &amp; Party Catering Service","https://cateringbychefs.com.au","2","https://cateringbychefs.com.au/about-us/","role_context","events","ENQUIRY About Us About… CATERING BY CHEFS Melbourne’s Premium Event and Function Catering Service Allow us to make your events a success! Catering by Chefs Cook with the Finest Quality Ingredients Catering by Chefs is the Premium Catering Company in Melbourne renowned for its highest quality food an","Low","Use as a page-level KP hint; confirm person name/title before saving."
"50","kp_context_hint","24","AU-0297","Birthday Catering Melbourne | Events &amp; Party Catering Service","https://cateringbychefs.com.au","2","https://cateringbychefs.com.au/about-us/","role_context","management","thday party, corporate event, wedding, or anything else. As experienced party caterers in Melbourne, we ensure seamless management of events, regardless of size. Book a Free Wedding Consultation Menus for every occasion! MAKE YOUR OCCASION SPECIAL! Book a Free Wedding Consultation Why Are We the Mos","Low","Use as a page-level KP hint; confirm person name/title before saving."
"50","kp_context_hint","24","AU-0297","Birthday Catering Melbourne | Events &amp; Party Catering Service","https://cateringbychefs.com.au","2","https://cateringbychefs.com.au/about-us/","role_context","staff","on, and innovation to pay attention to every small detail, from planning to making an event a great success. All of our staff, including qualified chefs, well-trained waiters, and professional supervisors, are trained and well-equipped to manage the team at any event, regardless of type, size, or co","Low","Use as a page-level KP hint; confirm person name/title before saving."
"50","kp_context_hint","24","AU-0297","Birthday Catering Melbourne | Events &amp; Party Catering Service","https://cateringbychefs.com.au","2","https://cateringbychefs.com.au/about-us/","role_context","team","luding qualified chefs, well-trained waiters, and professional supervisors, are trained and well-equipped to manage the team at any event, regardless of type, size, or complexity. Catering By Chefs has hands-on experience in managing different events, from small birthday parties and corporate events","Low","Use as a page-level KP hint; confirm person name/title before saving."
"45","manual_linkedin_search","24","AU-0297","Birthday Catering Melbourne | Events &amp; Party Catering Service","queue_public_linkedin_query","1","","linkedin_search_url","https://www.google.com/search?q=site%3Alinkedin.com%2Fin+%22Birthday+Catering+Melbourne+%7C+Events+%26amp%3B+Party+Catering+Service%22+Australia+director+OR+operations+OR+procurement","site:linkedin.com/in ""Birthday Catering Melbourne | Events &amp; Party Catering Service"" Australia director OR operations OR procurement","Low","Manual search URL for public LinkedIn result review; save only a matched personal/company URL with confidence notes."
"13","technical_status","24","AU-0297","Birthday Catering Melbourne | Events &amp; Party Catering Service","https://cateringbychefs.com.au","1","","fetch_status","https://cateringbychefs.com.au","","High","Fetch status: 200. Use only if page fetched successfully."
"13","technical_status","24","AU-0297","Birthday Catering Melbourne | Events &amp; Party Catering Service","https://cateringbychefs.com.au/about-us/","1","","fetch_status","https://cateringbychefs.com.au/about-us/","","High","Fetch status: 200. Use only if page fetched successfully."
"13","technical_status","24","AU-0297","Birthday Catering Melbourne | Events &amp; Party Catering Service","https://cateringbychefs.com.au/catering-enquiry-get-a-free-quote-melbourne/","1","","fetch_status","https://cateringbychefs.com.au/catering-enquiry-get-a-free-quote-melbourne/","","High","Fetch status: 200. Use only if page fetched successfully."
"98","phone_candidate","25","AU-0293","Casa Catering Sydney: Your One-Stop Catering Solution","https://catering-sydney.au","3","https://catering-sydney.au/# | https://catering-sydney.au/about-us/","phone","+61405696400","CALL US","High","Tel link; save with source/confidence note and review again before outreach."
"94","phone_candidate","25","AU-0293","Casa Catering Sydney: Your One-Stop Catering Solution","https://catering-sydney.au","11","https://catering-sydney.au/# | https://catering-sydney.au/about-us/","phone","0405 696 400","FFICE 300 Pacific Hwy Crows Nest NSW 2065 Liquor License Number: LIQP770017485 CONTACT T: 0405 696 400 E: adrian@casafinefoods.com.au © Casa Fine Foods, 2024 | Terms of Service | Privacy Polic","Medium","Review whether this is company or person phone before saving."
"88","team_or_about_page","25","AU-0293","Casa Catering Sydney: Your One-Stop Catering Solution","https://catering-sydney.au","12","https://catering-sydney.au/# | https://catering-sydney.au/about-us/","team_link","https://catering-sydney.au/about-us/","ABOUT US","Medium","Review linked page for contact/form/KP details."
"72","company_contact_page","25","AU-0293","Casa Catering Sydney: Your One-Stop Catering Solution","https://catering-sydney.au","2","https://catering-sydney.au/#","contact_link","https://catering-sydney.au/comment-contacter-rapidement-le-support-horus-casino-en-cas-de-souci/","1058 13","Medium","Review linked page for contact/form/KP details."
"72","company_contact_page","25","AU-0293","Casa Catering Sydney: Your One-Stop Catering Solution","https://catering-sydney.au","4","https://catering-sydney.au/#","contact_link","https://catering-sydney.au/contact-us/","just ask us!","Medium","Review linked page for contact/form/KP details."
"72","events_or_functions_contact","25","AU-0293","Casa Catering Sydney: Your One-Stop Catering Solution","https://catering-sydney.au","4","https://catering-sydney.au/#","contact_link","https://catering-sydney.au/#","EVENTS","Medium","Review linked page for contact/form/KP details."
"72","events_or_functions_contact","25","AU-0293","Casa Catering Sydney: Your One-Stop Catering Solution","https://catering-sydney.au/about-us/","2","","contact_link","https://catering-sydney.au/about-us/#","EVENTS","Medium","Review linked page for contact/form/KP details."
"72","events_or_functions_contact","25","AU-0293","Casa Catering Sydney: Your One-Stop Catering Solution","https://catering-sydney.au","6","https://catering-sydney.au/# | https://catering-sydney.au/about-us/","contact_link","https://catering-sydney.au/catering-events-services/","CATERING SERVICES","Medium","Review linked page for contact/form/KP details."
"72","events_or_functions_contact","25","AU-0293","Casa Catering Sydney: Your One-Stop Catering Solution","https://catering-sydney.au","6","https://catering-sydney.au/# | https://catering-sydney.au/about-us/","contact_link","https://catering-sydney.au/office-business-meeting-catering/","Business Events","Medium","Review linked page for contact/form/KP details."
"70","company_linkedin","25","AU-0293","Casa Catering Sydney: Your One-Stop Catering Solution","https://catering-sydney.au","6","https://catering-sydney.au/# | https://catering-sydney.au/about-us/","company_linkedin_url","https://www.linkedin.com/company/catering-sydney/","https://www.linkedin.com/company/catering-sydney/","Low","Use as a manual LinkedIn review URL; do not treat as verified direct contact until person/company fit is confirmed."
"60","kp_context_hint","25","AU-0293","Casa Catering Sydney: Your One-Stop Catering Solution","https://catering-sydney.au/about-us/","1","","role_context","leadership","professional journey, Adrian Carter has demonstrated a passion for the culinary arts, a keen eye for detail, and strong leadership abilities. His extensive experience at European Catering Pty Ltd has solidified his reputation as a talented and accomplished chef and manager in the food and catering i","Low","Use as a page-level KP hint; confirm person name/title before saving."
"50","kp_context_hint","25","AU-0293","Casa Catering Sydney: Your One-Stop Catering Solution","https://catering-sydney.au/about-us/","1","","role_context","culinary","ng Sydney delivers! Adrian Carter Throughout his professional journey, Adrian Carter has demonstrated a passion for the culinary arts, a keen eye for detail, and strong leadership abilities. His extensive experience at European Catering Pty Ltd has solidified his reputation as a talented and accompl","Low","Use as a page-level KP hint; confirm person name/title before saving."
"50","kp_context_hint","25","AU-0293","Casa Catering Sydney: Your One-Stop Catering Solution","https://catering-sydney.au","3","https://catering-sydney.au/# | https://catering-sydney.au/about-us/","role_context","events","G TEA CATERING LUNCH CATERING AFTERNOON TEA CATERING HEALTHY CATERING FOOD PLATTERS CATERING BEVERAGES piggs peake wine EVENTS WAKES & FUNERALS CONFERENCES MEETINGS MELBOURNE CUP CHRISTMAS CATERING CATERING SERVICES DIETARY VEGETARIAN VEGAN GLUTEN FREE DAIRY FREE HEALTHY ABOUT US BLOG   CATERING M","Low","Use as a page-level KP hint; confirm person name/title before saving."
"50","kp_context_hint","25","AU-0293","Casa Catering Sydney: Your One-Stop Catering Solution","https://catering-sydney.au","3","https://catering-sydney.au/# | https://catering-sydney.au/about-us/","role_context","people","ries or healthy fruit and yoghurts, we’ve got you covered. Lunch Want a delicious sandwich platter which will perk your people up? Or something a bit different. We’ve got salads, wraps, dips, quiches and more… Afternoon Tea Overcome the 3 o’clock blues with your choice of sweet nibbles: tarts, tea c","Low","Use as a page-level KP hint; confirm person name/title before saving."
"50","kp_context_hint","25","AU-0293","Casa Catering Sydney: Your One-Stop Catering Solution","https://catering-sydney.au","3","https://catering-sydney.au/# | https://catering-sydney.au/about-us/","role_context","team","hile the events are good, the survey feedback always refer to the catering. More than happy to recommend Adrian and his team to cater your next corporate or private event. Bravo! Deborah de Jong Do you order corporate catering platters or office lunches regularly? We’d love to partner with you. We h","Low","Use as a page-level KP hint; confirm person name/title before saving."
"45","manual_linkedin_search","25","AU-0293","Casa Catering Sydney: Your One-Stop Catering Solution","queue_public_linkedin_query","1","","linkedin_search_url","https://www.google.com/search?q=site%3Alinkedin.com%2Fin+%22Casa+Catering+Sydney%3A+Your+One-Stop+Catering+Solution%22+Australia+director+OR+operations+OR+procurement","site:linkedin.com/in ""Casa Catering Sydney: Your One-Stop Catering Solution"" Australia director OR operations OR procurement","Low","Manual search URL for public LinkedIn result review; save only a matched personal/company URL with confidence notes."
"13","technical_status","25","AU-0293","Casa Catering Sydney: Your One-Stop Catering Solution","https://catering-sydney.au","2","https://catering-sydney.au/#","fetch_status","https://catering-sydney.au","","High","Fetch status: 200. Use only if page fetched successfully."
"13","technical_status","25","AU-0293","Casa Catering Sydney: Your One-Stop Catering Solution","https://catering-sydney.au/about-us/","1","","fetch_status","https://catering-sydney.au/about-us/","","High","Fetch status: 200. Use only if page fetched successfully."
"108","company_email","26","AU-0479","CASCADE BREWERY CO
 – CASCADE BREWERY BAR - CASCADE BREWERY CO","https://www.cascadebreweryco.com.au/pages/contact-us","2","","email","bar@cascadebrewerybar.com.au","am History Beers Beer Locator You must be of legal drinking age Contact Us Bar enquiries: bar@cascadebrewerybar.com.au Function enquiries: functions@cascadebrewerybar.com.au Tour enquiries: tours@cascadebrewe","High","Review whether this is company, department, or person email before saving."
"108","company_email","26","AU-0479","CASCADE BREWERY CO
 – CASCADE BREWERY BAR - CASCADE BREWERY CO","https://www.cascadebreweryco.com.au/pages/contact-us","2","","email","tours@cascadebreweryco.com.au","ebrewerybar.com.au Function enquiries: functions@cascadebrewerybar.com.au Tour enquiries: tours@cascadebreweryco.com.au For product enquiries, please contact our Asahi support team Contact Us Bar Menu Gift Vou","High","Review whether this is company, department, or person email before saving."
"72","company_contact_page","26","AU-0479","CASCADE BREWERY CO
 – CASCADE BREWERY BAR - CASCADE BREWERY CO","https://cascadebreweryco.com.au","2","https://www.cascadebreweryco.com.au/pages/contact-us","contact_link","https://www.cascadebreweryco.com.au/pages/contact-us","Contact Us","Medium","Review linked page for contact/form/KP details."
"50","kp_context_hint","26","AU-0479","CASCADE BREWERY CO
 – CASCADE BREWERY BAR - CASCADE BREWERY CO","https://www.cascadebreweryco.com.au/pages/contact-us","1","","role_context","team","brewerybar.com.au Tour enquiries: tours@cascadebreweryco.com.au For product enquiries, please contact our Asahi support team Contact Us Bar Menu Gift Voucher Functions Facebook Instagram © 2026, CASCADE BREWERY BAR - CASCADE BREWERY CO Please drink/enjoy responsibly. Please do not share this content","Low","Use as a page-level KP hint; confirm person name/title before saving."
"45","manual_linkedin_search","26","AU-0479","CASCADE BREWERY CO
 – CASCADE BREWERY BAR - CASCADE BREWERY CO","queue_public_linkedin_query","1","","linkedin_search_url","https://www.google.com/search?q=site%3Alinkedin.com%2Fin+%22CASCADE+BREWERY+CO+%E2%80%93+CASCADE+BREWERY+BAR+-+CASCADE+BREWERY+CO%22+Australia+director+OR+operations+OR+procurement","site:linkedin.com/in ""CASCADE BREWERY CO – CASCADE BREWERY BAR - CASCADE BREWERY CO"" Australia director OR operations OR procurement","Low","Manual search URL for public LinkedIn result review; save only a matched personal/company URL with confidence notes."
"13","technical_status","26","AU-0479","CASCADE BREWERY CO
 – CASCADE BREWERY BAR - CASCADE BREWERY CO","https://cascadebreweryco.com.au","1","","fetch_status","https://cascadebreweryco.com.au","","High","Fetch status: 200. Use only if page fetched successfully."
"13","technical_status","26","AU-0479","CASCADE BREWERY CO
 – CASCADE BREWERY BAR - CASCADE BREWERY CO","https://www.cascadebreweryco.com.au/pages/contact-us","1","","fetch_status","https://www.cascadebreweryco.com.au/pages/contact-us","","High","Fetch status: 200. Use only if page fetched successfully."
"108","possible_key_person_linkedin","27","AU-0326","Cater Care: Trusted Food Service Contractors in Australia","https://catercare.com.au/news-common-myths-outsourcing-aged-care-catering/","1","","key_person_linkedin_url","https://www.linkedin.com/cws/share?url=https://catercare.com.au/news-common-myths-outsourcing-aged-care-catering/","https://www.linkedin.com/cws/share?url=https://catercare.com.au/news-common-myths-outsourcing-aged-care-catering/","Medium","Use as a manual LinkedIn review URL; do not treat as verified direct contact until person/company fit is confirmed."
"102","official_form_candidate","27","AU-0326","Cater Care: Trusted Food Service Contractors in Australia","https://catercare.com.au/contact","2","","contact_form","https://catercare.com.au/contact/#wpcf7-f19-p17-o1","contact_form form method=post action=/contact/#wpcf7-f19-p17-o1 State * Australian Capital Territory New South Wales Northern Territory Queensland South Australia Tasmania Victoria Western Australia Nature of enquiry * Careers/Jobs Existing Sales Customer New Sales Customer Supplier Human Resources Accounts Payable Other - not including recruitment Industry * Aged Care & Retirement Business & Industry Education Health Mining Retail","High","Official page contains a form; save as company_contact_form_url only if it is a contact/enquiry form, not only a booking widget."
"98","phone_candidate","27","AU-0326","Cater Care: Trusted Food Service Contractors in Australia","https://catercare.com.au/contact","1","","phone","+61398517500","+61 3 9967 0300","High","Tel link; save with source/confidence note and review again before outreach."
"98","phone_candidate","27","AU-0326","Cater Care: Trusted Food Service Contractors in Australia","https://catercare.com.au/contact","1","","phone","+61738518400","+07 3851 8400","High","Tel link; save with source/confidence note and review again before outreach."
"94","phone_candidate","27","AU-0326","Cater Care: Trusted Food Service Contractors in Australia","https://catercare.com.au/contact","2","","phone","+61 2 8833 0200","les & ACT Level 4, 20 Charles Street, Parramatta, Sydney NSW 2150 View at Google Maps Ph: +61 2 8833 0200 South Australia 209 Richmond Road, Richmond SA 5033 View at Google Maps Ph: +61 8 9241 28","Medium","Review whether this is company or person phone before saving."
"94","phone_candidate","27","AU-0326","Cater Care: Trusted Food Service Contractors in Australia","https://catercare.com.au/contact","1","","phone","+61 3 9967 0300","ria & Tasmania Suite 305, 89 High Street, Kew, Melbourne VIC 3101 View at Google Maps Ph: +61 3 9967 0300 New South Wales & ACT Level 4, 20 Charles Street, Parramatta, Sydney NSW 2150 View at Goo","Medium","Review whether this is company or person phone before saving."
"94","phone_candidate","27","AU-0326","Cater Care: Trusted Food Service Contractors in Australia","https://catercare.com.au/contact","2","","phone","+61 8 9241 2800","00 Western Australia 3/39 Cedric Street, Stirling, Perth, WA 6021 View at Google Maps Ph: +61 8 9241 2800 Victoria & Tasmania Suite 305, 89 High Street, Kew, Melbourne VIC 3101 View at Google Map","Medium","Review whether this is company or person phone before saving."
"94","phone_candidate","27","AU-0326","Cater Care: Trusted Food Service Contractors in Australia","https://catercare.com.au/contact","2","","phone","+61 8 9241 2855","1 2 8833 0200 South Australia 209 Richmond Road, Richmond SA 5033 View at Google Maps Ph: +61 8 9241 2855 Subscribe to receive the latest e-news and delicious recipes. X/Twitter This field is for","Medium","Review whether this is company or person phone before saving."
"94","phone_candidate","27","AU-0326","Cater Care: Trusted Food Service Contractors in Australia","https://catercare.com.au/contact","1","","phone","07 3851 8400","omises. Every time. Queensland 27 Black Street, Milton, QLD 4064 View at Google Maps Ph: +07 3851 8400 Western Australia 3/39 Cedric Street, Stirling, Perth, WA 6021 View at Google Maps Ph: +6","Medium","Review whether this is company or person phone before saving."
"88","team_or_about_page","27","AU-0326","Cater Care: Trusted Food Service Contractors in Australia","https://catercare.com.au","2","https://catercare.com.au/news-common-myths-outsourcing-aged-care-catering/","team_link","https://catercare.com.au/news-common-myths-outsourcing-aged-care-catering/","6 Common Myths About Outsourcing Aged Care Catering","Medium","Review linked page for contact/form/KP details."
"88","team_or_about_page","27","AU-0326","Cater Care: Trusted Food Service Contractors in Australia","https://catercare.com.au/news-common-myths-outsourcing-aged-care-catering/","1","","team_link","https://catercare.com.au/news-remote-mine-site-dining-makeover/","Transforming Remote Catering Spaces to Bring People Together","Medium","Review linked page for contact/form/KP details."
"88","team_or_about_page","27","AU-0326","Cater Care: Trusted Food Service Contractors in Australia","https://catercare.com.au","6","https://catercare.com.au/contact | https://catercare.com.au/news-common-myths-outsourcing-aged-care-catering/","team_link","https://catercare.com.au/our-people/","Our People","Medium","Review linked page for contact/form/KP details."
"72","company_contact_page","27","AU-0326","Cater Care: Trusted Food Service Contractors in Australia","https://catercare.com.au","16","https://catercare.com.au/contact | https://catercare.com.au/news-common-myths-outsourcing-aged-care-catering/","contact_link","https://catercare.com.au/contact","Reach out to Jonathan Storer today","Medium","Review linked page for contact/form/KP details."
"72","company_contact_page","27","AU-0326","Cater Care: Trusted Food Service Contractors in Australia","https://catercare.com.au/contact","1","","contact_link","https://catercare.com.au/contact/newsouthwales-act/","New South Wales & ACT","Medium","Review linked page for contact/form/KP details."
"72","company_contact_page","27","AU-0326","Cater Care: Trusted Food Service Contractors in Australia","https://catercare.com.au/contact","1","","contact_link","https://catercare.com.au/contact/queensland/","Queensland","Medium","Review linked page for contact/form/KP details."
"72","company_contact_page","27","AU-0326","Cater Care: Trusted Food Service Contractors in Australia","https://catercare.com.au/contact","1","","contact_link","https://catercare.com.au/contact/southaustralia/","South Australia","Medium","Review linked page for contact/form/KP details."
"72","company_contact_page","27","AU-0326","Cater Care: Trusted Food Service Contractors in Australia","https://catercare.com.au/contact","1","","contact_link","https://catercare.com.au/contact/victoria-tasmania/","Victoria & Tasmania","Medium","Review linked page for contact/form/KP details."
"72","company_contact_page","27","AU-0326","Cater Care: Trusted Food Service Contractors in Australia","https://catercare.com.au/contact","1","","contact_link","https://catercare.com.au/contact/westernaustralia/","Western Australia","Medium","Review linked page for contact/form/KP details."
"70","company_linkedin","27","AU-0326","Cater Care: Trusted Food Service Contractors in Australia","https://catercare.com.au","3","https://catercare.com.au/contact | https://catercare.com.au/news-common-myths-outsourcing-aged-care-catering/","company_linkedin_url","https://www.linkedin.com/company/cater-care-group","https://www.linkedin.com/company/cater-care-group","Low","Use as a manual LinkedIn review URL; do not treat as verified direct contact until person/company fit is confirmed."
"50","kp_context_hint","27","AU-0326","Cater Care: Trusted Food Service Contractors in Australia","https://catercare.com.au/news-common-myths-outsourcing-aged-care-catering/","1","","role_context","culinary","aining, and operational systems. Rather than working in isolation, they become part of a broader network with access to culinary guidance and consistent processes. Care homes also maintain input into menus and service standards, supported by a governance framework that helps ensure consistency in de","Low","Use as a page-level KP hint; confirm person name/title before saving."
"50","kp_context_hint","27","AU-0326","Cater Care: Trusted Food Service Contractors in Australia","https://catercare.com.au/news-common-myths-outsourcing-aged-care-catering/","1","","role_context","events","iew dining as the highlight of a resident’s day, and focus on the joy of food: interactive meal concepts, themed dining events, and live cooking elements like Secrets from the Kitchen that stimulate the senses of your residents. When satisfaction improves, it’s because the service has become more co","Low","Use as a page-level KP hint; confirm person name/title before saving."
"50","kp_context_hint","27","AU-0326","Cater Care: Trusted Food Service Contractors in Australia","https://catercare.com.au","3","https://catercare.com.au/contact | https://catercare.com.au/news-common-myths-outsourcing-aged-care-catering/","role_context","management","% Australian owned and operated, Cater Care is one of Australia’s leading contract catering, accommodation and facility management service providers. We are passionate about fresh, quality food, and pride ourselves on providing the best hospitality and service to our customers and clients. Most impo","Low","Use as a page-level KP hint; confirm person name/title before saving."
"50","kp_context_hint","27","AU-0326","Cater Care: Trusted Food Service Contractors in Australia","https://catercare.com.au/news-common-myths-outsourcing-aged-care-catering/","1","","role_context","operations","e of the most persistent outsourcing aged care catering myths is that external providers always cost more than in-house operations. On paper, a management fee can make outsourcing look like the pricier option. In a sector where every cent is scrutinised, the perceived extra cost is often the biggest","Low","Use as a page-level KP hint; confirm person name/title before saving."
"50","kp_context_hint","27","AU-0326","Cater Care: Trusted Food Service Contractors in Australia","https://catercare.com.au","3","https://catercare.com.au/contact | https://catercare.com.au/news-common-myths-outsourcing-aged-care-catering/","role_context","people","ges Education gather. by Cater Care Business and Industry Health Retail Our Food Taste of Cater Care Working for us Our People Grow with us Get a start with Cater Care Careers Fly In Fly Out Careers News Centre Resources Contact Us Login to Staff Training The Cater Care Way Cater Care is guided by t","Low","Use as a page-level KP hint; confirm person name/title before saving."
"50","kp_context_hint","27","AU-0326","Cater Care: Trusted Food Service Contractors in Australia","https://catercare.com.au/news-common-myths-outsourcing-aged-care-catering/","1","","role_context","procurement",". Think of the administrative burden of recruitment, the cost of food waste without specialised systems, or the loss of procurement leverage. A structured catering partner brings greater cost visibility and control. By leveraging established procurement networks, labour planning, and waste reduction","Low","Use as a page-level KP hint; confirm person name/title before saving."
"50","kp_context_hint","27","AU-0326","Cater Care: Trusted Food Service Contractors in Australia","https://catercare.com.au","3","https://catercare.com.au/contact | https://catercare.com.au/news-common-myths-outsourcing-aged-care-catering/","role_context","staff","eople Grow with us Get a start with Cater Care Careers Fly In Fly Out Careers News Centre Resources Contact Us Login to Staff Training The Cater Care Way Cater Care is guided by the core values of Care Pride Community. Find out more about our service commitments. GET A START WITH REAL PEOPLE Kick st","Low","Use as a page-level KP hint; confirm person name/title before saving."
"50","kp_context_hint","27","AU-0326","Cater Care: Trusted Food Service Contractors in Australia","https://catercare.com.au","2","https://catercare.com.au/news-common-myths-outsourcing-aged-care-catering/","role_context","team","d Care Catering When the topic of outsourcing catering comes up, it’s natural to have questions. How will it impact the team? Will the dining experience change? Can quality and Read more Managing Dehydration in Cold Weather We often associate dehydration with the sharp sun and 40°C days of an Austra","Low","Use as a page-level KP hint; confirm person name/title before saving."
"45","manual_linkedin_search","27","AU-0326","Cater Care: Trusted Food Service Contractors in Australia","queue_public_linkedin_query","1","","linkedin_search_url","https://www.google.com/search?q=site%3Alinkedin.com%2Fin+%22Cater+Care%3A+Trusted+Food+Service+Contractors+in+Australia%22+Australia+director+OR+operations+OR+procurement","site:linkedin.com/in ""Cater Care: Trusted Food Service Contractors in Australia"" Australia director OR operations OR procurement","Low","Manual search URL for public LinkedIn result review; save only a matched personal/company URL with confidence notes."
"13","technical_status","27","AU-0326","Cater Care: Trusted Food Service Contractors in Australia","https://catercare.com.au","1","","fetch_status","https://catercare.com.au","","High","Fetch status: 200. Use only if page fetched successfully."
"13","technical_status","27","AU-0326","Cater Care: Trusted Food Service Contractors in Australia","https://catercare.com.au/contact","1","","fetch_status","https://catercare.com.au/contact","","High","Fetch status: 200. Use only if page fetched successfully."
"13","technical_status","27","AU-0326","Cater Care: Trusted Food Service Contractors in Australia","https://catercare.com.au/news-common-myths-outsourcing-aged-care-catering/","1","","fetch_status","https://catercare.com.au/news-common-myths-outsourcing-aged-care-catering/","","High","Fetch status: 200. Use only if page fetched successfully."
"102","official_form_candidate","28","AU-0288","Catering in Darwin | Darwin Catering Company","https://www.darwincateringcompany.com.au/contact","1","","contact_form","https://www.darwincateringcompany.com.au/contact","contact_form form method=post action=current page Name: Email: Phone: Message:","High","Official page contains a form; save as company_contact_form_url only if it is a contact/enquiry form, not only a booking widget."
"89","possible_key_person","28","AU-0288","Catering in Darwin | Darwin Catering Company","https://darwincateringcompany.com.au","3","https://www.darwincateringcompany.com.au/about | https://www.darwincateringcompany.com.au/contact","key_person_name","Menus Catering Corporate","events: ing in Darwin | Darwin Catering Company Our Story Menus Catering Corporate Events Weddings Venues Order Online Contact Setting the Standard for Catering in Darwin ORDER ONLIN","Medium","Person name found near 'events' role. Verify person/company fit before saving to contacts."
"88","team_or_about_page","28","AU-0288","Catering in Darwin | Darwin Catering Company","https://darwincateringcompany.com.au","6","https://www.darwincateringcompany.com.au/about | https://www.darwincateringcompany.com.au/contact","team_link","https://www.darwincateringcompany.com.au/about","","Medium","Review linked page for contact/form/KP details."
"72","company_contact_page","28","AU-0288","Catering in Darwin | Darwin Catering Company","https://darwincateringcompany.com.au","10","https://www.darwincateringcompany.com.au/about | https://www.darwincateringcompany.com.au/contact","contact_link","https://www.darwincateringcompany.com.au/contact","","Medium","Review linked page for contact/form/KP details."
"72","events_or_functions_contact","28","AU-0288","Catering in Darwin | Darwin Catering Company","https://darwincateringcompany.com.au","2","https://www.darwincateringcompany.com.au/about","contact_link","https://www.darwincateringcompany.com.au/event-catering","Events","Medium","Review linked page for contact/form/KP details."
"50","kp_context_hint","28","AU-0288","Catering in Darwin | Darwin Catering Company","https://darwincateringcompany.com.au","3","https://www.darwincateringcompany.com.au/about | https://www.darwincateringcompany.com.au/contact","role_context","events","Catering in Darwin | Darwin Catering Company Our Story Menus Catering Corporate Events Weddings Venues Order Online Contact Setting the Standard for Catering in Darwin ORDER ONLINE Darwin's Premier Catering Company We truly believe that food tells a story. Eve","Low","Use as a page-level KP hint; confirm person name/title before saving."
"50","kp_context_hint","28","AU-0288","Catering in Darwin | Darwin Catering Company","https://darwincateringcompany.com.au","2","https://www.darwincateringcompany.com.au/about","role_context","people","een proudly serving the Territory since 2011. We cater to events of all sizes, whether it’s an intimate meeting of five people or a grand gala with a thousand guests. Our mission is to provide exceptional and personalised experiences that captivate and inspire our guests. Over the years, we have had","Low","Use as a page-level KP hint; confirm person name/title before saving."
"50","kp_context_hint","28","AU-0288","Catering in Darwin | Darwin Catering Company","https://darwincateringcompany.com.au","3","https://www.darwincateringcompany.com.au/about | https://www.darwincateringcompany.com.au/contact","role_context","team","orporate Corporate Invigorate your meetings, workshops and work parties with fresh, flavourful catering that keeps your team engaged, productive and satisfied. Enjoy seamless corporate service and delicious, high-quality meals. Corporate Menus Invigorate your meetings, workshops and work parties wit","Low","Use as a page-level KP hint; confirm person name/title before saving."
"45","manual_linkedin_search","28","AU-0288","Catering in Darwin | Darwin Catering Company","queue_public_linkedin_query","1","","linkedin_search_url","https://www.google.com/search?q=site%3Alinkedin.com%2Fin+%22Catering+in+Darwin+%7C+Darwin+Catering+Company%22+Australia+director+OR+operations+OR+procurement","site:linkedin.com/in ""Catering in Darwin | Darwin Catering Company"" Australia director OR operations OR procurement","Low","Manual search URL for public LinkedIn result review; save only a matched personal/company URL with confidence notes."
"13","technical_status","28","AU-0288","Catering in Darwin | Darwin Catering Company","https://darwincateringcompany.com.au","1","","fetch_status","https://darwincateringcompany.com.au","","High","Fetch status: 200. Use only if page fetched successfully."
"13","technical_status","28","AU-0288","Catering in Darwin | Darwin Catering Company","https://www.darwincateringcompany.com.au/about","1","","fetch_status","https://www.darwincateringcompany.com.au/about","","High","Fetch status: 200. Use only if page fetched successfully."
"13","technical_status","28","AU-0288","Catering in Darwin | Darwin Catering Company","https://www.darwincateringcompany.com.au/contact","1","","fetch_status","https://www.darwincateringcompany.com.au/contact","","High","Fetch status: 200. Use only if page fetched successfully."
"108","possible_key_person_linkedin","29","AU-0324","Catering Services Sydney | Australian Corporate Catering Services | The Catering Dept","https://thecateringdept.com.au","3","https://thecateringdept.com.au/contact-us | https://thecateringdept.com.au/event-catering","key_person_linkedin_url","https://www.linkedin.com/feed/","https://www.linkedin.com/feed/","Medium","Use as a manual LinkedIn review URL; do not treat as verified direct contact until person/company fit is confirmed."
"102","official_form_candidate","29","AU-0324","Catering Services Sydney | Australian Corporate Catering Services | The Catering Dept","https://thecateringdept.com.au/contact-us","1","","contact_form","https://thecateringdept.com.au/page/send_contact_form","contact_form form method=post action=https://thecateringdept.com.au/page/send_contact_form Company Name Send","High","Official page contains a form; save as company_contact_form_url only if it is a contact/enquiry form, not only a booking widget."
"102","official_form_candidate","29","AU-0324","Catering Services Sydney | Australian Corporate Catering Services | The Catering Dept","https://thecateringdept.com.au/contact-us","1","","contact_form","https://thecateringdept.com.au/page/send_quote_form","contact_form form method=post action=https://thecateringdept.com.au/page/send_quote_form Company Name CONTACT EVENT ADDRESS EVENT DETAILS Select Event Type Silver Status Gold Status Platinum Status Platinum Elite Good Human New Guests Arrival Time 12:00 am 12:15 am 12:30 am 12:45 am 1:00 am 1:15 am 1:30 am 1:45 am 2:00 am 2:15 am 2:30 am 2:45 am 3:00 am 3:15 am 3:30 am 3:45 am 4:00 am 4:15 am 4:30 am 4:45 am 5:00 am 5:15 am 5:30 am 5:45 am 6:00 am 6:15 am 6:30 am 6:45 am 7:00 am 7:15 am 7:30 am ","High","Official page contains a form; save as company_contact_form_url only if it is a contact/enquiry form, not only a booking widget."
"89","possible_key_person","29","AU-0324","Catering Services Sydney | Australian Corporate Catering Services | The Catering Dept","https://thecateringdept.com.au","3","https://thecateringdept.com.au/contact-us | https://thecateringdept.com.au/event-catering","key_person_name","Bio Packaging Event","events: sonal Fruits BBQ Packages Curated Buffet Packages Bio Packaging Event Staff 48 Hour Delivery Notice Events By TCD Sustainability Community Meet The Team Employment Colla","Medium","Person name found near 'events' role. Verify person/company fit before saving to contacts."
"89","possible_key_person","29","AU-0324","Catering Services Sydney | Australian Corporate Catering Services | The Catering Dept","https://thecateringdept.com.au/event-catering","1","","key_person_name","Buffets Stations Event","operations: event is a success. Learn More Conference Canapes Buffets Stations Event Operations Meet The Catering Dept special ops team. The boys that work around the clock, behind the","Medium","Person name found near 'operations' role. Verify person/company fit before saving to contacts."
"89","possible_key_person","29","AU-0324","Catering Services Sydney | Australian Corporate Catering Services | The Catering Dept","https://thecateringdept.com.au","3","https://thecateringdept.com.au/contact-us | https://thecateringdept.com.au/event-catering","key_person_name","Hour Delivery Notice","events: ated Buffet Packages Bio Packaging Event Staff 48 Hour Delivery Notice Events By TCD Sustainability Community Meet The Team Employment Collaborate Contact Us My Account L","Medium","Person name found near 'events' role. Verify person/company fit before saving to contacts."
"89","possible_key_person","29","AU-0324","Catering Services Sydney | Australian Corporate Catering Services | The Catering Dept","https://thecateringdept.com.au/event-catering","1","","key_person_name","Up Book Event","unknown: ent Collaborate Contact Us My Account Log in Sign Up Book Event Cart items 0 0 0 Cart No items in your cart. My Account Log in Sign Up Book Event Our Menu All Cate","Medium","Person name found near 'unknown' role. Verify person/company fit before saving to contacts."
"88","team_or_about_page","29","AU-0324","Catering Services Sydney | Australian Corporate Catering Services | The Catering Dept","https://thecateringdept.com.au","10","https://thecateringdept.com.au/contact-us | https://thecateringdept.com.au/event-catering","team_link","https://thecateringdept.com.au/our-team","Meet The Team","Medium","Review linked page for contact/form/KP details."
"72","company_contact_page","29","AU-0324","Catering Services Sydney | Australian Corporate Catering Services | The Catering Dept","https://thecateringdept.com.au","14","https://thecateringdept.com.au/contact-us | https://thecateringdept.com.au/event-catering","contact_link","https://thecateringdept.com.au/contact-us","Get a Quote","Medium","Review linked page for contact/form/KP details."
"72","events_or_functions_contact","29","AU-0324","Catering Services Sydney | Australian Corporate Catering Services | The Catering Dept","https://thecateringdept.com.au","9","https://thecateringdept.com.au/contact-us | https://thecateringdept.com.au/event-catering","contact_link","https://thecateringdept.com.au/event-catering","Events By TCD","Medium","Review linked page for contact/form/KP details."
"72","events_or_functions_contact","29","AU-0324","Catering Services Sydney | Australian Corporate Catering Services | The Catering Dept","https://thecateringdept.com.au","9","https://thecateringdept.com.au/contact-us | https://thecateringdept.com.au/event-catering","contact_link","https://thecateringdept.com.au/event/booking","Book Event","Medium","Review linked page for contact/form/KP details."
"72","events_or_functions_contact","29","AU-0324","Catering Services Sydney | Australian Corporate Catering Services | The Catering Dept","https://thecateringdept.com.au","1","","contact_link","https://thecateringdept.com.au/events-by-the-catering-dept-sydney","Now","Medium","Review linked page for contact/form/KP details."
"50","kp_context_hint","29","AU-0324","Catering Services Sydney | Australian Corporate Catering Services | The Catering Dept","https://thecateringdept.com.au","3","https://thecateringdept.com.au/contact-us | https://thecateringdept.com.au/event-catering","role_context","events","pé Package Fresh Seasonal Fruits BBQ Packages Curated Buffet Packages Bio Packaging Event Staff 48 Hour Delivery Notice Events By TCD Sustainability Community Meet The Team Employment Collaborate Contact Us My Account Log in Sign Up Book Event Cart items 0 0 0 Cart No items in your cart. My Account","Low","Use as a page-level KP hint; confirm person name/title before saving."
"50","kp_context_hint","29","AU-0324","Catering Services Sydney | Australian Corporate Catering Services | The Catering Dept","https://thecateringdept.com.au","2","https://thecateringdept.com.au/event-catering","role_context","operations","aff to oversee your needs and ensure that your event is a success. Learn More Conference Canapes Buffets Stations Event Operations Meet The Catering Dept special ops team. The boys that work around the clock, behind the scenes ensuring all the amazing food our kitchen team creates gets delivered. BO","Low","Use as a page-level KP hint; confirm person name/title before saving."
"50","kp_context_hint","29","AU-0324","Catering Services Sydney | Australian Corporate Catering Services | The Catering Dept","https://thecateringdept.com.au","3","https://thecateringdept.com.au/contact-us | https://thecateringdept.com.au/event-catering","role_context","people","re. Danielle Redford 13/11/2024 We worked with The Catering Department on a five-week film shoot, feeding upwards to 90 people multiple times per day across the shoot. Their team are warm, efficient, and excellent at problem-solving. Plus, they make delicious meals! Highly recommend them for complex","Low","Use as a page-level KP hint; confirm person name/title before saving."
"50","kp_context_hint","29","AU-0324","Catering Services Sydney | Australian Corporate Catering Services | The Catering Dept","https://thecateringdept.com.au","3","https://thecateringdept.com.au/contact-us | https://thecateringdept.com.au/event-catering","role_context","staff","kage Platinum and Diamond Canapé Package Fresh Seasonal Fruits BBQ Packages Curated Buffet Packages Bio Packaging Event Staff 48 Hour Delivery Notice Events By TCD Sustainability Community Meet The Team Employment Collaborate Contact Us My Account Log in Sign Up Book Event Cart items 0 0 0 Cart No i","Low","Use as a page-level KP hint; confirm person name/title before saving."
"50","kp_context_hint","29","AU-0324","Catering Services Sydney | Australian Corporate Catering Services | The Catering Dept","https://thecateringdept.com.au","3","https://thecateringdept.com.au/contact-us | https://thecateringdept.com.au/event-catering","role_context","team","rated Buffet Packages Bio Packaging Event Staff 48 Hour Delivery Notice Events By TCD Sustainability Community Meet The Team Employment Collaborate Contact Us My Account Log in Sign Up Book Event Cart items 0 0 0 Cart No items in your cart. My Account Log in Sign Up Book Event Our Menu All Categorie","Low","Use as a page-level KP hint; confirm person name/title before saving."
"45","manual_linkedin_search","29","AU-0324","Catering Services Sydney | Australian Corporate Catering Services | The Catering Dept","queue_public_linkedin_query","1","","linkedin_search_url","https://www.google.com/search?q=site%3Alinkedin.com%2Fin+%22Catering+Services+Sydney+%7C+Australian+Corporate+Catering+Services+%7C+The+Catering+Dept%22+Australia+director+OR+operations+OR+procurement","site:linkedin.com/in ""Catering Services Sydney | Australian Corporate Catering Services | The Catering Dept"" Australia director OR operations OR procurement","Low","Manual search URL for public LinkedIn result review; save only a matched personal/company URL with confidence notes."
"13","technical_status","29","AU-0324","Catering Services Sydney | Australian Corporate Catering Services | The Catering Dept","https://thecateringdept.com.au","1","","fetch_status","https://thecateringdept.com.au","","High","Fetch status: 200. Use only if page fetched successfully."
"13","technical_status","29","AU-0324","Catering Services Sydney | Australian Corporate Catering Services | The Catering Dept","https://thecateringdept.com.au/contact-us","1","","fetch_status","https://thecateringdept.com.au/contact-us","","High","Fetch status: 200. Use only if page fetched successfully."
"13","technical_status","29","AU-0324","Catering Services Sydney | Australian Corporate Catering Services | The Catering Dept","https://thecateringdept.com.au/event-catering","1","","fetch_status","https://thecateringdept.com.au/event-catering","","High","Fetch status: 200. Use only if page fetched successfully."
"108","possible_key_person_linkedin","30","AU-0208","Chefline Group","https://chefline.com.au","9","https://chefline.com.au/# | https://chefline.com.au/about-us/","key_person_linkedin_url","https://www.linkedin.com/shareArticle?mini=true&url=https://chefline.com.au/","","Medium","Use as a manual LinkedIn review URL; do not treat as verified direct contact until person/company fit is confirmed."
"88","team_or_about_page","30","AU-0208","Chefline Group","https://chefline.com.au","6","https://chefline.com.au/# | https://chefline.com.au/about-us/","team_link","https://chefline.com.au/about-us/","About Us","Medium","Review linked page for contact/form/KP details."
"88","team_or_about_page","30","AU-0208","Chefline Group","https://chefline.com.au","12","https://chefline.com.au/#","team_link","https://chefline.com.au/product-category/combi-steam-ovens/","Combi Steam Ovens","Medium","Review linked page for contact/form/KP details."
"72","company_contact_page","30","AU-0208","Chefline Group","https://chefline.com.au","4","https://chefline.com.au/#","contact_link","https://chefline.com.au/#","Contact Us","Medium","Review linked page for contact/form/KP details."
"72","company_contact_page","30","AU-0208","Chefline Group","https://chefline.com.au/about-us/","2","","contact_link","https://chefline.com.au/about-us/#","Contact Us","Medium","Review linked page for contact/form/KP details."
"72","company_contact_page","30","AU-0208","Chefline Group","https://chefline.com.au","12","https://chefline.com.au/# | https://chefline.com.au/about-us/","contact_link","https://chefline.com.au/contact-us/","https://chefline.com.au/contact-us/","Medium","Review linked page for contact/form/KP details."
"60","kp_context_hint","30","AU-0208","Chefline Group","https://chefline.com.au","2","https://chefline.com.au/#","role_context","owner","L Bar Plaine jaine Adelaide 100 Degree HotPot 100 Degree HotPot 100 Degree HotPot Koyla Bambini Customer reviews REVIEW Owner / Plain Jayne REVIEW Owner / Casa dolci cafe semaphore REVIEW Owner / Christies Seafood and Grill Our picks Sale Add to wishlist APW-201ERLWS FAGOR IKORE Advanced Boiler 20 T","Low","Use as a page-level KP hint; confirm person name/title before saving."
"50","kp_context_hint","30","AU-0208","Chefline Group","https://chefline.com.au/about-us/","1","","role_context","management","will go the extra mile for us when the times comes. We treat them well and they return the favor. Our proactive project management also helps reduce the number of mistakes our installers have to solve in the field. 9. WE GET YOU THERE ON TIME AND ON BUDGET. If something is holding us up, you’ll hear","Low","Use as a page-level KP hint; confirm person name/title before saving."
"50","kp_context_hint","30","AU-0208","Chefline Group","https://chefline.com.au/about-us/","1","","role_context","operations",", we help restaurants, entertainment, hotel/hospitality, retail and other facilities design and build their foodservice operations, to fit vision, workflow, operation and site needs. Ensuring the details work as specified and planned – from design to execution, from drawings to bid, from project tea","Low","Use as a page-level KP hint; confirm person name/title before saving."
"50","kp_context_hint","30","AU-0208","Chefline Group","https://chefline.com.au/about-us/","1","","role_context","people","industry relationships across a wide spectrum of suppliers and manufacturers and understand that working with the right people is key to serving your individual needs. 8. OUR INSTALLATION EXPERTISE. Our national network of installers will go the extra mile for us when the times comes. We treat them","Low","Use as a page-level KP hint; confirm person name/title before saving."
"50","kp_context_hint","30","AU-0208","Chefline Group","https://chefline.com.au","3","https://chefline.com.au/# | https://chefline.com.au/about-us/","role_context","projects","* Required Password * Required Log in Lost your password? Remember me Wishlist 0 items $ 0.00 Menu 0 items $ 0.00 Home Projects ChefLine Shop Catering Equipment Refrigeration Stainless Steel & Storage Clearance Contact us BEST SELLERS Sale Add to wishlist Modular System Glasswasher Basket Trolley 4","Low","Use as a page-level KP hint; confirm person name/title before saving."
"50","kp_context_hint","30","AU-0208","Chefline Group","https://chefline.com.au","3","https://chefline.com.au/# | https://chefline.com.au/about-us/","role_context","purchasing","f geek out. That’s why we’ve connected with CPG, our national buying group, to bring you the benefits of our impressive purchasing power. 3. WE SAVE YOU MONEY WITH OUR FIELD DIMENSION VERIFICATION. Through on-site field dimensioning and communication with your general contractor, Chefline project ma","Low","Use as a page-level KP hint; confirm person name/title before saving."
"50","kp_context_hint","30","AU-0208","Chefline Group","https://chefline.com.au","3","https://chefline.com.au/# | https://chefline.com.au/about-us/","role_context","team","!! Sale Add to wishlist Fagor IKORE Concept 20 Trays Combi Oven – CW-201ERSWS Catering Equipment , Combi Ovens , Combi Steam Ovens , Cooking Equipment , Fine Food Sale , Mid Season Sale 2024 , Ovens $ 47,028.80 Original price was: $47,028.80. $ 40,839.81 Current price is: $40,839.81. Add to cart Sal","Low","Use as a page-level KP hint; confirm person name/title before saving."
"45","manual_linkedin_search","30","AU-0208","Chefline Group","queue_public_linkedin_query","1","","linkedin_search_url","https://www.google.com/search?q=site%3Alinkedin.com%2Fin+%22Chefline+Group%22+Australia+director+OR+operations+OR+procurement","site:linkedin.com/in ""Chefline Group"" Australia director OR operations OR procurement","Low","Manual search URL for public LinkedIn result review; save only a matched personal/company URL with confidence notes."
"13","technical_status","30","AU-0208","Chefline Group","https://chefline.com.au","2","https://chefline.com.au/#","fetch_status","https://chefline.com.au","","High","Fetch status: 200. Use only if page fetched successfully."
"13","technical_status","30","AU-0208","Chefline Group","https://chefline.com.au/about-us/","1","","fetch_status","https://chefline.com.au/about-us/","","High","Fetch status: 200. Use only if page fetched successfully."
"102","official_form_candidate","31","AU-0474","Comedy Pub Crawl | FRINGE WORLD - 20 January - 14 February 2027","https://fringeworld.com.au/contact","1","","contact_form","https://fringeworld.com.au/contact","contact_form form method=post action=/contact Name Email Category General Enquiry Accessibility Friends Tickets Vouchers Subject Message Submit","High","Official page contains a form; save as company_contact_form_url only if it is a contact/enquiry form, not only a booking widget."
"94","phone_candidate","31","AU-0474","Comedy Pub Crawl | FRINGE WORLD - 20 January - 14 February 2027","https://fringeworld.com.au/contact","1","","phone","(08) 9227 6288","the form below to get in touch directly. Contact hours: Monday to Friday, 10am-4pm Phone: (08) 9227 6288 Post: PO Box Z5066 St Georges Tce WA, 6831 FRINGE WORLD E-News Want the FRINGE WORLD good","Medium","Review whether this is company or person phone before saving."
"88","team_or_about_page","31","AU-0474","Comedy Pub Crawl | FRINGE WORLD - 20 January - 14 February 2027","https://fringeworld.com.au","6","https://fringeworld.com.au/about-us | https://fringeworld.com.au/contact","team_link","https://fringeworld.com.au/about-us","About Us","Medium","Review linked page for contact/form/KP details."
"72","company_contact_page","31","AU-0474","Comedy Pub Crawl | FRINGE WORLD - 20 January - 14 February 2027","https://fringeworld.com.au","6","https://fringeworld.com.au/about-us | https://fringeworld.com.au/contact","contact_link","https://fringeworld.com.au/contact","Contact Us","Medium","Review linked page for contact/form/KP details."
"66","supplier_or_procurement_page","31","AU-0474","Comedy Pub Crawl | FRINGE WORLD - 20 January - 14 February 2027","https://fringeworld.com.au","4","https://fringeworld.com.au/about-us | https://fringeworld.com.au/contact","supplier_link","https://fringeworld.com.au/partners","","Medium","Review linked page for contact/form/KP details."
"66","supplier_or_procurement_page","31","AU-0474","Comedy Pub Crawl | FRINGE WORLD - 20 January - 14 February 2027","https://fringeworld.com.au","3","https://fringeworld.com.au/about-us | https://fringeworld.com.au/contact","supplier_link","https://fringeworld.com.au/partnerships","Partnerships","Medium","Review linked page for contact/form/KP details."
"50","kp_context_hint","31","AU-0474","Comedy Pub Crawl | FRINGE WORLD - 20 January - 14 February 2027","https://fringeworld.com.au/about-us","1","","role_context","events","ows in one night out. The 2026 Festival brought together more than 3000 artists and nearly 500,000 attendees across 599 events. Over $10.9 million was spent at the Box Office, $8.34 million of which was paid to FRINGE WORLD Artists and Venues. The Pleasure Garden. Photo by Miles Noel. What shows are","Low","Use as a page-level KP hint; confirm person name/title before saving."
"50","kp_context_hint","31","AU-0474","Comedy Pub Crawl | FRINGE WORLD - 20 January - 14 February 2027","https://fringeworld.com.au","3","https://fringeworld.com.au/about-us | https://fringeworld.com.au/contact","role_context","people","shows from the season 🔥 Donate and support the magic of Fringe🪄 Follow Us See all FRINGE WORLD acknowledges the Whadjuk people of the Noongar Nation as the traditional custodians of the land on which we Fringe and we pay our respects to Elders past, present and emerging. About Us Participate Work Wi","Low","Use as a page-level KP hint; confirm person name/title before saving."
"50","kp_context_hint","31","AU-0474","Comedy Pub Crawl | FRINGE WORLD - 20 January - 14 February 2027","https://fringeworld.com.au/contact","1","","role_context","team","m below. Want to host your Function at FRINGE? Check out Function Packages and submit an enquiry here. Keen to join the team? Visit our employment page for a list of current opportunities. Other Enquiries Have a general query about FRINGE WORLD Festival? You might find what you need on our FAQ page!","Low","Use as a page-level KP hint; confirm person name/title before saving."
"45","manual_linkedin_search","31","AU-0474","Comedy Pub Crawl | FRINGE WORLD - 20 January - 14 February 2027","queue_public_linkedin_query","1","","linkedin_search_url","https://www.google.com/search?q=site%3Alinkedin.com%2Fin+%22Comedy+Pub+Crawl+%7C+FRINGE+WORLD+-+20+January+-+14+February+2027%22+Australia+director+OR+operations+OR+procurement","site:linkedin.com/in ""Comedy Pub Crawl | FRINGE WORLD - 20 January - 14 February 2027"" Australia director OR operations OR procurement","Low","Manual search URL for public LinkedIn result review; save only a matched personal/company URL with confidence notes."
"13","technical_status","31","AU-0474","Comedy Pub Crawl | FRINGE WORLD - 20 January - 14 February 2027","https://fringeworld.com.au","1","","fetch_status","https://fringeworld.com.au","","High","Fetch status: 200. Use only if page fetched successfully."
"13","technical_status","31","AU-0474","Comedy Pub Crawl | FRINGE WORLD - 20 January - 14 February 2027","https://fringeworld.com.au/about-us","1","","fetch_status","https://fringeworld.com.au/about-us","","High","Fetch status: 200. Use only if page fetched successfully."
"13","technical_status","31","AU-0474","Comedy Pub Crawl | FRINGE WORLD - 20 January - 14 February 2027","https://fringeworld.com.au/contact","1","","fetch_status","https://fringeworld.com.au/contact","","High","Fetch status: 200. Use only if page fetched successfully."
"94","phone_candidate","32","AU-0385","Complete Client Listing | Hospitality Mgmt Aus","https://hospitalitymanagement.com.au","6","https://www.hospitalitymanagement.com.au | https://www.hospitalitymanagement.com.au/about","phone","+61 2 9986 1255","nk Corporate Centre, 14 Narabang Way, BELROSE NSW 2085 admin@hospitalitymanagement.com.au +61 2 9986 1255 HMA acknowledges the Traditional Custodians of country for Kuring-Gai and the local Garig","Medium","Review whether this is company or person phone before saving."
"89","possible_key_person","32","AU-0385","Complete Client Listing | Hospitality Mgmt Aus","https://hospitalitymanagement.com.au","2","https://www.hospitalitymanagement.com.au","key_person_name","Brave Statement Hospitality","events: e, Schools, Universities & Colleges Read More The Brave Statement Hospitality Management Australia and our team, comment on recent events of note and interesting points of view","Medium","Person name found near 'events' role. Verify person/company fit before saving to contacts."
"88","team_or_about_page","32","AU-0385","Complete Client Listing | Hospitality Mgmt Aus","https://hospitalitymanagement.com.au","6","https://www.hospitalitymanagement.com.au | https://www.hospitalitymanagement.com.au/about","team_link","https://www.hospitalitymanagement.com.au","https://www.hospitalitymanagement.com.au","Medium","Review linked page for contact/form/KP details."
"88","team_or_about_page","32","AU-0385","Complete Client Listing | Hospitality Mgmt Aus","https://hospitalitymanagement.com.au","5","https://www.hospitalitymanagement.com.au | https://www.hospitalitymanagement.com.au/about","team_link","https://www.hospitalitymanagement.com.au/about","https://www.hospitalitymanagement.com.au/about","Medium","Review linked page for contact/form/KP details."
"88","team_or_about_page","32","AU-0385","Complete Client Listing | Hospitality Mgmt Aus","https://www.hospitalitymanagement.com.au/about","1","","team_link","https://www.hospitalitymanagement.com.au/anto-sweetapple","https://www.hospitalitymanagement.com.au/anto-sweetapple","Medium","Review linked page for contact/form/KP details."
"88","team_or_about_page","32","AU-0385","Complete Client Listing | Hospitality Mgmt Aus","https://hospitalitymanagement.com.au","5","https://www.hospitalitymanagement.com.au | https://www.hospitalitymanagement.com.au/about","team_link","https://www.hospitalitymanagement.com.au/client-sectors/casinos-%26-clubs","https://www.hospitalitymanagement.com.au/client-sectors/casinos-%26-clubs","Medium","Review linked page for contact/form/KP details."
"88","team_or_about_page","32","AU-0385","Complete Client Listing | Hospitality Mgmt Aus","https://hospitalitymanagement.com.au","5","https://www.hospitalitymanagement.com.au | https://www.hospitalitymanagement.com.au/about","team_link","https://www.hospitalitymanagement.com.au/client-sectors/convention-centres-%26-entertainment-precincts","https://www.hospitalitymanagement.com.au/client-sectors/convention-centres-%26-entertainment-precincts","Medium","Review linked page for contact/form/KP details."
"88","team_or_about_page","32","AU-0385","Complete Client Listing | Hospitality Mgmt Aus","https://hospitalitymanagement.com.au","5","https://www.hospitalitymanagement.com.au | https://www.hospitalitymanagement.com.au/about","team_link","https://www.hospitalitymanagement.com.au/client-sectors/hotels-%26-other-accommodation","https://www.hospitalitymanagement.com.au/client-sectors/hotels-%26-other-accommodation","Medium","Review linked page for contact/form/KP details."
"88","team_or_about_page","32","AU-0385","Complete Client Listing | Hospitality Mgmt Aus","https://hospitalitymanagement.com.au","5","https://www.hospitalitymanagement.com.au | https://www.hospitalitymanagement.com.au/about","team_link","https://www.hospitalitymanagement.com.au/client-sectors/institutional-care-%26-catering-production","https://www.hospitalitymanagement.com.au/client-sectors/institutional-care-%26-catering-production","Medium","Review linked page for contact/form/KP details."
"88","team_or_about_page","32","AU-0385","Complete Client Listing | Hospitality Mgmt Aus","https://hospitalitymanagement.com.au","5","https://www.hospitalitymanagement.com.au | https://www.hospitalitymanagement.com.au/about","team_link","https://www.hospitalitymanagement.com.au/client-sectors/perfoming-art-centres-%26-cultural-venues","https://www.hospitalitymanagement.com.au/client-sectors/perfoming-art-centres-%26-cultural-venues","Medium","Review linked page for contact/form/KP details."
"88","team_or_about_page","32","AU-0385","Complete Client Listing | Hospitality Mgmt Aus","https://hospitalitymanagement.com.au","5","https://www.hospitalitymanagement.com.au | https://www.hospitalitymanagement.com.au/about","team_link","https://www.hospitalitymanagement.com.au/client-sectors/retail-hospitality","https://www.hospitalitymanagement.com.au/client-sectors/retail-hospitality","Medium","Review linked page for contact/form/KP details."
"88","team_or_about_page","32","AU-0385","Complete Client Listing | Hospitality Mgmt Aus","https://hospitalitymanagement.com.au","5","https://www.hospitalitymanagement.com.au | https://www.hospitalitymanagement.com.au/about","team_link","https://www.hospitalitymanagement.com.au/client-sectors/schools%2C-universities-%26-colleges","https://www.hospitalitymanagement.com.au/client-sectors/schools%2C-universities-%26-colleges","Medium","Review linked page for contact/form/KP details."
"88","team_or_about_page","32","AU-0385","Complete Client Listing | Hospitality Mgmt Aus","https://hospitalitymanagement.com.au","5","https://www.hospitalitymanagement.com.au | https://www.hospitalitymanagement.com.au/about","team_link","https://www.hospitalitymanagement.com.au/client-sectors/sporting-venues","https://www.hospitalitymanagement.com.au/client-sectors/sporting-venues","Medium","Review linked page for contact/form/KP details."
"88","team_or_about_page","32","AU-0385","Complete Client Listing | Hospitality Mgmt Aus","https://hospitalitymanagement.com.au","5","https://www.hospitalitymanagement.com.au | https://www.hospitalitymanagement.com.au/about","team_link","https://www.hospitalitymanagement.com.au/client-sectors/tourist-attractions","https://www.hospitalitymanagement.com.au/client-sectors/tourist-attractions","Medium","Review linked page for contact/form/KP details."
"88","team_or_about_page","32","AU-0385","Complete Client Listing | Hospitality Mgmt Aus","https://hospitalitymanagement.com.au","5","https://www.hospitalitymanagement.com.au | https://www.hospitalitymanagement.com.au/about","team_link","https://www.hospitalitymanagement.com.au/clients","https://www.hospitalitymanagement.com.au/clients","Medium","Review linked page for contact/form/KP details."
"88","team_or_about_page","32","AU-0385","Complete Client Listing | Hospitality Mgmt Aus","https://hospitalitymanagement.com.au","3","https://www.hospitalitymanagement.com.au | https://www.hospitalitymanagement.com.au/about","team_link","https://www.hospitalitymanagement.com.au/complete-client-listing","Complete Client Listing","Medium","Review linked page for contact/form/KP details."
"88","team_or_about_page","32","AU-0385","Complete Client Listing | Hospitality Mgmt Aus","https://www.hospitalitymanagement.com.au/about","1","","team_link","https://www.hospitalitymanagement.com.au/lew-gemell","https://www.hospitalitymanagement.com.au/lew-gemell","Medium","Review linked page for contact/form/KP details."
"88","team_or_about_page","32","AU-0385","Complete Client Listing | Hospitality Mgmt Aus","https://hospitalitymanagement.com.au","3","https://www.hospitalitymanagement.com.au | https://www.hospitalitymanagement.com.au/about","team_link","https://www.hospitalitymanagement.com.au/privacy-policy","https://www.hospitalitymanagement.com.au/privacy-policy","Medium","Review linked page for contact/form/KP details."
"88","team_or_about_page","32","AU-0385","Complete Client Listing | Hospitality Mgmt Aus","https://www.hospitalitymanagement.com.au/about","1","","team_link","https://www.hospitalitymanagement.com.au/segolene-sansom","https://www.hospitalitymanagement.com.au/segolene-sansom","Medium","Review linked page for contact/form/KP details."
"88","team_or_about_page","32","AU-0385","Complete Client Listing | Hospitality Mgmt Aus","https://hospitalitymanagement.com.au","13","https://www.hospitalitymanagement.com.au | https://www.hospitalitymanagement.com.au/about","team_link","https://www.hospitalitymanagement.com.au/services","https://www.hospitalitymanagement.com.au/services","Medium","Review linked page for contact/form/KP details."
"88","team_or_about_page","32","AU-0385","Complete Client Listing | Hospitality Mgmt Aus","https://hospitalitymanagement.com.au","3","https://www.hospitalitymanagement.com.au | https://www.hospitalitymanagement.com.au/about","team_link","https://www.hospitalitymanagement.com.au/site-map","https://www.hospitalitymanagement.com.au/site-map","Medium","Review linked page for contact/form/KP details."
"88","team_or_about_page","32","AU-0385","Complete Client Listing | Hospitality Mgmt Aus","https://www.hospitalitymanagement.com.au/about","1","","team_link","https://www.hospitalitymanagement.com.au/stephen-kelly","https://www.hospitalitymanagement.com.au/stephen-kelly","Medium","Review linked page for contact/form/KP details."
"88","team_or_about_page","32","AU-0385","Complete Client Listing | Hospitality Mgmt Aus","https://hospitalitymanagement.com.au","3","https://www.hospitalitymanagement.com.au | https://www.hospitalitymanagement.com.au/about","team_link","https://www.hospitalitymanagement.com.au/terms-conditions","https://www.hospitalitymanagement.com.au/terms-conditions","Medium","Review linked page for contact/form/KP details."
"72","company_contact_page","32","AU-0385","Complete Client Listing | Hospitality Mgmt Aus","https://hospitalitymanagement.com.au","8","https://www.hospitalitymanagement.com.au | https://www.hospitalitymanagement.com.au/about","contact_link","https://www.hospitalitymanagement.com.au/contact","https://www.hospitalitymanagement.com.au/contact","Medium","Review linked page for contact/form/KP details."
"60","kp_context_hint","32","AU-0385","Complete Client Listing | Hospitality Mgmt Aus","https://www.hospitalitymanagement.com.au/about","1","","role_context","director","tor and one of Australia's longest serving advisory groups. Need to speak to someone? Contact Us Stephen Kelly Managing Director Read More Lew Gemell Senior Consultant Read More Our Team Anto Sweetapple Associate Consultant Read More Segolene Sansom Associate Consultant Read More Be Part of the Conv","Low","Use as a page-level KP hint; confirm person name/title before saving."
"60","kp_context_hint","32","AU-0385","Complete Client Listing | Hospitality Mgmt Aus","https://hospitalitymanagement.com.au","2","https://www.hospitalitymanagement.com.au","role_context","general manager","omeone to stand by them in times of crucial decisions - I would have no hesitation in recommending HMA. Stuart Barnes - General Manager - WIN Sports & Entertainment Centres Meet Our Team Engaging HMA means you are tapping into an amazing array of experiences, capability and energy. Meet Our Team Our","Low","Use as a page-level KP hint; confirm person name/title before saving."
"60","kp_context_hint","32","AU-0385","Complete Client Listing | Hospitality Mgmt Aus","https://www.hospitalitymanagement.com.au/about","1","","role_context","managing director","ement sector and one of Australia's longest serving advisory groups. Need to speak to someone? Contact Us Stephen Kelly Managing Director Read More Lew Gemell Senior Consultant Read More Our Team Anto Sweetapple Associate Consultant Read More Segolene Sansom Associate Consultant Read More Be Part of","Low","Use as a page-level KP hint; confirm person name/title before saving."
"50","kp_context_hint","32","AU-0385","Complete Client Listing | Hospitality Mgmt Aus","https://hospitalitymanagement.com.au","2","https://www.hospitalitymanagement.com.au","role_context","events","sons, Production Kitchens and Distribution Read More Sporting Venues Stadia, Sports Arenas, Pools, Racecourse, Sporting Events Read More Casinos & Clubs ​ Read More Tourist Attractions Theme Parks, Zoos, Tourist Attractions Read More Hotels & Other Accommodation Hotels, Hostels, Motels, Caravan Park","Low","Use as a page-level KP hint; confirm person name/title before saving."
"50","kp_context_hint","32","AU-0385","Complete Client Listing | Hospitality Mgmt Aus","https://hospitalitymanagement.com.au","3","https://www.hospitalitymanagement.com.au | https://www.hospitalitymanagement.com.au/about","role_context","management","About | Hospitality Management Australia top of page Home About Services Clients Performing Art Centres & Cultural Venues Sporting Venues Hotels & Other Accommodation Convention Centres & Entertainmen","Low","Use as a page-level KP hint; confirm person name/title before saving."
"50","kp_context_hint","32","AU-0385","Complete Client Listing | Hospitality Mgmt Aus","https://hospitalitymanagement.com.au","3","https://www.hospitalitymanagement.com.au | https://www.hospitalitymanagement.com.au/about","role_context","operations","r Planning& Project Advice Read More > Tendering & Contract management Read More > Need to Speak to Someone? Contact Us Operations & Quality Assurance Read More > Financial Review & Benchmarking Read More > Read More The WIN Sports & Entertainment Centre has worked with HMA since 1998 - using HMA's","Low","Use as a page-level KP hint; confirm person name/title before saving."
"50","kp_context_hint","32","AU-0385","Complete Client Listing | Hospitality Mgmt Aus","https://hospitalitymanagement.com.au","3","https://www.hospitalitymanagement.com.au | https://www.hospitalitymanagement.com.au/about","role_context","people","ment.com.au +61 2 9986 1255 HMA acknowledges the Traditional Custodians of country for Kuring-Gai and the local Garigal people, traditional custodians of the land on which we work and live, and recognise the continuing connection to land, water and community. ​ We pay our respects to Elders past, pr","Low","Use as a page-level KP hint; confirm person name/title before saving."
"50","kp_context_hint","32","AU-0385","Complete Client Listing | Hospitality Mgmt Aus","https://hospitalitymanagement.com.au","2","https://www.hospitalitymanagement.com.au","role_context","staff","y to identify issues and improvements and able to represent the venue in discussions and negotiations with suppliers or staff that are crucial to the ongoing success of the venues... If a venue or organisation is looking for someone to stand by them in times of crucial decisions - I would have no he","Low","Use as a page-level KP hint; confirm person name/title before saving."
"50","kp_context_hint","32","AU-0385","Complete Client Listing | Hospitality Mgmt Aus","https://hospitalitymanagement.com.au","3","https://www.hospitalitymanagement.com.au | https://www.hospitalitymanagement.com.au/about","role_context","team","s real value - we minimise risk and maximise returns. ​ We commit to each client as if we were part of their management team. This depth of experience and the passion we bring to your needs, coupled with the professionalism and integrity by which we stand, provides real added value to all our client","Low","Use as a page-level KP hint; confirm person name/title before saving."
"45","manual_linkedin_search","32","AU-0385","Complete Client Listing | Hospitality Mgmt Aus","queue_public_linkedin_query","1","","linkedin_search_url","https://www.google.com/search?q=site%3Alinkedin.com%2Fin+%22Complete+Client+Listing+%7C+Hospitality+Mgmt+Aus%22+Australia+director+OR+operations+OR+procurement","site:linkedin.com/in ""Complete Client Listing | Hospitality Mgmt Aus"" Australia director OR operations OR procurement","Low","Manual search URL for public LinkedIn result review; save only a matched personal/company URL with confidence notes."
"13","technical_status","32","AU-0385","Complete Client Listing | Hospitality Mgmt Aus","https://hospitalitymanagement.com.au","2","https://www.hospitalitymanagement.com.au","fetch_status","https://hospitalitymanagement.com.au","","High","Fetch status: 200. Use only if page fetched successfully."
"13","technical_status","32","AU-0385","Complete Client Listing | Hospitality Mgmt Aus","https://www.hospitalitymanagement.com.au/about","1","","fetch_status","https://www.hospitalitymanagement.com.au/about","","High","Fetch status: 200. Use only if page fetched successfully."
"108","possible_key_person_linkedin","33","AU-0307","Conference venues Sydney | Capella Sydney","https://capellahotels.com/en/corporate/about","1","","key_person_linkedin_url","https://www.linkedin.com/feed/update/urn:li:activity:6943027510708195328","https://www.linkedin.com/feed/update/urn:li:activity:6943027510708195328","Medium","Use as a manual LinkedIn review URL; do not treat as verified direct contact until person/company fit is confirmed."
"108","possible_key_person_linkedin","33","AU-0307","Conference venues Sydney | Capella Sydney","https://capellahotels.com/en/corporate/about","1","","key_person_linkedin_url","https://www.linkedin.com/feed/update/urn:li:activity:7071853249657536512/","https://www.linkedin.com/feed/update/urn:li:activity:7071853249657536512/","Medium","Use as a manual LinkedIn review URL; do not treat as verified direct contact until person/company fit is confirmed."
"108","possible_key_person_linkedin","33","AU-0307","Conference venues Sydney | Capella Sydney","https://capellahotels.com/en/corporate/about","1","","key_person_linkedin_url","https://www.linkedin.com/feed/update/urn:li:activity:7084537533744775168/","https://www.linkedin.com/feed/update/urn:li:activity:7084537533744775168/","Medium","Use as a manual LinkedIn review URL; do not treat as verified direct contact until person/company fit is confirmed."
"108","possible_key_person_linkedin","33","AU-0307","Conference venues Sydney | Capella Sydney","https://capellahotels.com/en/corporate/about","1","","key_person_linkedin_url","https://www.linkedin.com/posts/capellahotels_50-best-discovery-activity-7170742424124776448--zeJ?utm_source=share&utm_medium=member_desktop","https://www.linkedin.com/posts/capellahotels_50-best-discovery-activity-7170742424124776448--zeJ?utm_source=share&utm_medium=member_desktop","Medium","Use as a manual LinkedIn review URL; do not treat as verified direct contact until person/company fit is confirmed."
"108","possible_key_person_linkedin","33","AU-0307","Conference venues Sydney | Capella Sydney","https://capellahotels.com/en/corporate/about","1","","key_person_linkedin_url","https://www.linkedin.com/posts/capellahotels_capellahotels-ugcPost-7216463036612509698-2hKv?utm_source=share&utm_medium=member_desktop","https://www.linkedin.com/posts/capellahotels_capellahotels-ugcPost-7216463036612509698-2hKv?utm_source=share&utm_medium=member_desktop","Medium","Use as a manual LinkedIn review URL; do not treat as verified direct contact until person/company fit is confirmed."
"108","possible_key_person_linkedin","33","AU-0307","Conference venues Sydney | Capella Sydney","https://capellahotels.com/en/corporate/about","1","","key_person_linkedin_url","https://www.linkedin.com/posts/capellahotels_capellahotels-worlds50besthotels-luxurytravel-activity-7110105666568032256-V75A/?utm_source=share&utm_medium=member_desktop","https://www.linkedin.com/posts/capellahotels_capellahotels-worlds50besthotels-luxurytravel-activity-7110105666568032256-V75A/?utm_source=share&utm_medium=member_desktop","Medium","Use as a manual LinkedIn review URL; do not treat as verified direct contact until person/company fit is confirmed."
"108","possible_key_person_linkedin","33","AU-0307","Conference venues Sydney | Capella Sydney","https://capellahotels.com/en/corporate/about","1","","key_person_linkedin_url","https://www.linkedin.com/posts/capellahotels_capellahotels-worlds50besthotels-luxurytravel-activity-7242190652199849984-jM-x","https://www.linkedin.com/posts/capellahotels_capellahotels-worlds50besthotels-luxurytravel-activity-7242190652199849984-jM-x","Medium","Use as a manual LinkedIn review URL; do not treat as verified direct contact until person/company fit is confirmed."
"108","possible_key_person_linkedin","33","AU-0307","Conference venues Sydney | Capella Sydney","https://capellahotels.com/en/corporate/about","1","","key_person_linkedin_url","https://www.linkedin.com/posts/capellahotels_evan-kwee-charts-new-waters-for-overseas-activity-6833219595097251840-_pPI/","https://www.linkedin.com/posts/capellahotels_evan-kwee-charts-new-waters-for-overseas-activity-6833219595097251840-_pPI/","Medium","Use as a manual LinkedIn review URL; do not treat as verified direct contact until person/company fit is confirmed."
"108","possible_key_person_linkedin","33","AU-0307","Conference venues Sydney | Capella Sydney","https://capellahotels.com/en/corporate/about","1","","key_person_linkedin_url","https://www.linkedin.com/posts/capellahotels_this-luxury-hotel-is-turning-kitchen-excess-activity-6780304836001845248-ekFb/","https://www.linkedin.com/posts/capellahotels_this-luxury-hotel-is-turning-kitchen-excess-activity-6780304836001845248-ekFb/","Medium","Use as a manual LinkedIn review URL; do not treat as verified direct contact until person/company fit is confirmed."
"108","possible_key_person_linkedin","33","AU-0307","Conference venues Sydney | Capella Sydney","https://capellahotels.com/en/corporate/about","1","","key_person_linkedin_url","https://www.linkedin.com/posts/capellahotels_travel-leisure-luxury-asia-pacific-awards-activity-7212602519691087872-zDc5/","https://www.linkedin.com/posts/capellahotels_travel-leisure-luxury-asia-pacific-awards-activity-7212602519691087872-zDc5/","Medium","Use as a manual LinkedIn review URL; do not treat as verified direct contact until person/company fit is confirmed."
"108","possible_key_person_linkedin","33","AU-0307","Conference venues Sydney | Capella Sydney","https://capellahotels.com/en/corporate/about","1","","key_person_linkedin_url","https://www.linkedin.com/posts/capellahotels_we-are-celebrating-multiple-capella-and-patina-activity-7247412378366033921--gHD","https://www.linkedin.com/posts/capellahotels_we-are-celebrating-multiple-capella-and-patina-activity-7247412378366033921--gHD","Medium","Use as a manual LinkedIn review URL; do not treat as verified direct contact until person/company fit is confirmed."
"108","possible_key_person_linkedin","33","AU-0307","Conference venues Sydney | Capella Sydney","https://capellahotels.com/en/corporate/about","1","","key_person_linkedin_url","https://www.linkedin.com/posts/patina-hotels-%26-resorts-pte-ltd_cambodia-patagonia-20thanniversary-activity-6843026611009388544-yYtL/","https://www.linkedin.com/posts/patina-hotels-%26-resorts-pte-ltd_cambodia-patagonia-20thanniversary-activity-6843026611009388544-yYtL/","Medium","Use as a manual LinkedIn review URL; do not treat as verified direct contact until person/company fit is confirmed."
"94","phone_candidate","33","AU-0307","Conference venues Sydney | Capella Sydney","https://capellahotels.com/en/corporate/global-contacts","1","","phone","+61 414 251 157","ZÁLEZ +34 662 504 669 Enquire Regional Sales Office - Australia & New Zealand Liz Rodgers +61 414 251 157 Enquire Regional Sales Office - India Heavens Portfolio India Team +91 22 28332099 Enquir","Medium","Review whether this is company or person phone before saving."
"89","possible_key_person","33","AU-0307","Conference venues Sydney | Capella Sydney","https://capellahotels.com/en/corporate/global-contacts","1","","key_person_name","Heavens Portfolio India","team: 414 251 157 Enquire Regional Sales Office - India Heavens Portfolio India Team +91 22 28332099 Enquire Regional Sales Office - South Korea Heavens Portfolio South Korea Team","Medium","Person name found near 'team' role. Verify person/company fit before saving to contacts."
"88","team_or_about_page","33","AU-0307","Conference venues Sydney | Capella Sydney","https://capellahotels.com","1","","team_link","https://capellahotels.com/en/corporate/about","Capella Hotel Group","Medium","Review linked page for contact/form/KP details."
"72","company_contact_page","33","AU-0307","Conference venues Sydney | Capella Sydney","https://capellahotels.com","1","","contact_link","https://capellahotels.com/en/corporate/global-contacts","Global Contacts","Medium","Review linked page for contact/form/KP details."
"70","company_linkedin","33","AU-0307","Conference venues Sydney | Capella Sydney","https://capellahotels.com/en/corporate/about","1","","company_linkedin_url","https://www.linkedin.com/company/capellahotels","","Low","Use as a manual LinkedIn review URL; do not treat as verified direct contact until person/company fit is confirmed."
"60","kp_context_hint","33","AU-0307","Conference venues Sydney | Capella Sydney","https://capellahotels.com/en/corporate/about","1","","role_context","owner","l Group, our inspiring leaders are focused on forging sustainable long term growth and success for the future - for the owners, colleagues and guests that they serve. Cristiano Rinaldi President, Capella Hotel Group Leadership Our Services Our spirit of collaboration places us as trusted confidants","Low","Use as a page-level KP hint; confirm person name/title before saving."
"50","kp_context_hint","33","AU-0307","Conference venues Sydney | Capella Sydney","https://capellahotels.com/en/corporate/about","2","https://capellahotels.com/en/corporate/global-contacts","role_context","leadership","Capella Hotel Group | Luxury Hotel Management Company menu Home About Us Leadership Hotels Capella Hotels and Resorts Patina Hotels & Resorts Residences Development Community People Redefining hospitality through service excellence. Polished concepts an","Low","Use as a page-level KP hint; confirm person name/title before saving."
"50","kp_context_hint","33","AU-0307","Conference venues Sydney | Capella Sydney","https://capellahotels.com/en/corporate/about","1","","role_context","management","Capella Hotel Group | Luxury Hotel Management Company menu Home About Us Leadership Hotels Capella Hotels and Resorts Patina Hotels & Resorts Residences Development Community People Redefining hospitality through se","Low","Use as a page-level KP hint; confirm person name/title before saving."
"50","kp_context_hint","33","AU-0307","Conference venues Sydney | Capella Sydney","https://capellahotels.com","3","https://capellahotels.com/en/corporate/about | https://capellahotels.com/en/corporate/global-contacts","role_context","people","local community to engage and discover local heritage and culture, discovering new skills, and meeting some fascinating people along the way. We understand escapism beyond the simple indulgence of travel and seek, through knowledge, empathy and respect for our surroundings, to create ‘Capella Curate","Low","Use as a page-level KP hint; confirm person name/title before saving."
"50","kp_context_hint","33","AU-0307","Conference venues Sydney | Capella Sydney","https://capellahotels.com/en/corporate/global-contacts","1","","role_context","team","ice - Australia & New Zealand Liz Rodgers +61 414 251 157 Enquire Regional Sales Office - India Heavens Portfolio India Team +91 22 28332099 Enquire Regional Sales Office - South Korea Heavens Portfolio South Korea Team +82 10 8761 0988 Enquire BUSINESS DEVELOPMENT CONTACTS Global Vishal Daga Vice P","Low","Use as a page-level KP hint; confirm person name/title before saving."
"45","manual_linkedin_search","33","AU-0307","Conference venues Sydney | Capella Sydney","queue_public_linkedin_query","1","","linkedin_search_url","https://www.google.com/search?q=site%3Alinkedin.com%2Fin+%22Conference+venues+Sydney+%7C+Capella+Sydney%22+Australia+director+OR+operations+OR+procurement","site:linkedin.com/in ""Conference venues Sydney | Capella Sydney"" Australia director OR operations OR procurement","Low","Manual search URL for public LinkedIn result review; save only a matched personal/company URL with confidence notes."
"13","technical_status","33","AU-0307","Conference venues Sydney | Capella Sydney","https://capellahotels.com","1","","fetch_status","https://capellahotels.com","","High","Fetch status: 200. Use only if page fetched successfully."
"13","technical_status","33","AU-0307","Conference venues Sydney | Capella Sydney","https://capellahotels.com/en/corporate/about","1","","fetch_status","https://capellahotels.com/en/corporate/about","","High","Fetch status: 200. Use only if page fetched successfully."
"13","technical_status","33","AU-0307","Conference venues Sydney | Capella Sydney","https://capellahotels.com/en/corporate/global-contacts","1","","fetch_status","https://capellahotels.com/en/corporate/global-contacts","","High","Fetch status: 200. Use only if page fetched successfully."
"94","phone_candidate","34","AU-0277","Contact Song Hotels - Song Hotel Sydney Australia","https://songhotels.com.au","9","https://www.songhotels.com.au/# | https://www.songhotels.com.au/about-us/","phone","+61 2 9285 6200","l Guide Offers Contact Song Hotels Rooms Eat & Drink Meetings & Events Local Guide Offers +61 2 9285 6200 Book a Room Online booking × Arrival Date Departure Date Adults - + Children - + Promo co","Medium","Review whether this is company or person phone before saving."
"88","team_or_about_page","34","AU-0277","Contact Song Hotels - Song Hotel Sydney Australia","https://songhotels.com.au","3","https://www.songhotels.com.au/# | https://www.songhotels.com.au/about-us/","team_link","https://www.songhotels.com.au/about-us/","About Us","Medium","Review linked page for contact/form/KP details."
"72","company_contact_page","34","AU-0277","Contact Song Hotels - Song Hotel Sydney Australia","https://songhotels.com.au","8","https://www.songhotels.com.au/#","contact_link","https://www.songhotels.com.au/#","Book a Room","Medium","Review linked page for contact/form/KP details."
"72","company_contact_page","34","AU-0277","Contact Song Hotels - Song Hotel Sydney Australia","https://www.songhotels.com.au/about-us/","1","","contact_link","https://www.songhotels.com.au/about-us/#","Book a Room","Medium","Review linked page for contact/form/KP details."
"72","company_contact_page","34","AU-0277","Contact Song Hotels - Song Hotel Sydney Australia","https://songhotels.com.au","14","https://www.songhotels.com.au/# | https://www.songhotels.com.au/about-us/","contact_link","https://www.songhotels.com.au/contact-us/","Contact Song Hotels","Medium","Review linked page for contact/form/KP details."
"72","events_or_functions_contact","34","AU-0277","Contact Song Hotels - Song Hotel Sydney Australia","https://songhotels.com.au","8","https://www.songhotels.com.au/# | https://www.songhotels.com.au/about-us/","contact_link","https://www.songhotels.com.au/meetings-and-events/","Meetings & Events","Medium","Review linked page for contact/form/KP details."
"60","kp_context_hint","34","AU-0277","Contact Song Hotels - Song Hotel Sydney Australia","https://songhotels.com.au","3","https://www.songhotels.com.au/# | https://www.songhotels.com.au/about-us/","role_context","owner","Free: 1800 994 994 Phone: +61 2 9285 6200 Email: [email protected] YWCA Australia wishes to acknowledge the Traditional Owners of the lands on which we work, live and play and pay our respects to Elders past and present. We recognise First Nations people as the custodians of the lands, seas and skie","Low","Use as a page-level KP hint; confirm person name/title before saving."
"50","kp_context_hint","34","AU-0277","Contact Song Hotels - Song Hotel Sydney Australia","https://www.songhotels.com.au/about-us/","1","","role_context","culinary","into a memorable experience. From intimate dinners to grand cocktail parties, our event space offers a perfect blend of culinary excellence and inviting atmosphere. We’re so proud to be dedicating 9 of our hotel rooms to inspirational Aussie women whose work aligns with our mission. ‘Singing the Pra","Low","Use as a page-level KP hint; confirm person name/title before saving."
"50","kp_context_hint","34","AU-0277","Contact Song Hotels - Song Hotel Sydney Australia","https://songhotels.com.au","3","https://www.songhotels.com.au/# | https://www.songhotels.com.au/about-us/","role_context","events","Hotel Sydney - Song Hotel Sydney Australia Rooms Eat & Drink Meetings & Events Gallery Local Guide Offers Contact Song Hotels Rooms Eat & Drink Meetings & Events Local Guide Offers +61 2 9285 6200 Book a Room Online booking × Arrival Date Departure Dat","Low","Use as a page-level KP hint; confirm person name/title before saving."
"50","kp_context_hint","34","AU-0277","Contact Song Hotels - Song Hotel Sydney Australia","https://songhotels.com.au","3","https://www.songhotels.com.au/# | https://www.songhotels.com.au/about-us/","role_context","people","f the lands on which we work, live and play and pay our respects to Elders past and present. We recognise First Nations people as the custodians of the lands, seas and skies, with more than 60,000 years of wisdom, connection and relationship in caring for Country. © Copyright 2024 Song Hotels Sydney","Low","Use as a page-level KP hint; confirm person name/title before saving."
"50","kp_context_hint","34","AU-0277","Contact Song Hotels - Song Hotel Sydney Australia","https://songhotels.com.au","2","https://www.songhotels.com.au/#","role_context","team","Hotel is a 5-minute walk from Museum Station on the Airport Link Line. Feel free to speak with our friendly front desk team upon arrival if you need any help booking a taxi. Is there a gym on site? No, Song Hotel does not have a gym; however, there are several gyms within walking distance. We focus","Low","Use as a page-level KP hint; confirm person name/title before saving."
"45","manual_linkedin_search","34","AU-0277","Contact Song Hotels - Song Hotel Sydney Australia","queue_public_linkedin_query","1","","linkedin_search_url","https://www.google.com/search?q=site%3Alinkedin.com%2Fin+%22Contact+Song+Hotels+-+Song+Hotel+Sydney+Australia%22+Australia+director+OR+operations+OR+procurement","site:linkedin.com/in ""Contact Song Hotels - Song Hotel Sydney Australia"" Australia director OR operations OR procurement","Low","Manual search URL for public LinkedIn result review; save only a matched personal/company URL with confidence notes."
"13","technical_status","34","AU-0277","Contact Song Hotels - Song Hotel Sydney Australia","https://songhotels.com.au","2","https://www.songhotels.com.au/#","fetch_status","https://songhotels.com.au","","High","Fetch status: 200. Use only if page fetched successfully."
"13","technical_status","34","AU-0277","Contact Song Hotels - Song Hotel Sydney Australia","https://www.songhotels.com.au/about-us/","1","","fetch_status","https://www.songhotels.com.au/about-us/","","High","Fetch status: 200. Use only if page fetched successfully."
"108","company_email","35","AU-0453","Contact Us - Aurora Hotel Group","https://auroraresorts.com.au/contact/","2","","email","klodge@kl.auroraresorts.com.au","oll Free Within Australia: 1800 811 154 International Telephone: +61 (8) 8979 2422 Email: klodge@kl.auroraresorts.com.au In the heart of Kakadu. Experience Kakadu accommodation set in tranquil tropical surround","High","Review whether this is company, department, or person email before saving."
"102","official_form_candidate","35","AU-0453","Contact Us - Aurora Hotel Group","https://auroraresorts.com.au/contact/","2","","contact_form","https://auroraresorts.com.au/contact/","contact_form form method=post action=/contact/ Choose Hotel * Choose Hotel Aurora Ozone Hotel Aurora Kakadu Lodge Check In DD slash MM slash YYYY Check Out DD slash MM slash YYYY Adults 1 2 3 4 5 Children 0 1 2 3 4 5","High","Official page contains a form; save as company_contact_form_url only if it is a contact/enquiry form, not only a booking widget."
"94","phone_candidate","35","AU-0453","Contact Us - Aurora Hotel Group","https://auroraresorts.com.au/contact/","1","","phone","(08) 8979 2422","biru Drive, Jabiru, NT 0886 Postal Address: PO Box 196, Jabiru, NT 0886 Within Australia: (08) 8979 2422 Toll Free Within Australia: 1800 811 154 International Telephone: +61 (8) 8979 2422 Email","Medium","Review whether this is company or person phone before saving."
"94","phone_candidate","35","AU-0453","Contact Us - Aurora Hotel Group","https://auroraresorts.com.au/contact/","2","","phone","+61 (8) 8979 2422","stralia: (08) 8979 2422 Toll Free Within Australia: 1800 811 154 International Telephone: +61 (8) 8979 2422 Email: klodge@kl.auroraresorts.com.au In the heart of Kakadu. Experience Kakadu accommoda","Medium","Review whether this is company or person phone before saving."
"94","phone_candidate","35","AU-0453","Contact Us - Aurora Hotel Group","https://auroraresorts.com.au/contact/","1","","phone","08 8553 2011","Terrace, Kingscote, South Australia Postal Address: PO Box 96, Kingscote, SA 5223 Phone: 08 8553 2011 Email: info@ozonehotelki.com.au Ozone Hotel at Kingscote, Kangaroo Island, South Australi","Medium","Review whether this is company or person phone before saving."
"94","phone_candidate","35","AU-0453","Contact Us - Aurora Hotel Group","https://auroraresorts.com.au","3","https://auroraresorts.com.au/about-aurora/ | https://auroraresorts.com.au/contact/","phone","0860406458","agram post by aurorahotelsaustralia Jul 16 Open post by aurorahotelsaustralia with ID 17950860406458003 aurorahotelsaustralia View Instagram post by aurorahotelsaustralia Jul 1 Open post by","Medium","Review whether this is company or person phone before saving."
"94","phone_candidate","35","AU-0453","Contact Us - Aurora Hotel Group","https://auroraresorts.com.au/contact/","2","","phone","1800 811 154","PO Box 196, Jabiru, NT 0886 Within Australia: (08) 8979 2422 Toll Free Within Australia: 1800 811 154 International Telephone: +61 (8) 8979 2422 Email: klodge@kl.auroraresorts.com.au In the h","Medium","Review whether this is company or person phone before saving."
"89","possible_key_person","35","AU-0453","Contact Us - Aurora Hotel Group","https://auroraresorts.com.au","3","https://auroraresorts.com.au/about-aurora/ | https://auroraresorts.com.au/contact/","key_person_name","Australian Property","projects: urora Resorts & Hotels Pty Ltd is wholly owned by Australian Property Projects (APP) own and operate a variety of tourism and hospitality properties throughout the North","Medium","Person name found near 'projects' role. Verify person/company fit before saving to contacts."
"88","team_or_about_page","35","AU-0453","Contact Us - Aurora Hotel Group","https://auroraresorts.com.au","9","https://auroraresorts.com.au/about-aurora/ | https://auroraresorts.com.au/contact/","team_link","https://auroraresorts.com.au/about-aurora/","About Aurora","Medium","Review linked page for contact/form/KP details."
"72","company_contact_page","35","AU-0453","Contact Us - Aurora Hotel Group","https://auroraresorts.com.au","6","https://auroraresorts.com.au/about-aurora/ | https://auroraresorts.com.au/contact/","contact_link","https://auroraresorts.com.au/contact/","Contact Us","Medium","Review linked page for contact/form/KP details."
"50","kp_context_hint","35","AU-0453","Contact Us - Aurora Hotel Group","https://auroraresorts.com.au","1","","role_context","people","ents, scenic swimming pools, wetlands, native wildlife and ancient rock art. Kakadu has been home to the Bininj/Mungguy people for over 65,000 years and here they will teach you about their ancient culture and history. Get ready for an experience that is insightful and truly grounding. Aurora Kakadu","Low","Use as a page-level KP hint; confirm person name/title before saving."
"50","kp_context_hint","35","AU-0453","Contact Us - Aurora Hotel Group","https://auroraresorts.com.au","3","https://auroraresorts.com.au/about-aurora/ | https://auroraresorts.com.au/contact/","role_context","projects","Our Hotels About Aurora Jobs Environment Policy Aurora Resorts & Hotels Pty Ltd is wholly owned by Australian Property Projects (APP) own and operate a variety of tourism and hospitality properties throughout the Northern Territory and South Australia, at the gateways to the magnificent natural loc","Low","Use as a page-level KP hint; confirm person name/title before saving."
"50","kp_context_hint","35","AU-0453","Contact Us - Aurora Hotel Group","https://auroraresorts.com.au","2","https://auroraresorts.com.au/about-aurora/","role_context","staff","aged to get a good deal. Car parking is available at front of cabins. Delan / Aurora Kakadu Lodge and Caravan Park “The staff were amazing and so helpful! Went above and beyond. Room was super clean! So peaceful and relaxing!!” Katie / Ozone Hotel View All Reviews See Why Our Guests Love Aurora Reso","Low","Use as a page-level KP hint; confirm person name/title before saving."
"45","manual_linkedin_search","35","AU-0453","Contact Us - Aurora Hotel Group","queue_public_linkedin_query","1","","linkedin_search_url","https://www.google.com/search?q=site%3Alinkedin.com%2Fin+%22Contact+Us+-+Aurora+Hotel+Group%22+Australia+director+OR+operations+OR+procurement","site:linkedin.com/in ""Contact Us - Aurora Hotel Group"" Australia director OR operations OR procurement","Low","Manual search URL for public LinkedIn result review; save only a matched personal/company URL with confidence notes."
"13","technical_status","35","AU-0453","Contact Us - Aurora Hotel Group","https://auroraresorts.com.au","1","","fetch_status","https://auroraresorts.com.au","","High","Fetch status: 200. Use only if page fetched successfully."
"13","technical_status","35","AU-0453","Contact Us - Aurora Hotel Group","https://auroraresorts.com.au/about-aurora/","1","","fetch_status","https://auroraresorts.com.au/about-aurora/","","High","Fetch status: 200. Use only if page fetched successfully."
"13","technical_status","35","AU-0453","Contact Us - Aurora Hotel Group","https://auroraresorts.com.au/contact/","1","","fetch_status","https://auroraresorts.com.au/contact/","","High","Fetch status: 200. Use only if page fetched successfully."
"102","official_form_candidate","36","AU-0269","Contact Us - Grand Hotel Group","https://grandhotelgroup.com.au/contact-us/","1","","contact_form","https://grandhotelgroup.com.au/contact-us/","contact_form form method=post action=/contact-us/ Region Please Select Perth Melbourne First Name Last Name Email Address Contact No. Your Message I Agree By submitting this form, you hereby agree that we (including our agents and representatives) may collect, use, and disclose your personal data, which you have provided in this form. We (including our agents or representative) may contact you for the purpose of your enquiry via voice call, email, SMS, or MMS.","High","Official page contains a form; save as company_contact_form_url only if it is a contact/enquiry form, not only a booking widget."
"88","team_or_about_page","36","AU-0269","Contact Us - Grand Hotel Group","https://grandhotelgroup.com.au","5","https://grandhotelgroup.com.au/about-us/ | https://grandhotelgroup.com.au/contact-us/","team_link","https://grandhotelgroup.com.au/about-us/","READ MORE","Medium","Review linked page for contact/form/KP details."
"72","company_contact_page","36","AU-0269","Contact Us - Grand Hotel Group","https://grandhotelgroup.com.au","4","https://grandhotelgroup.com.au/about-us/ | https://grandhotelgroup.com.au/contact-us/","contact_link","https://grandhotelgroup.com.au/contact-us/","TELL ME MORE","Medium","Review linked page for contact/form/KP details."
"72","events_or_functions_contact","36","AU-0269","Contact Us - Grand Hotel Group","https://grandhotelgroup.com.au","3","https://grandhotelgroup.com.au/about-us/ | https://grandhotelgroup.com.au/contact-us/","contact_link","https://grandhotelgroup.com.au/events-promotion/","Events & Promotion","Medium","Review linked page for contact/form/KP details."
"60","kp_context_hint","36","AU-0269","Contact Us - Grand Hotel Group","https://grandhotelgroup.com.au/about-us/","1","","role_context","owner","ed, fast-growing, regional real estate company focused primarily on property development, property investment and hotel ownership. Over the years, the Group has developed a portfolio of strategically located real estate assets not only in Singapore but also across the Asia Pacific region, and has es","Low","Use as a page-level KP hint; confirm person name/title before saving."
"50","kp_context_hint","36","AU-0269","Contact Us - Grand Hotel Group","https://grandhotelgroup.com.au","3","https://grandhotelgroup.com.au/about-us/ | https://grandhotelgroup.com.au/contact-us/","role_context","events","Grand Hotel Group Home About Us Gallery & Video Newsroom Portfolio Melbourne Perth Car Park Information Melbourne Perth Events & Promotion Contact Us Select Page A Legendary Welcome To Last A Lifetime Grand Hotel Group GHG boasts two iconic 5-star properties in its portfolio: the Grand Hyatt Melbour","Low","Use as a page-level KP hint; confirm person name/title before saving."
"50","kp_context_hint","36","AU-0269","Contact Us - Grand Hotel Group","https://grandhotelgroup.com.au","1","","role_context","projects","l of personalised services, private spaces and epicurean adventures. With these, let’s start our journey… READ MORE Our Projects Melbourne Conveniently situated in the eastern core of the Central Business District, or CBD and within walking distance of most of central Melbourne’s attractions, Grand","Low","Use as a page-level KP hint; confirm person name/title before saving."
"45","manual_linkedin_search","36","AU-0269","Contact Us - Grand Hotel Group","queue_public_linkedin_query","1","","linkedin_search_url","https://www.google.com/search?q=site%3Alinkedin.com%2Fin+%22Contact+Us+-+Grand+Hotel+Group%22+Australia+director+OR+operations+OR+procurement","site:linkedin.com/in ""Contact Us - Grand Hotel Group"" Australia director OR operations OR procurement","Low","Manual search URL for public LinkedIn result review; save only a matched personal/company URL with confidence notes."
"13","technical_status","36","AU-0269","Contact Us - Grand Hotel Group","https://grandhotelgroup.com.au","1","","fetch_status","https://grandhotelgroup.com.au","","High","Fetch status: 200. Use only if page fetched successfully."
"13","technical_status","36","AU-0269","Contact Us - Grand Hotel Group","https://grandhotelgroup.com.au/about-us/","1","","fetch_status","https://grandhotelgroup.com.au/about-us/","","High","Fetch status: 200. Use only if page fetched successfully."
"13","technical_status","36","AU-0269","Contact Us - Grand Hotel Group","https://grandhotelgroup.com.au/contact-us/","1","","fetch_status","https://grandhotelgroup.com.au/contact-us/","","High","Fetch status: 200. Use only if page fetched successfully."
"102","official_form_candidate","37","AU-0332","Contact Us - The Venues Collection","https://thevenuesco.au/contactus/","1","","contact_form","https://thevenuesco.au/contactus/","contact_form form method=post action=/contactus/ Please enable JavaScript in your browser to complete this form. Contact details - Step 1 of 3 First Name * Last Name * Email * Phone * Postcode * Company name (business events enquiries) Next Which venue are you interested in? * Please select Watersedge 12-Micron Athol Hall Orso Bayside Cropley House Harbourfront Seafood Restaurant Jimmy's Kitchen Bay εννέα Event type * Please select Corporate Social Wedding Other - please specify Partner's Name W","High","Official page contains a form; save as company_contact_form_url only if it is a contact/enquiry form, not only a booking widget."
"94","phone_candidate","37","AU-0332","Contact Us - The Venues Collection","https://thevenuesco.au/contactus/","2","","phone","02 8218 8844","02 8218 8877 Athol Hall 2 Athol Wharf Road Ashton Park Mosman NSW 2088 [email protected] 02 8218 8844 Orso Bayside 79 Parriwi Rd, Mosman NSW 2088 [email protected] 02 9968 3555 Cropley House","Medium","Review whether this is company or person phone before saving."
"94","phone_candidate","37","AU-0332","Contact Us - The Venues Collection","https://thevenuesco.au/contactus/","2","","phone","02 8218 8877","Level 2, International Tower 1, 100 Barangaroo Ave, Barangaroo NSW 2000 [email protected] 02 8218 8877 Athol Hall 2 Athol Wharf Road Ashton Park Mosman NSW 2088 [email protected] 02 8218 8844","Medium","Review whether this is company or person phone before saving."
"94","phone_candidate","37","AU-0332","Contact Us - The Venues Collection","https://thevenuesco.au/contactus/","2","","phone","02 9251 0894","nt Seafood Bay 1-3, 7-27 Circular Quay West, The Rocks, Sydney NSW 2000 [email protected] 02 9251 0894 Jimmy’s Kitchen Bay εννέα Bay 9, 7-27 Circular Quay W, The Rocks NSW 2000 [email protecte","Medium","Review whether this is company or person phone before saving."
"94","phone_candidate","37","AU-0332","Contact Us - The Venues Collection","https://thevenuesco.au/contactus/","2","","phone","02 9251 0897","mmy’s Kitchen Bay εννέα Bay 9, 7-27 Circular Quay W, The Rocks NSW 2000 [email protected] 02 9251 0897 International Tourism & Partnerships [email protected] +61 400 111 928 Venues Watersedge","Medium","Review whether this is company or person phone before saving."
"94","phone_candidate","37","AU-0332","Contact Us - The Venues Collection","https://thevenuesco.au/contactus/","2","","phone","02 9251 5630","ues Watersedge at Campbell’s Stores 25 Hickson Road The Rocks, NSW 2000 [email protected] 02 9251 5630 12-Micron Level 2, International Tower 1, 100 Barangaroo Ave, Barangaroo NSW 2000 [email","Medium","Review whether this is company or person phone before saving."
"94","phone_candidate","37","AU-0332","Contact Us - The Venues Collection","https://thevenuesco.au/contactus/","2","","phone","02 9968 3555","ail protected] 02 8218 8844 Orso Bayside 79 Parriwi Rd, Mosman NSW 2088 [email protected] 02 9968 3555 Cropley House 84 Watkins Rd, Baulkham Hills NSW 2153 [email protected] 02 8218 8805 Resta","Medium","Review whether this is company or person phone before saving."
"72","company_contact_page","37","AU-0332","Contact Us - The Venues Collection","https://thevenuesco.au","9","https://thevenuesco.au/business-events/ | https://thevenuesco.au/contactus/","contact_link","https://thevenuesco.au/contactus/","Contact Us","Medium","Review linked page for contact/form/KP details."
"72","events_or_functions_contact","37","AU-0332","Contact Us - The Venues Collection","https://thevenuesco.au","6","https://thevenuesco.au/business-events/ | https://thevenuesco.au/contactus/","contact_link","https://thevenuesco.au/business-events/","Business Events","Medium","Review linked page for contact/form/KP details."
"72","events_or_functions_contact","37","AU-0332","Contact Us - The Venues Collection","https://thevenuesco.au","1","","contact_link","https://thevenuesco.au/corporate-events-eofy-offer/","https://thevenuesco.au/corporate-events-eofy-offer/","Medium","Review linked page for contact/form/KP details."
"70","company_linkedin","37","AU-0332","Contact Us - The Venues Collection","https://thevenuesco.au","3","https://thevenuesco.au/business-events/ | https://thevenuesco.au/contactus/","company_linkedin_url","https://au.linkedin.com/company/thevenuescollection","","Low","Use as a manual LinkedIn review URL; do not treat as verified direct contact until person/company fit is confirmed."
"60","kp_context_hint","37","AU-0332","Contact Us - The Venues Collection","https://thevenuesco.au","3","https://thevenuesco.au/business-events/ | https://thevenuesco.au/contactus/","role_context","owner","in touch What's On Contact Us Subscribe Linkedin Facebook Instagram The Venues Collection acknowledges the Traditional Owners of the lands where we live, work and play, and across the lands we travel through. We acknowledge and pay our respects to their cultures and traditions, and to Elders past,","Low","Use as a page-level KP hint; confirm person name/title before saving."
"50","kp_context_hint","37","AU-0332","Contact Us - The Venues Collection","https://thevenuesco.au","3","https://thevenuesco.au/business-events/ | https://thevenuesco.au/contactus/","role_context","events","The Venues Collection - The Venues Collection Skip links Skip to primary navigation Skip to content What’s On Business Events The Vibes Awards Weddings School Formals Venues Watersedge 12-Micron Athol Hall Orso Bayside Cropley House Restaurants Harbourfront Seafood Sydney The Rocks Jimmy’s Kitchen","Low","Use as a page-level KP hint; confirm person name/title before saving."
"50","kp_context_hint","37","AU-0332","Contact Us - The Venues Collection","https://thevenuesco.au/business-events/","1","","role_context","staff","ll's Stores | The Rocks 12-Micron | BARANGAROO Bringing your team away for a day Our two venues in Mosman are ideal for staff retreats and team bonding sessions. Athol Hall and Orso Bayside can cater for 100 to 200 delegates for an incentive luncheon. Surrounded by nature and water views, these venu","Low","Use as a page-level KP hint; confirm person name/title before saving."
"50","kp_context_hint","37","AU-0332","Contact Us - The Venues Collection","https://thevenuesco.au","2","https://thevenuesco.au/business-events/","role_context","team","her’s Day Dining On Sydney Harbour 10 May 2026 Mother’s Day Greek Feast At Jimmy’s All Venues Powered by an experienced team of event professionals, our venues create 'wow' moments that span Sydney's iconic harbour and leafy hinterland. Watersedge at Campbell's Stores | The Rocks 12-Micron | BARANGA","Low","Use as a page-level KP hint; confirm person name/title before saving."
"45","manual_linkedin_search","37","AU-0332","Contact Us - The Venues Collection","queue_public_linkedin_query","1","","linkedin_search_url","https://www.google.com/search?q=site%3Alinkedin.com%2Fin+%22Contact+Us+-+The+Venues+Collection%22+Australia+director+OR+operations+OR+procurement","site:linkedin.com/in ""Contact Us - The Venues Collection"" Australia director OR operations OR procurement","Low","Manual search URL for public LinkedIn result review; save only a matched personal/company URL with confidence notes."
"13","technical_status","37","AU-0332","Contact Us - The Venues Collection","https://thevenuesco.au","1","","fetch_status","https://thevenuesco.au","","High","Fetch status: 200. Use only if page fetched successfully."
"13","technical_status","37","AU-0332","Contact Us - The Venues Collection","https://thevenuesco.au/business-events/","1","","fetch_status","https://thevenuesco.au/business-events/","","High","Fetch status: 200. Use only if page fetched successfully."
"13","technical_status","37","AU-0332","Contact Us - The Venues Collection","https://thevenuesco.au/contactus/","1","","fetch_status","https://thevenuesco.au/contactus/","","High","Fetch status: 200. Use only if page fetched successfully."
"102","official_form_candidate","38","AU-0252","Contact Us - Wholesale Food Group","https://wholesalefoodgroup.com.au/about-us/","2","","contact_form","https://wholesalefoodgroup.com.au/about-us/","contact_form form method=post action=current page Your Name Company Name Phone Number Email Address What Are You Interested In? Contract Food Manufacturing Private Label Food Manufacturing Food Product Development Dip Manufacturing Cheese Manufacturing Antipasto Manufacturing Sauce Manufacturing Halal Certified Food Manufacturing Other Message Send","High","Official page contains a form; save as company_contact_form_url only if it is a contact/enquiry form, not only a booking widget."
"102","official_form_candidate","38","AU-0252","Contact Us - Wholesale Food Group","https://wholesalefoodgroup.com.au/contact-us/","1","","contact_form","https://wholesalefoodgroup.com.au/contact-us/","contact_form form method=post action=current page Your Name Company Name Phone Number Email Address Message Send Message","High","Official page contains a form; save as company_contact_form_url only if it is a contact/enquiry form, not only a booking widget."
"98","phone_candidate","38","AU-0252","Contact Us - Wholesale Food Group","https://wholesalefoodgroup.com.au/contact-us/","4","","phone","61755940444","Phone Number","High","Tel link; save with source/confidence note and review again before outreach."
"88","team_or_about_page","38","AU-0252","Contact Us - Wholesale Food Group","https://wholesalefoodgroup.com.au","13","https://wholesalefoodgroup.com.au/about-us/ | https://wholesalefoodgroup.com.au/contact-us/","team_link","https://wholesalefoodgroup.com.au/about-us/","About Us","Medium","Review linked page for contact/form/KP details."
"72","company_contact_page","38","AU-0252","Contact Us - Wholesale Food Group","https://wholesalefoodgroup.com.au","18","https://wholesalefoodgroup.com.au/about-us/ | https://wholesalefoodgroup.com.au/contact-us/","contact_link","https://wholesalefoodgroup.com.au/contact-us/","Contact Us","Medium","Review linked page for contact/form/KP details."
"70","company_linkedin","38","AU-0252","Contact Us - Wholesale Food Group","https://wholesalefoodgroup.com.au","5","https://wholesalefoodgroup.com.au/about-us/ | https://wholesalefoodgroup.com.au/contact-us/","company_linkedin_url","https://au.linkedin.com/company/wholesale-food-group","","Low","Use as a manual LinkedIn review URL; do not treat as verified direct contact until person/company fit is confirmed."
"70","company_linkedin","38","AU-0252","Contact Us - Wholesale Food Group","https://wholesalefoodgroup.com.au","1","","company_linkedin_url","https://www.linkedin.com/company/wholesale-food-group/","","Low","Use as a manual LinkedIn review URL; do not treat as verified direct contact until person/company fit is confirmed."
"60","kp_context_hint","38","AU-0252","Contact Us - Wholesale Food Group","https://wholesalefoodgroup.com.au","3","https://wholesalefoodgroup.com.au/about-us/ | https://wholesalefoodgroup.com.au/contact-us/","role_context","owner","ood product quality & excellence in Australia! High Quality Gourmet Products Whether you're a food retailer, food brand owner, manufacturer, restaurant owner, or catering business, we have the best products & expertise to meet your needs. Custom Food Manufacturing Services Let us produce high-qualit","Low","Use as a page-level KP hint; confirm person name/title before saving."
"50","kp_context_hint","38","AU-0252","Contact Us - Wholesale Food Group","https://wholesalefoodgroup.com.au/about-us/","1","","role_context","culinary","th your customers and values. Get in touch with us now to learn more about our company and our services. Experience our culinary delights for yourself and discover how we can help you grow your business! Get In Touch Learn About Us & Our Dedicated Team Meet The Experts Behind Our Success! Our experi","Low","Use as a page-level KP hint; confirm person name/title before saving."
"50","kp_context_hint","38","AU-0252","Contact Us - Wholesale Food Group","https://wholesalefoodgroup.com.au","3","https://wholesalefoodgroup.com.au/about-us/ | https://wholesalefoodgroup.com.au/contact-us/","role_context","team","ty, service & innovation that have made us a leader in the Australian food manufacturing industry! Contact our friendly team today to discover more about us today! Request A Quote Let Us Transform Your Food Ideas Into Tasty Food Experiences! Contact us to discover how we can bring your product ideas","Low","Use as a page-level KP hint; confirm person name/title before saving."
"45","manual_linkedin_search","38","AU-0252","Contact Us - Wholesale Food Group","queue_public_linkedin_query","1","","linkedin_search_url","https://www.google.com/search?q=site%3Alinkedin.com%2Fin+%22Contact+Us+-+Wholesale+Food+Group%22+Australia+director+OR+operations+OR+procurement","site:linkedin.com/in ""Contact Us - Wholesale Food Group"" Australia director OR operations OR procurement","Low","Manual search URL for public LinkedIn result review; save only a matched personal/company URL with confidence notes."
"13","technical_status","38","AU-0252","Contact Us - Wholesale Food Group","https://wholesalefoodgroup.com.au","1","","fetch_status","https://wholesalefoodgroup.com.au","","High","Fetch status: 200. Use only if page fetched successfully."
"13","technical_status","38","AU-0252","Contact Us - Wholesale Food Group","https://wholesalefoodgroup.com.au/about-us/","1","","fetch_status","https://wholesalefoodgroup.com.au/about-us/","","High","Fetch status: 200. Use only if page fetched successfully."
"13","technical_status","38","AU-0252","Contact Us - Wholesale Food Group","https://wholesalefoodgroup.com.au/contact-us/","1","","fetch_status","https://wholesalefoodgroup.com.au/contact-us/","","High","Fetch status: 200. Use only if page fetched successfully."
"102","official_form_candidate","39","AU-0273","Contact us at Hunter Group Hotel","https://hunterhotelgroup.com.au/contact-us.html","1","","contact_form","https://hunterhotelgroup.com.au/include/sendemail.php","contact_form form method=post action=include/sendemail.php First Name Last Name Email Phone Your Message Send Message","High","Official page contains a form; save as company_contact_form_url only if it is a contact/enquiry form, not only a booking widget."
"72","company_contact_page","39","AU-0273","Contact us at Hunter Group Hotel","https://hunterhotelgroup.com.au","2","https://hunterhotelgroup.com.au/contact-us.html","contact_link","https://hunterhotelgroup.com.au/contact-us.html","/contact-us.html","Medium","Review linked page for contact/form/KP details."
"45","manual_linkedin_search","39","AU-0273","Contact us at Hunter Group Hotel","queue_public_linkedin_query","1","","linkedin_search_url","https://www.google.com/search?q=site%3Alinkedin.com%2Fin+%22Contact+us+at+Hunter+Group+Hotel%22+Australia+director+OR+operations+OR+procurement","site:linkedin.com/in ""Contact us at Hunter Group Hotel"" Australia director OR operations OR procurement","Low","Manual search URL for public LinkedIn result review; save only a matched personal/company URL with confidence notes."
"13","technical_status","39","AU-0273","Contact us at Hunter Group Hotel","https://hunterhotelgroup.com.au","1","","fetch_status","https://hunterhotelgroup.com.au","OK","High","Fetch status: 200. Use only if page fetched successfully."
"13","technical_status","39","AU-0273","Contact us at Hunter Group Hotel","https://hunterhotelgroup.com.au/contact-us.html","1","","fetch_status","https://hunterhotelgroup.com.au/contact-us.html","OK","High","Fetch status: 200. Use only if page fetched successfully."
"102","official_form_candidate","40","AU-0271","Contact us | at Hotel Group","https://www.athotelgroup.com/property-management/","1","","contact_form","https://www.athotelgroup.com/property-management/","contact_form form method=post action=/property-management/ Full Name * First Last Email Address * Phone Holiday Rental Address * Street Address Suburb State / Province / Region ZIP / Postal Code Country Afghanistan Albania Algeria American Samoa Andorra Angola Anguilla Antarctica Antigua and Barbuda Argentina Armenia Aruba Australia Austria Azerbaijan Bahamas Bahrain Bangladesh Barbados Belarus Belgium Belize Benin Bermuda Bhutan Bolivia Bonaire, Sint Eustatius and Saba Bosnia and Herzegovina Bo","High","Official page contains a form; save as company_contact_form_url only if it is a contact/enquiry form, not only a booking widget."
"94","phone_candidate","40","AU-0271","Contact us | at Hotel Group","https://www.athotelgroup.com/contact-us/","2","","phone","+61 2 4916 4777","Email: [email protected] Explore Nelson Bay, Port Stephens, NSW Mantra Nelson Bay Phone: +61 2 4916 4777 Email: [email protected] Explore Sitemap Privacy Policy Cookie Preferences Careers Blog |","Medium","Review whether this is company or person phone before saving."
"94","phone_candidate","40","AU-0271","Contact us | at Hotel Group","https://www.athotelgroup.com/contact-us/","2","","phone","+61 7 4759 2100","Explore Magnetic Island, Townsville, QLD Grand Mercure Apartments Magentic Island Phone: +61 7 4759 2100 Email: [email protected] Explore Amaroo Rainforest Resort Magnetic Island Phone: + 61 7 4","Medium","Review whether this is company or person phone before saving."
"94","phone_candidate","40","AU-0271","Contact us | at Hotel Group","https://www.athotelgroup.com/contact-us/","2","","phone","+61 7 4940 3560","1 7 4948 4000 Email: [email protected] Explore Heart Hotel and Gallery Whitsundays Phone: +61 7 4940 3560 Email: [email protected] Explore The Sebel Whitsundays Phone: +61 7 4946 3500 Email: [ema","Medium","Review whether this is company or person phone before saving."
"94","phone_candidate","40","AU-0271","Contact us | at Hotel Group","https://www.athotelgroup.com/contact-us/","2","","phone","+61 7 4946 3500","days Phone: +61 7 4940 3560 Email: [email protected] Explore The Sebel Whitsundays Phone: +61 7 4946 3500 Email: [email protected] Explore Magnetic Island, Townsville, QLD Grand Mercure Apartment","Medium","Review whether this is company or person phone before saving."
"94","phone_candidate","40","AU-0271","Contact us | at Hotel Group","https://www.athotelgroup.com/contact-us/","2","","phone","+61 7 4946 5316","ntact at a Glance Airlie Beach, The Whitsundays, QLD at Beach Court Holiday Villas Phone: +61 7 4946 5316 Email: [email protected] Explore at Boathaven Bay Holiday Apartments Phone: +61 7 4948 49","Medium","Review whether this is company or person phone before saving."
"94","phone_candidate","40","AU-0271","Contact us | at Hotel Group","https://www.athotelgroup.com/contact-us/","2","","phone","+61 7 4948 4000","4948 6500 Email: [email protected] Explore at Whitsunday Vista Holiday Apartments Phone: +61 7 4948 4000 Email: [email protected] Explore Heart Hotel and Gallery Whitsundays Phone: +61 7 4940 35","Medium","Review whether this is company or person phone before saving."
"94","phone_candidate","40","AU-0271","Contact us | at Hotel Group","https://www.athotelgroup.com/contact-us/","2","","phone","+61 7 4948 4300","res Phone: +61 7 4964 1500 Email: [email protected] Explore at Water’s Edge Resort Phone: +61 7 4948 4300 Email: [email protected] Explore at Waterfront Whitsunday Retreat Phone: +61 7 4948 6500","Medium","Review whether this is company or person phone before saving."
"94","phone_candidate","40","AU-0271","Contact us | at Hotel Group","https://www.athotelgroup.com/contact-us/","2","","phone","+61 7 4948 4948","1 7 4946 5316 Email: [email protected] Explore at Boathaven Bay Holiday Apartments Phone: +61 7 4948 4948 Email: [email protected] Explore at Marina Shores Phone: +61 7 4964 1500 Email: [email pr","Medium","Review whether this is company or person phone before saving."
"94","phone_candidate","40","AU-0271","Contact us | at Hotel Group","https://www.athotelgroup.com/contact-us/","2","","phone","+61 7 4948 6500","+61 7 4948 4300 Email: [email protected] Explore at Waterfront Whitsunday Retreat Phone: +61 7 4948 6500 Email: [email protected] Explore at Whitsunday Vista Holiday Apartments Phone: +61 7 4948","Medium","Review whether this is company or person phone before saving."
"94","phone_candidate","40","AU-0271","Contact us | at Hotel Group","https://www.athotelgroup.com/contact-us/","2","","phone","+61 7 4964 1500","partments Phone: +61 7 4948 4948 Email: [email protected] Explore at Marina Shores Phone: +61 7 4964 1500 Email: [email protected] Explore at Water’s Edge Resort Phone: +61 7 4948 4300 Email: [em","Medium","Review whether this is company or person phone before saving."
"94","phone_candidate","40","AU-0271","Contact us | at Hotel Group","https://www.athotelgroup.com/contact-us/","2","","phone","61 7 4778 5200","9 2100 Email: [email protected] Explore Amaroo Rainforest Resort Magnetic Island Phone: + 61 7 4778 5200 Email: [email protected] Explore Nelson Bay, Port Stephens, NSW Mantra Nelson Bay Phone:","Medium","Review whether this is company or person phone before saving."
"89","possible_key_person","40","AU-0271","Contact us | at Hotel Group","https://www.athotelgroup.com/property-management/","1","","key_person_name","Book Now Property","management: pens in new window) (Opens in new window) Gallery Book Now Property Management Have you considered improving your investment return? Why Choose at Hotel Group? Joining","Medium","Person name found near 'management' role. Verify person/company fit before saving to contacts."
"88","team_or_about_page","40","AU-0271","Contact us | at Hotel Group","https://athotelgroup.com","3","https://www.athotelgroup.com/contact-us/ | https://www.athotelgroup.com/property-management/","team_link","https://www.athotelgroup.com/property-management/","Property Management | at Hotel Group","Medium","Review linked page for contact/form/KP details."
"88","team_or_about_page","40","AU-0271","Contact us | at Hotel Group","https://athotelgroup.com","3","https://www.athotelgroup.com/contact-us/ | https://www.athotelgroup.com/property-management/","team_link","https://www.athotelgroup.com/who-are-we/","About Us | at Hotel Group","Medium","Review linked page for contact/form/KP details."
"76","booking_form_candidate","40","AU-0271","Contact us | at Hotel Group","https://www.athotelgroup.com/contact-us/","1","","contact_form","https://www.athotelgroup.com/contact-us/","booking_form form method=post action=/contact-us/ Full Name * First Email Address * Phone Post Code * Accommodation Details Arrival Date MM slash DD slash YYYY Departure Date MM slash DD slash YYYY Adults * Children Select Room Type * * Choose Let Us Choose The Most Suitable Hotel Room Studio Style Room 1 Bedroom Apartment 2 Bedroom Apartment 3 Bedroom Apartment 2 Bedroom Penthouse 3 Bedroom Penthouse 4 Bedroom Penthouse Package – Romance Me Gift Voucher Properties You Are Interested In * Heart ","High","Official page contains a form; save as company_contact_form_url only if it is a contact/enquiry form, not only a booking widget."
"72","company_contact_page","40","AU-0271","Contact us | at Hotel Group","https://athotelgroup.com","2","","contact_link","https://secure.athotelgroup.com/convert/site/Amaroo%20Rainforest%20Resort%20Magnetic%20Island/en/index.html","Book Now","Medium","Review linked page for contact/form/KP details."
"72","company_contact_page","40","AU-0271","Contact us | at Hotel Group","https://athotelgroup.com","1","","contact_link","https://secure.athotelgroup.com/convert/site/at%20Beach%20Court%20Holiday%20Villas/en/index.html","Book Now","Medium","Review linked page for contact/form/KP details."
"72","company_contact_page","40","AU-0271","Contact us | at Hotel Group","https://athotelgroup.com","1","","contact_link","https://secure.athotelgroup.com/convert/site/at%20Boathaven%20Bay%20Holiday%20Apartments/en/index.html","Book Now","Medium","Review linked page for contact/form/KP details."
"72","company_contact_page","40","AU-0271","Contact us | at Hotel Group","https://athotelgroup.com","1","","contact_link","https://secure.athotelgroup.com/convert/site/at%20Marina%20Shores%20Apartments/en/index.html","Book Now","Medium","Review linked page for contact/form/KP details."
"72","company_contact_page","40","AU-0271","Contact us | at Hotel Group","https://athotelgroup.com","1","","contact_link","https://secure.athotelgroup.com/convert/site/at%20Waterfront%20Whitsunday%20Retreat/en/index.html","Book Now","Medium","Review linked page for contact/form/KP details."
"72","company_contact_page","40","AU-0271","Contact us | at Hotel Group","https://athotelgroup.com","1","","contact_link","https://secure.athotelgroup.com/convert/site/at%20Waters%20Edge%20Resort/en/index.html","Book Now","Medium","Review linked page for contact/form/KP details."
"72","company_contact_page","40","AU-0271","Contact us | at Hotel Group","https://athotelgroup.com","1","","contact_link","https://secure.athotelgroup.com/convert/site/at%20Whitsunday%20Vista%20Holiday%20Apartments/en/index.html","Book Now","Medium","Review linked page for contact/form/KP details."
"72","company_contact_page","40","AU-0271","Contact us | at Hotel Group","https://athotelgroup.com","1","","contact_link","https://secure.athotelgroup.com/convert/site/Grand%20Mercure%20Apartments%20Magnetic%20Island/en/index.html","Book now","Medium","Review linked page for contact/form/KP details."
"72","company_contact_page","40","AU-0271","Contact us | at Hotel Group","https://athotelgroup.com","1","","contact_link","https://secure.athotelgroup.com/convert/site/Heart%20Hotel%20and%20Gallery%20Whitsundays/en/index.html","Book Now","Medium","Review linked page for contact/form/KP details."
"72","company_contact_page","40","AU-0271","Contact us | at Hotel Group","https://athotelgroup.com","1","","contact_link","https://secure.athotelgroup.com/convert/site/Mantra%20Nelson%20Bay/en/index.html","Book Now","Medium","Review linked page for contact/form/KP details."
"72","company_contact_page","40","AU-0271","Contact us | at Hotel Group","https://athotelgroup.com","1","","contact_link","https://secure.athotelgroup.com/convert/site/The%20Sebel%20Whitsundays%20Airlie%20Beach/en/index.html","Book Now","Medium","Review linked page for contact/form/KP details."
"72","company_contact_page","40","AU-0271","Contact us | at Hotel Group","https://athotelgroup.com","1","","contact_link","https://secure.athotelgroup.com/portal/site/www.athotelgroup.com.au/en/index.html","Book Now","Medium","Review linked page for contact/form/KP details."
"72","company_contact_page","40","AU-0271","Contact us | at Hotel Group","https://athotelgroup.com","3","https://www.athotelgroup.com/contact-us/ | https://www.athotelgroup.com/property-management/","contact_link","https://www.athotelgroup.com/contact-us/","Contact Us | at Hotel Group","Medium","Review linked page for contact/form/KP details."
"72","events_or_functions_contact","40","AU-0271","Contact us | at Hotel Group","https://athotelgroup.com","3","https://www.athotelgroup.com/contact-us/ | https://www.athotelgroup.com/property-management/","contact_link","https://www.athotelgroup.com/whats-on-events-across-airlie-beach-magnetic-island-nelson-bay/","What’s On?","Medium","Review linked page for contact/form/KP details."
"60","kp_context_hint","40","AU-0271","Contact us | at Hotel Group","https://www.athotelgroup.com/property-management/","1","","role_context","director","n real time, with eyes on every detail. That’s the difference between oversight and ownership.” Jeff Aquilina, Managing Director at Hotel Group To list your property with us please complete your details below. We will be in touch shortly and look forward to being of service. "" * "" indicates required","Low","Use as a page-level KP hint; confirm person name/title before saving."
"60","kp_context_hint","40","AU-0271","Contact us | at Hotel Group","https://www.athotelgroup.com/property-management/","1","","role_context","managing director","n-site, in real time, with eyes on every detail. That’s the difference between oversight and ownership.” Jeff Aquilina, Managing Director at Hotel Group To list your property with us please complete your details below. We will be in touch shortly and look forward to being of service. "" * "" indicates","Low","Use as a page-level KP hint; confirm person name/title before saving."
"60","kp_context_hint","40","AU-0271","Contact us | at Hotel Group","https://www.athotelgroup.com/property-management/","1","","role_context","owner","ousekeeping, and maintenance Professional guest service teams committed to flawless, end-to-end guest care. Hassle-Free Ownership No maintenance coordination responsibilities for owners Streamlined accounting and transparent financial reporting Regular performance updates and open communication. Per","Low","Use as a page-level KP hint; confirm person name/title before saving."
"60","kp_context_hint","40","AU-0271","Contact us | at Hotel Group","https://www.athotelgroup.com/property-management/","1","","role_context","staff","ck‑ins Guest support Housekeeping Maintenance coordination Emergency issues Independent operators often rely on limited staff or owner involvement, which can impact guest experience and reviews. How do you ensure my property is well‑maintained? We provide: Scheduled housekeeping Professional linen s","Low","Use as a page-level KP hint; confirm person name/title before saving."
"50","kp_context_hint","40","AU-0271","Contact us | at Hotel Group","https://www.athotelgroup.com/property-management/","1","","role_context","events","h Global multi-channel exposure: digital, print, social, and trade Representation at international and domestic tourism events Strategic partnerships with Tourism Australia, Tourism Events Queensland, airlines, and influencers Membership with key tourism bodies for credibility and visibility. Networ","Low","Use as a page-level KP hint; confirm person name/title before saving."
"50","kp_context_hint","40","AU-0271","Contact us | at Hotel Group","https://athotelgroup.com","3","https://www.athotelgroup.com/contact-us/ | https://www.athotelgroup.com/property-management/","role_context","management","c Island, Townsville, North QLD Corporate Show and hide the Corporate submenu panel. About Us | at Hotel Group Property Management | at Hotel Group Sustainability | at Hotel Group Marketing | at Hotel Group (Opens in new window) (Opens in new window) Gallery Book Now Welcome to at Hotel Group Nelson","Low","Use as a page-level KP hint; confirm person name/title before saving."
"50","kp_context_hint","40","AU-0271","Contact us | at Hotel Group","https://www.athotelgroup.com/property-management/","1","","role_context","operations","oven performance across diverse markets Strong occupancy potential driven by strategic revenue management. Professional Operations Trusted branding with a reputation for excellence Experienced on-site teams handling reception, housekeeping, and maintenance Professional guest service teams committed","Low","Use as a page-level KP hint; confirm person name/title before saving."
"50","kp_context_hint","40","AU-0271","Contact us | at Hotel Group","https://www.athotelgroup.com/property-management/","1","","role_context","people","esia Iran Iraq Ireland Isle of Man Israel Italy Jamaica Japan Jersey Jordan Kazakhstan Kenya Kiribati Korea, Democratic People's Republic of Korea, Republic of Kuwait Kyrgyzstan Lao People's Democratic Republic Latvia Lebanon Lesotho Liberia Libya Liechtenstein Lithuania Luxembourg Macao Madagascar","Low","Use as a page-level KP hint; confirm person name/title before saving."
"50","kp_context_hint","40","AU-0271","Contact us | at Hotel Group","https://athotelgroup.com","2","https://www.athotelgroup.com/property-management/","role_context","team","S Key Locations Modern Apartments Best View Best Deals Great Service Great Value Quality Bedding Friendly, Professional Team Choose Your Next Destinations All All Airlie Beach, Whitsundays Magnetic Island, Great Barrier Reef Nelson Bay, Port Stephens at Beach Court Holiday Villas Explore More Book N","Low","Use as a page-level KP hint; confirm person name/title before saving."
"45","manual_linkedin_search","40","AU-0271","Contact us | at Hotel Group","queue_public_linkedin_query","1","","linkedin_search_url","https://www.google.com/search?q=site%3Alinkedin.com%2Fin+%22Contact+us+%7C+at+Hotel+Group%22+Australia+director+OR+operations+OR+procurement","site:linkedin.com/in ""Contact us | at Hotel Group"" Australia director OR operations OR procurement","Low","Manual search URL for public LinkedIn result review; save only a matched personal/company URL with confidence notes."
"13","technical_status","40","AU-0271","Contact us | at Hotel Group","https://athotelgroup.com","1","","fetch_status","https://athotelgroup.com","","High","Fetch status: 200. Use only if page fetched successfully."
"13","technical_status","40","AU-0271","Contact us | at Hotel Group","https://www.athotelgroup.com/contact-us/","1","","fetch_status","https://www.athotelgroup.com/contact-us/","","High","Fetch status: 200. Use only if page fetched successfully."
"13","technical_status","40","AU-0271","Contact us | at Hotel Group","https://www.athotelgroup.com/property-management/","1","","fetch_status","https://www.athotelgroup.com/property-management/","","High","Fetch status: 200. Use only if page fetched successfully."
