"priority_score","review_bucket","queue_rank","lead_id","company_name","source_url","source_count","additional_source_urls","candidate_type","candidate_value","candidate_context","confidence_suggestion","save_recommendation"
"88","team_or_about_page","1","LEAD-0166","H&J Restaurants","https://www.hjrestaurants.com.au/","6","https://www.hjrestaurants.com.au/about | https://www.hjrestaurants.com.au/contact","team_link","https://www.hjrestaurants.com.au/about","About Us","Medium","Review linked page for contact/form/KP details."
"72","company_contact_page","1","LEAD-0166","H&J Restaurants","https://www.hjrestaurants.com.au/","11","https://www.hjrestaurants.com.au/about | https://www.hjrestaurants.com.au/contact","contact_link","https://www.hjrestaurants.com.au/contact","Contact us","Medium","Review linked page for contact/form/KP details."
"60","kp_context_hint","1","LEAD-0166","H&J Restaurants","https://www.hjrestaurants.com.au/about","1","","role_context","ceo","tions reflect our commitment to ethical business practices and respect for our community. Leadership Jayantha Warnakula CEO Harsha Kumarasingha Managing Director Get in touch with us Say Hi Our office Restaurants address 226 Flinders Lane, Melbourne, 3000 Victoria Australia Mail address PO Box 163 F","Low","Use as a page-level KP hint; confirm person name/title before saving."
"60","kp_context_hint","1","LEAD-0166","H&J Restaurants","https://www.hjrestaurants.com.au/about","1","","role_context","director","thical business practices and respect for our community. Leadership Jayantha Warnakula CEO Harsha Kumarasingha Managing Director Get in touch with us Say Hi Our office Restaurants address 226 Flinders Lane, Melbourne, 3000 Victoria Australia Mail address PO Box 163 Flinders Lane, Melbourne, 3000 Vic","Low","Use as a page-level KP hint; confirm person name/title before saving."
"60","kp_context_hint","1","LEAD-0166","H&J Restaurants","https://www.hjrestaurants.com.au/about","1","","role_context","leadership","sparency, ensuring that our actions reflect our commitment to ethical business practices and respect for our community. Leadership Jayantha Warnakula CEO Harsha Kumarasingha Managing Director Get in touch with us Say Hi Our office Restaurants address 226 Flinders Lane, Melbourne, 3000 Victoria Austr","Low","Use as a page-level KP hint; confirm person name/title before saving."
"60","kp_context_hint","1","LEAD-0166","H&J Restaurants","https://www.hjrestaurants.com.au/about","1","","role_context","managing director","ment to ethical business practices and respect for our community. Leadership Jayantha Warnakula CEO Harsha Kumarasingha Managing Director Get in touch with us Say Hi Our office Restaurants address 226 Flinders Lane, Melbourne, 3000 Victoria Australia Mail address PO Box 163 Flinders Lane, Melbourne,","Low","Use as a page-level KP hint; confirm person name/title before saving."
"50","kp_context_hint","1","LEAD-0166","H&J Restaurants","https://www.hjrestaurants.com.au/","2","https://www.hjrestaurants.com.au/about","role_context","culinary","lcoming atmosphere. We’ve worked with great restaurant chains around the world Our previous ventures Our journey in the culinary world is marked by a series of successful restaurant projects, each with its own unique concept and flair. From the rustic charm of 'Harvest Haven,' a farm-to-table experi","Low","Use as a page-level KP hint; confirm person name/title before saving."
"50","kp_context_hint","1","LEAD-0166","H&J Restaurants","https://www.hjrestaurants.com.au/","1","","role_context","events","ghtfully crafted meals, every visit promises to be a memorable culinary journey that delights all the senses. Exclusive Events. Guests can look forward to special events and exclusive dining experiences, including chef’s tables, tasting menus, and live entertainment that enhance the overall dining e","Low","Use as a page-level KP hint; confirm person name/title before saving."
"50","kp_context_hint","1","LEAD-0166","H&J Restaurants","https://www.hjrestaurants.com.au/about","1","","role_context","people","ions 6 Pop-up restaurants 2 Our culture - Passion for Excellence, Commitment to Community We are a group of like-minded people who share the same core values. Customer Focus. We prioritize our customers’ needs and strive to provide exceptional service and memorable dining experiences for every guest","Low","Use as a page-level KP hint; confirm person name/title before saving."
"50","kp_context_hint","1","LEAD-0166","H&J Restaurants","https://www.hjrestaurants.com.au/","1","","role_context","projects","around the world Our previous ventures Our journey in the culinary world is marked by a series of successful restaurant projects, each with its own unique concept and flair. From the rustic charm of 'Harvest Haven,' a farm-to-table experience that celebrates local produce and sustainable eating. 202","Low","Use as a page-level KP hint; confirm person name/title before saving."
"45","manual_linkedin_search","1","LEAD-0166","H&J Restaurants","queue_public_linkedin_query","1","","linkedin_search_url","https://www.google.com/search?q=site%3Alinkedin.com%2Fin+%22H%26J+Restaurants%22+Australia+director+OR+operations+OR+procurement","site:linkedin.com/in ""H&J Restaurants"" Australia director OR operations OR procurement","Low","Manual search URL for public LinkedIn result review; save only a matched personal/company URL with confidence notes."
"13","technical_status","1","LEAD-0166","H&J Restaurants","https://www.hjrestaurants.com.au/","1","","fetch_status","https://www.hjrestaurants.com.au/","","High","Fetch status: 200. Use only if page fetched successfully."
"13","technical_status","1","LEAD-0166","H&J Restaurants","https://www.hjrestaurants.com.au/about","1","","fetch_status","https://www.hjrestaurants.com.au/about","","High","Fetch status: 200. Use only if page fetched successfully."
"13","technical_status","1","LEAD-0166","H&J Restaurants","https://www.hjrestaurants.com.au/contact","1","","fetch_status","https://www.hjrestaurants.com.au/contact","","High","Fetch status: 200. Use only if page fetched successfully."
"114","department_or_company_email","2","LEAD-0165","Alleyway Group","https://www.alleywaygroup.com.au/","3","https://www.alleywaygroup.com.au/about | https://www.alleywaygroup.com.au/inquiries","email","info@alleywaygroup.com.au","ty of Melbourne Campus Read Alleyway Group Suite 103, 620 St Kilda Rd, Melbourne VIC 3004 info@alleywaygroup.com.au","High","Review whether this is company, department, or person email before saving."
"88","team_or_about_page","2","LEAD-0165","Alleyway Group","https://www.alleywaygroup.com.au/","9","https://www.alleywaygroup.com.au/about | https://www.alleywaygroup.com.au/inquiries","team_link","https://www.alleywaygroup.com.au/about","About us","Medium","Review linked page for contact/form/KP details."
"88","team_or_about_page","2","LEAD-0165","Alleyway Group","https://www.alleywaygroup.com.au/","9","https://www.alleywaygroup.com.au/about | https://www.alleywaygroup.com.au/inquiries","team_link","https://www.alleywaygroup.com.au/people","People","Medium","Review linked page for contact/form/KP details."
"72","company_contact_page","2","LEAD-0165","Alleyway Group","https://www.alleywaygroup.com.au/","9","https://www.alleywaygroup.com.au/about | https://www.alleywaygroup.com.au/inquiries","contact_link","https://www.alleywaygroup.com.au/inquiries","Contact Us","Medium","Review linked page for contact/form/KP details."
"60","kp_context_hint","2","LEAD-0165","Alleyway Group","https://www.alleywaygroup.com.au/about","1","","role_context","founder","dishes. In 2021, we introduced Waku Waku, bringing the best and first Hokkaido Curry Soup to Melbourne. Inspired by the founder's enchanting discovery of Hokkaido Soup Curry during travels in Japan, Waku Waku swiftly captured the hearts of Melburnians, leading to the opening of our Eastland branch i","Low","Use as a page-level KP hint; confirm person name/title before saving."
"50","kp_context_hint","2","LEAD-0165","Alleyway Group","https://www.alleywaygroup.com.au/","2","https://www.alleywaygroup.com.au/about","role_context","culinary","g News People About us Home Brand Catering News People About us English Back Contact Us Alleyway Group With an array of culinary delights spanning from traditional to contemporary Who we are Welcome to Alleyway Group 小巷集团, a rapidly expanding fast-casual dining restaurant group based in Australia. W","Low","Use as a page-level KP hint; confirm person name/title before saving."
"50","kp_context_hint","2","LEAD-0165","Alleyway Group","https://www.alleywaygroup.com.au/","1","","role_context","events","tional Film Festival - Australia Edition Read Fortune Alley Expands with New Location at Flinders Street Read Elevating Events: Alleyway Group's Culinary Collaboration Shines at Asia TOPA Radar Read Alleyway Kitchen Arrives at University of Melbourne Campus Read Alleyway Group Suite 103, 620 St Kild","Low","Use as a page-level KP hint; confirm person name/title before saving."
"50","kp_context_hint","2","LEAD-0165","Alleyway Group","https://www.alleywaygroup.com.au/","3","https://www.alleywaygroup.com.au/about | https://www.alleywaygroup.com.au/inquiries","role_context","people","General 2 — Alleyway Group 0 Skip to Content Home Brand Catering News People About us English Contact Us Open Menu Close Menu Open Menu Close Menu English Contact Us Home Brand Catering News People About us Home Brand Catering News People About us En","Low","Use as a page-level KP hint; confirm person name/title before saving."
"50","kp_context_hint","2","LEAD-0165","Alleyway Group","https://www.alleywaygroup.com.au/","1","","role_context","projects","itment to pushing culinary boundaries. Join us on a journey of discovery and endless flavor possibilities. Our Catering Projects Asia TOPA Radar Ayal Komoo's Concert Yarra River Cruises Cuisine Partnership IceKingdom Concert Melbourne 2024 Australia Chinese New Year Gala Miss Australia Chinese Grand","Low","Use as a page-level KP hint; confirm person name/title before saving."
"50","kp_context_hint","2","LEAD-0165","Alleyway Group","https://www.alleywaygroup.com.au/about","1","","role_context","team","lity and gastronomic innovation. Welcome to Alleyway Group, where every meal is a journey of discovery and delight. Our Team Within Alleyway Group, our team is not just a collection of individuals; they are the essence of our success story. We are privileged to have a talented ensemble of chefs, man","Low","Use as a page-level KP hint; confirm person name/title before saving."
"45","manual_linkedin_search","2","LEAD-0165","Alleyway Group","queue_public_linkedin_query","1","","linkedin_search_url","https://www.google.com/search?q=site%3Alinkedin.com%2Fin+%22Alleyway+Group%22+Australia+director+OR+operations+OR+procurement","site:linkedin.com/in ""Alleyway Group"" Australia director OR operations OR procurement","Low","Manual search URL for public LinkedIn result review; save only a matched personal/company URL with confidence notes."
"13","technical_status","2","LEAD-0165","Alleyway Group","https://www.alleywaygroup.com.au/","1","","fetch_status","https://www.alleywaygroup.com.au/","","High","Fetch status: 200. Use only if page fetched successfully."
"13","technical_status","2","LEAD-0165","Alleyway Group","https://www.alleywaygroup.com.au/about","1","","fetch_status","https://www.alleywaygroup.com.au/about","","High","Fetch status: 200. Use only if page fetched successfully."
"13","technical_status","2","LEAD-0165","Alleyway Group","https://www.alleywaygroup.com.au/inquiries","1","","fetch_status","https://www.alleywaygroup.com.au/inquiries","","High","Fetch status: 200. Use only if page fetched successfully."
"114","department_or_company_email","3","LEAD-0172","Australian Venue Co.","https://www.ausvenueco.com.au/contact/","2","","email","accounts.payable@ausvenueco.com.au","svenueco.com.au Copy Email copied Accounts enquiries For any queries related to accounts. accounts.payable@ausvenueco.com.au Copy Email copied We celebrate together. - Cheaper sessions with The Pass App. Download o","High","Review whether this is company, department, or person email before saving."
"114","department_or_company_email","3","LEAD-0172","Australian Venue Co.","https://www.ausvenueco.com.au/contact/","5","","email","info@ausvenueco.com.au","act Head office & general enquiries 16/242 Exhibition St, Melbourne VIC 3000 1800 836 837 info@ausvenueco.com.au More contact information Function bookings & enquiries For existing function bookings or","High","Review whether this is company, department, or person email before saving."
"114","department_or_company_email","3","LEAD-0172","Australian Venue Co.","https://www.ausvenueco.com.au/contact/","2","","email","procurement@ausvenueco.com.au","enquiries For procurement enquiries, new or existing suppliers are welcome to reach out. procurement@ausvenueco.com.au Copy Email copied Accounts enquiries For any queries related to accounts. accounts.payabl","High","Review whether this is company, department, or person email before saving."
"102","official_form_candidate","3","LEAD-0172","Australian Venue Co.","https://www.ausvenueco.com.au/contact/","1","","contact_form","https://www.ausvenueco.com.au/contact/#gf_2","contact_form form method=post action=/contact/#gf_2 First Name * Last Name * Email Address * Mobile Number * Venue Name * Relationship to the venue * Venue Address * Street Address Afghanistan Albania Algeria American Samoa Andorra Angola Anguilla Antarctica Antigua and Barbuda Argentina Armenia Aruba Australia Austria Azerbaijan Bahamas Bahrain Bangladesh Barbados Belarus Belgium Belize Benin Bermuda Bhutan Bolivia Bonaire, Sint Eustatius and Saba Bosnia and Herzegovina Botswana Bouvet Island B","High","Official page contains a form; save as company_contact_form_url only if it is a contact/enquiry form, not only a booking widget."
"88","team_or_about_page","3","LEAD-0172","Australian Venue Co.","https://www.ausvenueco.com.au/","7","https://www.ausvenueco.com.au/about/ | https://www.ausvenueco.com.au/contact/","team_link","https://www.ausvenueco.com.au/about/","https://www.ausvenueco.com.au/about/","Medium","Review linked page for contact/form/KP details."
"88","team_or_about_page","3","LEAD-0172","Australian Venue Co.","https://www.ausvenueco.com.au/","6","https://www.ausvenueco.com.au/about/ | https://www.ausvenueco.com.au/contact/","team_link","https://www.ausvenueco.com.au/our-team/","https://www.ausvenueco.com.au/our-team/","Medium","Review linked page for contact/form/KP details."
"88","team_or_about_page","3","LEAD-0172","Australian Venue Co.","https://www.ausvenueco.com.au/about/","1","","team_link","https://www.ausvenueco.com.au/people-pub-place/local-heroes/","","Medium","Review linked page for contact/form/KP details."
"88","team_or_about_page","3","LEAD-0172","Australian Venue Co.","https://www.ausvenueco.com.au/about/","1","","team_link","https://www.ausvenueco.com.au/people-pub-place/plant-a-tree-day/","","Medium","Review linked page for contact/form/KP details."
"88","team_or_about_page","3","LEAD-0172","Australian Venue Co.","https://www.ausvenueco.com.au/about/","1","","team_link","https://www.ausvenueco.com.au/people-pub-place/sustainability/","","Medium","Review linked page for contact/form/KP details."
"88","team_or_about_page","3","LEAD-0172","Australian Venue Co.","https://www.ausvenueco.com.au/","7","https://www.ausvenueco.com.au/about/ | https://www.ausvenueco.com.au/contact/","team_link","https://www.ausvenueco.com.au/pubs-people-planet/","https://www.ausvenueco.com.au/pubs-people-planet/","Medium","Review linked page for contact/form/KP details."
"72","company_contact_page","3","LEAD-0172","Australian Venue Co.","https://www.ausvenueco.com.au/","5","https://www.ausvenueco.com.au/about/ | https://www.ausvenueco.com.au/contact/","contact_link","https://www.ausvenueco.com.au/contact/","https://www.ausvenueco.com.au/contact/","Medium","Review linked page for contact/form/KP details."
"72","events_or_functions_contact","3","LEAD-0172","Australian Venue Co.","https://www.ausvenueco.com.au/","7","https://www.ausvenueco.com.au/about/ | https://www.ausvenueco.com.au/contact/","contact_link","https://www.ausvenueco.com.au/functions-portfolio/","https://www.ausvenueco.com.au/functions-portfolio/","Medium","Review linked page for contact/form/KP details."
"72","events_or_functions_contact","3","LEAD-0172","Australian Venue Co.","https://www.ausvenueco.com.au/","3","https://www.ausvenueco.com.au/about/ | https://www.ausvenueco.com.au/contact/","contact_link","https://www.ausvenueco.com.au/functions/","https://www.ausvenueco.com.au/functions/","Medium","Review linked page for contact/form/KP details."
"70","company_linkedin","3","LEAD-0172","Australian Venue Co.","https://www.ausvenueco.com.au/","3","https://www.ausvenueco.com.au/about/ | https://www.ausvenueco.com.au/contact/","company_linkedin_url","https://www.linkedin.com/company/australian-venue-co/","","Low","Use as a manual LinkedIn review URL; do not treat as verified direct contact until person/company fit is confirmed."
"60","kp_context_hint","3","LEAD-0172","Australian Venue Co.","https://www.ausvenueco.com.au/about/","1","","role_context","owner","he positive attitude & energy we bring to work helps us bounce back better than before. We empower team members to take ownership of their roles & responsibilities which leads to the best results for our customers. Agility Experience seamless agility that adapts to your needs in real-time. Resilienc","Low","Use as a page-level KP hint; confirm person name/title before saving."
"50","kp_context_hint","3","LEAD-0172","Australian Venue Co.","https://www.ausvenueco.com.au/","3","https://www.ausvenueco.com.au/about/ | https://www.ausvenueco.com.au/contact/","role_context","events","le & Planet Australian Venue Co. Instagram Facebook LinkedIn TikTok YouTube Stay up to date with AVC special offers and events Sign up In the spirit of reconciliation, we acknowledge the Traditional Custodians of country throughout Australia and their connections to land, sea and community. We pay o","Low","Use as a page-level KP hint; confirm person name/title before saving."
"50","kp_context_hint","3","LEAD-0172","Australian Venue Co.","https://www.ausvenueco.com.au/about/","1","","role_context","operations","undraising campaigns that have responded with impact during times of need. Our executive team has diverse experience in operations and strategy across a number of industries. This has brought operational efficiencies of the corporate sector into the hospitality industry with outstanding results. Car","Low","Use as a page-level KP hint; confirm person name/title before saving."
"50","kp_context_hint","3","LEAD-0172","Australian Venue Co.","https://www.ausvenueco.com.au/","3","https://www.ausvenueco.com.au/about/ | https://www.ausvenueco.com.au/contact/","role_context","people","ams Our Team Employee Hub Company Venues Functions NZVC The Pass App AVC Experience+ Acquisitions Gift Cards Read Pubs, People & Planet Press Latest News Media Releases Featured Victorian function venues Learn more - Good times since 1986 200+ unique & iconic venues Australia-wide. Who we are Austra","Low","Use as a page-level KP hint; confirm person name/title before saving."
"50","kp_context_hint","3","LEAD-0172","Australian Venue Co.","https://www.ausvenueco.com.au/contact/","1","","role_context","procurement","ivest your pub or bar, please use the form below to get in touch! info@ausvenueco.com.au Copy Email copied Send enquiry Procurement enquiries For procurement enquiries, new or existing suppliers are welcome to reach out. procurement@ausvenueco.com.au Copy Email copied Accounts enquiries For any quer","Low","Use as a page-level KP hint; confirm person name/title before saving."
"50","kp_context_hint","3","LEAD-0172","Australian Venue Co.","https://www.ausvenueco.com.au/","3","https://www.ausvenueco.com.au/about/ | https://www.ausvenueco.com.au/contact/","role_context","team","ralia-Wide Skip to: Home Content Footer navigation Menu Close Menu Close Functions Venues Australian Venue Co. Join Our Team Open Positions Australian Venue Co. Menu Close Menu Close Australian Venue Co. Menu About Functions Venues Accommodation Join Our Team News Contact FAQ Working with us Jobs Di","Low","Use as a page-level KP hint; confirm person name/title before saving."
"45","manual_linkedin_search","3","LEAD-0172","Australian Venue Co.","queue_public_linkedin_query","1","","linkedin_search_url","https://www.google.com/search?q=site%3Alinkedin.com%2Fin+%22Australian+Venue+Co.%22+Australia+director+OR+operations+OR+procurement","site:linkedin.com/in ""Australian Venue Co."" Australia director OR operations OR procurement","Low","Manual search URL for public LinkedIn result review; save only a matched personal/company URL with confidence notes."
"13","technical_status","3","LEAD-0172","Australian Venue Co.","https://www.ausvenueco.com.au/","1","","fetch_status","https://www.ausvenueco.com.au/","","High","Fetch status: 200. Use only if page fetched successfully."
"13","technical_status","3","LEAD-0172","Australian Venue Co.","https://www.ausvenueco.com.au/about/","1","","fetch_status","https://www.ausvenueco.com.au/about/","","High","Fetch status: 200. Use only if page fetched successfully."
"13","technical_status","3","LEAD-0172","Australian Venue Co.","https://www.ausvenueco.com.au/contact/","1","","fetch_status","https://www.ausvenueco.com.au/contact/","","High","Fetch status: 200. Use only if page fetched successfully."
"88","team_or_about_page","4","LEAD-0181","Crystalbrook Collection","https://www.crystalbrookcollection.com/","3","https://www.crystalbrookcollection.com/bailey-books | https://www.crystalbrookcollection.com/blog-artevents","team_link","https://www.crystalbrookcollection.com/hotel-management-agreements","Hotel Management Agreements","Medium","Review linked page for contact/form/KP details."
"88","team_or_about_page","4","LEAD-0181","Crystalbrook Collection","https://www.crystalbrookcollection.com/","4","https://www.crystalbrookcollection.com/bailey-books | https://www.crystalbrookcollection.com/blog-artevents","team_link","https://www.crystalbrookcollection.com/more/about-us","Discover More","Medium","Review linked page for contact/form/KP details."
"76","booking_form_candidate","4","LEAD-0181","Crystalbrook Collection","https://www.crystalbrookcollection.com/","3","https://www.crystalbrookcollection.com/bailey-books | https://www.crystalbrookcollection.com/blog-artevents","contact_form","https://www.crystalbrookcollection.com/skins/skin-crystal-brook-collection/assets/desktop/php/book.php","booking_form form method=post action=/skins/skin-crystal-brook-collection/assets/desktop/php/book.php Booking Form Select Destination Destination Brisbane Crystalbrook Vincent Byron Bay Crystalbrook Byron Cairns Crystalbrook Riley Crystalbrook Flynn Crystalbrook Bailey Newcastle Crystalbrook Kingsley Sydney Crystalbrook Albion Select Date Select Guests Adults − + Children − + Rooms − + Promo Code Please select destination Enquire Now Check Availability","High","Official page contains a form; save as company_contact_form_url only if it is a contact/enquiry form, not only a booking widget."
"72","company_contact_page","4","LEAD-0181","Crystalbrook Collection","https://www.crystalbrookcollection.com/","1","","contact_link","https://www.crystalbrookcollection.com/bailey-books","Read More","Medium","Review linked page for contact/form/KP details."
"72","company_contact_page","4","LEAD-0181","Crystalbrook Collection","https://www.crystalbrookcollection.com/","6","https://www.crystalbrookcollection.com/bailey-books | https://www.crystalbrookcollection.com/blog-artevents","contact_link","https://www.crystalbrookcollection.com/contact-us","Contact","Medium","Review linked page for contact/form/KP details."
"72","company_contact_page","4","LEAD-0181","Crystalbrook Collection","https://www.crystalbrookcollection.com/","3","https://www.crystalbrookcollection.com/bailey-books | https://www.crystalbrookcollection.com/blog-artevents","contact_link","https://www.crystalbrookcollection.com/make-enquiry","Make an Enquiry","Medium","Review linked page for contact/form/KP details."
"72","events_or_functions_contact","4","LEAD-0181","Crystalbrook Collection","https://www.crystalbrookcollection.com/","1","","contact_link","https://www.crystalbrookcollection.com/blog-artevents","Read More","Medium","Review linked page for contact/form/KP details."
"72","events_or_functions_contact","4","LEAD-0181","Crystalbrook Collection","https://www.crystalbrookcollection.com/","1","","contact_link","https://www.crystalbrookcollection.com/blog-byron-bay-events","Read More","Medium","Review linked page for contact/form/KP details."
"72","events_or_functions_contact","4","LEAD-0181","Crystalbrook Collection","https://www.crystalbrookcollection.com/","1","","contact_link","https://www.crystalbrookcollection.com/blog-the-best-byron-bay-restaurants-for-groups-and-events?_=1679871525007","Read More","Medium","Review linked page for contact/form/KP details."
"72","events_or_functions_contact","4","LEAD-0181","Crystalbrook Collection","https://www.crystalbrookcollection.com/","1","","contact_link","https://www.crystalbrookcollection.com/brisbane-accommodation-for-major-events","Read More","Medium","Review linked page for contact/form/KP details."
"72","events_or_functions_contact","4","LEAD-0181","Crystalbrook Collection","https://www.crystalbrookcollection.com/blog-artevents","1","","contact_link","https://www.crystalbrookcollection.com/cairns-venues","events","Medium","Review linked page for contact/form/KP details."
"72","events_or_functions_contact","4","LEAD-0181","Crystalbrook Collection","https://www.crystalbrookcollection.com/","3","https://www.crystalbrookcollection.com/bailey-books | https://www.crystalbrookcollection.com/blog-artevents","contact_link","https://www.crystalbrookcollection.com/event-spaces","Meetings and Events","Medium","Review linked page for contact/form/KP details."
"72","events_or_functions_contact","4","LEAD-0181","Crystalbrook Collection","https://www.crystalbrookcollection.com/","3","https://www.crystalbrookcollection.com/bailey-books | https://www.crystalbrookcollection.com/blog-artevents","contact_link","https://www.crystalbrookcollection.com/vincent/events","Crystalbrook Vincent Event Spaces","Medium","Review linked page for contact/form/KP details."
"70","company_linkedin","4","LEAD-0181","Crystalbrook Collection","https://www.crystalbrookcollection.com/","3","https://www.crystalbrookcollection.com/bailey-books | https://www.crystalbrookcollection.com/blog-artevents","company_linkedin_url","https://au.linkedin.com/company/crystalbrookcollection","LinkedIn","Low","Use as a manual LinkedIn review URL; do not treat as verified direct contact until person/company fit is confirmed."
"66","supplier_or_procurement_page","4","LEAD-0181","Crystalbrook Collection","https://www.crystalbrookcollection.com/","3","https://www.crystalbrookcollection.com/bailey-books | https://www.crystalbrookcollection.com/blog-artevents","supplier_link","https://www.crystalbrookcollection.com/our-partners","Our Partners","Medium","Review linked page for contact/form/KP details."
"60","kp_context_hint","4","LEAD-0181","Crystalbrook Collection","https://www.crystalbrookcollection.com/","1","","role_context","founder","e Exploring the World's Best Hotel Bars and Australian Gems Read More Byron Bay Bound: Summer Packing Tips from Spell's Founders Read More When the Sun Goes Down: Cairns After Dusk Read More Budget to Balling: Must do Tropical Adventure Experiences Read more Tropical Islands Getaways Close to Cairns","Low","Use as a page-level KP hint; confirm person name/title before saving."
"60","kp_context_hint","4","LEAD-0181","Crystalbrook Collection","https://www.crystalbrookcollection.com/","3","https://www.crystalbrookcollection.com/bailey-books | https://www.crystalbrookcollection.com/blog-artevents","role_context","owner","eet Port Douglas, Queensland Crystalbrook Collection acknowledges the Traditional Aboriginal and Torres Strait Islander Owners of the land, sea and waters of the Australian continent, and recognise their custodianship of culture and Country for over 60,000 years. We acknowledge and extend our respec","Low","Use as a page-level KP hint; confirm person name/title before saving."
"50","kp_context_hint","4","LEAD-0181","Crystalbrook Collection","https://www.crystalbrookcollection.com/","1","","role_context","culinary","on a smorgasbord of tasty treats at Boardwalk Social. Take Me There Crystalbrook Vincent’s Restaurants and Bars Go on a culinary journey at Crystalbrook Vincent, starting with Mews, our charming neighbourhood spot where breakfast and brunch are more than just a meal. Then, soak up the sweeping river","Low","Use as a page-level KP hint; confirm person name/title before saving."
"50","kp_context_hint","4","LEAD-0181","Crystalbrook Collection","https://www.crystalbrookcollection.com/","3","https://www.crystalbrookcollection.com/bailey-books | https://www.crystalbrookcollection.com/blog-artevents","role_context","events","me Day Spa at Crystalbrook Flynn Eléme Day Spa at Crystalbrook Riley Byron Bay, NSW Eléme Day Spa at Crystalbrook Byron Events Meetings + Events Event Spaces + Venues Make an Enquiry Cairns Crystalbrook Bailey Event Spaces Crystalbrook Flynn Event Spaces Crystalbrook Riley Event Spaces Weddings in C","Low","Use as a page-level KP hint; confirm person name/title before saving."
"50","kp_context_hint","4","LEAD-0181","Crystalbrook Collection","https://www.crystalbrookcollection.com/","3","https://www.crystalbrookcollection.com/bailey-books | https://www.crystalbrookcollection.com/blog-artevents","role_context","management","Gift Cards Careers More Our Story Destinations Superyacht Marina Gallery Journal Awards Development Our Partners Hotel Management Agreements byron-contests Media Subscribe Sustainability Careers Contact Privacy © 2026 Crystalbrook Collection. All rights reserved. Booking Form Select Destination Des","Low","Use as a page-level KP hint; confirm person name/title before saving."
"50","kp_context_hint","4","LEAD-0181","Crystalbrook Collection","https://www.crystalbrookcollection.com/","2","https://www.crystalbrookcollection.com/blog-artevents","role_context","people","ry Because the little things make a big difference Travel with a lighter footprint We love our planet, its wildlife and people. We enjoy contemporary living through attitude, design, technology and a passion for a better, more sustainable world – what we call #responsibleluxury. We embrace environme","Low","Use as a page-level KP hint; confirm person name/title before saving."
"50","kp_context_hint","4","LEAD-0181","Crystalbrook Collection","https://www.crystalbrookcollection.com/","1","","role_context","team","us Heritage Read More Go on a sweet hunt at the top dessert places Brisbane has to offer Read More Our guide to sauna, steam and slowing down Read More View all articles Save 10% on hotels, restaurants and bars Join Crystalbrook Crowd Join Now Crystalbrook Riley 131-141 Esplanade Cairns, Queensland","Low","Use as a page-level KP hint; confirm person name/title before saving."
"45","manual_linkedin_search","4","LEAD-0181","Crystalbrook Collection","queue_public_linkedin_query","1","","linkedin_search_url","https://www.google.com/search?q=site%3Alinkedin.com%2Fin+%22Crystalbrook+Collection%22+Australia+director+OR+operations+OR+procurement","site:linkedin.com/in ""Crystalbrook Collection"" Australia director OR operations OR procurement","Low","Manual search URL for public LinkedIn result review; save only a matched personal/company URL with confidence notes."
"13","technical_status","4","LEAD-0181","Crystalbrook Collection","https://www.crystalbrookcollection.com/","1","","fetch_status","https://www.crystalbrookcollection.com/","","High","Fetch status: 200. Use only if page fetched successfully."
"13","technical_status","4","LEAD-0181","Crystalbrook Collection","https://www.crystalbrookcollection.com/bailey-books","1","","fetch_status","https://www.crystalbrookcollection.com/bailey-books","","High","Fetch status: 200. Use only if page fetched successfully."
"13","technical_status","4","LEAD-0181","Crystalbrook Collection","https://www.crystalbrookcollection.com/blog-artevents","1","","fetch_status","https://www.crystalbrookcollection.com/blog-artevents","","High","Fetch status: 200. Use only if page fetched successfully."
"102","official_form_candidate","5","LEAD-0187","Lancemore Hotels","https://lancemore.com.au/about-us/","1","","contact_form","https://lancemore.com.au/about-us/LocationEnquiryForm/","contact_form form method=POST action=/about-us/LocationEnquiryForm/ Name: Email Address: Phone Number: Company: Date: Number of Guests: Choose a Venue: Select venue Lancemore Mansion Hotel Werribee Park Lancemore Lindenderry Red Hill Lancemore Crossley St. Melbourne Lancemore Milawa Lancemore Macedon Ranges Cleveland Estate, Macedon Ranges The Constance Hotel Tell us how we can help:","High","Official page contains a form; save as company_contact_form_url only if it is a contact/enquiry form, not only a booking widget."
"102","official_form_candidate","5","LEAD-0187","Lancemore Hotels","https://lancemore.com.au/about-us/","1","","contact_form","https://lancemore.com.au/about-us/WeddingEnquiryForm/","contact_form form method=POST action=/about-us/WeddingEnquiryForm/ Name: Email Address: Phone Number: Venue: Choose venue(s) Lancemore Mansion Hotel Werribee Park Lancemore Lindenderry Red Hill Lancemore Crossley St. Melbourne Lancemore Milawa Lancemore Macedon Ranges Alamanda Palm Cove by Lancemore Cleveland Estate, Macedon Ranges The Constance Hotel Date: Number of Guests: Where did you hear about us? Please select Google Instagram Tiktok Referral Pinterest Submit","High","Official page contains a form; save as company_contact_form_url only if it is a contact/enquiry form, not only a booking widget."
"102","official_form_candidate","5","LEAD-0187","Lancemore Hotels","https://lancemore.com.au/about-us/","1","","contact_form","https://lancemore.com.au/contact-form-2/Form","contact_form form method=POST action=/contact-form-2/Form Name Phone number Email address Hotel Choose a hotel Lancemore Mansion Hotel Werribee Park Lancemore Lindenderry Red Hill Lancemore Milawa Lancemore Crossley St. Lancemore Macedon Ranges Larmont Sydney by Lancemore Alamanda Palm Cove by Lancemore Tell us how we can help You must enable JavaScript to submit this form Send it our way","High","Official page contains a form; save as company_contact_form_url only if it is a contact/enquiry form, not only a booking widget."
"102","official_form_candidate","5","LEAD-0187","Lancemore Hotels","https://lancemore.com.au/","2","","contact_form","https://lancemore.com.au/contact-form/Form","contact_form form method=POST action=/contact-form/Form Name Phone number Department Select a department Reservations Restaurant Spa Conferencing Events Weddings Marketing & PR Email address Preferred date Hotel Select a hotel Lancemore Mansion Hotel Werribee Park Lancemore Lindenderry Red Hill Lancemore Milawa Lancemore Crossley St. Lancemore Macedon Ranges Alamanda Palm Cove by Lancemore Cleveland Estate - LMG Collection Tell us how we can help You must enable JavaScript to submit this form Se","High","Official page contains a form; save as company_contact_form_url only if it is a contact/enquiry form, not only a booking widget."
"102","official_form_candidate","5","LEAD-0187","Lancemore Hotels","https://lancemore.com.au/","2","","contact_form","https://lancemore.com.au/home/LocationEnquiryForm/","contact_form form method=POST action=/home/LocationEnquiryForm/ Name: Email Address: Phone Number: Company: Date: Number of Guests: Choose a Venue: Select venue Lancemore Mansion Hotel Werribee Park Lancemore Lindenderry Red Hill Lancemore Crossley St. Melbourne Lancemore Milawa Lancemore Macedon Ranges Cleveland Estate, Macedon Ranges The Constance Hotel Tell us how we can help:","High","Official page contains a form; save as company_contact_form_url only if it is a contact/enquiry form, not only a booking widget."
"102","official_form_candidate","5","LEAD-0187","Lancemore Hotels","https://lancemore.com.au/","2","","contact_form","https://lancemore.com.au/home/WeddingEnquiryForm/","contact_form form method=POST action=/home/WeddingEnquiryForm/ Name: Email Address: Phone Number: Venue: Choose venue(s) Lancemore Mansion Hotel Werribee Park Lancemore Lindenderry Red Hill Lancemore Crossley St. Melbourne Lancemore Milawa Lancemore Macedon Ranges Alamanda Palm Cove by Lancemore Cleveland Estate, Macedon Ranges The Constance Hotel Date: Number of Guests: Where did you hear about us? Please select Google Instagram Tiktok Referral Pinterest Submit","High","Official page contains a form; save as company_contact_form_url only if it is a contact/enquiry form, not only a booking widget."
"98","phone_candidate","5","LEAD-0187","Lancemore Hotels","https://lancemore.com.au/","3","https://lancemore.com.au/about-us/","phone","+61386160534","+61 (03) 5782 1844","High","Tel link; save with source/confidence note and review again before outreach."
"94","phone_candidate","5","LEAD-0187","Lancemore Hotels","https://lancemore.com.au/","3","https://lancemore.com.au/about-us/","phone","+61 (03) 5782 1844","s Celebrate Dining Gallery Journal Shop Book Direct 140 Bourke Street, Melbourne VIC 3000 +61 (03) 5782 1844 [email protected] Careers STAY IN THE KNOW Subscribe now → Luxury Accommodation Australia","Medium","Review whether this is company or person phone before saving."
"94","phone_candidate","5","LEAD-0187","Lancemore Hotels","https://lancemore.com.au/","4","","phone","+61 3 54299000","land Estate, Macedon Ranges Cleveland Estate, 55 Shannons Rd, Lancefield VIC 3435 Contact +61 3 54299000 [email protected] VIEW PROPERTY The Constance Hotel 14-20 Constance Street, Fortitude Val","Medium","Review whether this is company or person phone before saving."
"94","phone_candidate","5","LEAD-0187","Lancemore Hotels","https://lancemore.com.au/","4","","phone","+61 3 5720 5777","ected] VIEW PROPERTY Lancemore Milawa 223 Milawa-Bobinawarrah Rd, Milawa VIC 3678 Contact +61 3 5720 5777 [email protected] VIEW PROPERTY Lancemore Macedon Ranges 1030 Kilmore-Lancefield Rd, Lanc","Medium","Review whether this is company or person phone before saving."
"94","phone_candidate","5","LEAD-0187","Lancemore Hotels","https://lancemore.com.au/","4","","phone","+61 3 5782 1844","PROPERTY Lancemore Macedon Ranges 1030 Kilmore-Lancefield Rd, Lancefield VIC 3435 Contact +61 3 5782 1844 [email protected] VIEW PROPERTY Alamanda Palm Cove by Lancemore 1 Veivers Road, Palm Cove","Medium","Review whether this is company or person phone before saving."
"94","phone_candidate","5","LEAD-0187","Lancemore Hotels","https://lancemore.com.au/","4","","phone","+61 3 5989 2933","EW PROPERTY Lancemore Lindenderry Red Hill 142 Arthurs Seat Rd, Red Hill VIC 3937 Contact +61 3 5989 2933 [email protected] VIEW PROPERTY Lancemore Crossley St. Melbourne 51 Little Bourke St, Mel","Medium","Review whether this is company or person phone before saving."
"94","phone_candidate","5","LEAD-0187","Lancemore Hotels","https://lancemore.com.au/","4","","phone","+61 3 9639 1639","PROPERTY Lancemore Crossley St. Melbourne 51 Little Bourke St, Melbourne VIC 3000 Contact +61 3 9639 1639 [email protected] VIEW PROPERTY Lancemore Milawa 223 Milawa-Bobinawarrah Rd, Milawa VIC 3","Medium","Review whether this is company or person phone before saving."
"94","phone_candidate","5","LEAD-0187","Lancemore Hotels","https://lancemore.com.au/","4","","phone","+61 3 9731 4000","cape Lancemore Mansion Hotel Werribee Park Escarpment Rd, Werribee South VIC 3030 Contact +61 3 9731 4000 [email protected] VIEW PROPERTY Lancemore Lindenderry Red Hill 142 Arthurs Seat Rd, Red H","Medium","Review whether this is company or person phone before saving."
"94","phone_candidate","5","LEAD-0187","Lancemore Hotels","https://lancemore.com.au/","4","","phone","+61 7 3319 7888","ERTY The Constance Hotel 14-20 Constance Street, Fortitude Valley Queensland 4006 Contact +61 7 3319 7888 [email protected] VIEW PROPERTY Creating Memories in Curated Places @lancemorehotels Assi","Medium","Review whether this is company or person phone before saving."
"94","phone_candidate","5","LEAD-0187","Lancemore Hotels","https://lancemore.com.au/","4","","phone","+61 7 4055 3000","VIEW PROPERTY Alamanda Palm Cove by Lancemore 1 Veivers Road, Palm Cove QLD, 4879 Contact +61 7 4055 3000 [email protected] VIEW PROPERTY Cleveland Estate, Macedon Ranges Cleveland Estate, 55 Sha","Medium","Review whether this is company or person phone before saving."
"89","possible_key_person","5","LEAD-0187","Lancemore Hotels","https://lancemore.com.au/","3","https://lancemore.com.au/about-us/","key_person_name","Conferences Celebrate Weddings","events: hared moments and curious discoveries. Learn More Conferences Celebrate Weddings Events Weddings Picture-perfect wedding settings where your vision unfolds beautifully, all in one","Medium","Person name found near 'events' role. Verify person/company fit before saving to contacts."
"89","possible_key_person","5","LEAD-0187","Lancemore Hotels","https://lancemore.com.au/about-us/","1","","key_person_name","Lancemore Journal Upcoming","projects: rded One Hat 2022 The Dining Room awarded One Hat Lancemore Journal Upcoming Projects Lancemore McLaren Vale The McLaren Vale Resort will be Adelaide’s only destination resort","Medium","Person name found near 'projects' role. Verify person/company fit before saving to contacts."
"88","team_or_about_page","5","LEAD-0187","Lancemore Hotels","https://lancemore.com.au/","11","https://lancemore.com.au/about-us/","team_link","https://lancemore.com.au/about-us/","Our Story","Medium","Review linked page for contact/form/KP details."
"76","booking_form_candidate","5","LEAD-0187","Lancemore Hotels","https://lancemore.com.au/","2","","contact_form","https://lancemore.com.au/","booking_form form method=get action=current page Hotel Select Hotel Lancemore Mansion Hotel Werribee Park Lancemore Lindenderry Red Hill Lancemore Crossley St. Melbourne Lancemore Milawa Lancemore Macedon Ranges Alamanda Palm Cove by Lancemore Cleveland Estate, Macedon Ranges The Constance Hotel Check-in Check-out Guests - Adults + - Children + Check availability","High","Official page contains a form; save as company_contact_form_url only if it is a contact/enquiry form, not only a booking widget."
"76","booking_form_candidate","5","LEAD-0187","Lancemore Hotels","https://lancemore.com.au/about-us/","1","","contact_form","https://lancemore.com.au/about-us/","booking_form form method=get action=current page Hotel Select Hotel Lancemore Mansion Hotel Werribee Park Lancemore Lindenderry Red Hill Lancemore Crossley St. Melbourne Lancemore Milawa Lancemore Macedon Ranges Alamanda Palm Cove by Lancemore Cleveland Estate, Macedon Ranges The Constance Hotel Check-in Check-out Guests - Adults + - Children + Check availability","High","Official page contains a form; save as company_contact_form_url only if it is a contact/enquiry form, not only a booking widget."
"72","company_contact_page","5","LEAD-0187","Lancemore Hotels","https://lancemore.com.au/about-us/","2","","contact_link","https://lancemore.com.au/about-us/#e1350","CONTACT","Medium","Review linked page for contact/form/KP details."
"72","company_contact_page","5","LEAD-0187","Lancemore Hotels","https://lancemore.com.au/","3","https://lancemore.com.au/about-us/","contact_link","https://lancemore.com.au/book-direct/","Book Direct","Medium","Review linked page for contact/form/KP details."
"72","company_contact_page","5","LEAD-0187","Lancemore Hotels","https://lancemore.com.au/","4","","contact_link","https://lancemore.com.au/contact-us/","CONTACT","Medium","Review linked page for contact/form/KP details."
"72","events_or_functions_contact","5","LEAD-0187","Lancemore Hotels","https://lancemore.com.au/","6","https://lancemore.com.au/about-us/","contact_link","https://lancemore.com.au/celebrate/events/","Events","Medium","Review linked page for contact/form/KP details."
"72","events_or_functions_contact","5","LEAD-0187","Lancemore Hotels","https://lancemore.com.au/","3","https://lancemore.com.au/about-us/","contact_link","https://lancemore.com.au/properties-2/lancemore-lindenderry-red-hill/celebrate/events/","Red Hill Events","Medium","Review linked page for contact/form/KP details."
"72","events_or_functions_contact","5","LEAD-0187","Lancemore Hotels","https://lancemore.com.au/","3","https://lancemore.com.au/about-us/","contact_link","https://lancemore.com.au/properties-2/lancemore-milawa/celebrate/events/","King Valley Functions","Medium","Review linked page for contact/form/KP details."
"50","kp_context_hint","5","LEAD-0187","Lancemore Hotels","https://lancemore.com.au/","2","","role_context","culinary","table food that celebrates the region’s produce to a selected wine list, every detail showcases our passion for serving culinary excellence. Every meal is an appreciation of flavours that will tantalise your taste buds. Delight in the unique designs, welcoming service, and exquisite dining options.","Low","Use as a page-level KP hint; confirm person name/title before saving."
"50","kp_context_hint","5","LEAD-0187","Lancemore Hotels","https://lancemore.com.au/","3","https://lancemore.com.au/about-us/","role_context","events","stays filled with playful adventures, shared moments and curious discoveries. Learn More Conferences Celebrate Weddings Events Weddings Picture-perfect wedding settings where your vision unfolds beautifully, all in one place. Weddings Dining Our Restaurants Shop CONTACT | | Make a booking ☰ Hotels L","Low","Use as a page-level KP hint; confirm person name/title before saving."
"50","kp_context_hint","5","LEAD-0187","Lancemore Hotels","https://lancemore.com.au/about-us/","1","","role_context","management","St. in the pinacle of Melbourne's theatre district in 2020. More recently, we have been at the forefront of hotel asset management trends in Australia by successfully negotiating ‘white-label’ agreements for, The Constance Hotel in Fortitude Valley and Cleveland Estate in the Macedon Ranges. We are","Low","Use as a page-level KP hint; confirm person name/title before saving."
"50","kp_context_hint","5","LEAD-0187","Lancemore Hotels","https://lancemore.com.au/","3","https://lancemore.com.au/about-us/","role_context","people","flects the region it comes from. This isn't a standard that gets enforced by a brand manual. It's what happens when the people running the hotels are the same people that built them. Our Story ______________________________ Our collection of award-winning boutique hotels are as individual as you are","Low","Use as a page-level KP hint; confirm person name/title before saving."
"50","kp_context_hint","5","LEAD-0187","Lancemore Hotels","https://lancemore.com.au/about-us/","1","","role_context","projects","aders Choice Award 2023 The Dining Room awarded One Hat 2022 The Dining Room awarded One Hat Lancemore Journal Upcoming Projects Lancemore McLaren Vale The McLaren Vale Resort will be Adelaide’s only destination resort facility, intimately grounded in the gateway of renowned winery region of McLaren","Low","Use as a page-level KP hint; confirm person name/title before saving."
"50","kp_context_hint","5","LEAD-0187","Lancemore Hotels","https://lancemore.com.au/","3","https://lancemore.com.au/about-us/","role_context","staff","ilities. Ask the Lancemore Family Need to know more? we're here to help. Enter your details below and one of our lovely staff will be in touch. Name Phone number Email address Hotel Choose a hotel Lancemore Mansion Hotel Werribee Park Lancemore Lindenderry Red Hill Lancemore Milawa Lancemore Crossle","Low","Use as a page-level KP hint; confirm person name/title before saving."
"50","kp_context_hint","5","LEAD-0187","Lancemore Hotels","https://lancemore.com.au/","2","","role_context","team","still runs the group, and guests feel that the moment they arrive. Every property is handpicked for its location. Every team member is trusted to genuinely care. Every meal reflects the region it comes from. This isn't a standard that gets enforced by a brand manual. It's what happens when the peopl","Low","Use as a page-level KP hint; confirm person name/title before saving."
"45","manual_linkedin_search","5","LEAD-0187","Lancemore Hotels","queue_public_linkedin_query","1","","linkedin_search_url","https://www.google.com/search?q=site%3Alinkedin.com%2Fin+%22Lancemore+Hotels%22+Australia+director+OR+operations+OR+procurement","site:linkedin.com/in ""Lancemore Hotels"" Australia director OR operations OR procurement","Low","Manual search URL for public LinkedIn result review; save only a matched personal/company URL with confidence notes."
"13","technical_status","5","LEAD-0187","Lancemore Hotels","https://lancemore.com.au/","2","","fetch_status","https://lancemore.com.au/","","High","Fetch status: 200. Use only if page fetched successfully."
"13","technical_status","5","LEAD-0187","Lancemore Hotels","https://lancemore.com.au/about-us/","1","","fetch_status","https://lancemore.com.au/about-us/","","High","Fetch status: 200. Use only if page fetched successfully."
"98","phone_candidate","6","LEAD-0193","Meriton Suites","https://www.meritonsuites.com.au/","4","https://www.meritonsuites.com.au/contact-us/ | https://www.meritonsuites.com.au/latest-events/","phone","0800556691","0800 556 691","High","Tel link; save with source/confidence note and review again before outreach."
"98","phone_candidate","6","LEAD-0193","Meriton Suites","https://www.meritonsuites.com.au/","3","https://www.meritonsuites.com.au/contact-us/ | https://www.meritonsuites.com.au/latest-events/","phone","69115511281","(69 115 511 281)","High","Tel link; save with source/confidence note and review again before outreach."
"94","phone_candidate","6","LEAD-0193","Meriton Suites","https://www.meritonsuites.com.au/","7","https://www.meritonsuites.com.au/contact-us/ | https://www.meritonsuites.com.au/latest-events/","phone","+61 2 9277 1111","ditions Help Centre Support Australia 1800 214 822 New Zealand 0800 556 691 International +61 2 9277 1111 Contact Us Manage Reservation Prepayment Feedback Form Back to Top We acknowledge the Tra","Medium","Review whether this is company or person phone before saving."
"94","phone_candidate","6","LEAD-0193","Meriton Suites","https://www.meritonsuites.com.au/","7","https://www.meritonsuites.com.au/contact-us/ | https://www.meritonsuites.com.au/latest-events/","phone","1800 214 822","itions Eminence Become A Member Eminence Terms & Conditions Help Centre Support Australia 1800 214 822 New Zealand 0800 556 691 International +61 2 9277 1111 Contact Us Manage Reservation Prep","Medium","Review whether this is company or person phone before saving."
"88","team_or_about_page","6","LEAD-0193","Meriton Suites","https://www.meritonsuites.com.au/","3","https://www.meritonsuites.com.au/contact-us/ | https://www.meritonsuites.com.au/latest-events/","team_link","https://www.meritonsuites.com.au/leadership/","Leadership Team","Medium","Review linked page for contact/form/KP details."
"88","team_or_about_page","6","LEAD-0193","Meriton Suites","https://www.meritonsuites.com.au/","1","","team_link","https://www.meritonsuites.com.au/our-hotels/nsw/","It's all about the location","Medium","Review linked page for contact/form/KP details."
"72","company_contact_page","6","LEAD-0193","Meriton Suites","https://www.meritonsuites.com.au/","1","","contact_link","https://reservations.meritonsuites.com.au/?chain=12196&level=chain","Book Now","Medium","Review linked page for contact/form/KP details."
"72","company_contact_page","6","LEAD-0193","Meriton Suites","https://www.meritonsuites.com.au/","6","https://www.meritonsuites.com.au/contact-us/ | https://www.meritonsuites.com.au/latest-events/","contact_link","https://www.meritonsuites.com.au/contact-us/","Contact Us","Medium","Review linked page for contact/form/KP details."
"72","events_or_functions_contact","6","LEAD-0193","Meriton Suites","https://www.meritonsuites.com.au/","3","https://www.meritonsuites.com.au/contact-us/ | https://www.meritonsuites.com.au/latest-events/","contact_link","https://www.meritonsuites.com.au/latest-events/","Latest Events","Medium","Review linked page for contact/form/KP details."
"70","company_linkedin","6","LEAD-0193","Meriton Suites","https://www.meritonsuites.com.au/","2","https://www.meritonsuites.com.au/contact-us/","company_linkedin_url","https://www.linkedin.com/company/meritonsuites/","https://www.linkedin.com/company/meritonsuites/","Low","Use as a manual LinkedIn review URL; do not treat as verified direct contact until person/company fit is confirmed."
"60","kp_context_hint","6","LEAD-0193","Meriton Suites","https://www.meritonsuites.com.au/","3","https://www.meritonsuites.com.au/contact-us/ | https://www.meritonsuites.com.au/latest-events/","role_context","owner","our 6,210 hotel suites and signature Penthouse Collection suites across the country. We have become Australia’s largest owner and operator of apartment-style hotel accommodation, delivering professional service with stylish and modern facilities that anticipate our guests’ every comfort. Our hotel s","Low","Use as a page-level KP hint; confirm person name/title before saving."
"50","kp_context_hint","6","LEAD-0193","Meriton Suites","https://www.meritonsuites.com.au/","3","https://www.meritonsuites.com.au/contact-us/ | https://www.meritonsuites.com.au/latest-events/","role_context","events","s Hotel Accommodation Across Australia | Meriton Suites MENU MENU MENU MENU Our Hotels Our Hotels Special Offers Latest Events Our Story Contact Us Online Shop Book Now Check Availability Eminence Join to access exclusive member-only hotel rates. JOIN NOW Your perfect stay reimagined Discover our la","Low","Use as a page-level KP hint; confirm person name/title before saving."
"50","kp_context_hint","6","LEAD-0193","Meriton Suites","https://www.meritonsuites.com.au/","3","https://www.meritonsuites.com.au/contact-us/ | https://www.meritonsuites.com.au/latest-events/","role_context","leadership","ng Commission Corporate Accommodation Elevate Direct 2.0 Extended Stays Gift Cards Giveaway Ts & Cs Group Accommodation Leadership Team Meriton Suites Advantage Newly Renovated Our History Privacy Policy Promotional Conditions Social Media Guidelines Sustainability Terms & Conditions Eminence Become","Low","Use as a page-level KP hint; confirm person name/title before saving."
"50","kp_context_hint","6","LEAD-0193","Meriton Suites","https://www.meritonsuites.com.au/","1","","role_context","people","ys in Sydney Itinerary One of Australia’s most popular cities, Sydney is a buzzing metropolitan filled with interesting people, amazing sights, and delicious food. Whether you’re visiting sunny Sydney for a quick 48-hour layover or planning a luxurious weekend away, we’ve got the inside scoop on how","Low","Use as a page-level KP hint; confirm person name/title before saving."
"50","kp_context_hint","6","LEAD-0193","Meriton Suites","https://www.meritonsuites.com.au/","3","https://www.meritonsuites.com.au/contact-us/ | https://www.meritonsuites.com.au/latest-events/","role_context","team","on Corporate Accommodation Elevate Direct 2.0 Extended Stays Gift Cards Giveaway Ts & Cs Group Accommodation Leadership Team Meriton Suites Advantage Newly Renovated Our History Privacy Policy Promotional Conditions Social Media Guidelines Sustainability Terms & Conditions Eminence Become A Member E","Low","Use as a page-level KP hint; confirm person name/title before saving."
"45","manual_linkedin_search","6","LEAD-0193","Meriton Suites","queue_public_linkedin_query","1","","linkedin_search_url","https://www.google.com/search?q=site%3Alinkedin.com%2Fin+%22Meriton+Suites%22+Australia+director+OR+operations+OR+procurement","site:linkedin.com/in ""Meriton Suites"" Australia director OR operations OR procurement","Low","Manual search URL for public LinkedIn result review; save only a matched personal/company URL with confidence notes."
"13","technical_status","6","LEAD-0193","Meriton Suites","https://www.meritonsuites.com.au/","1","","fetch_status","https://www.meritonsuites.com.au/","","High","Fetch status: 200. Use only if page fetched successfully."
"13","technical_status","6","LEAD-0193","Meriton Suites","https://www.meritonsuites.com.au/contact-us/","1","","fetch_status","https://www.meritonsuites.com.au/contact-us/","","High","Fetch status: 200. Use only if page fetched successfully."
"13","technical_status","6","LEAD-0193","Meriton Suites","https://www.meritonsuites.com.au/latest-events/","1","","fetch_status","https://www.meritonsuites.com.au/latest-events/","","High","Fetch status: 200. Use only if page fetched successfully."
"98","phone_candidate","7","LEAD-0194","Ovolo Hotels Australia","https://ovolohotels.com/","3","https://ovolohotels.com/ask/ | https://ovolohotels.com/book-ovolo-concierge/","phone","%2B61+2+9331+9000","P +61 2 9331 9000","High","Tel link; save with source/confidence note and review again before outreach."
"98","phone_candidate","7","LEAD-0194","Ovolo Hotels Australia","https://ovolohotels.com/","3","https://ovolohotels.com/ask/ | https://ovolohotels.com/book-ovolo-concierge/","phone","%2B852+5705+5388","P +852 5705 5388","High","Tel link; save with source/confidence note and review again before outreach."
"94","phone_candidate","7","LEAD-0194","Ovolo Hotels Australia","https://ovolohotels.com/","3","https://ovolohotels.com/ask/ | https://ovolohotels.com/book-ovolo-concierge/","phone","+61 2 9331 9000","! Australia Ovolo Hotels Australia 6 Cowper Wharf Roadway, Woolloomooloo, NSW Australia P +61 2 9331 9000 Hong Kong 21st Floor 8 Wyndham Street, Central Hong Kong P +852 5705 5388 Join The Club B","Medium","Review whether this is company or person phone before saving."
"89","possible_key_person","7","LEAD-0194","Ovolo Hotels Australia","https://ovolohotels.com/","3","https://ovolohotels.com/ask/ | https://ovolohotels.com/book-ovolo-concierge/","key_person_name","Hong Kong Indonesia","events: sia Street 32 Kuta Social Club Offers ▾ Australia Hong Kong Indonesia Events ▾ All Event Spaces Corporate Events Weddings Long stay ▾ Australia Hong Kong Bali More ▾ Boo","Medium","Person name found near 'events' role. Verify person/company fit before saving to contacts."
"72","company_contact_page","7","LEAD-0194","Ovolo Hotels Australia","https://ovolohotels.com/","3","https://ovolohotels.com/ask/ | https://ovolohotels.com/book-ovolo-concierge/","contact_link","https://ovolohotels.com/ask/","Contact","Medium","Review linked page for contact/form/KP details."
"72","company_contact_page","7","LEAD-0194","Ovolo Hotels Australia","https://ovolohotels.com/","2","","contact_link","https://ovolohotels.com/book-ovolo-concierge/","/book-ovolo-concierge/","Medium","Review linked page for contact/form/KP details."
"72","company_contact_page","7","LEAD-0194","Ovolo Hotels Australia","https://ovolohotels.com/book-ovolo-concierge/","1","","contact_link","https://ovolohotels.com/book-ovolo-concierge/brisbane","","Medium","Review linked page for contact/form/KP details."
"72","company_contact_page","7","LEAD-0194","Ovolo Hotels Australia","https://ovolohotels.com/book-ovolo-concierge/","1","","contact_link","https://ovolohotels.com/book-ovolo-concierge/canberra","","Medium","Review linked page for contact/form/KP details."
"72","company_contact_page","7","LEAD-0194","Ovolo Hotels Australia","https://ovolohotels.com/book-ovolo-concierge/","1","","contact_link","https://ovolohotels.com/book-ovolo-concierge/melbourne","","Medium","Review linked page for contact/form/KP details."
"72","company_contact_page","7","LEAD-0194","Ovolo Hotels Australia","https://ovolohotels.com/book-ovolo-concierge/","1","","contact_link","https://ovolohotels.com/book-ovolo-concierge/sydney","","Medium","Review linked page for contact/form/KP details."
"72","company_contact_page","7","LEAD-0194","Ovolo Hotels Australia","https://ovolohotels.com/","3","https://ovolohotels.com/ask/ | https://ovolohotels.com/book-ovolo-concierge/","contact_link","https://ovolohotels.com/takin-care-of-business/","Corporate Enquiries","Medium","Review linked page for contact/form/KP details."
"72","company_contact_page","7","LEAD-0194","Ovolo Hotels Australia","https://ovolohotels.com/book-ovolo-concierge/","1","","contact_link","https://ovolohotels.com/tw/book-ovolo-concierge/","中文 (繁體)","Medium","Review linked page for contact/form/KP details."
"72","company_contact_page","7","LEAD-0194","Ovolo Hotels Australia","https://ovolohotels.com/","11","https://ovolohotels.com/ask/ | https://ovolohotels.com/book-ovolo-concierge/","contact_link","https://ovolohotels.com/why-book-direct/","Book Direct Promise","Medium","Review linked page for contact/form/KP details."
"72","company_contact_page","7","LEAD-0194","Ovolo Hotels Australia","https://ovolohotels.com/book-ovolo-concierge/","1","","contact_link","https://ovolohotels.com/zh/book-ovolo-concierge/","中文 (简体)","Medium","Review linked page for contact/form/KP details."
"72","events_or_functions_contact","7","LEAD-0194","Ovolo Hotels Australia","https://ovolohotels.com/","3","https://ovolohotels.com/ask/ | https://ovolohotels.com/book-ovolo-concierge/","contact_link","https://ovolohotels.com/events/","All Event Spaces","Medium","Review linked page for contact/form/KP details."
"72","events_or_functions_contact","7","LEAD-0194","Ovolo Hotels Australia","https://ovolohotels.com/","3","https://ovolohotels.com/ask/ | https://ovolohotels.com/book-ovolo-concierge/","contact_link","https://ovolohotels.com/events/corporate/","Corporate Events","Medium","Review linked page for contact/form/KP details."
"72","events_or_functions_contact","7","LEAD-0194","Ovolo Hotels Australia","https://ovolohotels.com/","3","https://ovolohotels.com/ask/ | https://ovolohotels.com/book-ovolo-concierge/","contact_link","https://ovolohotels.com/events/weddings/","Weddings","Medium","Review linked page for contact/form/KP details."
"70","company_linkedin","7","LEAD-0194","Ovolo Hotels Australia","https://ovolohotels.com/","3","https://ovolohotels.com/ask/ | https://ovolohotels.com/book-ovolo-concierge/","company_linkedin_url","https://www.linkedin.com/company/ovolo-group-hotels-&-serviced-apartments","https://www.linkedin.com/company/ovolo-group-hotels-&-serviced-apartments","Low","Use as a manual LinkedIn review URL; do not treat as verified direct contact until person/company fit is confirmed."
"50","kp_context_hint","7","LEAD-0194","Ovolo Hotels Australia","https://ovolohotels.com/","1","","role_context","crew","URF. SLEEP. REPEAT. Your ultimate wave-filled escape is here! Wake up to the sound of the ocean, ride with the Rip Curl crew, refuel at Kuta Social Club, chill in… Discover More Ovolo Concierge Book direct & unlock your all-access city pass to hidden bars, foodie faves, luxe spas, epic shows and tra","Low","Use as a page-level KP hint; confirm person name/title before saving."
"50","kp_context_hint","7","LEAD-0194","Ovolo Hotels Australia","https://ovolohotels.com/","3","https://ovolohotels.com/ask/ | https://ovolohotels.com/book-ovolo-concierge/","role_context","events","ia Bar Yarra Hong Kong Southside Cafe Bali, Indonesia Street 32 Kuta Social Club Offers ▾ Australia Hong Kong Indonesia Events ▾ All Event Spaces Corporate Events Weddings Long stay ▾ Australia Hong Kong Bali More ▾ Book Direct Promise Blog Careers Contact VIPooch Corporate Enquiries Sustainability","Low","Use as a page-level KP hint; confirm person name/title before saving."
"50","kp_context_hint","7","LEAD-0194","Ovolo Hotels Australia","https://ovolohotels.com/","1","","role_context","f&b","e The Overstay – 2 Nights TWO NIGHTS IS JUST THE BEGINNING Check in. Settle in. Stay out longer than you meant to. With F&B credit from $50 and Apero Hour every evening, The Overstay was… Discover More It Takes Two COMPLIMENTARY BREAKFAST, APERO HOUR, & LATE CHECKOUT. Book direct before June 30th fo","Low","Use as a page-level KP hint; confirm person name/title before saving."
"50","kp_context_hint","7","LEAD-0194","Ovolo Hotels Australia","https://ovolohotels.com/","3","https://ovolohotels.com/ask/ | https://ovolohotels.com/book-ovolo-concierge/","role_context","management","Mamaka by Ovolo Home Offers Why Book Direct Privacy Policy Website terms and conditions Blog Sitemap Owned by OMG Hotel Management Limited English 中文 (简体) 中文 (繁體)","Low","Use as a page-level KP hint; confirm person name/title before saving."
"50","kp_context_hint","7","LEAD-0194","Ovolo Hotels Australia","https://ovolohotels.com/","3","https://ovolohotels.com/ask/ | https://ovolohotels.com/book-ovolo-concierge/","role_context","people","By Ovolo Collective Hotels Each one unique, each one special. The more you explore, the more you’ll find. Which is why people come for the experience, and stay for the memories. Wonder. Full. Hong Kong The Aberdeen by Ovolo Melbourne, Australia Laneways By Ovolo, Melbourne Bali, Indonesia Mamaka by","Low","Use as a page-level KP hint; confirm person name/title before saving."
"45","manual_linkedin_search","7","LEAD-0194","Ovolo Hotels Australia","queue_public_linkedin_query","1","","linkedin_search_url","https://www.google.com/search?q=site%3Alinkedin.com%2Fin+%22Ovolo+Hotels+Australia%22+Australia+director+OR+operations+OR+procurement","site:linkedin.com/in ""Ovolo Hotels Australia"" Australia director OR operations OR procurement","Low","Manual search URL for public LinkedIn result review; save only a matched personal/company URL with confidence notes."
"13","technical_status","7","LEAD-0194","Ovolo Hotels Australia","https://ovolohotels.com/","1","","fetch_status","https://ovolohotels.com/","","High","Fetch status: 200. Use only if page fetched successfully."
"13","technical_status","7","LEAD-0194","Ovolo Hotels Australia","https://ovolohotels.com/ask/","1","","fetch_status","https://ovolohotels.com/ask/","","High","Fetch status: 200. Use only if page fetched successfully."
"13","technical_status","7","LEAD-0194","Ovolo Hotels Australia","https://ovolohotels.com/book-ovolo-concierge/","1","","fetch_status","https://ovolohotels.com/book-ovolo-concierge/","","High","Fetch status: 200. Use only if page fetched successfully."
"89","possible_key_person","8","LEAD-0176","Trader House","https://www.traderhouse.com.au/","3","https://www.traderhouse.com.au/about | https://www.traderhouse.com.au/contact-us","key_person_name","Wurundjeri Woi Wurrung","people: Trader House acknowledges and pays respect to the Wurundjeri Woi Wurrung people of the Kulin Nation and the Jagera people & Turrbal people of Meanjin, the Traditional Custo","Medium","Person name found near 'people' role. Verify person/company fit before saving to contacts."
"88","team_or_about_page","8","LEAD-0176","Trader House","https://www.traderhouse.com.au/","9","https://www.traderhouse.com.au/about | https://www.traderhouse.com.au/contact-us","team_link","https://www.traderhouse.com.au/about","About","Medium","Review linked page for contact/form/KP details."
"72","company_contact_page","8","LEAD-0176","Trader House","https://www.traderhouse.com.au/","3","https://www.traderhouse.com.au/about | https://www.traderhouse.com.au/contact-us","contact_link","https://www.traderhouse.com.au/contact-us","Contact us","Medium","Review linked page for contact/form/KP details."
"72","events_or_functions_contact","8","LEAD-0176","Trader House","https://www.traderhouse.com.au/","3","https://www.traderhouse.com.au/about | https://www.traderhouse.com.au/contact-us","contact_link","https://www.traderhouse.com.au/events","","Medium","Review linked page for contact/form/KP details."
"72","events_or_functions_contact","8","LEAD-0176","Trader House","https://www.traderhouse.com.au/","9","https://www.traderhouse.com.au/about | https://www.traderhouse.com.au/contact-us","contact_link","https://www.traderhouse.com.au/events-contact","","Medium","Review linked page for contact/form/KP details."
"66","supplier_or_procurement_page","8","LEAD-0176","Trader House","https://www.traderhouse.com.au/about","1","","supplier_link","https://www.traderhouse.com.au/venue-list/bar-miette","Click Here","Medium","Review linked page for contact/form/KP details."
"66","supplier_or_procurement_page","8","LEAD-0176","Trader House","https://www.traderhouse.com.au/about","1","","supplier_link","https://www.traderhouse.com.au/venue-list/supernormal-brisbane","Click Here","Medium","Review linked page for contact/form/KP details."
"60","kp_context_hint","8","LEAD-0176","Trader House","https://www.traderhouse.com.au/about","1","","role_context","owner","tation of each restaurant, bar and retail space are a testament to the vision and diligence of him and his team. Chef & Owner Andrew McConnell Born and raised in the city, Andrew McConnell is the quintessential Melburnian. With a profound passion for produce, cooking, eating, art and design, it’s no","Low","Use as a page-level KP hint; confirm person name/title before saving."
"50","kp_context_hint","8","LEAD-0176","Trader House","https://www.traderhouse.com.au/about","1","","role_context","culinary","Jo McGann. Ours are some of Melbourne’s most iconic and critically acclaimed establishments; they embody the values and culinary culture of Melbourne. They include award-winning restaurants, bars, a pub, a bakery & grocer and specialty butcheries. They are acclaimed locally and internationally for b","Low","Use as a page-level KP hint; confirm person name/title before saving."
"50","kp_context_hint","8","LEAD-0176","Trader House","https://www.traderhouse.com.au/","3","https://www.traderhouse.com.au/about | https://www.traderhouse.com.au/contact-us","role_context","events","Contact Us — Trader House Skip to Content Open Menu Close Menu About Venues Careers Events Event Spaces Contact Our Events Team Stories 0 0 0 0 About Venues Careers Events Event Spaces Contact Our Events Team Stories Open Menu Close Menu About Venues Careers Folde","Low","Use as a page-level KP hint; confirm person name/title before saving."
"50","kp_context_hint","8","LEAD-0176","Trader House","https://www.traderhouse.com.au/","3","https://www.traderhouse.com.au/about | https://www.traderhouse.com.au/contact-us","role_context","people","retail stores by Andrew McConnell & Jo McGann. Trader House acknowledges and pays respect to the Wurundjeri Woi Wurrung people of the Kulin Nation and the Jagera people & Turrbal people of Meanjin, the Traditional Custodians of the lands on which we live, cook, grow and create. We pay respect to the","Low","Use as a page-level KP hint; confirm person name/title before saving."
"50","kp_context_hint","8","LEAD-0176","Trader House","https://www.traderhouse.com.au/","3","https://www.traderhouse.com.au/about | https://www.traderhouse.com.au/contact-us","role_context","team","tact Us — Trader House Skip to Content Open Menu Close Menu About Venues Careers Events Event Spaces Contact Our Events Team Stories 0 0 0 0 About Venues Careers Events Event Spaces Contact Our Events Team Stories Open Menu Close Menu About Venues Careers Folder: Events Back Event Spaces Contact Our","Low","Use as a page-level KP hint; confirm person name/title before saving."
"45","manual_linkedin_search","8","LEAD-0176","Trader House","queue_public_linkedin_query","1","","linkedin_search_url","https://www.google.com/search?q=site%3Alinkedin.com%2Fin+%22Trader+House%22+Australia+director+OR+operations+OR+procurement","site:linkedin.com/in ""Trader House"" Australia director OR operations OR procurement","Low","Manual search URL for public LinkedIn result review; save only a matched personal/company URL with confidence notes."
"13","technical_status","8","LEAD-0176","Trader House","https://www.traderhouse.com.au/","1","","fetch_status","https://www.traderhouse.com.au/","","High","Fetch status: 200. Use only if page fetched successfully."
"13","technical_status","8","LEAD-0176","Trader House","https://www.traderhouse.com.au/about","1","","fetch_status","https://www.traderhouse.com.au/about","","High","Fetch status: 200. Use only if page fetched successfully."
"13","technical_status","8","LEAD-0176","Trader House","https://www.traderhouse.com.au/contact-us","1","","fetch_status","https://www.traderhouse.com.au/contact-us","","High","Fetch status: 200. Use only if page fetched successfully."
"102","official_form_candidate","9","LEAD-0180","AB Hotels","https://www.abhotels.com.au/contact","1","","contact_form","https://www.abhotels.com.au/contact","contact_form form method=unknown action=current page First name * Email * Phone Subject * Write a message * Send","High","Official page contains a form; save as company_contact_form_url only if it is a contact/enquiry form, not only a booking widget."
"88","team_or_about_page","9","LEAD-0180","AB Hotels","https://www.abhotels.com.au/","3","https://www.abhotels.com.au/about | https://www.abhotels.com.au/contact","team_link","https://www.abhotels.com.au/about","https://www.abhotels.com.au/about","Medium","Review linked page for contact/form/KP details."
"72","company_contact_page","9","LEAD-0180","AB Hotels","https://www.abhotels.com.au/","3","https://www.abhotels.com.au/about | https://www.abhotels.com.au/contact","contact_link","https://www.abhotels.com.au/contact","https://www.abhotels.com.au/contact","Medium","Review linked page for contact/form/KP details."
"50","kp_context_hint","9","LEAD-0180","AB Hotels","https://www.abhotels.com.au/","2","https://www.abhotels.com.au/about","role_context","people","tality & good times collide Proudly Pouring Hospitality AB Hotels is built on the belief that good hospitality connects people, enriches neighbourhoods, and supports local culture. Our Venues Harwood Hotel Harwood, NSW, 2465 HARWOOD Kent St Hotel Sydney CBD, NSW, 2000 KENT ST Valla Beach Tavern Vall","Low","Use as a page-level KP hint; confirm person name/title before saving."
"45","manual_linkedin_search","9","LEAD-0180","AB Hotels","queue_public_linkedin_query","1","","linkedin_search_url","https://www.google.com/search?q=site%3Alinkedin.com%2Fin+%22AB+Hotels%22+Australia+director+OR+operations+OR+procurement","site:linkedin.com/in ""AB Hotels"" Australia director OR operations OR procurement","Low","Manual search URL for public LinkedIn result review; save only a matched personal/company URL with confidence notes."
"13","technical_status","9","LEAD-0180","AB Hotels","https://www.abhotels.com.au/","1","","fetch_status","https://www.abhotels.com.au/","","High","Fetch status: 200. Use only if page fetched successfully."
"13","technical_status","9","LEAD-0180","AB Hotels","https://www.abhotels.com.au/about","1","","fetch_status","https://www.abhotels.com.au/about","","High","Fetch status: 200. Use only if page fetched successfully."
"13","technical_status","9","LEAD-0180","AB Hotels","https://www.abhotels.com.au/contact","1","","fetch_status","https://www.abhotels.com.au/contact","","High","Fetch status: 200. Use only if page fetched successfully."
"108","company_email","10","LEAD-0120","ALH Group","https://www.alhgroup.com.au/contact","2","","email","merchandisingteam@alhgroup.com.au","Pty Ltd ACN: 098 212 134 Media enquiries : media@edg.com.au Beverage Supplier Enquiries : merchandisingteam@alhgroup.com.au Alternatively, you can contact us using the form provided. General Enquiries Top NEWS Con","High","Review whether this is company, department, or person email before saving."
"88","team_or_about_page","10","LEAD-0120","ALH Group","https://www.alhgroup.com.au/","6","https://www.alhgroup.com.au/about | https://www.alhgroup.com.au/contact","team_link","https://www.alhgroup.com.au/about","","Medium","Review linked page for contact/form/KP details."
"88","team_or_about_page","10","LEAD-0120","ALH Group","https://www.alhgroup.com.au/","3","https://www.alhgroup.com.au/about | https://www.alhgroup.com.au/contact","team_link","https://www.alhgroup.com.au/responsible-service-of-gaming","Learn about our approach","Medium","Review linked page for contact/form/KP details."
"72","company_contact_page","10","LEAD-0120","ALH Group","https://www.alhgroup.com.au/","6","https://www.alhgroup.com.au/about | https://www.alhgroup.com.au/contact","contact_link","https://www.alhgroup.com.au/contact","General Enquiries","Medium","Review linked page for contact/form/KP details."
"72","events_or_functions_contact","10","LEAD-0120","ALH Group","https://www.alhgroup.com.au/","6","https://www.alhgroup.com.au/about | https://www.alhgroup.com.au/contact","contact_link","https://www.alhgroup.com.au/functions","","Medium","Review linked page for contact/form/KP details."
"70","company_linkedin","10","LEAD-0120","ALH Group","https://www.alhgroup.com.au/","3","https://www.alhgroup.com.au/about | https://www.alhgroup.com.au/contact","company_linkedin_url","https://au.linkedin.com/company/alhhotels","","Low","Use as a manual LinkedIn review URL; do not treat as verified direct contact until person/company fit is confirmed."
"50","kp_context_hint","10","LEAD-0120","ALH Group","https://www.alhgroup.com.au/about","1","","role_context","operations",". We employ over 15,000 people across Australia at more than 350 licensed venues. Our main business activities are: Pub operations such as bar, food, accommodation, functions and entertainment. Property development. We acquire, redevelop, and refurbish venues to optimise our portfolio and offer stat","Low","Use as a page-level KP hint; confirm person name/title before saving."
"50","kp_context_hint","10","LEAD-0120","ALH Group","https://www.alhgroup.com.au/","2","https://www.alhgroup.com.au/about","role_context","people","0 accommodation rooms Sponsor over 800 clubs nationally Spend over $30M p.a. on bands, acts and DJ’s Employ over 12,000 people Recent news from ALH Hotels News PARMA WEEK RAISES $28,186 FOR THE ROYAL CHILDREN’S HOSPITAL GOOD FRIDAY APPEAL In our 16th year of support for the Good Friday Appeal, Parma","Low","Use as a page-level KP hint; confirm person name/title before saving."
"50","kp_context_hint","10","LEAD-0120","ALH Group","https://www.alhgroup.com.au/","3","https://www.alhgroup.com.au/about | https://www.alhgroup.com.au/contact","role_context","team","Contact — ALH Group Home Our Story About History News Brands Careers Join The Team Apprenticeships Venues What We Do Accommodation Bars Entertainment Food Functions Gaming Community Responsible Service Responsible Service Responsible Service of Alcohol Respo","Low","Use as a page-level KP hint; confirm person name/title before saving."
"48","low_value_company_email","10","LEAD-0120","ALH Group","https://www.alhgroup.com.au/contact","2","","email","media@edg.com.au","fety & Health Player Protect Contact ALH Group Pty Ltd ACN: 098 212 134 Media enquiries : media@edg.com.au Beverage Supplier Enquiries : merchandisingteam@alhgroup.com.au Alternatively, you can co","High","Review whether this is company, department, or person email before saving."
"45","manual_linkedin_search","10","LEAD-0120","ALH Group","queue_public_linkedin_query","1","","linkedin_search_url","https://www.google.com/search?q=site%3Alinkedin.com%2Fin+%22ALH+Group%22+Australia+director+OR+operations+OR+procurement","site:linkedin.com/in ""ALH Group"" Australia director OR operations OR procurement","Low","Manual search URL for public LinkedIn result review; save only a matched personal/company URL with confidence notes."
"13","technical_status","10","LEAD-0120","ALH Group","https://www.alhgroup.com.au/","1","","fetch_status","https://www.alhgroup.com.au/","","High","Fetch status: 200. Use only if page fetched successfully."
"13","technical_status","10","LEAD-0120","ALH Group","https://www.alhgroup.com.au/about","1","","fetch_status","https://www.alhgroup.com.au/about","","High","Fetch status: 200. Use only if page fetched successfully."
"13","technical_status","10","LEAD-0120","ALH Group","https://www.alhgroup.com.au/contact","1","","fetch_status","https://www.alhgroup.com.au/contact","","High","Fetch status: 200. Use only if page fetched successfully."
"72","company_contact_page","11","LEAD-0119","Signature Hospitality Group","https://www.signaturehospitalitygroup.com.au/","6","https://www.signaturehospitalitygroup.com.au/contact/ | https://www.signaturehospitalitygroup.com.au/functions/","contact_link","https://www.signaturehospitalitygroup.com.au/contact/","/contact/","Medium","Review linked page for contact/form/KP details."
"72","events_or_functions_contact","11","LEAD-0119","Signature Hospitality Group","https://www.signaturehospitalitygroup.com.au/","6","https://www.signaturehospitalitygroup.com.au/contact/ | https://www.signaturehospitalitygroup.com.au/functions/","contact_link","https://www.signaturehospitalitygroup.com.au/functions/","Functions and Events","Medium","Review linked page for contact/form/KP details."
"70","company_linkedin","11","LEAD-0119","Signature Hospitality Group","https://www.signaturehospitalitygroup.com.au/","4","https://www.signaturehospitalitygroup.com.au/contact/ | https://www.signaturehospitalitygroup.com.au/functions/","company_linkedin_url","https://www.linkedin.com/company/signature-hospitality-group/","https://www.linkedin.com/company/signature-hospitality-group/","Low","Use as a manual LinkedIn review URL; do not treat as verified direct contact until person/company fit is confirmed."
"50","kp_context_hint","11","LEAD-0119","Signature Hospitality Group","https://www.signaturehospitalitygroup.com.au/","3","https://www.signaturehospitalitygroup.com.au/contact/ | https://www.signaturehospitalitygroup.com.au/functions/","role_context","events","Signature Hospitality Group | Home to Australia’s Leading Restaurant Brands Our Brands Careers Functions and Events Franchise Contact Better Together with Signature Hospitality Group We’re Australia’s leading hospitality network, creating unforgettable dining and entertainment experiences","Low","Use as a page-level KP hint; confirm person name/title before saving."
"50","kp_context_hint","11","LEAD-0119","Signature Hospitality Group","https://www.signaturehospitalitygroup.com.au/","2","https://www.signaturehospitalitygroup.com.au/functions/","role_context","people","orgettable dining and entertainment experiences through our iconic brands. From big games to casual catch-ups, we bring people together for moments to remember. Explore Careers Meet Our Brands Our Brands Four unique experiences. One shared purpose: to connect people through great food, drinks, and e","Low","Use as a page-level KP hint; confirm person name/title before saving."
"50","kp_context_hint","11","LEAD-0119","Signature Hospitality Group","https://www.signaturehospitalitygroup.com.au/contact/","2","https://www.signaturehospitalitygroup.com.au/functions/","role_context","team","Incredible Brands From partnership opportunities and private functions to careers and reservations, our dedicated brand teams are ready to help. The Sporting Globe Your go-to sports bar and grill for live entertainment and unforgettable game-day vibes. Get in touch TGI Fridays Classic American dinin","Low","Use as a page-level KP hint; confirm person name/title before saving."
"45","manual_linkedin_search","11","LEAD-0119","Signature Hospitality Group","queue_public_linkedin_query","1","","linkedin_search_url","https://www.google.com/search?q=site%3Alinkedin.com%2Fin+%22Signature+Hospitality+Group%22+Australia+director+OR+operations+OR+procurement","site:linkedin.com/in ""Signature Hospitality Group"" Australia director OR operations OR procurement","Low","Manual search URL for public LinkedIn result review; save only a matched personal/company URL with confidence notes."
"13","technical_status","11","LEAD-0119","Signature Hospitality Group","https://www.signaturehospitalitygroup.com.au/","1","","fetch_status","https://www.signaturehospitalitygroup.com.au/","","High","Fetch status: 200. Use only if page fetched successfully."
"13","technical_status","11","LEAD-0119","Signature Hospitality Group","https://www.signaturehospitalitygroup.com.au/contact/","1","","fetch_status","https://www.signaturehospitalitygroup.com.au/contact/","","High","Fetch status: 200. Use only if page fetched successfully."
"13","technical_status","11","LEAD-0119","Signature Hospitality Group","https://www.signaturehospitalitygroup.com.au/functions/","1","","fetch_status","https://www.signaturehospitalitygroup.com.au/functions/","","High","Fetch status: 200. Use only if page fetched successfully."
"88","team_or_about_page","12","LEAD-0117","Bentley Restaurant Group","https://www.bentleyrestaurantgroup.com.au/","9","https://www.bentleyrestaurantgroup.com.au/about-us | https://www.bentleyrestaurantgroup.com.au/about-us-1","team_link","https://www.bentleyrestaurantgroup.com.au/about-us","About Us","Medium","Review linked page for contact/form/KP details."
"88","team_or_about_page","12","LEAD-0117","Bentley Restaurant Group","https://www.bentleyrestaurantgroup.com.au/","3","https://www.bentleyrestaurantgroup.com.au/about-us | https://www.bentleyrestaurantgroup.com.au/about-us-1","team_link","https://www.bentleyrestaurantgroup.com.au/about-us-1","About Us","Medium","Review linked page for contact/form/KP details."
"72","company_contact_page","12","LEAD-0117","Bentley Restaurant Group","https://www.bentleyrestaurantgroup.com.au/","12","https://www.bentleyrestaurantgroup.com.au/about-us | https://www.bentleyrestaurantgroup.com.au/about-us-1","contact_link","https://www.bentleyrestaurantgroup.com.au/contact","Contact","Medium","Review linked page for contact/form/KP details."
"72","events_or_functions_contact","12","LEAD-0117","Bentley Restaurant Group","https://www.bentleyrestaurantgroup.com.au/","12","https://www.bentleyrestaurantgroup.com.au/about-us | https://www.bentleyrestaurantgroup.com.au/about-us-1","contact_link","https://www.bentleyrestaurantgroup.com.au/events-spaces","Events & Spaces","Medium","Review linked page for contact/form/KP details."
"70","company_linkedin","12","LEAD-0117","Bentley Restaurant Group","https://www.bentleyrestaurantgroup.com.au/","3","https://www.bentleyrestaurantgroup.com.au/about-us | https://www.bentleyrestaurantgroup.com.au/about-us-1","company_linkedin_url","https://au.linkedin.com/company/the-bentley-restaurant-group","","Low","Use as a manual LinkedIn review URL; do not treat as verified direct contact until person/company fit is confirmed."
"60","kp_context_hint","12","LEAD-0117","Bentley Restaurant Group","https://www.bentleyrestaurantgroup.com.au/about-us","2","https://www.bentleyrestaurantgroup.com.au/about-us-1","role_context","owner","Gift Cards What's On About Us Contact Reservations About Us Chef Brent Savage and Sommelier Nick Hildebrandt are the co-owners of The Bentley Group. One of Australia’s most respected and influential chefs, Brent Savage has a reputation for exciting, cutting edge food, clever technique and a unique m","Low","Use as a page-level KP hint; confirm person name/title before saving."
"50","kp_context_hint","12","LEAD-0117","Bentley Restaurant Group","https://www.bentleyrestaurantgroup.com.au/","3","https://www.bentleyrestaurantgroup.com.au/about-us | https://www.bentleyrestaurantgroup.com.au/about-us-1","role_context","events","staurant Group Sydney 0 Skip to Content Our Restaurants Bentley Restaurant + Bar King Clarence Eleven Barrack Watermans Events & Spaces Gift Cards What's On About Us Contact Reservations Open Menu Close Menu Reservations Our Restaurants Bentley Restaurant + Bar King Clarence Eleven Barrack Watermans","Low","Use as a page-level KP hint; confirm person name/title before saving."
"50","kp_context_hint","12","LEAD-0117","Bentley Restaurant Group","https://www.bentleyrestaurantgroup.com.au/","1","","role_context","team","at home. Shop Now WORK WITH US The Bentley Group is on the lookout for passionate hospitality professionals to join our team, who we consider to be amongst the industry’s best and brightest. With opportunities for career development throughout the group, competitive salaries and generous company dis","Low","Use as a page-level KP hint; confirm person name/title before saving."
"48","low_value_company_email","12","LEAD-0117","Bentley Restaurant Group","https://www.bentleyrestaurantgroup.com.au/","1","","email","careers@thebentely.com.au","","High","Mailto link; save with source/confidence note and review again before outreach."
"48","low_value_company_email","12","LEAD-0117","Bentley Restaurant Group","https://www.bentleyrestaurantgroup.com.au/","1","","email","careers@thebentley.com.au","d generous company discounts, we welcome your expression of interest. Send your resume to careers@thebentley.com.au OUR GIFT CARDS Gift a memorable experience at one of our restaurants. Shop Our Gift Cards","High","Review whether this is company, department, or person email before saving."
"45","manual_linkedin_search","12","LEAD-0117","Bentley Restaurant Group","queue_public_linkedin_query","1","","linkedin_search_url","https://www.google.com/search?q=site%3Alinkedin.com%2Fin+%22Bentley+Restaurant+Group%22+Australia+director+OR+operations+OR+procurement","site:linkedin.com/in ""Bentley Restaurant Group"" Australia director OR operations OR procurement","Low","Manual search URL for public LinkedIn result review; save only a matched personal/company URL with confidence notes."
"13","technical_status","12","LEAD-0117","Bentley Restaurant Group","https://www.bentleyrestaurantgroup.com.au/","1","","fetch_status","https://www.bentleyrestaurantgroup.com.au/","","High","Fetch status: 200. Use only if page fetched successfully."
"13","technical_status","12","LEAD-0117","Bentley Restaurant Group","https://www.bentleyrestaurantgroup.com.au/about-us","1","","fetch_status","https://www.bentleyrestaurantgroup.com.au/about-us","","High","Fetch status: 200. Use only if page fetched successfully."
"13","technical_status","12","LEAD-0117","Bentley Restaurant Group","https://www.bentleyrestaurantgroup.com.au/about-us-1","1","","fetch_status","https://www.bentleyrestaurantgroup.com.au/about-us-1","","High","Fetch status: 200. Use only if page fetched successfully."
"108","company_email","13","LEAD-0118","Gambaro Group","https://gambarogroup.com.au/contact/","1","","email","ce@gambaro.com.au","and Event enquiries, please contact us via email or phone. Phone: +6107 3369 9500 Email: ce@gambaro.com.au For General and Media enquiries, please contact us via email or phone. Phone: +6107 3369","High","Review whether this is company, department, or person email before saving."
"88","team_or_about_page","13","LEAD-0118","Gambaro Group","https://gambarogroup.com.au/","10","https://gambarogroup.com.au/about/ | https://gambarogroup.com.au/contact/","team_link","https://gambarogroup.com.au/about/","https://gambarogroup.com.au/about/","Medium","Review linked page for contact/form/KP details."
"72","company_contact_page","13","LEAD-0118","Gambaro Group","https://gambarogroup.com.au/","11","https://gambarogroup.com.au/about/ | https://gambarogroup.com.au/contact/","contact_link","https://gambarogroup.com.au/contact/","https://gambarogroup.com.au/contact/","Medium","Review linked page for contact/form/KP details."
"70","company_linkedin","13","LEAD-0118","Gambaro Group","https://gambarogroup.com.au/","3","https://gambarogroup.com.au/about/ | https://gambarogroup.com.au/contact/","company_linkedin_url","https://au.linkedin.com/company/gambaro-pty-ltd","https://au.linkedin.com/company/gambaro-pty-ltd","Low","Use as a manual LinkedIn review URL; do not treat as verified direct contact until person/company fit is confirmed."
"60","kp_context_hint","13","LEAD-0118","Gambaro Group","https://gambarogroup.com.au/","1","","role_context","director","at goes above and beyond. And striving as a whole to improve everyday. These are the keys to our success.” John Gambaro Director, Gambaro Group. Looking for an Event Space? Contact us About Contact Privacy Policy Cookies Policy Terms & Conditions Copyright © 2026 Gambaro Group Scroll to Top","Low","Use as a page-level KP hint; confirm person name/title before saving."
"50","kp_context_hint","13","LEAD-0118","Gambaro Group","https://gambarogroup.com.au/","2","https://gambarogroup.com.au/about/","role_context","events","er and city skyline, exquisite Italian cuisine, and excellent service, Persone is your ultimate destination for special events, corporate functions and social gatherings. Immerse yourself in a truly Italian dining experience, where fresh bread and pasta is made on site everyday. Find out more Pipi’s","Low","Use as a page-level KP hint; confirm person name/title before saving."
"50","kp_context_hint","13","LEAD-0118","Gambaro Group","https://gambarogroup.com.au/about/","1","","role_context","projects","ure venues we have planned for our customers. Below is a summary of some of our key historical milestones, and upcoming projects. Scroll down and wait for loading…. 1937 Michele Gambaro Michele Gambaro was born in Falerna, Calabria in Italy. 1950-53 Family settles in Australia Michele moves to Austr","Low","Use as a page-level KP hint; confirm person name/title before saving."
"50","kp_context_hint","13","LEAD-0118","Gambaro Group","https://gambarogroup.com.au/about/","1","","role_context","staff","ralia. In addition to this, the Group has an unending commitment to employing and training both local and international staff to the highest levels, with the newly established Gambaro Training Academy – to ensure the future of quality hospitality in Brisbane and beyond. Historical Timeline Gambaro G","Low","Use as a page-level KP hint; confirm person name/title before saving."
"50","kp_context_hint","13","LEAD-0118","Gambaro Group","https://gambarogroup.com.au/","1","","role_context","team","area, taking in the beautiful views. Find out more We help bring your event to life Looking for an inspiring venue and team to bring your event to fruition? With a multitude of event spaces, private dining options, and beautiful views, contact the experts in events, conferences, formals, weddings a","Low","Use as a page-level KP hint; confirm person name/title before saving."
"48","low_value_company_email","13","LEAD-0118","Gambaro Group","https://gambarogroup.com.au/contact/","1","","email","marketing@gambaro.com.au","and Media enquiries, please contact us via email or phone. Phone: +6107 3369 9500 Email: marketing@gambaro.com.au Gambaro Group, 36 Caxton Street, Petrie Terrace Brisbane, QLD 4000. About Contact Privacy","High","Review whether this is company, department, or person email before saving."
"45","manual_linkedin_search","13","LEAD-0118","Gambaro Group","queue_public_linkedin_query","1","","linkedin_search_url","https://www.google.com/search?q=site%3Alinkedin.com%2Fin+%22Gambaro+Group%22+Australia+director+OR+operations+OR+procurement","site:linkedin.com/in ""Gambaro Group"" Australia director OR operations OR procurement","Low","Manual search URL for public LinkedIn result review; save only a matched personal/company URL with confidence notes."
"13","technical_status","13","LEAD-0118","Gambaro Group","https://gambarogroup.com.au/","1","","fetch_status","https://gambarogroup.com.au/","","High","Fetch status: 200. Use only if page fetched successfully."
"13","technical_status","13","LEAD-0118","Gambaro Group","https://gambarogroup.com.au/about/","1","","fetch_status","https://gambarogroup.com.au/about/","","High","Fetch status: 200. Use only if page fetched successfully."
"13","technical_status","13","LEAD-0118","Gambaro Group","https://gambarogroup.com.au/contact/","1","","fetch_status","https://gambarogroup.com.au/contact/","","High","Fetch status: 200. Use only if page fetched successfully."
"89","possible_key_person","14","AU-0203","ahs hospitality","https://ahshospitality.com.au","1","","key_person_name","Building Stronger","team: nvironmental outcomes and operational efficiency. Building Stronger Teams Through Inclusion in Cultural Diversity Week By Camilla Yang • March 24, 2026 At ahs hospital","Medium","Person name found near 'team' role. Verify person/company fit before saving to contacts."
"89","possible_key_person","14","AU-0203","ahs hospitality","https://www.ahshospitality.com.au/about-us","1","","key_person_name","Recruit Global","staff: aland 2015 ahs hospitality became a subsidiary of Recruit Global Staffing 2020 Expansion of our services into short term labour hire Our Reach With offices and seni","Medium","Person name found near 'staff' role. Verify person/company fit before saving to contacts."
"89","possible_key_person","14","AU-0203","ahs hospitality","https://ahshospitality.com.au","1","","key_person_name","Sample Logo What","people: o Sample Logo Sample Logo Sample Logo Sample Logo Sample Logo What People Say About Us! Read Our Blogs Sustainable Cleaning Starts with Small Changes By Camilla Yang","Medium","Person name found near 'people' role. Verify person/company fit before saving to contacts."
"88","team_or_about_page","14","AU-0203","ahs hospitality","https://ahshospitality.com.au","13","https://www.ahshospitality.com.au/about-us | https://www.ahshospitality.com.au/about-us/our-group","team_link","https://www.ahshospitality.com.au/about-us","","Medium","Review linked page for contact/form/KP details."
"88","team_or_about_page","14","AU-0203","ahs hospitality","https://ahshospitality.com.au","6","https://www.ahshospitality.com.au/about-us | https://www.ahshospitality.com.au/about-us/our-group","team_link","https://www.ahshospitality.com.au/about-us/our-group","","Medium","Review linked page for contact/form/KP details."
"88","team_or_about_page","14","AU-0203","ahs hospitality","https://ahshospitality.com.au","7","https://www.ahshospitality.com.au/about-us | https://www.ahshospitality.com.au/about-us/our-group","team_link","https://www.ahshospitality.com.au/about-us/our-partners","","Medium","Review linked page for contact/form/KP details."
"88","team_or_about_page","14","AU-0203","ahs hospitality","https://ahshospitality.com.au","7","https://www.ahshospitality.com.au/about-us | https://www.ahshospitality.com.au/about-us/our-group","team_link","https://www.ahshospitality.com.au/about-us/sustainability-esg","","Medium","Review linked page for contact/form/KP details."
"88","team_or_about_page","14","AU-0203","ahs hospitality","https://ahshospitality.com.au","2","","team_link","https://www.ahshospitality.com.au/building-stronger-teams-through-inclusion-in-cultural-diversity-week","Building Stronger Teams Through Inclusion in Cultural Diversity Week","Medium","Review linked page for contact/form/KP details."
"88","team_or_about_page","14","AU-0203","ahs hospitality","https://ahshospitality.com.au","6","https://www.ahshospitality.com.au/about-us | https://www.ahshospitality.com.au/about-us/our-group","team_link","https://www.ahshospitality.com.au/leadership","","Medium","Review linked page for contact/form/KP details."
"88","team_or_about_page","14","AU-0203","ahs hospitality","https://ahshospitality.com.au","6","https://www.ahshospitality.com.au/about-us | https://www.ahshospitality.com.au/about-us/our-group","team_link","https://www.ahshospitality.com.au/team-testimonials","","Medium","Review linked page for contact/form/KP details."
"72","company_contact_page","14","AU-0203","ahs hospitality","https://ahshospitality.com.au","14","https://www.ahshospitality.com.au/about-us | https://www.ahshospitality.com.au/about-us/our-group","contact_link","https://www.ahshospitality.com.au/contact-us","","Medium","Review linked page for contact/form/KP details."
"72","company_contact_page","14","AU-0203","ahs hospitality","https://ahshospitality.com.au","6","https://www.ahshospitality.com.au/about-us | https://www.ahshospitality.com.au/about-us/our-group","contact_link","https://www.ahshospitality.com.au/contact-us/auckland","","Medium","Review linked page for contact/form/KP details."
"72","company_contact_page","14","AU-0203","ahs hospitality","https://ahshospitality.com.au","6","https://www.ahshospitality.com.au/about-us | https://www.ahshospitality.com.au/about-us/our-group","contact_link","https://www.ahshospitality.com.au/contact-us/christchurch","","Medium","Review linked page for contact/form/KP details."
"72","company_contact_page","14","AU-0203","ahs hospitality","https://ahshospitality.com.au","6","https://www.ahshospitality.com.au/about-us | https://www.ahshospitality.com.au/about-us/our-group","contact_link","https://www.ahshospitality.com.au/contact-us/nsw-and-act","","Medium","Review linked page for contact/form/KP details."
"72","company_contact_page","14","AU-0203","ahs hospitality","https://ahshospitality.com.au","6","https://www.ahshospitality.com.au/about-us | https://www.ahshospitality.com.au/about-us/our-group","contact_link","https://www.ahshospitality.com.au/contact-us/qld-and-nt","","Medium","Review linked page for contact/form/KP details."
"72","company_contact_page","14","AU-0203","ahs hospitality","https://ahshospitality.com.au","6","https://www.ahshospitality.com.au/about-us | https://www.ahshospitality.com.au/about-us/our-group","contact_link","https://www.ahshospitality.com.au/contact-us/sa","","Medium","Review linked page for contact/form/KP details."
"72","company_contact_page","14","AU-0203","ahs hospitality","https://ahshospitality.com.au","9","https://www.ahshospitality.com.au/about-us | https://www.ahshospitality.com.au/about-us/our-group","contact_link","https://www.ahshospitality.com.au/contact-us/sales-and-marketing","","Medium","Review linked page for contact/form/KP details."
"72","company_contact_page","14","AU-0203","ahs hospitality","https://ahshospitality.com.au","6","https://www.ahshospitality.com.au/about-us | https://www.ahshospitality.com.au/about-us/our-group","contact_link","https://www.ahshospitality.com.au/contact-us/vic-and-tas","","Medium","Review linked page for contact/form/KP details."
"72","company_contact_page","14","AU-0203","ahs hospitality","https://ahshospitality.com.au","6","https://www.ahshospitality.com.au/about-us | https://www.ahshospitality.com.au/about-us/our-group","contact_link","https://www.ahshospitality.com.au/contact-us/wa","","Medium","Review linked page for contact/form/KP details."
"70","company_linkedin","14","AU-0203","ahs hospitality","https://ahshospitality.com.au","3","https://www.ahshospitality.com.au/about-us | https://www.ahshospitality.com.au/about-us/our-group","company_linkedin_url","https://www.linkedin.com/company/ahs-hospitality","","Low","Use as a manual LinkedIn review URL; do not treat as verified direct contact until person/company fit is confirmed."
"60","kp_context_hint","14","AU-0203","ahs hospitality","https://ahshospitality.com.au","3","https://www.ahshospitality.com.au/about-us | https://www.ahshospitality.com.au/about-us/our-group","role_context","owner","fo@ahshospitality.com.au Level 16, 570 Bourke St, Melbourne.3000 Follow Us ahs hospitality acknowledges the Traditional Owners of Country. We pay our respects to the Aboriginal and Torres Strait Islander cultures, and to elders past and present, whose land we stand upon today. ahs hospitality | All","Low","Use as a page-level KP hint; confirm person name/title before saving."
"50","kp_context_hint","14","AU-0203","ahs hospitality","https://ahshospitality.com.au","3","https://www.ahshospitality.com.au/about-us | https://www.ahshospitality.com.au/about-us/our-group","role_context","leadership","Australian Hospitality Services Provider | ahs hospitality About Us Sustainability (ESG) Our Leadership Our Partners Our Group Our Services Outsourced Housekeeping Services Labour Hire Solution Commercial Cleaning Service Student Accommodation Service Hospitality Our Guara","Low","Use as a page-level KP hint; confirm person name/title before saving."
"50","kp_context_hint","14","AU-0203","ahs hospitality","https://www.ahshospitality.com.au/about-us","1","","role_context","management","of Recruit Global Staffing 2020 Expansion of our services into short term labour hire Our Reach With offices and senior management throughout Australia and New Zealand, we are always nearby to provide support. Contact Us Our Partners Sample Logo Sample Logo Sample Logo Sample Logo Sample Logo Sample","Low","Use as a page-level KP hint; confirm person name/title before saving."
"50","kp_context_hint","14","AU-0203","ahs hospitality","https://ahshospitality.com.au","1","","role_context","operations","meaningful change. In housekeeping and commercial cleaning services, practical sustainability can be embedded in daily operations through smarter resource use, reduced waste, and continuous improvements that support both environmental outcomes and operational efficiency. Building Stronger Teams Thr","Low","Use as a page-level KP hint; confirm person name/title before saving."
"50","kp_context_hint","14","AU-0203","ahs hospitality","https://ahshospitality.com.au","3","https://www.ahshospitality.com.au/about-us | https://www.ahshospitality.com.au/about-us/our-group","role_context","people","otal Facility Cleaning Aged Care Commercial Office Portfolios ﻿ We offer transparency, flexibility and compassion, with people at the heart of all we do. Speak To Us 3500+ Employees across Australia and New Zealand 120+ Partners 950K Hours cleaned 24/7 Mobilisation capability Our Partners Sample Log","Low","Use as a page-level KP hint; confirm person name/title before saving."
"50","kp_context_hint","14","AU-0203","ahs hospitality","https://www.ahshospitality.com.au/about-us","2","https://www.ahshospitality.com.au/about-us/our-group","role_context","staff","handler Macleod Group 2013 ​First partnership in New Zealand 2015 ahs hospitality became a subsidiary of Recruit Global Staffing 2020 Expansion of our services into short term labour hire Our Reach With offices and senior management throughout Australia and New Zealand, we are always nearby to provi","Low","Use as a page-level KP hint; confirm person name/title before saving."
"50","kp_context_hint","14","AU-0203","ahs hospitality","https://ahshospitality.com.au","3","https://www.ahshospitality.com.au/about-us | https://www.ahshospitality.com.au/about-us/our-group","role_context","team","rvice Student Accommodation Service Hospitality Our Guarantee Client Testimonials Jobs Job Search Our Workplace Culture Team Testimonials Blog Contact Us NSW & ACT VIC & TAS QLD & NT SA WA Auckland Christchurch Sales & Marketing Login Register User Dashboard Client Portal Signout info@ahshospitality","Low","Use as a page-level KP hint; confirm person name/title before saving."
"45","manual_linkedin_search","14","AU-0203","ahs hospitality","queue_public_linkedin_query","1","","linkedin_search_url","https://www.google.com/search?q=site%3Alinkedin.com%2Fin+%22ahs+hospitality%22+Australia+director+OR+operations+OR+procurement","site:linkedin.com/in ""ahs hospitality"" Australia director OR operations OR procurement","Low","Manual search URL for public LinkedIn result review; save only a matched personal/company URL with confidence notes."
"13","technical_status","14","AU-0203","ahs hospitality","https://ahshospitality.com.au","1","","fetch_status","https://ahshospitality.com.au","","High","Fetch status: 200. Use only if page fetched successfully."
"13","technical_status","14","AU-0203","ahs hospitality","https://www.ahshospitality.com.au/about-us","1","","fetch_status","https://www.ahshospitality.com.au/about-us","","High","Fetch status: 200. Use only if page fetched successfully."
"13","technical_status","14","AU-0203","ahs hospitality","https://www.ahshospitality.com.au/about-us/our-group","1","","fetch_status","https://www.ahshospitality.com.au/about-us/our-group","","High","Fetch status: 200. Use only if page fetched successfully."
"45","manual_linkedin_search","15","AU-0221","Bay 13 Brewery & Kitchen","queue_public_linkedin_query","1","","linkedin_search_url","https://www.google.com/search?q=site%3Alinkedin.com%2Fin+%22Bay+13+Brewery+%26+Kitchen%22+Australia+director+OR+operations+OR+procurement","site:linkedin.com/in ""Bay 13 Brewery & Kitchen"" Australia director OR operations OR procurement","Low","Manual search URL for public LinkedIn result review; save only a matched personal/company URL with confidence notes."
"72","company_contact_page","16","AU-0202","Blanco Horner Hospitality","https://blancohorner.com.au","10","https://www.blancohorner.com.au/contact-us/ | https://www.blancohorner.com.au/events/","contact_link","https://www.blancohorner.com.au/contact-us/","https://www.blancohorner.com.au/contact-us/#form","Medium","Review linked page for contact/form/KP details."
"72","events_or_functions_contact","16","AU-0202","Blanco Horner Hospitality","https://blancohorner.com.au","5","https://www.blancohorner.com.au/contact-us/ | https://www.blancohorner.com.au/events/","contact_link","https://www.blancohorner.com.au/events/","https://www.blancohorner.com.au/events/","Medium","Review linked page for contact/form/KP details."
"70","company_linkedin","16","AU-0202","Blanco Horner Hospitality","https://blancohorner.com.au","3","https://www.blancohorner.com.au/contact-us/ | https://www.blancohorner.com.au/events/","company_linkedin_url","https://www.linkedin.com/company/blancohorner","https://www.linkedin.com/company/blancohorner","Low","Use as a manual LinkedIn review URL; do not treat as verified direct contact until person/company fit is confirmed."
"60","kp_context_hint","16","AU-0202","Blanco Horner Hospitality","https://blancohorner.com.au","1","","role_context","co-founder","has become synonymous with unparalleled hospitality experiences and unforgettable moments. From our humble beginnings, co-founders Steve Blanco and Christopher Horner envisioned a culinary journey that would redefine the standards of excellence in Adelaide’s vibrant hospitality industry.With a rich","Low","Use as a page-level KP hint; confirm person name/title before saving."
"60","kp_context_hint","16","AU-0202","Blanco Horner Hospitality","https://blancohorner.com.au","2","https://www.blancohorner.com.au/events/","role_context","culinary","alleled dining experience that champions sustainable and locally sourced ingredients. Join us as we redefine the art of culinary excellence. GET IN CONTACT Experience the unforgettable. Rose Garden Pavilion The Sanctuary Restaurant Botanic Evergreen Botanic Lodge Wildflowers Cafe U City Function Cen","Low","Use as a page-level KP hint; confirm person name/title before saving."
"60","kp_context_hint","16","AU-0202","Blanco Horner Hospitality","https://blancohorner.com.au","1","","role_context","founder","s become synonymous with unparalleled hospitality experiences and unforgettable moments. From our humble beginnings, co-founders Steve Blanco and Christopher Horner envisioned a culinary journey that would redefine the standards of excellence in Adelaide’s vibrant hospitality industry.With a rich po","Low","Use as a page-level KP hint; confirm person name/title before saving."
"60","kp_context_hint","16","AU-0202","Blanco Horner Hospitality","https://www.blancohorner.com.au/contact-us/","1","","role_context","operations","your guests. Blanco Horner 33 Sunbeam Road, Glynde, SA 5070 PO Box 2006 Glynde Plaza LPO SA 5070 Ria Little – Catering Operations Manager *protected email* Privacy Policy Enquire Today Reserve your special event today. * indicates required Email Address * First Name * Last Name Phone Number Preferr","Low","Use as a page-level KP hint; confirm person name/title before saving."
"50","kp_context_hint","16","AU-0202","Blanco Horner Hospitality","https://blancohorner.com.au","3","https://www.blancohorner.com.au/contact-us/ | https://www.blancohorner.com.au/events/","role_context","events","p to content Search for: CATERING MENU RESTAURANTS & CAFES RESTAURANT BOTANIC ESMAY EVERGREEN BOTANIC LODGE WILDFLOWERS EVENTS WHAT’S ON! EVENT VENUES ROSE GARDEN THE SANCTUARY S.A. MUSEUM TOWN HALL U CITY WEDDINGS ABOUT NEWS REVIEWS CAREERS CONTACT Contact Us Juliana 2026-03-17T10:50:22+09:30 GET I","Low","Use as a page-level KP hint; confirm person name/title before saving."
"50","kp_context_hint","16","AU-0202","Blanco Horner Hospitality","https://www.blancohorner.com.au/contact-us/","1","","role_context","management","Contact Blanco Horner Hospitality Management in Adelaide, South Australia. Skip to content Search for: CATERING MENU RESTAURANTS & CAFES RESTAURANT BOTANIC ESMAY EVERGREEN BOTANIC LODGE WILDFLOWERS EVENTS WHAT’S ON","Low","Use as a page-level KP hint; confirm person name/title before saving."
"50","kp_context_hint","16","AU-0202","Blanco Horner Hospitality","https://blancohorner.com.au","1","","role_context","team","n Adelaide’s vibrant hospitality industry.With a rich portfolio of venues strategically located in Adelaide’s CBD and a team of 100+ dedicated professionals, we remain committed to delivering exceptional culinary journeys and unforgettable moments across South Australia. VENUES | EVENTS | CATERING B","Low","Use as a page-level KP hint; confirm person name/title before saving."
"45","manual_linkedin_search","16","AU-0202","Blanco Horner Hospitality","queue_public_linkedin_query","1","","linkedin_search_url","https://www.google.com/search?q=site%3Alinkedin.com%2Fin+%22Blanco+Horner+Hospitality%22+Australia+director+OR+operations+OR+procurement","site:linkedin.com/in ""Blanco Horner Hospitality"" Australia director OR operations OR procurement","Low","Manual search URL for public LinkedIn result review; save only a matched personal/company URL with confidence notes."
"13","technical_status","16","AU-0202","Blanco Horner Hospitality","https://blancohorner.com.au","1","","fetch_status","https://blancohorner.com.au","","High","Fetch status: 200. Use only if page fetched successfully."
"13","technical_status","16","AU-0202","Blanco Horner Hospitality","https://www.blancohorner.com.au/contact-us/","1","","fetch_status","https://www.blancohorner.com.au/contact-us/","","High","Fetch status: 200. Use only if page fetched successfully."
"13","technical_status","16","AU-0202","Blanco Horner Hospitality","https://www.blancohorner.com.au/events/","1","","fetch_status","https://www.blancohorner.com.au/events/","","High","Fetch status: 200. Use only if page fetched successfully."
"88","team_or_about_page","17","AU-0196","Tao Restaurant Group","https://taogroup.com.au","8","https://www.taogroup.com.au/about | https://www.taogroup.com.au/groupsandparties","team_link","https://www.taogroup.com.au/about","press & media","Medium","Review linked page for contact/form/KP details."
"72","company_contact_page","17","AU-0196","Tao Restaurant Group","https://taogroup.com.au","4","https://www.taogroup.com.au/about | https://www.taogroup.com.au/groupsandparties","contact_link","https://www.taogroup.com.au/reservation","Make a Booking","Medium","Review linked page for contact/form/KP details."
"72","events_or_functions_contact","17","AU-0196","Tao Restaurant Group","https://taogroup.com.au","1","","contact_link","https://www.taogroup.com.au/groupsandparties","Enquiry Event","Medium","Review linked page for contact/form/KP details."
"50","kp_context_hint","17","AU-0196","Tao Restaurant Group","https://taogroup.com.au","3","https://www.taogroup.com.au/about | https://www.taogroup.com.au/groupsandparties","role_context","culinary","a collection of unique dining venues. Each of our venues offers a distinct experience, reflecting the rich and diverse culinary landscape of Asia. Experience the vibrant and diverse flavors of rich Chinese cultural heritage, authentically recreated to celebrate local dining preferences. Press & Med","Low","Use as a page-level KP hint; confirm person name/title before saving."
"50","kp_context_hint","17","AU-0196","Tao Restaurant Group","https://taogroup.com.au","1","","role_context","events","ht Club by Chambers, our waterside venue at Rozelle Bay, overlooking Anzac bridge. We host weddings, parties, corporate events, meetings and workshops, breakfast and brunch events, photoshoots, filming and more. Please contact us for your event details. Enquiry Event If you are captivated by the tim","Low","Use as a page-level KP hint; confirm person name/title before saving."
"45","manual_linkedin_search","17","AU-0196","Tao Restaurant Group","queue_public_linkedin_query","1","","linkedin_search_url","https://www.google.com/search?q=site%3Alinkedin.com%2Fin+%22Tao+Restaurant+Group%22+Australia+director+OR+operations+OR+procurement","site:linkedin.com/in ""Tao Restaurant Group"" Australia director OR operations OR procurement","Low","Manual search URL for public LinkedIn result review; save only a matched personal/company URL with confidence notes."
"13","technical_status","17","AU-0196","Tao Restaurant Group","https://taogroup.com.au","1","","fetch_status","https://taogroup.com.au","","High","Fetch status: 200. Use only if page fetched successfully."
"13","technical_status","17","AU-0196","Tao Restaurant Group","https://www.taogroup.com.au/about","1","","fetch_status","https://www.taogroup.com.au/about","","High","Fetch status: 200. Use only if page fetched successfully."
"13","technical_status","17","AU-0196","Tao Restaurant Group","https://www.taogroup.com.au/groupsandparties","1","","fetch_status","https://www.taogroup.com.au/groupsandparties","","High","Fetch status: 200. Use only if page fetched successfully."
"89","possible_key_person","18","AU-0450","About Us | Regional Motel Partners","https://www.motelpartners.com.au/about-us","1","","key_person_name","Mike Henshaw","founder: as a portfolio manager at PURE Asset Management. Mike Henshaw Director Mike is also a Co-Founder of PURE Asset Management and has over 31 years’ experience in fi","Medium","Person name found near 'founder' role. Verify person/company fit before saving to contacts."
"89","possible_key_person","18","AU-0450","About Us | Regional Motel Partners","https://motelpartners.com.au","2","https://www.motelpartners.com.au","key_person_name","Operator Improves Motel","operations: h Business and Leisure Travel How the Right Motel Operator Improves Motel Operations Why Aren’t More Motels Being Built in Australia? How Online Booking Systems Are Helping","Medium","Person name found near 'operations' role. Verify person/company fit before saving to contacts."
"89","possible_key_person","18","AU-0450","About Us | Regional Motel Partners","https://www.motelpartners.com.au/about-us","1","","key_person_name","Tim Callan","founder: several international organisations in London. ​ Tim Callan Director Tim is also a Co-Founder of PURE and has over 13 years’ experience in both buy and sell si","Medium","Person name found near 'founder' role. Verify person/company fit before saving to contacts."
"88","team_or_about_page","18","AU-0450","About Us | Regional Motel Partners","https://motelpartners.com.au","6","https://www.motelpartners.com.au | https://www.motelpartners.com.au/about-us","team_link","https://www.motelpartners.com.au/about-us","https://www.motelpartners.com.au/about-us","Medium","Review linked page for contact/form/KP details."
"72","company_contact_page","18","AU-0450","About Us | Regional Motel Partners","https://motelpartners.com.au","6","https://www.motelpartners.com.au | https://www.motelpartners.com.au/about-us","contact_link","https://www.motelpartners.com.au/contact","https://www.motelpartners.com.au/contact","Medium","Review linked page for contact/form/KP details."
"72","company_contact_page","18","AU-0450","About Us | Regional Motel Partners","https://motelpartners.com.au","2","https://www.motelpartners.com.au","contact_link","https://www.motelpartners.com.au/post/online-booking-systems-increase-motel-revenue","https://www.motelpartners.com.au/post/online-booking-systems-increase-motel-revenue","Medium","Review linked page for contact/form/KP details."
"70","company_linkedin","18","AU-0450","About Us | Regional Motel Partners","https://motelpartners.com.au","3","https://www.motelpartners.com.au | https://www.motelpartners.com.au/about-us","company_linkedin_url","https://www.linkedin.com/company/regional-motel-partners","https://www.linkedin.com/company/regional-motel-partners","Low","Use as a manual LinkedIn review URL; do not treat as verified direct contact until person/company fit is confirmed."
"66","supplier_or_procurement_page","18","AU-0450","About Us | Regional Motel Partners","https://motelpartners.com.au","3","https://www.motelpartners.com.au | https://www.motelpartners.com.au/about-us","supplier_link","https://www.motelpartners.com.au","https://www.motelpartners.com.au","Medium","Review linked page for contact/form/KP details."
"66","supplier_or_procurement_page","18","AU-0450","About Us | Regional Motel Partners","https://motelpartners.com.au","6","https://www.motelpartners.com.au | https://www.motelpartners.com.au/about-us","supplier_link","https://www.motelpartners.com.au/insights-1","https://www.motelpartners.com.au/insights-1","Medium","Review linked page for contact/form/KP details."
"66","supplier_or_procurement_page","18","AU-0450","About Us | Regional Motel Partners","https://motelpartners.com.au","3","https://www.motelpartners.com.au | https://www.motelpartners.com.au/about-us","supplier_link","https://www.motelpartners.com.au/investors","https://www.motelpartners.com.au/investors","Medium","Review linked page for contact/form/KP details."
"66","supplier_or_procurement_page","18","AU-0450","About Us | Regional Motel Partners","https://motelpartners.com.au","3","https://www.motelpartners.com.au | https://www.motelpartners.com.au/about-us","supplier_link","https://www.motelpartners.com.au/investors/motel-roi-and-returns","https://www.motelpartners.com.au/investors/motel-roi-and-returns","Medium","Review linked page for contact/form/KP details."
"66","supplier_or_procurement_page","18","AU-0450","About Us | Regional Motel Partners","https://motelpartners.com.au","3","https://www.motelpartners.com.au | https://www.motelpartners.com.au/about-us","supplier_link","https://www.motelpartners.com.au/investors/regional-property-investment","https://www.motelpartners.com.au/investors/regional-property-investment","Medium","Review linked page for contact/form/KP details."
"66","supplier_or_procurement_page","18","AU-0450","About Us | Regional Motel Partners","https://motelpartners.com.au","9","https://www.motelpartners.com.au | https://www.motelpartners.com.au/about-us","supplier_link","https://www.motelpartners.com.au/investors/secured-notes-opportunity","https://www.motelpartners.com.au/investors/secured-notes-opportunity","Medium","Review linked page for contact/form/KP details."
"66","supplier_or_procurement_page","18","AU-0450","About Us | Regional Motel Partners","https://motelpartners.com.au","3","https://www.motelpartners.com.au | https://www.motelpartners.com.au/about-us","supplier_link","https://www.motelpartners.com.au/investors/why-invest-in-motels","https://www.motelpartners.com.au/investors/why-invest-in-motels","Medium","Review linked page for contact/form/KP details."
"66","supplier_or_procurement_page","18","AU-0450","About Us | Regional Motel Partners","https://motelpartners.com.au","3","https://www.motelpartners.com.au | https://www.motelpartners.com.au/about-us","supplier_link","https://www.motelpartners.com.au/our-motels","https://www.motelpartners.com.au/our-motels","Medium","Review linked page for contact/form/KP details."
"66","supplier_or_procurement_page","18","AU-0450","About Us | Regional Motel Partners","https://motelpartners.com.au","3","https://www.motelpartners.com.au | https://www.motelpartners.com.au/about-us","supplier_link","https://www.motelpartners.com.au/our-motels/huntergateway","https://www.motelpartners.com.au/our-motels/huntergateway","Medium","Review linked page for contact/form/KP details."
"66","supplier_or_procurement_page","18","AU-0450","About Us | Regional Motel Partners","https://motelpartners.com.au","3","https://www.motelpartners.com.au | https://www.motelpartners.com.au/about-us","supplier_link","https://www.motelpartners.com.au/our-motels/southgatemotel","https://www.motelpartners.com.au/our-motels/southgatemotel","Medium","Review linked page for contact/form/KP details."
"66","supplier_or_procurement_page","18","AU-0450","About Us | Regional Motel Partners","https://motelpartners.com.au","2","https://www.motelpartners.com.au","supplier_link","https://www.motelpartners.com.au/post/how-motel-operations-improve-performance","https://www.motelpartners.com.au/post/how-motel-operations-improve-performance","Medium","Review linked page for contact/form/KP details."
"66","supplier_or_procurement_page","18","AU-0450","About Us | Regional Motel Partners","https://motelpartners.com.au","2","https://www.motelpartners.com.au","supplier_link","https://www.motelpartners.com.au/post/motels-in-australia-have-become-digital","https://www.motelpartners.com.au/post/motels-in-australia-have-become-digital","Medium","Review linked page for contact/form/KP details."
"66","supplier_or_procurement_page","18","AU-0450","About Us | Regional Motel Partners","https://motelpartners.com.au","2","https://www.motelpartners.com.au","supplier_link","https://www.motelpartners.com.au/post/regional-motels-business-and-leisure-travel-demand","https://www.motelpartners.com.au/post/regional-motels-business-and-leisure-travel-demand","Medium","Review linked page for contact/form/KP details."
"66","supplier_or_procurement_page","18","AU-0450","About Us | Regional Motel Partners","https://motelpartners.com.au","2","https://www.motelpartners.com.au","supplier_link","https://www.motelpartners.com.au/post/why-motels-arent-being-built-in-australia","https://www.motelpartners.com.au/post/why-motels-arent-being-built-in-australia","Medium","Review linked page for contact/form/KP details."
"66","supplier_or_procurement_page","18","AU-0450","About Us | Regional Motel Partners","https://motelpartners.com.au","3","https://www.motelpartners.com.au | https://www.motelpartners.com.au/about-us","supplier_link","https://www.motelpartners.com.au/privacy-policy","Privacy Policy","Medium","Review linked page for contact/form/KP details."
"60","kp_context_hint","18","AU-0450","About Us | Regional Motel Partners","https://www.motelpartners.com.au/about-us","1","","role_context","co-founder","erty equities. He has also worked as a portfolio manager at PURE Asset Management. Mike Henshaw Director Mike is also a Co-Founder of PURE Asset Management and has over 31 years’ experience in financial markets. Prior to this role, Mike was the Head of Industrials Research and a member of the execut","Low","Use as a page-level KP hint; confirm person name/title before saving."
"60","kp_context_hint","18","AU-0450","About Us | Regional Motel Partners","https://www.motelpartners.com.au/about-us","1","","role_context","director","e next 5 years and then consider the suitability of an admission to the ASX or a trade sale. ​ Our Team Jonathan Kriska Director Jonathan has over 25 years of experience in financial markets across both stockbroking and funds management, most of which has been focused on the property sector. His exp","Low","Use as a page-level KP hint; confirm person name/title before saving."
"60","kp_context_hint","18","AU-0450","About Us | Regional Motel Partners","https://motelpartners.com.au","3","https://www.motelpartners.com.au | https://www.motelpartners.com.au/about-us","role_context","founder","s access to the high yielding motel sector. We offer wholesale investors the opportunity to invest alongside our equity founders via secured notes. Learn More Why Invest in Motels? Attractive Yields Leasehold motels are high cashflow businesses, offering attractive yields, ​ ​ ​ Tourism Growth Austr","Low","Use as a page-level KP hint; confirm person name/title before saving."
"60","kp_context_hint","18","AU-0450","About Us | Regional Motel Partners","https://www.motelpartners.com.au/about-us","1","","role_context","team","15-20 motels over the next 5 years and then consider the suitability of an admission to the ASX or a trade sale. ​ Our Team Jonathan Kriska Director Jonathan has over 25 years of experience in financial markets across both stockbroking and funds management, most of which has been focused on the pro","Low","Use as a page-level KP hint; confirm person name/title before saving."
"50","kp_context_hint","18","AU-0450","About Us | Regional Motel Partners","https://www.motelpartners.com.au/about-us","1","","role_context","leadership","ience in financial markets. Prior to this role, Mike was the Head of Industrials Research and a member of the executive leadership team at Petra Capital. During his tenure at Petra Capital, Mike was involved in raising over $2 billion to assist emerging Australian companies in their growth aspiratio","Low","Use as a page-level KP hint; confirm person name/title before saving."
"50","kp_context_hint","18","AU-0450","About Us | Regional Motel Partners","https://motelpartners.com.au","3","https://www.motelpartners.com.au | https://www.motelpartners.com.au/about-us","role_context","management","rmance Upside Opportunity to improve the performance of previously family-run businesses by adopting superior financial management and best in class operational management. Stable Business Model Motels are very resilient businesses due to consitent local and business demand. Significantly more so th","Low","Use as a page-level KP hint; confirm person name/title before saving."
"50","kp_context_hint","18","AU-0450","About Us | Regional Motel Partners","https://motelpartners.com.au","2","https://www.motelpartners.com.au","role_context","operations","ess unchanged for 30 years, ​ Cottage Industry The motel industry is still mostly run and owned by small private family operations, providing scope for consolidation. -How to Invest - Find out how a secured note investment in Regional Motel Partners works Learn More Insights How Motels in Australia","Low","Use as a page-level KP hint; confirm person name/title before saving."
"45","manual_linkedin_search","18","AU-0450","About Us | Regional Motel Partners","queue_public_linkedin_query","1","","linkedin_search_url","https://www.google.com/search?q=site%3Alinkedin.com%2Fin+%22About+Us+%7C+Regional+Motel+Partners%22+Australia+director+OR+operations+OR+procurement","site:linkedin.com/in ""About Us | Regional Motel Partners"" Australia director OR operations OR procurement","Low","Manual search URL for public LinkedIn result review; save only a matched personal/company URL with confidence notes."
"13","technical_status","18","AU-0450","About Us | Regional Motel Partners","https://motelpartners.com.au","2","https://www.motelpartners.com.au","fetch_status","https://motelpartners.com.au","","High","Fetch status: 200. Use only if page fetched successfully."
"13","technical_status","18","AU-0450","About Us | Regional Motel Partners","https://www.motelpartners.com.au/about-us","1","","fetch_status","https://www.motelpartners.com.au/about-us","","High","Fetch status: 200. Use only if page fetched successfully."
"108","company_email","19","AU-0325","About Us – The Catering Group","http://thecateringgroup.com.au/contact-us/","1","","email","02%208530%201668","02 8530 1668","High","Mailto link; save with source/confidence note and review again before outreach."
"98","phone_candidate","19","AU-0325","About Us – The Catering Group","https://thecateringgroup.com.au","12","http://thecateringgroup.com.au/contact-us/ | https://thecateringgroup.com.au/about-us/","phone","02%208530%201668","Phone Number :","High","Tel link; save with source/confidence note and review again before outreach."
"89","possible_key_person","19","AU-0325","About Us – The Catering Group","https://thecateringgroup.com.au/about-us/","1","","key_person_name","Coordinator Calek Alshowaiheen","operations: f (Events) Brigitte Dalziell Functions and Events Coordinator Calek Alshowaiheen Operations Manager Work with us Careers The Catering Group is always looking to grow our team. We h","Medium","Person name found near 'operations' role. Verify person/company fit before saving to contacts."
"89","possible_key_person","19","AU-0325","About Us – The Catering Group","https://thecateringgroup.com.au/about-us/","1","","key_person_name","Greg Barclay","unknown: t Us Our Story Founded in 2019 by Adham Aston and Greg Barclay, The Catering Group was built on a shared vision: to help guests create fun and memorable experienc","Medium","Person name found near 'unknown' role. Verify person/company fit before saving to contacts."
"88","team_or_about_page","19","AU-0325","About Us – The Catering Group","https://thecateringgroup.com.au","24","http://thecateringgroup.com.au/contact-us/ | https://thecateringgroup.com.au/about-us/","team_link","https://thecateringgroup.com.au/about-us/","About Us","Medium","Review linked page for contact/form/KP details."
"72","company_contact_page","19","AU-0325","About Us – The Catering Group","https://thecateringgroup.com.au","2","https://thecateringgroup.com.au/about-us/","contact_link","http://thecateringgroup.com.au/contact-us/","","Medium","Review linked page for contact/form/KP details."
"72","company_contact_page","19","AU-0325","About Us – The Catering Group","https://thecateringgroup.com.au","26","http://thecateringgroup.com.au/contact-us/ | https://thecateringgroup.com.au/about-us/","contact_link","https://thecateringgroup.com.au/contact-us/","https://thecateringgroup.com.au/contact-us/","Medium","Review linked page for contact/form/KP details."
"72","events_or_functions_contact","19","AU-0325","About Us – The Catering Group","https://thecateringgroup.com.au","24","http://thecateringgroup.com.au/contact-us/ | https://thecateringgroup.com.au/about-us/","contact_link","https://thecateringgroup.com.au/events/","Events","Medium","Review linked page for contact/form/KP details."
"60","kp_context_hint","19","AU-0325","About Us – The Catering Group","https://thecateringgroup.com.au/about-us/","1","","role_context","operations","hef (Venues) Ivalu Otaiza Executive Chef (Events) Brigitte Dalziell Functions and Events Coordinator Calek Alshowaiheen Operations Manager Work with us Careers The Catering Group is always looking to grow our team. We have a range of casual, part-time and full-time positions across our venues and he","Low","Use as a page-level KP hint; confirm person name/title before saving."
"50","kp_context_hint","19","AU-0325","About Us – The Catering Group","https://thecateringgroup.com.au/about-us/","1","","role_context","ceo","propelling The Catering Group towards its goal of becoming a leading force in the industry. Meet The Team Greg Barclay CEO Adham Aston COO Caleb Moras-Smith Executive Chef (Venues) Ivalu Otaiza Executive Chef (Events) Brigitte Dalziell Functions and Events Coordinator Calek Alshowaiheen Operations","Low","Use as a page-level KP hint; confirm person name/title before saving."
"50","kp_context_hint","19","AU-0325","About Us – The Catering Group","https://thecateringgroup.com.au","1","","role_context","culinary","fect Spaces for Every Event! BOOK NOW Iluka on Baywater Welcome to Iluka on Baywater, your destination for a delightful culinary journey in Wentworth Point. Lantern Club Indulge in the vibrant flavours of the Mediterranean at Mazi, nestled within Lantern Club. Springwood Sports Club Welcome to Gathe","Low","Use as a page-level KP hint; confirm person name/title before saving."
"50","kp_context_hint","19","AU-0325","About Us – The Catering Group","https://thecateringgroup.com.au","3","http://thecateringgroup.com.au/contact-us/ | https://thecateringgroup.com.au/about-us/","role_context","events","ering Group Skip to content The Catering Group Home + About Us + Venues + Home + About Us + Venues + The Catering Group Events + Contact Us + Events + Contact Us + The Catering Group Home + About Us + Venues + Home + About Us + Venues + The Catering Group Events + Contact Us + Events + Contact Us +","Low","Use as a page-level KP hint; confirm person name/title before saving."
"50","kp_context_hint","19","AU-0325","About Us – The Catering Group","https://thecateringgroup.com.au","2","https://thecateringgroup.com.au/about-us/","role_context","staff","s consistent and hassle-free. But we don’t just deliver great food — we handle the details too. From equipment hire and staffing to full event styling, our team is here to support you every step of the way. Get in touch today to start planning your next event. BOOK NOW Explore Our Menus Our menus ar","Low","Use as a page-level KP hint; confirm person name/title before saving."
"50","kp_context_hint","19","AU-0325","About Us – The Catering Group","https://thecateringgroup.com.au","2","https://thecateringgroup.com.au/about-us/","role_context","team","itality expertise, propelling The Catering Group towards its goal of becoming a leading force in the industry. Meet The Team Greg Barclay CEO Adham Aston COO Caleb Moras-Smith Executive Chef (Venues) Ivalu Otaiza Executive Chef (Events) Brigitte Dalziell Functions and Events Coordinator Calek Alshow","Low","Use as a page-level KP hint; confirm person name/title before saving."
"45","manual_linkedin_search","19","AU-0325","About Us – The Catering Group","queue_public_linkedin_query","1","","linkedin_search_url","https://www.google.com/search?q=site%3Alinkedin.com%2Fin+%22About+Us+%E2%80%93+The+Catering+Group%22+Australia+director+OR+operations+OR+procurement","site:linkedin.com/in ""About Us – The Catering Group"" Australia director OR operations OR procurement","Low","Manual search URL for public LinkedIn result review; save only a matched personal/company URL with confidence notes."
"13","technical_status","19","AU-0325","About Us – The Catering Group","http://thecateringgroup.com.au/contact-us/","1","","fetch_status","http://thecateringgroup.com.au/contact-us/","","High","Fetch status: 200. Use only if page fetched successfully."
"13","technical_status","19","AU-0325","About Us – The Catering Group","https://thecateringgroup.com.au","1","","fetch_status","https://thecateringgroup.com.au","","High","Fetch status: 200. Use only if page fetched successfully."
"13","technical_status","19","AU-0325","About Us – The Catering Group","https://thecateringgroup.com.au/about-us/","1","","fetch_status","https://thecateringgroup.com.au/about-us/","","High","Fetch status: 200. Use only if page fetched successfully."
"88","team_or_about_page","20","AU-0206","Atlantic Group","https://atlanticgroup.com.au","3","https://atlanticgroup.com.au/#contact_popup_form | https://atlanticgroup.com.au/about-us/careers/","team_link","https://atlanticgroup.com.au/about-us/careers/","CAREERS","Medium","Review linked page for contact/form/KP details."
"88","team_or_about_page","20","AU-0206","Atlantic Group","https://atlanticgroup.com.au","3","https://atlanticgroup.com.au/#contact_popup_form | https://atlanticgroup.com.au/about-us/careers/","team_link","https://atlanticgroup.com.au/about-us/our-story/","ABOUT US","Medium","Review linked page for contact/form/KP details."
"72","company_contact_page","20","AU-0206","Atlantic Group","https://atlanticgroup.com.au","10","https://atlanticgroup.com.au/#contact_popup_form","contact_link","https://atlanticgroup.com.au/#contact_popup_form","Enquire now","Medium","Review linked page for contact/form/KP details."
"72","company_contact_page","20","AU-0206","Atlantic Group","https://atlanticgroup.com.au/about-us/careers/","3","","contact_link","https://atlanticgroup.com.au/about-us/careers/#contact_popup_form","Enquire now","Medium","Review linked page for contact/form/KP details."
"72","company_contact_page","20","AU-0206","Atlantic Group","https://atlanticgroup.com.au","3","https://atlanticgroup.com.au/#contact_popup_form | https://atlanticgroup.com.au/about-us/careers/","contact_link","https://atlanticgroup.com.au/contact/","CONTACT US","Medium","Review linked page for contact/form/KP details."
"72","company_contact_page","20","AU-0206","Atlantic Group","https://atlanticgroup.com.au","3","https://atlanticgroup.com.au/#contact_popup_form | https://atlanticgroup.com.au/about-us/careers/","contact_link","https://atlanticgroup.com.au/general-enquiry/","General Enquiry","Medium","Review linked page for contact/form/KP details."
"72","events_or_functions_contact","20","AU-0206","Atlantic Group","https://atlanticgroup.com.au","14","https://atlanticgroup.com.au/#contact_popup_form | https://atlanticgroup.com.au/about-us/careers/","contact_link","https://atlanticgroup.com.au/corporate-events/","Corporate Function Venues","Medium","Review linked page for contact/form/KP details."
"72","events_or_functions_contact","20","AU-0206","Atlantic Group","https://atlanticgroup.com.au","3","https://atlanticgroup.com.au/#contact_popup_form | https://atlanticgroup.com.au/about-us/careers/","contact_link","https://atlanticgroup.com.au/event-enquiry/","Event Enquiry","Medium","Review linked page for contact/form/KP details."
"72","events_or_functions_contact","20","AU-0206","Atlantic Group","https://atlanticgroup.com.au","6","https://atlanticgroup.com.au/#contact_popup_form | https://atlanticgroup.com.au/about-us/careers/","contact_link","https://atlanticgroup.com.au/major-events/","MAJOR EVENTS","Medium","Review linked page for contact/form/KP details."
"70","company_linkedin","20","AU-0206","Atlantic Group","https://atlanticgroup.com.au","3","https://atlanticgroup.com.au/#contact_popup_form | https://atlanticgroup.com.au/about-us/careers/","company_linkedin_url","https://www.linkedin.com/company/1265690","https://www.linkedin.com/company/1265690","Low","Use as a manual LinkedIn review URL; do not treat as verified direct contact until person/company fit is confirmed."
"50","kp_context_hint","20","AU-0206","Atlantic Group","https://atlanticgroup.com.au","2","https://atlanticgroup.com.au/#contact_popup_form","role_context","culinary",". One is never enough. With a goal that is nothing short of perfection every time, we’re bringing style, innovation and culinary creativity to your occasion. We give you the chance to dine in style, offering up scrumptious food at a range of Melbourne locations, including exceptional waterfront venu","Low","Use as a page-level KP hint; confirm person name/title before saving."
"50","kp_context_hint","20","AU-0206","Atlantic Group","https://atlanticgroup.com.au","3","https://atlanticgroup.com.au/#contact_popup_form | https://atlanticgroup.com.au/about-us/careers/","role_context","events","s For Hire in Melbourne | Atlantic Group Enquire now | +61 3 8623 9600 MENU WHATS ON WEDDINGS PRIVATE PARTIES CORPORATE EVENTS EXTERNAL CATERING BARS & RESTAURANTS BARS THE DEN RESTAURANTS THE ATLANTIC Sushi Baby VENUES 408 THE VENUE CIEL THE VENUE GARDENS HOUSE SOPHIA PORT MELB YACHT CLUB THE GOODS","Low","Use as a page-level KP hint; confirm person name/title before saving."
"50","kp_context_hint","20","AU-0206","Atlantic Group","https://atlanticgroup.com.au","2","https://atlanticgroup.com.au/#contact_popup_form","role_context","staff","am to cater your next event in the location of your choosing. Think carefully curated cocktails, meticulously manicured staff and sophisticated yet ambitious menus. Completely crafted to exceed every expectation, the potential is limitless when you choose from our vast range of venues. Whether you h","Low","Use as a page-level KP hint; confirm person name/title before saving."
"50","kp_context_hint","20","AU-0206","Atlantic Group","https://atlanticgroup.com.au","2","https://atlanticgroup.com.au/#contact_popup_form","role_context","team","ry style of occasion, ambience and desired experience. PREMIUM CATERING IN MELBOURNE CBD AND ACROSS THE CITY Engage our team to cater your next event in the location of your choosing. Think carefully curated cocktails, meticulously manicured staff and sophisticated yet ambitious menus. Completely cr","Low","Use as a page-level KP hint; confirm person name/title before saving."
"45","manual_linkedin_search","20","AU-0206","Atlantic Group","queue_public_linkedin_query","1","","linkedin_search_url","https://www.google.com/search?q=site%3Alinkedin.com%2Fin+%22Atlantic+Group%22+Australia+director+OR+operations+OR+procurement","site:linkedin.com/in ""Atlantic Group"" Australia director OR operations OR procurement","Low","Manual search URL for public LinkedIn result review; save only a matched personal/company URL with confidence notes."
"13","technical_status","20","AU-0206","Atlantic Group","https://atlanticgroup.com.au","2","https://atlanticgroup.com.au/#contact_popup_form","fetch_status","https://atlanticgroup.com.au","","High","Fetch status: 200. Use only if page fetched successfully."
"13","technical_status","20","AU-0206","Atlantic Group","https://atlanticgroup.com.au/about-us/careers/","1","","fetch_status","https://atlanticgroup.com.au/about-us/careers/","","High","Fetch status: 200. Use only if page fetched successfully."
