"priority_score","review_bucket","queue_rank","lead_id","company_name","source_url","source_count","additional_source_urls","candidate_type","candidate_value","candidate_context","confidence_suggestion","save_recommendation"
"88","team_or_about_page","1","LEAD-0166","H&J Restaurants","https://www.hjrestaurants.com.au/","6","https://www.hjrestaurants.com.au/about | https://www.hjrestaurants.com.au/contact","team_link","https://www.hjrestaurants.com.au/about","About Us","Medium","Review linked page for contact/form/KP details."
"72","company_contact_page","1","LEAD-0166","H&J Restaurants","https://www.hjrestaurants.com.au/","11","https://www.hjrestaurants.com.au/about | https://www.hjrestaurants.com.au/contact","contact_link","https://www.hjrestaurants.com.au/contact","Contact us","Medium","Review linked page for contact/form/KP details."
"60","kp_context_hint","1","LEAD-0166","H&J Restaurants","https://www.hjrestaurants.com.au/about","1","","role_context","ceo","tions reflect our commitment to ethical business practices and respect for our community. Leadership Jayantha Warnakula CEO Harsha Kumarasingha Managing Director Get in touch with us Say Hi Our office Restaurants address 226 Flinders Lane, Melbourne, 3000 Victoria Australia Mail address PO Box 163 F","Low","Use as a page-level KP hint; confirm person name/title before saving."
"60","kp_context_hint","1","LEAD-0166","H&J Restaurants","https://www.hjrestaurants.com.au/about","1","","role_context","director","thical business practices and respect for our community. Leadership Jayantha Warnakula CEO Harsha Kumarasingha Managing Director Get in touch with us Say Hi Our office Restaurants address 226 Flinders Lane, Melbourne, 3000 Victoria Australia Mail address PO Box 163 Flinders Lane, Melbourne, 3000 Vic","Low","Use as a page-level KP hint; confirm person name/title before saving."
"60","kp_context_hint","1","LEAD-0166","H&J Restaurants","https://www.hjrestaurants.com.au/about","1","","role_context","leadership","sparency, ensuring that our actions reflect our commitment to ethical business practices and respect for our community. Leadership Jayantha Warnakula CEO Harsha Kumarasingha Managing Director Get in touch with us Say Hi Our office Restaurants address 226 Flinders Lane, Melbourne, 3000 Victoria Austr","Low","Use as a page-level KP hint; confirm person name/title before saving."
"60","kp_context_hint","1","LEAD-0166","H&J Restaurants","https://www.hjrestaurants.com.au/about","1","","role_context","managing director","ment to ethical business practices and respect for our community. Leadership Jayantha Warnakula CEO Harsha Kumarasingha Managing Director Get in touch with us Say Hi Our office Restaurants address 226 Flinders Lane, Melbourne, 3000 Victoria Australia Mail address PO Box 163 Flinders Lane, Melbourne,","Low","Use as a page-level KP hint; confirm person name/title before saving."
"50","kp_context_hint","1","LEAD-0166","H&J Restaurants","https://www.hjrestaurants.com.au/","2","https://www.hjrestaurants.com.au/about","role_context","culinary","lcoming atmosphere. We’ve worked with great restaurant chains around the world Our previous ventures Our journey in the culinary world is marked by a series of successful restaurant projects, each with its own unique concept and flair. From the rustic charm of 'Harvest Haven,' a farm-to-table experi","Low","Use as a page-level KP hint; confirm person name/title before saving."
"50","kp_context_hint","1","LEAD-0166","H&J Restaurants","https://www.hjrestaurants.com.au/","1","","role_context","events","ghtfully crafted meals, every visit promises to be a memorable culinary journey that delights all the senses. Exclusive Events. Guests can look forward to special events and exclusive dining experiences, including chef’s tables, tasting menus, and live entertainment that enhance the overall dining e","Low","Use as a page-level KP hint; confirm person name/title before saving."
"50","kp_context_hint","1","LEAD-0166","H&J Restaurants","https://www.hjrestaurants.com.au/about","1","","role_context","people","ions 6 Pop-up restaurants 2 Our culture - Passion for Excellence, Commitment to Community We are a group of like-minded people who share the same core values. Customer Focus. We prioritize our customers’ needs and strive to provide exceptional service and memorable dining experiences for every guest","Low","Use as a page-level KP hint; confirm person name/title before saving."
"50","kp_context_hint","1","LEAD-0166","H&J Restaurants","https://www.hjrestaurants.com.au/","1","","role_context","projects","around the world Our previous ventures Our journey in the culinary world is marked by a series of successful restaurant projects, each with its own unique concept and flair. From the rustic charm of 'Harvest Haven,' a farm-to-table experience that celebrates local produce and sustainable eating. 202","Low","Use as a page-level KP hint; confirm person name/title before saving."
"45","manual_linkedin_search","1","LEAD-0166","H&J Restaurants","queue_public_linkedin_query","1","","linkedin_search_url","https://www.google.com/search?q=site%3Alinkedin.com%2Fin+%22H%26J+Restaurants%22+Australia+director+OR+operations+OR+procurement","site:linkedin.com/in ""H&J Restaurants"" Australia director OR operations OR procurement","Low","Manual search URL for public LinkedIn result review; save only a matched personal/company URL with confidence notes."
"13","technical_status","1","LEAD-0166","H&J Restaurants","https://www.hjrestaurants.com.au/","1","","fetch_status","https://www.hjrestaurants.com.au/","","High","Fetch status: 200. Use only if page fetched successfully."
"13","technical_status","1","LEAD-0166","H&J Restaurants","https://www.hjrestaurants.com.au/about","1","","fetch_status","https://www.hjrestaurants.com.au/about","","High","Fetch status: 200. Use only if page fetched successfully."
"13","technical_status","1","LEAD-0166","H&J Restaurants","https://www.hjrestaurants.com.au/contact","1","","fetch_status","https://www.hjrestaurants.com.au/contact","","High","Fetch status: 200. Use only if page fetched successfully."
"88","team_or_about_page","2","LEAD-0181","Crystalbrook Collection","https://www.crystalbrookcollection.com/","3","https://www.crystalbrookcollection.com/bailey-books | https://www.crystalbrookcollection.com/blog-artevents","team_link","https://www.crystalbrookcollection.com/hotel-management-agreements","Hotel Management Agreements","Medium","Review linked page for contact/form/KP details."
"88","team_or_about_page","2","LEAD-0181","Crystalbrook Collection","https://www.crystalbrookcollection.com/","4","https://www.crystalbrookcollection.com/bailey-books | https://www.crystalbrookcollection.com/blog-artevents","team_link","https://www.crystalbrookcollection.com/more/about-us","Discover More","Medium","Review linked page for contact/form/KP details."
"76","booking_form_candidate","2","LEAD-0181","Crystalbrook Collection","https://www.crystalbrookcollection.com/","3","https://www.crystalbrookcollection.com/bailey-books | https://www.crystalbrookcollection.com/blog-artevents","contact_form","https://www.crystalbrookcollection.com/skins/skin-crystal-brook-collection/assets/desktop/php/book.php","booking_form form method=post action=/skins/skin-crystal-brook-collection/assets/desktop/php/book.php Booking Form Select Destination Destination Brisbane Crystalbrook Vincent Byron Bay Crystalbrook Byron Cairns Crystalbrook Riley Crystalbrook Flynn Crystalbrook Bailey Newcastle Crystalbrook Kingsley Sydney Crystalbrook Albion Select Date Select Guests Adults − + Children − + Rooms − + Promo Code Please select destination Enquire Now Check Availability","High","Official page contains a form; save as company_contact_form_url only if it is a contact/enquiry form, not only a booking widget."
"72","company_contact_page","2","LEAD-0181","Crystalbrook Collection","https://www.crystalbrookcollection.com/","1","","contact_link","https://www.crystalbrookcollection.com/bailey-books","Read More","Medium","Review linked page for contact/form/KP details."
"72","company_contact_page","2","LEAD-0181","Crystalbrook Collection","https://www.crystalbrookcollection.com/","6","https://www.crystalbrookcollection.com/bailey-books | https://www.crystalbrookcollection.com/blog-artevents","contact_link","https://www.crystalbrookcollection.com/contact-us","Contact","Medium","Review linked page for contact/form/KP details."
"72","company_contact_page","2","LEAD-0181","Crystalbrook Collection","https://www.crystalbrookcollection.com/","3","https://www.crystalbrookcollection.com/bailey-books | https://www.crystalbrookcollection.com/blog-artevents","contact_link","https://www.crystalbrookcollection.com/make-enquiry","Make an Enquiry","Medium","Review linked page for contact/form/KP details."
"72","events_or_functions_contact","2","LEAD-0181","Crystalbrook Collection","https://www.crystalbrookcollection.com/","1","","contact_link","https://www.crystalbrookcollection.com/blog-artevents","Read More","Medium","Review linked page for contact/form/KP details."
"72","events_or_functions_contact","2","LEAD-0181","Crystalbrook Collection","https://www.crystalbrookcollection.com/","1","","contact_link","https://www.crystalbrookcollection.com/blog-byron-bay-events","Read More","Medium","Review linked page for contact/form/KP details."
"72","events_or_functions_contact","2","LEAD-0181","Crystalbrook Collection","https://www.crystalbrookcollection.com/","1","","contact_link","https://www.crystalbrookcollection.com/blog-the-best-byron-bay-restaurants-for-groups-and-events?_=1679871525007","Read More","Medium","Review linked page for contact/form/KP details."
"72","events_or_functions_contact","2","LEAD-0181","Crystalbrook Collection","https://www.crystalbrookcollection.com/","1","","contact_link","https://www.crystalbrookcollection.com/brisbane-accommodation-for-major-events","Read More","Medium","Review linked page for contact/form/KP details."
"72","events_or_functions_contact","2","LEAD-0181","Crystalbrook Collection","https://www.crystalbrookcollection.com/blog-artevents","1","","contact_link","https://www.crystalbrookcollection.com/cairns-venues","events","Medium","Review linked page for contact/form/KP details."
"72","events_or_functions_contact","2","LEAD-0181","Crystalbrook Collection","https://www.crystalbrookcollection.com/","3","https://www.crystalbrookcollection.com/bailey-books | https://www.crystalbrookcollection.com/blog-artevents","contact_link","https://www.crystalbrookcollection.com/event-spaces","Meetings and Events","Medium","Review linked page for contact/form/KP details."
"72","events_or_functions_contact","2","LEAD-0181","Crystalbrook Collection","https://www.crystalbrookcollection.com/","3","https://www.crystalbrookcollection.com/bailey-books | https://www.crystalbrookcollection.com/blog-artevents","contact_link","https://www.crystalbrookcollection.com/vincent/events","Crystalbrook Vincent Event Spaces","Medium","Review linked page for contact/form/KP details."
"70","company_linkedin","2","LEAD-0181","Crystalbrook Collection","https://www.crystalbrookcollection.com/","3","https://www.crystalbrookcollection.com/bailey-books | https://www.crystalbrookcollection.com/blog-artevents","company_linkedin_url","https://au.linkedin.com/company/crystalbrookcollection","LinkedIn","Low","Use as a manual LinkedIn review URL; do not treat as verified direct contact until person/company fit is confirmed."
"66","supplier_or_procurement_page","2","LEAD-0181","Crystalbrook Collection","https://www.crystalbrookcollection.com/","3","https://www.crystalbrookcollection.com/bailey-books | https://www.crystalbrookcollection.com/blog-artevents","supplier_link","https://www.crystalbrookcollection.com/our-partners","Our Partners","Medium","Review linked page for contact/form/KP details."
"60","kp_context_hint","2","LEAD-0181","Crystalbrook Collection","https://www.crystalbrookcollection.com/","1","","role_context","founder","e Exploring the World's Best Hotel Bars and Australian Gems Read More Byron Bay Bound: Summer Packing Tips from Spell's Founders Read More When the Sun Goes Down: Cairns After Dusk Read More Budget to Balling: Must do Tropical Adventure Experiences Read more Tropical Islands Getaways Close to Cairns","Low","Use as a page-level KP hint; confirm person name/title before saving."
"60","kp_context_hint","2","LEAD-0181","Crystalbrook Collection","https://www.crystalbrookcollection.com/","3","https://www.crystalbrookcollection.com/bailey-books | https://www.crystalbrookcollection.com/blog-artevents","role_context","owner","eet Port Douglas, Queensland Crystalbrook Collection acknowledges the Traditional Aboriginal and Torres Strait Islander Owners of the land, sea and waters of the Australian continent, and recognise their custodianship of culture and Country for over 60,000 years. We acknowledge and extend our respec","Low","Use as a page-level KP hint; confirm person name/title before saving."
"50","kp_context_hint","2","LEAD-0181","Crystalbrook Collection","https://www.crystalbrookcollection.com/","1","","role_context","culinary","on a smorgasbord of tasty treats at Boardwalk Social. Take Me There Crystalbrook Vincent’s Restaurants and Bars Go on a culinary journey at Crystalbrook Vincent, starting with Mews, our charming neighbourhood spot where breakfast and brunch are more than just a meal. Then, soak up the sweeping river","Low","Use as a page-level KP hint; confirm person name/title before saving."
"50","kp_context_hint","2","LEAD-0181","Crystalbrook Collection","https://www.crystalbrookcollection.com/","3","https://www.crystalbrookcollection.com/bailey-books | https://www.crystalbrookcollection.com/blog-artevents","role_context","events","me Day Spa at Crystalbrook Flynn Eléme Day Spa at Crystalbrook Riley Byron Bay, NSW Eléme Day Spa at Crystalbrook Byron Events Meetings + Events Event Spaces + Venues Make an Enquiry Cairns Crystalbrook Bailey Event Spaces Crystalbrook Flynn Event Spaces Crystalbrook Riley Event Spaces Weddings in C","Low","Use as a page-level KP hint; confirm person name/title before saving."
"50","kp_context_hint","2","LEAD-0181","Crystalbrook Collection","https://www.crystalbrookcollection.com/","3","https://www.crystalbrookcollection.com/bailey-books | https://www.crystalbrookcollection.com/blog-artevents","role_context","management","Gift Cards Careers More Our Story Destinations Superyacht Marina Gallery Journal Awards Development Our Partners Hotel Management Agreements byron-contests Media Subscribe Sustainability Careers Contact Privacy © 2026 Crystalbrook Collection. All rights reserved. Booking Form Select Destination Des","Low","Use as a page-level KP hint; confirm person name/title before saving."
"50","kp_context_hint","2","LEAD-0181","Crystalbrook Collection","https://www.crystalbrookcollection.com/","2","https://www.crystalbrookcollection.com/blog-artevents","role_context","people","ry Because the little things make a big difference Travel with a lighter footprint We love our planet, its wildlife and people. We enjoy contemporary living through attitude, design, technology and a passion for a better, more sustainable world – what we call #responsibleluxury. We embrace environme","Low","Use as a page-level KP hint; confirm person name/title before saving."
"50","kp_context_hint","2","LEAD-0181","Crystalbrook Collection","https://www.crystalbrookcollection.com/","1","","role_context","team","us Heritage Read More Go on a sweet hunt at the top dessert places Brisbane has to offer Read More Our guide to sauna, steam and slowing down Read More View all articles Save 10% on hotels, restaurants and bars Join Crystalbrook Crowd Join Now Crystalbrook Riley 131-141 Esplanade Cairns, Queensland","Low","Use as a page-level KP hint; confirm person name/title before saving."
"45","manual_linkedin_search","2","LEAD-0181","Crystalbrook Collection","queue_public_linkedin_query","1","","linkedin_search_url","https://www.google.com/search?q=site%3Alinkedin.com%2Fin+%22Crystalbrook+Collection%22+Australia+director+OR+operations+OR+procurement","site:linkedin.com/in ""Crystalbrook Collection"" Australia director OR operations OR procurement","Low","Manual search URL for public LinkedIn result review; save only a matched personal/company URL with confidence notes."
"13","technical_status","2","LEAD-0181","Crystalbrook Collection","https://www.crystalbrookcollection.com/","1","","fetch_status","https://www.crystalbrookcollection.com/","","High","Fetch status: 200. Use only if page fetched successfully."
"13","technical_status","2","LEAD-0181","Crystalbrook Collection","https://www.crystalbrookcollection.com/bailey-books","1","","fetch_status","https://www.crystalbrookcollection.com/bailey-books","","High","Fetch status: 200. Use only if page fetched successfully."
"13","technical_status","2","LEAD-0181","Crystalbrook Collection","https://www.crystalbrookcollection.com/blog-artevents","1","","fetch_status","https://www.crystalbrookcollection.com/blog-artevents","","High","Fetch status: 200. Use only if page fetched successfully."
"98","phone_candidate","3","LEAD-0193","Meriton Suites","https://www.meritonsuites.com.au/","4","https://www.meritonsuites.com.au/contact-us/ | https://www.meritonsuites.com.au/latest-events/","phone","0800556691","0800 556 691","High","Tel link; save with source/confidence note and review again before outreach."
"98","phone_candidate","3","LEAD-0193","Meriton Suites","https://www.meritonsuites.com.au/","3","https://www.meritonsuites.com.au/contact-us/ | https://www.meritonsuites.com.au/latest-events/","phone","69115511281","(69 115 511 281)","High","Tel link; save with source/confidence note and review again before outreach."
"94","phone_candidate","3","LEAD-0193","Meriton Suites","https://www.meritonsuites.com.au/","7","https://www.meritonsuites.com.au/contact-us/ | https://www.meritonsuites.com.au/latest-events/","phone","+61 2 9277 1111","ditions Help Centre Support Australia 1800 214 822 New Zealand 0800 556 691 International +61 2 9277 1111 Contact Us Manage Reservation Prepayment Feedback Form Back to Top We acknowledge the Tra","Medium","Review whether this is company or person phone before saving."
"94","phone_candidate","3","LEAD-0193","Meriton Suites","https://www.meritonsuites.com.au/","7","https://www.meritonsuites.com.au/contact-us/ | https://www.meritonsuites.com.au/latest-events/","phone","1800 214 822","itions Eminence Become A Member Eminence Terms & Conditions Help Centre Support Australia 1800 214 822 New Zealand 0800 556 691 International +61 2 9277 1111 Contact Us Manage Reservation Prep","Medium","Review whether this is company or person phone before saving."
"88","team_or_about_page","3","LEAD-0193","Meriton Suites","https://www.meritonsuites.com.au/","3","https://www.meritonsuites.com.au/contact-us/ | https://www.meritonsuites.com.au/latest-events/","team_link","https://www.meritonsuites.com.au/leadership/","Leadership Team","Medium","Review linked page for contact/form/KP details."
"88","team_or_about_page","3","LEAD-0193","Meriton Suites","https://www.meritonsuites.com.au/","1","","team_link","https://www.meritonsuites.com.au/our-hotels/nsw/","It's all about the location","Medium","Review linked page for contact/form/KP details."
"72","company_contact_page","3","LEAD-0193","Meriton Suites","https://www.meritonsuites.com.au/","1","","contact_link","https://reservations.meritonsuites.com.au/?chain=12196&level=chain","Book Now","Medium","Review linked page for contact/form/KP details."
"72","company_contact_page","3","LEAD-0193","Meriton Suites","https://www.meritonsuites.com.au/","6","https://www.meritonsuites.com.au/contact-us/ | https://www.meritonsuites.com.au/latest-events/","contact_link","https://www.meritonsuites.com.au/contact-us/","Contact Us","Medium","Review linked page for contact/form/KP details."
"72","events_or_functions_contact","3","LEAD-0193","Meriton Suites","https://www.meritonsuites.com.au/","3","https://www.meritonsuites.com.au/contact-us/ | https://www.meritonsuites.com.au/latest-events/","contact_link","https://www.meritonsuites.com.au/latest-events/","Latest Events","Medium","Review linked page for contact/form/KP details."
"70","company_linkedin","3","LEAD-0193","Meriton Suites","https://www.meritonsuites.com.au/","2","https://www.meritonsuites.com.au/contact-us/","company_linkedin_url","https://www.linkedin.com/company/meritonsuites/","https://www.linkedin.com/company/meritonsuites/","Low","Use as a manual LinkedIn review URL; do not treat as verified direct contact until person/company fit is confirmed."
"60","kp_context_hint","3","LEAD-0193","Meriton Suites","https://www.meritonsuites.com.au/","3","https://www.meritonsuites.com.au/contact-us/ | https://www.meritonsuites.com.au/latest-events/","role_context","owner","our 6,210 hotel suites and signature Penthouse Collection suites across the country. We have become Australia’s largest owner and operator of apartment-style hotel accommodation, delivering professional service with stylish and modern facilities that anticipate our guests’ every comfort. Our hotel s","Low","Use as a page-level KP hint; confirm person name/title before saving."
"50","kp_context_hint","3","LEAD-0193","Meriton Suites","https://www.meritonsuites.com.au/","3","https://www.meritonsuites.com.au/contact-us/ | https://www.meritonsuites.com.au/latest-events/","role_context","events","s Hotel Accommodation Across Australia | Meriton Suites MENU MENU MENU MENU Our Hotels Our Hotels Special Offers Latest Events Our Story Contact Us Online Shop Book Now Check Availability Eminence Join to access exclusive member-only hotel rates. JOIN NOW Your perfect stay reimagined Discover our la","Low","Use as a page-level KP hint; confirm person name/title before saving."
"50","kp_context_hint","3","LEAD-0193","Meriton Suites","https://www.meritonsuites.com.au/","3","https://www.meritonsuites.com.au/contact-us/ | https://www.meritonsuites.com.au/latest-events/","role_context","leadership","ng Commission Corporate Accommodation Elevate Direct 2.0 Extended Stays Gift Cards Giveaway Ts & Cs Group Accommodation Leadership Team Meriton Suites Advantage Newly Renovated Our History Privacy Policy Promotional Conditions Social Media Guidelines Sustainability Terms & Conditions Eminence Become","Low","Use as a page-level KP hint; confirm person name/title before saving."
"50","kp_context_hint","3","LEAD-0193","Meriton Suites","https://www.meritonsuites.com.au/","1","","role_context","people","ys in Sydney Itinerary One of Australia’s most popular cities, Sydney is a buzzing metropolitan filled with interesting people, amazing sights, and delicious food. Whether you’re visiting sunny Sydney for a quick 48-hour layover or planning a luxurious weekend away, we’ve got the inside scoop on how","Low","Use as a page-level KP hint; confirm person name/title before saving."
"50","kp_context_hint","3","LEAD-0193","Meriton Suites","https://www.meritonsuites.com.au/","3","https://www.meritonsuites.com.au/contact-us/ | https://www.meritonsuites.com.au/latest-events/","role_context","team","on Corporate Accommodation Elevate Direct 2.0 Extended Stays Gift Cards Giveaway Ts & Cs Group Accommodation Leadership Team Meriton Suites Advantage Newly Renovated Our History Privacy Policy Promotional Conditions Social Media Guidelines Sustainability Terms & Conditions Eminence Become A Member E","Low","Use as a page-level KP hint; confirm person name/title before saving."
"45","manual_linkedin_search","3","LEAD-0193","Meriton Suites","queue_public_linkedin_query","1","","linkedin_search_url","https://www.google.com/search?q=site%3Alinkedin.com%2Fin+%22Meriton+Suites%22+Australia+director+OR+operations+OR+procurement","site:linkedin.com/in ""Meriton Suites"" Australia director OR operations OR procurement","Low","Manual search URL for public LinkedIn result review; save only a matched personal/company URL with confidence notes."
"13","technical_status","3","LEAD-0193","Meriton Suites","https://www.meritonsuites.com.au/","1","","fetch_status","https://www.meritonsuites.com.au/","","High","Fetch status: 200. Use only if page fetched successfully."
"13","technical_status","3","LEAD-0193","Meriton Suites","https://www.meritonsuites.com.au/contact-us/","1","","fetch_status","https://www.meritonsuites.com.au/contact-us/","","High","Fetch status: 200. Use only if page fetched successfully."
"13","technical_status","3","LEAD-0193","Meriton Suites","https://www.meritonsuites.com.au/latest-events/","1","","fetch_status","https://www.meritonsuites.com.au/latest-events/","","High","Fetch status: 200. Use only if page fetched successfully."
"98","phone_candidate","4","LEAD-0194","Ovolo Hotels Australia","https://ovolohotels.com/","3","https://ovolohotels.com/ask/ | https://ovolohotels.com/book-ovolo-concierge/","phone","%2B61+2+9331+9000","P +61 2 9331 9000","High","Tel link; save with source/confidence note and review again before outreach."
"98","phone_candidate","4","LEAD-0194","Ovolo Hotels Australia","https://ovolohotels.com/","3","https://ovolohotels.com/ask/ | https://ovolohotels.com/book-ovolo-concierge/","phone","%2B852+5705+5388","P +852 5705 5388","High","Tel link; save with source/confidence note and review again before outreach."
"94","phone_candidate","4","LEAD-0194","Ovolo Hotels Australia","https://ovolohotels.com/","3","https://ovolohotels.com/ask/ | https://ovolohotels.com/book-ovolo-concierge/","phone","+61 2 9331 9000","! Australia Ovolo Hotels Australia 6 Cowper Wharf Roadway, Woolloomooloo, NSW Australia P +61 2 9331 9000 Hong Kong 21st Floor 8 Wyndham Street, Central Hong Kong P +852 5705 5388 Join The Club B","Medium","Review whether this is company or person phone before saving."
"72","company_contact_page","4","LEAD-0194","Ovolo Hotels Australia","https://ovolohotels.com/","3","https://ovolohotels.com/ask/ | https://ovolohotels.com/book-ovolo-concierge/","contact_link","https://ovolohotels.com/ask/","Contact","Medium","Review linked page for contact/form/KP details."
"72","company_contact_page","4","LEAD-0194","Ovolo Hotels Australia","https://ovolohotels.com/","2","","contact_link","https://ovolohotels.com/book-ovolo-concierge/","/book-ovolo-concierge/","Medium","Review linked page for contact/form/KP details."
"72","company_contact_page","4","LEAD-0194","Ovolo Hotels Australia","https://ovolohotels.com/book-ovolo-concierge/","1","","contact_link","https://ovolohotels.com/book-ovolo-concierge/brisbane","","Medium","Review linked page for contact/form/KP details."
"72","company_contact_page","4","LEAD-0194","Ovolo Hotels Australia","https://ovolohotels.com/book-ovolo-concierge/","1","","contact_link","https://ovolohotels.com/book-ovolo-concierge/canberra","","Medium","Review linked page for contact/form/KP details."
"72","company_contact_page","4","LEAD-0194","Ovolo Hotels Australia","https://ovolohotels.com/book-ovolo-concierge/","1","","contact_link","https://ovolohotels.com/book-ovolo-concierge/melbourne","","Medium","Review linked page for contact/form/KP details."
"72","company_contact_page","4","LEAD-0194","Ovolo Hotels Australia","https://ovolohotels.com/book-ovolo-concierge/","1","","contact_link","https://ovolohotels.com/book-ovolo-concierge/sydney","","Medium","Review linked page for contact/form/KP details."
"72","company_contact_page","4","LEAD-0194","Ovolo Hotels Australia","https://ovolohotels.com/","3","https://ovolohotels.com/ask/ | https://ovolohotels.com/book-ovolo-concierge/","contact_link","https://ovolohotels.com/takin-care-of-business/","Corporate Enquiries","Medium","Review linked page for contact/form/KP details."
"72","company_contact_page","4","LEAD-0194","Ovolo Hotels Australia","https://ovolohotels.com/book-ovolo-concierge/","1","","contact_link","https://ovolohotels.com/tw/book-ovolo-concierge/","中文 (繁體)","Medium","Review linked page for contact/form/KP details."
"72","company_contact_page","4","LEAD-0194","Ovolo Hotels Australia","https://ovolohotels.com/","11","https://ovolohotels.com/ask/ | https://ovolohotels.com/book-ovolo-concierge/","contact_link","https://ovolohotels.com/why-book-direct/","Book Direct Promise","Medium","Review linked page for contact/form/KP details."
"72","company_contact_page","4","LEAD-0194","Ovolo Hotels Australia","https://ovolohotels.com/book-ovolo-concierge/","1","","contact_link","https://ovolohotels.com/zh/book-ovolo-concierge/","中文 (简体)","Medium","Review linked page for contact/form/KP details."
"72","events_or_functions_contact","4","LEAD-0194","Ovolo Hotels Australia","https://ovolohotels.com/","3","https://ovolohotels.com/ask/ | https://ovolohotels.com/book-ovolo-concierge/","contact_link","https://ovolohotels.com/events/","All Event Spaces","Medium","Review linked page for contact/form/KP details."
"72","events_or_functions_contact","4","LEAD-0194","Ovolo Hotels Australia","https://ovolohotels.com/","3","https://ovolohotels.com/ask/ | https://ovolohotels.com/book-ovolo-concierge/","contact_link","https://ovolohotels.com/events/corporate/","Corporate Events","Medium","Review linked page for contact/form/KP details."
"72","events_or_functions_contact","4","LEAD-0194","Ovolo Hotels Australia","https://ovolohotels.com/","3","https://ovolohotels.com/ask/ | https://ovolohotels.com/book-ovolo-concierge/","contact_link","https://ovolohotels.com/events/weddings/","Weddings","Medium","Review linked page for contact/form/KP details."
"70","company_linkedin","4","LEAD-0194","Ovolo Hotels Australia","https://ovolohotels.com/","3","https://ovolohotels.com/ask/ | https://ovolohotels.com/book-ovolo-concierge/","company_linkedin_url","https://www.linkedin.com/company/ovolo-group-hotels-&-serviced-apartments","https://www.linkedin.com/company/ovolo-group-hotels-&-serviced-apartments","Low","Use as a manual LinkedIn review URL; do not treat as verified direct contact until person/company fit is confirmed."
"50","kp_context_hint","4","LEAD-0194","Ovolo Hotels Australia","https://ovolohotels.com/","1","","role_context","crew","URF. SLEEP. REPEAT. Your ultimate wave-filled escape is here! Wake up to the sound of the ocean, ride with the Rip Curl crew, refuel at Kuta Social Club, chill in… Discover More Ovolo Concierge Book direct & unlock your all-access city pass to hidden bars, foodie faves, luxe spas, epic shows and tra","Low","Use as a page-level KP hint; confirm person name/title before saving."
"50","kp_context_hint","4","LEAD-0194","Ovolo Hotels Australia","https://ovolohotels.com/","3","https://ovolohotels.com/ask/ | https://ovolohotels.com/book-ovolo-concierge/","role_context","events","ia Bar Yarra Hong Kong Southside Cafe Bali, Indonesia Street 32 Kuta Social Club Offers ▾ Australia Hong Kong Indonesia Events ▾ All Event Spaces Corporate Events Weddings Long stay ▾ Australia Hong Kong Bali More ▾ Book Direct Promise Blog Careers Contact VIPooch Corporate Enquiries Sustainability","Low","Use as a page-level KP hint; confirm person name/title before saving."
"50","kp_context_hint","4","LEAD-0194","Ovolo Hotels Australia","https://ovolohotels.com/","1","","role_context","f&b","e The Overstay – 2 Nights TWO NIGHTS IS JUST THE BEGINNING Check in. Settle in. Stay out longer than you meant to. With F&B credit from $50 and Apero Hour every evening, The Overstay was… Discover More It Takes Two COMPLIMENTARY BREAKFAST, APERO HOUR, & LATE CHECKOUT. Book direct before June 30th fo","Low","Use as a page-level KP hint; confirm person name/title before saving."
"50","kp_context_hint","4","LEAD-0194","Ovolo Hotels Australia","https://ovolohotels.com/","3","https://ovolohotels.com/ask/ | https://ovolohotels.com/book-ovolo-concierge/","role_context","management","Mamaka by Ovolo Home Offers Why Book Direct Privacy Policy Website terms and conditions Blog Sitemap Owned by OMG Hotel Management Limited English 中文 (简体) 中文 (繁體)","Low","Use as a page-level KP hint; confirm person name/title before saving."
"50","kp_context_hint","4","LEAD-0194","Ovolo Hotels Australia","https://ovolohotels.com/","3","https://ovolohotels.com/ask/ | https://ovolohotels.com/book-ovolo-concierge/","role_context","people","By Ovolo Collective Hotels Each one unique, each one special. The more you explore, the more you’ll find. Which is why people come for the experience, and stay for the memories. Wonder. Full. Hong Kong The Aberdeen by Ovolo Melbourne, Australia Laneways By Ovolo, Melbourne Bali, Indonesia Mamaka by","Low","Use as a page-level KP hint; confirm person name/title before saving."
"45","manual_linkedin_search","4","LEAD-0194","Ovolo Hotels Australia","queue_public_linkedin_query","1","","linkedin_search_url","https://www.google.com/search?q=site%3Alinkedin.com%2Fin+%22Ovolo+Hotels+Australia%22+Australia+director+OR+operations+OR+procurement","site:linkedin.com/in ""Ovolo Hotels Australia"" Australia director OR operations OR procurement","Low","Manual search URL for public LinkedIn result review; save only a matched personal/company URL with confidence notes."
"13","technical_status","4","LEAD-0194","Ovolo Hotels Australia","https://ovolohotels.com/","1","","fetch_status","https://ovolohotels.com/","","High","Fetch status: 200. Use only if page fetched successfully."
"13","technical_status","4","LEAD-0194","Ovolo Hotels Australia","https://ovolohotels.com/ask/","1","","fetch_status","https://ovolohotels.com/ask/","","High","Fetch status: 200. Use only if page fetched successfully."
"13","technical_status","4","LEAD-0194","Ovolo Hotels Australia","https://ovolohotels.com/book-ovolo-concierge/","1","","fetch_status","https://ovolohotels.com/book-ovolo-concierge/","","High","Fetch status: 200. Use only if page fetched successfully."
"88","team_or_about_page","5","LEAD-0176","Trader House","https://www.traderhouse.com.au/","9","https://www.traderhouse.com.au/about | https://www.traderhouse.com.au/contact-us","team_link","https://www.traderhouse.com.au/about","About","Medium","Review linked page for contact/form/KP details."
"72","company_contact_page","5","LEAD-0176","Trader House","https://www.traderhouse.com.au/","3","https://www.traderhouse.com.au/about | https://www.traderhouse.com.au/contact-us","contact_link","https://www.traderhouse.com.au/contact-us","Contact us","Medium","Review linked page for contact/form/KP details."
"72","events_or_functions_contact","5","LEAD-0176","Trader House","https://www.traderhouse.com.au/","3","https://www.traderhouse.com.au/about | https://www.traderhouse.com.au/contact-us","contact_link","https://www.traderhouse.com.au/events","","Medium","Review linked page for contact/form/KP details."
"72","events_or_functions_contact","5","LEAD-0176","Trader House","https://www.traderhouse.com.au/","9","https://www.traderhouse.com.au/about | https://www.traderhouse.com.au/contact-us","contact_link","https://www.traderhouse.com.au/events-contact","","Medium","Review linked page for contact/form/KP details."
"66","supplier_or_procurement_page","5","LEAD-0176","Trader House","https://www.traderhouse.com.au/about","1","","supplier_link","https://www.traderhouse.com.au/venue-list/bar-miette","Click Here","Medium","Review linked page for contact/form/KP details."
"66","supplier_or_procurement_page","5","LEAD-0176","Trader House","https://www.traderhouse.com.au/about","1","","supplier_link","https://www.traderhouse.com.au/venue-list/supernormal-brisbane","Click Here","Medium","Review linked page for contact/form/KP details."
"60","kp_context_hint","5","LEAD-0176","Trader House","https://www.traderhouse.com.au/about","1","","role_context","owner","tation of each restaurant, bar and retail space are a testament to the vision and diligence of him and his team. Chef & Owner Andrew McConnell Born and raised in the city, Andrew McConnell is the quintessential Melburnian. With a profound passion for produce, cooking, eating, art and design, it’s no","Low","Use as a page-level KP hint; confirm person name/title before saving."
"50","kp_context_hint","5","LEAD-0176","Trader House","https://www.traderhouse.com.au/about","1","","role_context","culinary","Jo McGann. Ours are some of Melbourne’s most iconic and critically acclaimed establishments; they embody the values and culinary culture of Melbourne. They include award-winning restaurants, bars, a pub, a bakery & grocer and specialty butcheries. They are acclaimed locally and internationally for b","Low","Use as a page-level KP hint; confirm person name/title before saving."
"50","kp_context_hint","5","LEAD-0176","Trader House","https://www.traderhouse.com.au/","3","https://www.traderhouse.com.au/about | https://www.traderhouse.com.au/contact-us","role_context","events","Contact Us — Trader House Skip to Content Open Menu Close Menu About Venues Careers Events Event Spaces Contact Our Events Team Stories 0 0 0 0 About Venues Careers Events Event Spaces Contact Our Events Team Stories Open Menu Close Menu About Venues Careers Folde","Low","Use as a page-level KP hint; confirm person name/title before saving."
"50","kp_context_hint","5","LEAD-0176","Trader House","https://www.traderhouse.com.au/","3","https://www.traderhouse.com.au/about | https://www.traderhouse.com.au/contact-us","role_context","people","retail stores by Andrew McConnell & Jo McGann. Trader House acknowledges and pays respect to the Wurundjeri Woi Wurrung people of the Kulin Nation and the Jagera people & Turrbal people of Meanjin, the Traditional Custodians of the lands on which we live, cook, grow and create. We pay respect to the","Low","Use as a page-level KP hint; confirm person name/title before saving."
"50","kp_context_hint","5","LEAD-0176","Trader House","https://www.traderhouse.com.au/","3","https://www.traderhouse.com.au/about | https://www.traderhouse.com.au/contact-us","role_context","team","tact Us — Trader House Skip to Content Open Menu Close Menu About Venues Careers Events Event Spaces Contact Our Events Team Stories 0 0 0 0 About Venues Careers Events Event Spaces Contact Our Events Team Stories Open Menu Close Menu About Venues Careers Folder: Events Back Event Spaces Contact Our","Low","Use as a page-level KP hint; confirm person name/title before saving."
"45","manual_linkedin_search","5","LEAD-0176","Trader House","queue_public_linkedin_query","1","","linkedin_search_url","https://www.google.com/search?q=site%3Alinkedin.com%2Fin+%22Trader+House%22+Australia+director+OR+operations+OR+procurement","site:linkedin.com/in ""Trader House"" Australia director OR operations OR procurement","Low","Manual search URL for public LinkedIn result review; save only a matched personal/company URL with confidence notes."
"13","technical_status","5","LEAD-0176","Trader House","https://www.traderhouse.com.au/","1","","fetch_status","https://www.traderhouse.com.au/","","High","Fetch status: 200. Use only if page fetched successfully."
"13","technical_status","5","LEAD-0176","Trader House","https://www.traderhouse.com.au/about","1","","fetch_status","https://www.traderhouse.com.au/about","","High","Fetch status: 200. Use only if page fetched successfully."
"13","technical_status","5","LEAD-0176","Trader House","https://www.traderhouse.com.au/contact-us","1","","fetch_status","https://www.traderhouse.com.au/contact-us","","High","Fetch status: 200. Use only if page fetched successfully."
"102","official_form_candidate","6","LEAD-0180","AB Hotels","https://www.abhotels.com.au/contact","1","","contact_form","https://www.abhotels.com.au/contact","contact_form form method=unknown action=current page First name * Email * Phone Subject * Write a message * Send","High","Official page contains a form; save as company_contact_form_url only if it is a contact/enquiry form, not only a booking widget."
"88","team_or_about_page","6","LEAD-0180","AB Hotels","https://www.abhotels.com.au/","3","https://www.abhotels.com.au/about | https://www.abhotels.com.au/contact","team_link","https://www.abhotels.com.au/about","https://www.abhotels.com.au/about","Medium","Review linked page for contact/form/KP details."
"72","company_contact_page","6","LEAD-0180","AB Hotels","https://www.abhotels.com.au/","3","https://www.abhotels.com.au/about | https://www.abhotels.com.au/contact","contact_link","https://www.abhotels.com.au/contact","https://www.abhotels.com.au/contact","Medium","Review linked page for contact/form/KP details."
"50","kp_context_hint","6","LEAD-0180","AB Hotels","https://www.abhotels.com.au/","2","https://www.abhotels.com.au/about","role_context","people","tality & good times collide Proudly Pouring Hospitality AB Hotels is built on the belief that good hospitality connects people, enriches neighbourhoods, and supports local culture. Our Venues Harwood Hotel Harwood, NSW, 2465 HARWOOD Kent St Hotel Sydney CBD, NSW, 2000 KENT ST Valla Beach Tavern Vall","Low","Use as a page-level KP hint; confirm person name/title before saving."
"45","manual_linkedin_search","6","LEAD-0180","AB Hotels","queue_public_linkedin_query","1","","linkedin_search_url","https://www.google.com/search?q=site%3Alinkedin.com%2Fin+%22AB+Hotels%22+Australia+director+OR+operations+OR+procurement","site:linkedin.com/in ""AB Hotels"" Australia director OR operations OR procurement","Low","Manual search URL for public LinkedIn result review; save only a matched personal/company URL with confidence notes."
"13","technical_status","6","LEAD-0180","AB Hotels","https://www.abhotels.com.au/","1","","fetch_status","https://www.abhotels.com.au/","","High","Fetch status: 200. Use only if page fetched successfully."
"13","technical_status","6","LEAD-0180","AB Hotels","https://www.abhotels.com.au/about","1","","fetch_status","https://www.abhotels.com.au/about","","High","Fetch status: 200. Use only if page fetched successfully."
"13","technical_status","6","LEAD-0180","AB Hotels","https://www.abhotels.com.au/contact","1","","fetch_status","https://www.abhotels.com.au/contact","","High","Fetch status: 200. Use only if page fetched successfully."
"108","company_email","7","LEAD-0120","ALH Group","https://www.alhgroup.com.au/contact","2","","email","merchandisingteam@alhgroup.com.au","Pty Ltd ACN: 098 212 134 Media enquiries : media@edg.com.au Beverage Supplier Enquiries : merchandisingteam@alhgroup.com.au Alternatively, you can contact us using the form provided. General Enquiries Top NEWS Con","High","Review whether this is company, department, or person email before saving."
"88","team_or_about_page","7","LEAD-0120","ALH Group","https://www.alhgroup.com.au/","6","https://www.alhgroup.com.au/about | https://www.alhgroup.com.au/contact","team_link","https://www.alhgroup.com.au/about","","Medium","Review linked page for contact/form/KP details."
"88","team_or_about_page","7","LEAD-0120","ALH Group","https://www.alhgroup.com.au/","3","https://www.alhgroup.com.au/about | https://www.alhgroup.com.au/contact","team_link","https://www.alhgroup.com.au/responsible-service-of-gaming","Learn about our approach","Medium","Review linked page for contact/form/KP details."
"72","company_contact_page","7","LEAD-0120","ALH Group","https://www.alhgroup.com.au/","6","https://www.alhgroup.com.au/about | https://www.alhgroup.com.au/contact","contact_link","https://www.alhgroup.com.au/contact","General Enquiries","Medium","Review linked page for contact/form/KP details."
"72","events_or_functions_contact","7","LEAD-0120","ALH Group","https://www.alhgroup.com.au/","6","https://www.alhgroup.com.au/about | https://www.alhgroup.com.au/contact","contact_link","https://www.alhgroup.com.au/functions","","Medium","Review linked page for contact/form/KP details."
"70","company_linkedin","7","LEAD-0120","ALH Group","https://www.alhgroup.com.au/","3","https://www.alhgroup.com.au/about | https://www.alhgroup.com.au/contact","company_linkedin_url","https://au.linkedin.com/company/alhhotels","","Low","Use as a manual LinkedIn review URL; do not treat as verified direct contact until person/company fit is confirmed."
"50","kp_context_hint","7","LEAD-0120","ALH Group","https://www.alhgroup.com.au/about","1","","role_context","operations",". We employ over 15,000 people across Australia at more than 350 licensed venues. Our main business activities are: Pub operations such as bar, food, accommodation, functions and entertainment. Property development. We acquire, redevelop, and refurbish venues to optimise our portfolio and offer stat","Low","Use as a page-level KP hint; confirm person name/title before saving."
"50","kp_context_hint","7","LEAD-0120","ALH Group","https://www.alhgroup.com.au/","2","https://www.alhgroup.com.au/about","role_context","people","0 accommodation rooms Sponsor over 800 clubs nationally Spend over $30M p.a. on bands, acts and DJ’s Employ over 12,000 people Recent news from ALH Hotels News PARMA WEEK RAISES $28,186 FOR THE ROYAL CHILDREN’S HOSPITAL GOOD FRIDAY APPEAL In our 16th year of support for the Good Friday Appeal, Parma","Low","Use as a page-level KP hint; confirm person name/title before saving."
"50","kp_context_hint","7","LEAD-0120","ALH Group","https://www.alhgroup.com.au/","3","https://www.alhgroup.com.au/about | https://www.alhgroup.com.au/contact","role_context","team","Contact — ALH Group Home Our Story About History News Brands Careers Join The Team Apprenticeships Venues What We Do Accommodation Bars Entertainment Food Functions Gaming Community Responsible Service Responsible Service Responsible Service of Alcohol Respo","Low","Use as a page-level KP hint; confirm person name/title before saving."
"45","manual_linkedin_search","7","LEAD-0120","ALH Group","queue_public_linkedin_query","1","","linkedin_search_url","https://www.google.com/search?q=site%3Alinkedin.com%2Fin+%22ALH+Group%22+Australia+director+OR+operations+OR+procurement","site:linkedin.com/in ""ALH Group"" Australia director OR operations OR procurement","Low","Manual search URL for public LinkedIn result review; save only a matched personal/company URL with confidence notes."
"13","technical_status","7","LEAD-0120","ALH Group","https://www.alhgroup.com.au/","1","","fetch_status","https://www.alhgroup.com.au/","","High","Fetch status: 200. Use only if page fetched successfully."
"13","technical_status","7","LEAD-0120","ALH Group","https://www.alhgroup.com.au/about","1","","fetch_status","https://www.alhgroup.com.au/about","","High","Fetch status: 200. Use only if page fetched successfully."
"13","technical_status","7","LEAD-0120","ALH Group","https://www.alhgroup.com.au/contact","1","","fetch_status","https://www.alhgroup.com.au/contact","","High","Fetch status: 200. Use only if page fetched successfully."
"72","company_contact_page","8","LEAD-0119","Signature Hospitality Group","https://www.signaturehospitalitygroup.com.au/","6","https://www.signaturehospitalitygroup.com.au/contact/ | https://www.signaturehospitalitygroup.com.au/functions/","contact_link","https://www.signaturehospitalitygroup.com.au/contact/","/contact/","Medium","Review linked page for contact/form/KP details."
"72","events_or_functions_contact","8","LEAD-0119","Signature Hospitality Group","https://www.signaturehospitalitygroup.com.au/","6","https://www.signaturehospitalitygroup.com.au/contact/ | https://www.signaturehospitalitygroup.com.au/functions/","contact_link","https://www.signaturehospitalitygroup.com.au/functions/","Functions and Events","Medium","Review linked page for contact/form/KP details."
"70","company_linkedin","8","LEAD-0119","Signature Hospitality Group","https://www.signaturehospitalitygroup.com.au/","4","https://www.signaturehospitalitygroup.com.au/contact/ | https://www.signaturehospitalitygroup.com.au/functions/","company_linkedin_url","https://www.linkedin.com/company/signature-hospitality-group/","https://www.linkedin.com/company/signature-hospitality-group/","Low","Use as a manual LinkedIn review URL; do not treat as verified direct contact until person/company fit is confirmed."
"50","kp_context_hint","8","LEAD-0119","Signature Hospitality Group","https://www.signaturehospitalitygroup.com.au/","3","https://www.signaturehospitalitygroup.com.au/contact/ | https://www.signaturehospitalitygroup.com.au/functions/","role_context","events","Signature Hospitality Group | Home to Australia’s Leading Restaurant Brands Our Brands Careers Functions and Events Franchise Contact Better Together with Signature Hospitality Group We’re Australia’s leading hospitality network, creating unforgettable dining and entertainment experiences","Low","Use as a page-level KP hint; confirm person name/title before saving."
"50","kp_context_hint","8","LEAD-0119","Signature Hospitality Group","https://www.signaturehospitalitygroup.com.au/","2","https://www.signaturehospitalitygroup.com.au/functions/","role_context","people","orgettable dining and entertainment experiences through our iconic brands. From big games to casual catch-ups, we bring people together for moments to remember. Explore Careers Meet Our Brands Our Brands Four unique experiences. One shared purpose: to connect people through great food, drinks, and e","Low","Use as a page-level KP hint; confirm person name/title before saving."
"50","kp_context_hint","8","LEAD-0119","Signature Hospitality Group","https://www.signaturehospitalitygroup.com.au/contact/","2","https://www.signaturehospitalitygroup.com.au/functions/","role_context","team","Incredible Brands From partnership opportunities and private functions to careers and reservations, our dedicated brand teams are ready to help. The Sporting Globe Your go-to sports bar and grill for live entertainment and unforgettable game-day vibes. Get in touch TGI Fridays Classic American dinin","Low","Use as a page-level KP hint; confirm person name/title before saving."
"45","manual_linkedin_search","8","LEAD-0119","Signature Hospitality Group","queue_public_linkedin_query","1","","linkedin_search_url","https://www.google.com/search?q=site%3Alinkedin.com%2Fin+%22Signature+Hospitality+Group%22+Australia+director+OR+operations+OR+procurement","site:linkedin.com/in ""Signature Hospitality Group"" Australia director OR operations OR procurement","Low","Manual search URL for public LinkedIn result review; save only a matched personal/company URL with confidence notes."
"13","technical_status","8","LEAD-0119","Signature Hospitality Group","https://www.signaturehospitalitygroup.com.au/","1","","fetch_status","https://www.signaturehospitalitygroup.com.au/","","High","Fetch status: 200. Use only if page fetched successfully."
"13","technical_status","8","LEAD-0119","Signature Hospitality Group","https://www.signaturehospitalitygroup.com.au/contact/","1","","fetch_status","https://www.signaturehospitalitygroup.com.au/contact/","","High","Fetch status: 200. Use only if page fetched successfully."
"13","technical_status","8","LEAD-0119","Signature Hospitality Group","https://www.signaturehospitalitygroup.com.au/functions/","1","","fetch_status","https://www.signaturehospitalitygroup.com.au/functions/","","High","Fetch status: 200. Use only if page fetched successfully."
"88","team_or_about_page","9","LEAD-0117","Bentley Restaurant Group","https://www.bentleyrestaurantgroup.com.au/","9","https://www.bentleyrestaurantgroup.com.au/about-us | https://www.bentleyrestaurantgroup.com.au/about-us-1","team_link","https://www.bentleyrestaurantgroup.com.au/about-us","About Us","Medium","Review linked page for contact/form/KP details."
"88","team_or_about_page","9","LEAD-0117","Bentley Restaurant Group","https://www.bentleyrestaurantgroup.com.au/","3","https://www.bentleyrestaurantgroup.com.au/about-us | https://www.bentleyrestaurantgroup.com.au/about-us-1","team_link","https://www.bentleyrestaurantgroup.com.au/about-us-1","About Us","Medium","Review linked page for contact/form/KP details."
"72","company_contact_page","9","LEAD-0117","Bentley Restaurant Group","https://www.bentleyrestaurantgroup.com.au/","12","https://www.bentleyrestaurantgroup.com.au/about-us | https://www.bentleyrestaurantgroup.com.au/about-us-1","contact_link","https://www.bentleyrestaurantgroup.com.au/contact","Contact","Medium","Review linked page for contact/form/KP details."
"72","events_or_functions_contact","9","LEAD-0117","Bentley Restaurant Group","https://www.bentleyrestaurantgroup.com.au/","12","https://www.bentleyrestaurantgroup.com.au/about-us | https://www.bentleyrestaurantgroup.com.au/about-us-1","contact_link","https://www.bentleyrestaurantgroup.com.au/events-spaces","Events & Spaces","Medium","Review linked page for contact/form/KP details."
"70","company_linkedin","9","LEAD-0117","Bentley Restaurant Group","https://www.bentleyrestaurantgroup.com.au/","3","https://www.bentleyrestaurantgroup.com.au/about-us | https://www.bentleyrestaurantgroup.com.au/about-us-1","company_linkedin_url","https://au.linkedin.com/company/the-bentley-restaurant-group","","Low","Use as a manual LinkedIn review URL; do not treat as verified direct contact until person/company fit is confirmed."
"60","kp_context_hint","9","LEAD-0117","Bentley Restaurant Group","https://www.bentleyrestaurantgroup.com.au/about-us","2","https://www.bentleyrestaurantgroup.com.au/about-us-1","role_context","owner","Gift Cards What's On About Us Contact Reservations About Us Chef Brent Savage and Sommelier Nick Hildebrandt are the co-owners of The Bentley Group. One of Australia’s most respected and influential chefs, Brent Savage has a reputation for exciting, cutting edge food, clever technique and a unique m","Low","Use as a page-level KP hint; confirm person name/title before saving."
"50","kp_context_hint","9","LEAD-0117","Bentley Restaurant Group","https://www.bentleyrestaurantgroup.com.au/","3","https://www.bentleyrestaurantgroup.com.au/about-us | https://www.bentleyrestaurantgroup.com.au/about-us-1","role_context","events","staurant Group Sydney 0 Skip to Content Our Restaurants Bentley Restaurant + Bar King Clarence Eleven Barrack Watermans Events & Spaces Gift Cards What's On About Us Contact Reservations Open Menu Close Menu Reservations Our Restaurants Bentley Restaurant + Bar King Clarence Eleven Barrack Watermans","Low","Use as a page-level KP hint; confirm person name/title before saving."
"50","kp_context_hint","9","LEAD-0117","Bentley Restaurant Group","https://www.bentleyrestaurantgroup.com.au/","1","","role_context","team","at home. Shop Now WORK WITH US The Bentley Group is on the lookout for passionate hospitality professionals to join our team, who we consider to be amongst the industry’s best and brightest. With opportunities for career development throughout the group, competitive salaries and generous company dis","Low","Use as a page-level KP hint; confirm person name/title before saving."
"48","low_value_company_email","9","LEAD-0117","Bentley Restaurant Group","https://www.bentleyrestaurantgroup.com.au/","1","","email","careers@thebentely.com.au","","High","Mailto link; save with source/confidence note and review again before outreach."
"48","low_value_company_email","9","LEAD-0117","Bentley Restaurant Group","https://www.bentleyrestaurantgroup.com.au/","1","","email","careers@thebentley.com.au","d generous company discounts, we welcome your expression of interest. Send your resume to careers@thebentley.com.au OUR GIFT CARDS Gift a memorable experience at one of our restaurants. Shop Our Gift Cards","High","Review whether this is company, department, or person email before saving."
"45","manual_linkedin_search","9","LEAD-0117","Bentley Restaurant Group","queue_public_linkedin_query","1","","linkedin_search_url","https://www.google.com/search?q=site%3Alinkedin.com%2Fin+%22Bentley+Restaurant+Group%22+Australia+director+OR+operations+OR+procurement","site:linkedin.com/in ""Bentley Restaurant Group"" Australia director OR operations OR procurement","Low","Manual search URL for public LinkedIn result review; save only a matched personal/company URL with confidence notes."
"13","technical_status","9","LEAD-0117","Bentley Restaurant Group","https://www.bentleyrestaurantgroup.com.au/","1","","fetch_status","https://www.bentleyrestaurantgroup.com.au/","","High","Fetch status: 200. Use only if page fetched successfully."
"13","technical_status","9","LEAD-0117","Bentley Restaurant Group","https://www.bentleyrestaurantgroup.com.au/about-us","1","","fetch_status","https://www.bentleyrestaurantgroup.com.au/about-us","","High","Fetch status: 200. Use only if page fetched successfully."
"13","technical_status","9","LEAD-0117","Bentley Restaurant Group","https://www.bentleyrestaurantgroup.com.au/about-us-1","1","","fetch_status","https://www.bentleyrestaurantgroup.com.au/about-us-1","","High","Fetch status: 200. Use only if page fetched successfully."
"108","company_email","10","LEAD-0118","Gambaro Group","https://gambarogroup.com.au/contact/","1","","email","ce@gambaro.com.au","and Event enquiries, please contact us via email or phone. Phone: +6107 3369 9500 Email: ce@gambaro.com.au For General and Media enquiries, please contact us via email or phone. Phone: +6107 3369","High","Review whether this is company, department, or person email before saving."
"88","team_or_about_page","10","LEAD-0118","Gambaro Group","https://gambarogroup.com.au/","10","https://gambarogroup.com.au/about/ | https://gambarogroup.com.au/contact/","team_link","https://gambarogroup.com.au/about/","https://gambarogroup.com.au/about/","Medium","Review linked page for contact/form/KP details."
"72","company_contact_page","10","LEAD-0118","Gambaro Group","https://gambarogroup.com.au/","11","https://gambarogroup.com.au/about/ | https://gambarogroup.com.au/contact/","contact_link","https://gambarogroup.com.au/contact/","https://gambarogroup.com.au/contact/","Medium","Review linked page for contact/form/KP details."
"70","company_linkedin","10","LEAD-0118","Gambaro Group","https://gambarogroup.com.au/","3","https://gambarogroup.com.au/about/ | https://gambarogroup.com.au/contact/","company_linkedin_url","https://au.linkedin.com/company/gambaro-pty-ltd","https://au.linkedin.com/company/gambaro-pty-ltd","Low","Use as a manual LinkedIn review URL; do not treat as verified direct contact until person/company fit is confirmed."
"60","kp_context_hint","10","LEAD-0118","Gambaro Group","https://gambarogroup.com.au/","1","","role_context","director","at goes above and beyond. And striving as a whole to improve everyday. These are the keys to our success.” John Gambaro Director, Gambaro Group. Looking for an Event Space? Contact us About Contact Privacy Policy Cookies Policy Terms & Conditions Copyright © 2026 Gambaro Group Scroll to Top","Low","Use as a page-level KP hint; confirm person name/title before saving."
"50","kp_context_hint","10","LEAD-0118","Gambaro Group","https://gambarogroup.com.au/","2","https://gambarogroup.com.au/about/","role_context","events","er and city skyline, exquisite Italian cuisine, and excellent service, Persone is your ultimate destination for special events, corporate functions and social gatherings. Immerse yourself in a truly Italian dining experience, where fresh bread and pasta is made on site everyday. Find out more Pipi’s","Low","Use as a page-level KP hint; confirm person name/title before saving."
"50","kp_context_hint","10","LEAD-0118","Gambaro Group","https://gambarogroup.com.au/about/","1","","role_context","projects","ure venues we have planned for our customers. Below is a summary of some of our key historical milestones, and upcoming projects. Scroll down and wait for loading…. 1937 Michele Gambaro Michele Gambaro was born in Falerna, Calabria in Italy. 1950-53 Family settles in Australia Michele moves to Austr","Low","Use as a page-level KP hint; confirm person name/title before saving."
"50","kp_context_hint","10","LEAD-0118","Gambaro Group","https://gambarogroup.com.au/about/","1","","role_context","staff","ralia. In addition to this, the Group has an unending commitment to employing and training both local and international staff to the highest levels, with the newly established Gambaro Training Academy – to ensure the future of quality hospitality in Brisbane and beyond. Historical Timeline Gambaro G","Low","Use as a page-level KP hint; confirm person name/title before saving."
"50","kp_context_hint","10","LEAD-0118","Gambaro Group","https://gambarogroup.com.au/","1","","role_context","team","area, taking in the beautiful views. Find out more We help bring your event to life Looking for an inspiring venue and team to bring your event to fruition? With a multitude of event spaces, private dining options, and beautiful views, contact the experts in events, conferences, formals, weddings a","Low","Use as a page-level KP hint; confirm person name/title before saving."
"48","low_value_company_email","10","LEAD-0118","Gambaro Group","https://gambarogroup.com.au/contact/","1","","email","marketing@gambaro.com.au","and Media enquiries, please contact us via email or phone. Phone: +6107 3369 9500 Email: marketing@gambaro.com.au Gambaro Group, 36 Caxton Street, Petrie Terrace Brisbane, QLD 4000. About Contact Privacy","High","Review whether this is company, department, or person email before saving."
"45","manual_linkedin_search","10","LEAD-0118","Gambaro Group","queue_public_linkedin_query","1","","linkedin_search_url","https://www.google.com/search?q=site%3Alinkedin.com%2Fin+%22Gambaro+Group%22+Australia+director+OR+operations+OR+procurement","site:linkedin.com/in ""Gambaro Group"" Australia director OR operations OR procurement","Low","Manual search URL for public LinkedIn result review; save only a matched personal/company URL with confidence notes."
"13","technical_status","10","LEAD-0118","Gambaro Group","https://gambarogroup.com.au/","1","","fetch_status","https://gambarogroup.com.au/","","High","Fetch status: 200. Use only if page fetched successfully."
"13","technical_status","10","LEAD-0118","Gambaro Group","https://gambarogroup.com.au/about/","1","","fetch_status","https://gambarogroup.com.au/about/","","High","Fetch status: 200. Use only if page fetched successfully."
"13","technical_status","10","LEAD-0118","Gambaro Group","https://gambarogroup.com.au/contact/","1","","fetch_status","https://gambarogroup.com.au/contact/","","High","Fetch status: 200. Use only if page fetched successfully."
"88","team_or_about_page","11","AU-0203","ahs hospitality","https://ahshospitality.com.au","13","https://www.ahshospitality.com.au/about-us | https://www.ahshospitality.com.au/about-us/our-group","team_link","https://www.ahshospitality.com.au/about-us","","Medium","Review linked page for contact/form/KP details."
"88","team_or_about_page","11","AU-0203","ahs hospitality","https://ahshospitality.com.au","6","https://www.ahshospitality.com.au/about-us | https://www.ahshospitality.com.au/about-us/our-group","team_link","https://www.ahshospitality.com.au/about-us/our-group","","Medium","Review linked page for contact/form/KP details."
"88","team_or_about_page","11","AU-0203","ahs hospitality","https://ahshospitality.com.au","7","https://www.ahshospitality.com.au/about-us | https://www.ahshospitality.com.au/about-us/our-group","team_link","https://www.ahshospitality.com.au/about-us/our-partners","","Medium","Review linked page for contact/form/KP details."
"88","team_or_about_page","11","AU-0203","ahs hospitality","https://ahshospitality.com.au","7","https://www.ahshospitality.com.au/about-us | https://www.ahshospitality.com.au/about-us/our-group","team_link","https://www.ahshospitality.com.au/about-us/sustainability-esg","","Medium","Review linked page for contact/form/KP details."
"88","team_or_about_page","11","AU-0203","ahs hospitality","https://ahshospitality.com.au","2","","team_link","https://www.ahshospitality.com.au/building-stronger-teams-through-inclusion-in-cultural-diversity-week","Building Stronger Teams Through Inclusion in Cultural Diversity Week","Medium","Review linked page for contact/form/KP details."
"88","team_or_about_page","11","AU-0203","ahs hospitality","https://ahshospitality.com.au","6","https://www.ahshospitality.com.au/about-us | https://www.ahshospitality.com.au/about-us/our-group","team_link","https://www.ahshospitality.com.au/leadership","","Medium","Review linked page for contact/form/KP details."
"88","team_or_about_page","11","AU-0203","ahs hospitality","https://ahshospitality.com.au","6","https://www.ahshospitality.com.au/about-us | https://www.ahshospitality.com.au/about-us/our-group","team_link","https://www.ahshospitality.com.au/team-testimonials","","Medium","Review linked page for contact/form/KP details."
"72","company_contact_page","11","AU-0203","ahs hospitality","https://ahshospitality.com.au","14","https://www.ahshospitality.com.au/about-us | https://www.ahshospitality.com.au/about-us/our-group","contact_link","https://www.ahshospitality.com.au/contact-us","","Medium","Review linked page for contact/form/KP details."
"72","company_contact_page","11","AU-0203","ahs hospitality","https://ahshospitality.com.au","6","https://www.ahshospitality.com.au/about-us | https://www.ahshospitality.com.au/about-us/our-group","contact_link","https://www.ahshospitality.com.au/contact-us/auckland","","Medium","Review linked page for contact/form/KP details."
"72","company_contact_page","11","AU-0203","ahs hospitality","https://ahshospitality.com.au","6","https://www.ahshospitality.com.au/about-us | https://www.ahshospitality.com.au/about-us/our-group","contact_link","https://www.ahshospitality.com.au/contact-us/christchurch","","Medium","Review linked page for contact/form/KP details."
"72","company_contact_page","11","AU-0203","ahs hospitality","https://ahshospitality.com.au","6","https://www.ahshospitality.com.au/about-us | https://www.ahshospitality.com.au/about-us/our-group","contact_link","https://www.ahshospitality.com.au/contact-us/nsw-and-act","","Medium","Review linked page for contact/form/KP details."
"72","company_contact_page","11","AU-0203","ahs hospitality","https://ahshospitality.com.au","6","https://www.ahshospitality.com.au/about-us | https://www.ahshospitality.com.au/about-us/our-group","contact_link","https://www.ahshospitality.com.au/contact-us/qld-and-nt","","Medium","Review linked page for contact/form/KP details."
"72","company_contact_page","11","AU-0203","ahs hospitality","https://ahshospitality.com.au","6","https://www.ahshospitality.com.au/about-us | https://www.ahshospitality.com.au/about-us/our-group","contact_link","https://www.ahshospitality.com.au/contact-us/sa","","Medium","Review linked page for contact/form/KP details."
"72","company_contact_page","11","AU-0203","ahs hospitality","https://ahshospitality.com.au","9","https://www.ahshospitality.com.au/about-us | https://www.ahshospitality.com.au/about-us/our-group","contact_link","https://www.ahshospitality.com.au/contact-us/sales-and-marketing","","Medium","Review linked page for contact/form/KP details."
"72","company_contact_page","11","AU-0203","ahs hospitality","https://ahshospitality.com.au","6","https://www.ahshospitality.com.au/about-us | https://www.ahshospitality.com.au/about-us/our-group","contact_link","https://www.ahshospitality.com.au/contact-us/vic-and-tas","","Medium","Review linked page for contact/form/KP details."
"72","company_contact_page","11","AU-0203","ahs hospitality","https://ahshospitality.com.au","6","https://www.ahshospitality.com.au/about-us | https://www.ahshospitality.com.au/about-us/our-group","contact_link","https://www.ahshospitality.com.au/contact-us/wa","","Medium","Review linked page for contact/form/KP details."
"70","company_linkedin","11","AU-0203","ahs hospitality","https://ahshospitality.com.au","3","https://www.ahshospitality.com.au/about-us | https://www.ahshospitality.com.au/about-us/our-group","company_linkedin_url","https://www.linkedin.com/company/ahs-hospitality","","Low","Use as a manual LinkedIn review URL; do not treat as verified direct contact until person/company fit is confirmed."
"60","kp_context_hint","11","AU-0203","ahs hospitality","https://ahshospitality.com.au","3","https://www.ahshospitality.com.au/about-us | https://www.ahshospitality.com.au/about-us/our-group","role_context","owner","fo@ahshospitality.com.au Level 16, 570 Bourke St, Melbourne.3000 Follow Us ahs hospitality acknowledges the Traditional Owners of Country. We pay our respects to the Aboriginal and Torres Strait Islander cultures, and to elders past and present, whose land we stand upon today. ahs hospitality | All","Low","Use as a page-level KP hint; confirm person name/title before saving."
"50","kp_context_hint","11","AU-0203","ahs hospitality","https://ahshospitality.com.au","3","https://www.ahshospitality.com.au/about-us | https://www.ahshospitality.com.au/about-us/our-group","role_context","leadership","Australian Hospitality Services Provider | ahs hospitality About Us Sustainability (ESG) Our Leadership Our Partners Our Group Our Services Outsourced Housekeeping Services Labour Hire Solution Commercial Cleaning Service Student Accommodation Service Hospitality Our Guara","Low","Use as a page-level KP hint; confirm person name/title before saving."
"50","kp_context_hint","11","AU-0203","ahs hospitality","https://www.ahshospitality.com.au/about-us","1","","role_context","management","of Recruit Global Staffing 2020 Expansion of our services into short term labour hire Our Reach With offices and senior management throughout Australia and New Zealand, we are always nearby to provide support. Contact Us Our Partners Sample Logo Sample Logo Sample Logo Sample Logo Sample Logo Sample","Low","Use as a page-level KP hint; confirm person name/title before saving."
"50","kp_context_hint","11","AU-0203","ahs hospitality","https://ahshospitality.com.au","1","","role_context","operations","meaningful change. In housekeeping and commercial cleaning services, practical sustainability can be embedded in daily operations through smarter resource use, reduced waste, and continuous improvements that support both environmental outcomes and operational efficiency. Building Stronger Teams Thr","Low","Use as a page-level KP hint; confirm person name/title before saving."
"50","kp_context_hint","11","AU-0203","ahs hospitality","https://ahshospitality.com.au","3","https://www.ahshospitality.com.au/about-us | https://www.ahshospitality.com.au/about-us/our-group","role_context","people","otal Facility Cleaning Aged Care Commercial Office Portfolios ﻿ We offer transparency, flexibility and compassion, with people at the heart of all we do. Speak To Us 3500+ Employees across Australia and New Zealand 120+ Partners 950K Hours cleaned 24/7 Mobilisation capability Our Partners Sample Log","Low","Use as a page-level KP hint; confirm person name/title before saving."
"50","kp_context_hint","11","AU-0203","ahs hospitality","https://www.ahshospitality.com.au/about-us","2","https://www.ahshospitality.com.au/about-us/our-group","role_context","staff","handler Macleod Group 2013 ​First partnership in New Zealand 2015 ahs hospitality became a subsidiary of Recruit Global Staffing 2020 Expansion of our services into short term labour hire Our Reach With offices and senior management throughout Australia and New Zealand, we are always nearby to provi","Low","Use as a page-level KP hint; confirm person name/title before saving."
"50","kp_context_hint","11","AU-0203","ahs hospitality","https://ahshospitality.com.au","3","https://www.ahshospitality.com.au/about-us | https://www.ahshospitality.com.au/about-us/our-group","role_context","team","rvice Student Accommodation Service Hospitality Our Guarantee Client Testimonials Jobs Job Search Our Workplace Culture Team Testimonials Blog Contact Us NSW & ACT VIC & TAS QLD & NT SA WA Auckland Christchurch Sales & Marketing Login Register User Dashboard Client Portal Signout info@ahshospitality","Low","Use as a page-level KP hint; confirm person name/title before saving."
"45","manual_linkedin_search","11","AU-0203","ahs hospitality","queue_public_linkedin_query","1","","linkedin_search_url","https://www.google.com/search?q=site%3Alinkedin.com%2Fin+%22ahs+hospitality%22+Australia+director+OR+operations+OR+procurement","site:linkedin.com/in ""ahs hospitality"" Australia director OR operations OR procurement","Low","Manual search URL for public LinkedIn result review; save only a matched personal/company URL with confidence notes."
"13","technical_status","11","AU-0203","ahs hospitality","https://ahshospitality.com.au","1","","fetch_status","https://ahshospitality.com.au","","High","Fetch status: 200. Use only if page fetched successfully."
"13","technical_status","11","AU-0203","ahs hospitality","https://www.ahshospitality.com.au/about-us","1","","fetch_status","https://www.ahshospitality.com.au/about-us","","High","Fetch status: 200. Use only if page fetched successfully."
"13","technical_status","11","AU-0203","ahs hospitality","https://www.ahshospitality.com.au/about-us/our-group","1","","fetch_status","https://www.ahshospitality.com.au/about-us/our-group","","High","Fetch status: 200. Use only if page fetched successfully."
"88","team_or_about_page","12","AU-0221","Bay 13 Brewery & Kitchen","https://bay13brewery.com","6","https://www.bay13brewery.com/about","team_link","https://www.bay13brewery.com/about","About","Medium","Review linked page for contact/form/KP details."
"72","company_contact_page","12","AU-0221","Bay 13 Brewery & Kitchen","https://bay13brewery.com","2","https://www.bay13brewery.com/about","contact_link","https://www.bay13brewery.com/Bookings","","Medium","Review linked page for contact/form/KP details."
"72","events_or_functions_contact","12","AU-0221","Bay 13 Brewery & Kitchen","https://bay13brewery.com","8","https://www.bay13brewery.com/about","contact_link","https://www.bay13brewery.com/events","View Events","Medium","Review linked page for contact/form/KP details."
"72","events_or_functions_contact","12","AU-0221","Bay 13 Brewery & Kitchen","https://bay13brewery.com","15","https://www.bay13brewery.com/about","contact_link","https://www.bay13brewery.com/group-events","Book your event","Medium","Review linked page for contact/form/KP details."
"70","company_linkedin","12","AU-0221","Bay 13 Brewery & Kitchen","https://bay13brewery.com","8","https://www.bay13brewery.com/about","company_linkedin_url","https://www.linkedin.com/company/bay13brewery","","Low","Use as a manual LinkedIn review URL; do not treat as verified direct contact until person/company fit is confirmed."
"60","kp_context_hint","12","AU-0221","Bay 13 Brewery & Kitchen","https://www.bay13brewery.com/about","1","","role_context","owner","a global offering of beer styles, of course including some great Southern Hemisphere style beers. Our Team Nick Sharp - Owner Nick came to Miami in 2012 as an accountant at a dairy commodity trading company. In 2014 with his wife Teresa, opened Threefold Café on Giralda Avenue in the Gables aiming t","Low","Use as a page-level KP hint; confirm person name/title before saving."
"60","kp_context_hint","12","AU-0221","Bay 13 Brewery & Kitchen","https://www.bay13brewery.com/about","1","","role_context","team","ularly showcasing a global offering of beer styles, of course including some great Southern Hemisphere style beers. Our Team Nick Sharp - Owner Nick came to Miami in 2012 as an accountant at a dairy commodity trading company. In 2014 with his wife Teresa, opened Threefold Café on Giralda Avenue in t","Low","Use as a page-level KP hint; confirm person name/title before saving."
"50","kp_context_hint","12","AU-0221","Bay 13 Brewery & Kitchen","https://bay13brewery.com","2","https://www.bay13brewery.com/about","role_context","events","Content Open Menu Close Menu Home About Menu Beer Beer Menu Beer Archives Full Collection Cocktails Happenings Specials Events Other Projects Bookings Make a Reservation Group Events Join the waitlist 0 0 Book an Event Open Menu Close Menu Home About Menu Beer Beer Menu Beer Archives Full Collection","Low","Use as a page-level KP hint; confirm person name/title before saving."
"50","kp_context_hint","12","AU-0221","Bay 13 Brewery & Kitchen","https://bay13brewery.com","2","https://www.bay13brewery.com/about","role_context","projects","Menu Close Menu Home About Menu Beer Beer Menu Beer Archives Full Collection Cocktails Happenings Specials Events Other Projects Bookings Make a Reservation Group Events Join the waitlist 0 0 Book an Event Open Menu Close Menu Home About Menu Beer Beer Menu Beer Archives Full Collection Cocktails Ha","Low","Use as a page-level KP hint; confirm person name/title before saving."
"45","manual_linkedin_search","12","AU-0221","Bay 13 Brewery & Kitchen","queue_public_linkedin_query","1","","linkedin_search_url","https://www.google.com/search?q=site%3Alinkedin.com%2Fin+%22Bay+13+Brewery+%26+Kitchen%22+Australia+director+OR+operations+OR+procurement","site:linkedin.com/in ""Bay 13 Brewery & Kitchen"" Australia director OR operations OR procurement","Low","Manual search URL for public LinkedIn result review; save only a matched personal/company URL with confidence notes."
"13","technical_status","12","AU-0221","Bay 13 Brewery & Kitchen","https://bay13brewery.com","1","","fetch_status","https://bay13brewery.com","","High","Fetch status: 200. Use only if page fetched successfully."
"13","technical_status","12","AU-0221","Bay 13 Brewery & Kitchen","https://www.bay13brewery.com/about","1","","fetch_status","https://www.bay13brewery.com/about","","High","Fetch status: 200. Use only if page fetched successfully."
"13","technical_status","12","AU-0221","Bay 13 Brewery & Kitchen","https://www.bay13brewery.com/Bookings","1","","fetch_status","https://www.bay13brewery.com/Bookings","","High","Fetch status: 200. Use only if page fetched successfully."
"88","team_or_about_page","13","AU-0292","Bespoke Catering & Events - Premium Event Catering in Sydney","https://bespokecatering.sydney","10","https://bespokecatering.sydney/about/ | https://bespokecatering.sydney/contact/","team_link","https://bespokecatering.sydney/about/","More About Bespoke","Medium","Review linked page for contact/form/KP details."
"88","team_or_about_page","13","AU-0292","Bespoke Catering & Events - Premium Event Catering in Sydney","https://bespokecatering.sydney","9","https://bespokecatering.sydney/about/ | https://bespokecatering.sydney/contact/","team_link","https://bespokecatering.sydney/lets-talk-about-buffet/","https://bespokecatering.sydney/lets-talk-about-buffet/","Medium","Review linked page for contact/form/KP details."
"72","company_contact_page","13","AU-0292","Bespoke Catering & Events - Premium Event Catering in Sydney","https://bespokecatering.sydney","15","https://bespokecatering.sydney/about/ | https://bespokecatering.sydney/contact/","contact_link","https://bespokecatering.sydney/contact/","Get Free Quote","Medium","Review linked page for contact/form/KP details."
"70","company_linkedin","13","AU-0292","Bespoke Catering & Events - Premium Event Catering in Sydney","https://bespokecatering.sydney","3","https://bespokecatering.sydney/about/ | https://bespokecatering.sydney/contact/","company_linkedin_url","https://www.linkedin.com/company/30881548/admin/","https://www.linkedin.com/company/30881548/admin/","Low","Use as a manual LinkedIn review URL; do not treat as verified direct contact until person/company fit is confirmed."
"60","kp_context_hint","13","AU-0292","Bespoke Catering & Events - Premium Event Catering in Sydney","https://bespokecatering.sydney/about/","1","","role_context","director","ort each other giving back to the communities we live in. Our Team Dion Event & Service Manager Fabio Catering & Events Director / Owner Carmelina Head Chef Why Choose Us Experience in 5 Star Hotels Flexibility to adapt to client needs and budgets You dream it – we’ll create it Fair and transparent","Low","Use as a page-level KP hint; confirm person name/title before saving."
"60","kp_context_hint","13","AU-0292","Bespoke Catering & Events - Premium Event Catering in Sydney","https://bespokecatering.sydney/about/","1","","role_context","owner","her giving back to the communities we live in. Our Team Dion Event & Service Manager Fabio Catering & Events Director / Owner Carmelina Head Chef Why Choose Us Experience in 5 Star Hotels Flexibility to adapt to client needs and budgets You dream it – we’ll create it Fair and transparent pricing Whe","Low","Use as a page-level KP hint; confirm person name/title before saving."
"50","kp_context_hint","13","AU-0292","Bespoke Catering & Events - Premium Event Catering in Sydney","https://bespokecatering.sydney","3","https://bespokecatering.sydney/about/ | https://bespokecatering.sydney/contact/","role_context","culinary","Top 7 Catering Trends in Sydney for 2025: Elevate Your Events with Bespoke Catering Sydney is renowned for its vibrant culinary scene, and catering trends evolve rapidly to meet the expectations of discerning hosts and guests. At Bespoke Catering, we’re committed to aligning with current industry s","Low","Use as a page-level KP hint; confirm person name/title before saving."
"50","kp_context_hint","13","AU-0292","Bespoke Catering & Events - Premium Event Catering in Sydney","https://bespokecatering.sydney","3","https://bespokecatering.sydney/about/ | https://bespokecatering.sydney/contact/","role_context","events","Contact - Bespoke Catering & Events Dining at Home in Style with gourmet meals delivered to your door! Order Now Talk to us at 02 9066 4091 Home Menus Corporate Our Venues Wedding About Contact Get Free Quote","Low","Use as a page-level KP hint; confirm person name/title before saving."
"50","kp_context_hint","13","AU-0292","Bespoke Catering & Events - Premium Event Catering in Sydney","https://bespokecatering.sydney/about/","1","","role_context","people","g her parents in the family business. From there, she cultivated a passion for deeply understanding and connecting with people spending several years in high-profile customer service and human resources roles. Her pragmatism and audacity are the perfect complement to contribute to a business focused","Low","Use as a page-level KP hint; confirm person name/title before saving."
"50","kp_context_hint","13","AU-0292","Bespoke Catering & Events - Premium Event Catering in Sydney","https://bespokecatering.sydney","3","https://bespokecatering.sydney/about/ | https://bespokecatering.sydney/contact/","role_context","team","a flexible, innovative, collaborative and exciting venture. With a strong background in hospitality Fabio Funai and his team work closely with our clients to understand their vision for their event. More About Bespoke Why Choose Us Experience in 5 Star Hotels Flexibility to adapt to client needs and","Low","Use as a page-level KP hint; confirm person name/title before saving."
"45","manual_linkedin_search","13","AU-0292","Bespoke Catering & Events - Premium Event Catering in Sydney","queue_public_linkedin_query","1","","linkedin_search_url","https://www.google.com/search?q=site%3Alinkedin.com%2Fin+%22Bespoke+Catering+%26+Events+-+Premium+Event+Catering+in+Sydney%22+Australia+director+OR+operations+OR+procurement","site:linkedin.com/in ""Bespoke Catering & Events - Premium Event Catering in Sydney"" Australia director OR operations OR procurement","Low","Manual search URL for public LinkedIn result review; save only a matched personal/company URL with confidence notes."
"13","technical_status","13","AU-0292","Bespoke Catering & Events - Premium Event Catering in Sydney","https://bespokecatering.sydney","1","","fetch_status","https://bespokecatering.sydney","OK","High","Fetch status: 200. Use only if page fetched successfully."
"13","technical_status","13","AU-0292","Bespoke Catering & Events - Premium Event Catering in Sydney","https://bespokecatering.sydney/about/","1","","fetch_status","https://bespokecatering.sydney/about/","OK","High","Fetch status: 200. Use only if page fetched successfully."
"13","technical_status","13","AU-0292","Bespoke Catering & Events - Premium Event Catering in Sydney","https://bespokecatering.sydney/contact/","1","","fetch_status","https://bespokecatering.sydney/contact/","OK","High","Fetch status: 200. Use only if page fetched successfully."
"72","company_contact_page","14","AU-0202","Blanco Horner Hospitality","https://blancohorner.com.au","10","https://www.blancohorner.com.au/contact-us/ | https://www.blancohorner.com.au/events/","contact_link","https://www.blancohorner.com.au/contact-us/","https://www.blancohorner.com.au/contact-us/#form","Medium","Review linked page for contact/form/KP details."
"72","events_or_functions_contact","14","AU-0202","Blanco Horner Hospitality","https://blancohorner.com.au","5","https://www.blancohorner.com.au/contact-us/ | https://www.blancohorner.com.au/events/","contact_link","https://www.blancohorner.com.au/events/","https://www.blancohorner.com.au/events/","Medium","Review linked page for contact/form/KP details."
"70","company_linkedin","14","AU-0202","Blanco Horner Hospitality","https://blancohorner.com.au","3","https://www.blancohorner.com.au/contact-us/ | https://www.blancohorner.com.au/events/","company_linkedin_url","https://www.linkedin.com/company/blancohorner","https://www.linkedin.com/company/blancohorner","Low","Use as a manual LinkedIn review URL; do not treat as verified direct contact until person/company fit is confirmed."
"60","kp_context_hint","14","AU-0202","Blanco Horner Hospitality","https://blancohorner.com.au","1","","role_context","co-founder","has become synonymous with unparalleled hospitality experiences and unforgettable moments. From our humble beginnings, co-founders Steve Blanco and Christopher Horner envisioned a culinary journey that would redefine the standards of excellence in Adelaide’s vibrant hospitality industry.With a rich","Low","Use as a page-level KP hint; confirm person name/title before saving."
"60","kp_context_hint","14","AU-0202","Blanco Horner Hospitality","https://blancohorner.com.au","2","https://www.blancohorner.com.au/events/","role_context","culinary","alleled dining experience that champions sustainable and locally sourced ingredients. Join us as we redefine the art of culinary excellence. GET IN CONTACT Experience the unforgettable. Rose Garden Pavilion The Sanctuary Restaurant Botanic Evergreen Botanic Lodge Wildflowers Cafe U City Function Cen","Low","Use as a page-level KP hint; confirm person name/title before saving."
"60","kp_context_hint","14","AU-0202","Blanco Horner Hospitality","https://blancohorner.com.au","1","","role_context","founder","s become synonymous with unparalleled hospitality experiences and unforgettable moments. From our humble beginnings, co-founders Steve Blanco and Christopher Horner envisioned a culinary journey that would redefine the standards of excellence in Adelaide’s vibrant hospitality industry.With a rich po","Low","Use as a page-level KP hint; confirm person name/title before saving."
"60","kp_context_hint","14","AU-0202","Blanco Horner Hospitality","https://www.blancohorner.com.au/contact-us/","1","","role_context","operations","your guests. Blanco Horner 33 Sunbeam Road, Glynde, SA 5070 PO Box 2006 Glynde Plaza LPO SA 5070 Ria Little – Catering Operations Manager *protected email* Privacy Policy Enquire Today Reserve your special event today. * indicates required Email Address * First Name * Last Name Phone Number Preferr","Low","Use as a page-level KP hint; confirm person name/title before saving."
"50","kp_context_hint","14","AU-0202","Blanco Horner Hospitality","https://blancohorner.com.au","3","https://www.blancohorner.com.au/contact-us/ | https://www.blancohorner.com.au/events/","role_context","events","p to content Search for: CATERING MENU RESTAURANTS & CAFES RESTAURANT BOTANIC ESMAY EVERGREEN BOTANIC LODGE WILDFLOWERS EVENTS WHAT’S ON! EVENT VENUES ROSE GARDEN THE SANCTUARY S.A. MUSEUM TOWN HALL U CITY WEDDINGS ABOUT NEWS REVIEWS CAREERS CONTACT Contact Us Juliana 2026-03-17T10:50:22+09:30 GET I","Low","Use as a page-level KP hint; confirm person name/title before saving."
"50","kp_context_hint","14","AU-0202","Blanco Horner Hospitality","https://www.blancohorner.com.au/contact-us/","1","","role_context","management","Contact Blanco Horner Hospitality Management in Adelaide, South Australia. Skip to content Search for: CATERING MENU RESTAURANTS & CAFES RESTAURANT BOTANIC ESMAY EVERGREEN BOTANIC LODGE WILDFLOWERS EVENTS WHAT’S ON","Low","Use as a page-level KP hint; confirm person name/title before saving."
"50","kp_context_hint","14","AU-0202","Blanco Horner Hospitality","https://blancohorner.com.au","1","","role_context","team","n Adelaide’s vibrant hospitality industry.With a rich portfolio of venues strategically located in Adelaide’s CBD and a team of 100+ dedicated professionals, we remain committed to delivering exceptional culinary journeys and unforgettable moments across South Australia. VENUES | EVENTS | CATERING B","Low","Use as a page-level KP hint; confirm person name/title before saving."
"45","manual_linkedin_search","14","AU-0202","Blanco Horner Hospitality","queue_public_linkedin_query","1","","linkedin_search_url","https://www.google.com/search?q=site%3Alinkedin.com%2Fin+%22Blanco+Horner+Hospitality%22+Australia+director+OR+operations+OR+procurement","site:linkedin.com/in ""Blanco Horner Hospitality"" Australia director OR operations OR procurement","Low","Manual search URL for public LinkedIn result review; save only a matched personal/company URL with confidence notes."
"13","technical_status","14","AU-0202","Blanco Horner Hospitality","https://blancohorner.com.au","1","","fetch_status","https://blancohorner.com.au","","High","Fetch status: 200. Use only if page fetched successfully."
"13","technical_status","14","AU-0202","Blanco Horner Hospitality","https://www.blancohorner.com.au/contact-us/","1","","fetch_status","https://www.blancohorner.com.au/contact-us/","","High","Fetch status: 200. Use only if page fetched successfully."
"13","technical_status","14","AU-0202","Blanco Horner Hospitality","https://www.blancohorner.com.au/events/","1","","fetch_status","https://www.blancohorner.com.au/events/","","High","Fetch status: 200. Use only if page fetched successfully."
"102","official_form_candidate","15","AU-0330","Catering Melbourne | Diamond Blue Catering Services","https://diamondbluecateringmelbourne.com.au","2","","contact_form","https://diamondbluecateringmelbourne.com.au","contact_form form method=post action=current page Get A Quote Event Type * Corporate Cocktail Wedding Birthday Dinner Party BBQ Other Other Event Date * Number of Guests * Name * Email * Phone * Company * Suburb * Where did you hear about us? Please select Google Friend Social Media Referral Comments Submit If you are human, leave this field blank.","High","Official page contains a form; save as company_contact_form_url only if it is a contact/enquiry form, not only a booking widget."
"102","official_form_candidate","15","AU-0330","Catering Melbourne | Diamond Blue Catering Services","https://diamondbluecateringmelbourne.com.au/about-us/","1","","contact_form","https://diamondbluecateringmelbourne.com.au/about-us/","contact_form form method=post action=current page Get A Quote Event Type * Corporate Cocktail Wedding Birthday Dinner Party BBQ Other Other Event Date * Number of Guests * Name * Email * Phone * Company * Suburb * Where did you hear about us? Please select Google Friend Social Media Referral Comments Submit If you are human, leave this field blank.","High","Official page contains a form; save as company_contact_form_url only if it is a contact/enquiry form, not only a booking widget."
"98","phone_candidate","15","AU-0330","Catering Melbourne | Diamond Blue Catering Services","https://diamondbluecateringmelbourne.com.au","2","","phone","1300%20546 144","","High","Tel link; save with source/confidence note and review again before outreach."
"94","phone_candidate","15","AU-0330","Catering Melbourne | Diamond Blue Catering Services","https://diamondbluecateringmelbourne.com.au","6","https://diamondbluecateringmelbourne.com.au/about-us/","phone","(03) 9737 1113","ering professional catering solutions that will exceed your expectations. Contact us Call (03) 9737 1113 Catering Since 2006 At Diamond Blue Catering, we understand the importance of creating me","Medium","Review whether this is company or person phone before saving."
"94","phone_candidate","15","AU-0330","Catering Melbourne | Diamond Blue Catering Services","https://diamondbluecateringmelbourne.com.au/about-us/","2","","phone","0404067554","Diamond Blue. Contact Us Diamond Blue Catering Todd Graham – Chef/ Manager (03)97371113 / 0404067554 [email protected] Have your next function serviced by the best caterers Melbourne has to","Medium","Review whether this is company or person phone before saving."
"88","team_or_about_page","15","AU-0330","Catering Melbourne | Diamond Blue Catering Services","https://diamondbluecateringmelbourne.com.au","3","https://diamondbluecateringmelbourne.com.au/about-us/","team_link","https://diamondbluecateringmelbourne.com.au/about-us/","About Us","Medium","Review linked page for contact/form/KP details."
"72","company_contact_page","15","AU-0330","Catering Melbourne | Diamond Blue Catering Services","https://diamondbluecateringmelbourne.com.au","16","","contact_link","https://diamondbluecateringmelbourne.com.au/#quote","Get a Quote","Medium","Review linked page for contact/form/KP details."
"72","company_contact_page","15","AU-0330","Catering Melbourne | Diamond Blue Catering Services","https://diamondbluecateringmelbourne.com.au/about-us/","2","","contact_link","https://diamondbluecateringmelbourne.com.au/about-us/#quote","Get a Quote","Medium","Review linked page for contact/form/KP details."
"72","company_contact_page","15","AU-0330","Catering Melbourne | Diamond Blue Catering Services","https://diamondbluecateringmelbourne.com.au","10","https://diamondbluecateringmelbourne.com.au/about-us/","contact_link","https://diamondbluecateringmelbourne.com.au/contact-us/","Enquire Now","Medium","Review linked page for contact/form/KP details."
"60","kp_context_hint","15","AU-0330","Catering Melbourne | Diamond Blue Catering Services","https://diamondbluecateringmelbourne.com.au","2","","role_context","founder","atering services available for pickup or delivery. It also suits special events at home. Online Shop A message from our founder At Diamond Blue Catering we have always prided ourselves on supplying a professional and affordable catering service that not only delivers exceptional food and service but","Low","Use as a page-level KP hint; confirm person name/title before saving."
"60","kp_context_hint","15","AU-0330","Catering Melbourne | Diamond Blue Catering Services","https://diamondbluecateringmelbourne.com.au","2","","role_context","owner","eft out. Feel free to contact us to discuss your upcoming event and your catering requirements – Todd Graham, Founder & Owner What Customers Are Saying About Us “ The food and team from Diamond Blue Catering were exceptional! They were so friendly and the food was incredible for wedding. The bar ten","Low","Use as a page-level KP hint; confirm person name/title before saving."
"50","kp_context_hint","15","AU-0330","Catering Melbourne | Diamond Blue Catering Services","https://diamondbluecateringmelbourne.com.au","2","","role_context","events","ring. We pride ourselves on providing the highest quality cuisine for any event. Our experienced chefs design menus for events of all kinds – from birthday parties to corporate functions, weddings and even funerals. Corporate Learn more Events Learn more Weddings Learn more Platters Learn more View","Low","Use as a page-level KP hint; confirm person name/title before saving."
"50","kp_context_hint","15","AU-0330","Catering Melbourne | Diamond Blue Catering Services","https://diamondbluecateringmelbourne.com.au","2","","role_context","people","e really decorative btw) and the … ”      Nicholas Leung “ I used Diamond Blue for a workplace morning tea for 100 people. With a very short timeframe, multiple dietary requirements and an important event, Diamond Blue were simply OUTSTANDING! I cannot recommend them enough. The quality of thei","Low","Use as a page-level KP hint; confirm person name/title before saving."
"50","kp_context_hint","15","AU-0330","Catering Melbourne | Diamond Blue Catering Services","https://diamondbluecateringmelbourne.com.au","2","","role_context","staff","ry & Setup We deliver within your agreed time window and set up onsite — everything presented and ready to go. Optional Staff & Equipment Need wait staff or serving equipment? We offer full venue service so your event runs seamlessly. Dietary Needs Covered All dietary requirements are carefully cate","Low","Use as a page-level KP hint; confirm person name/title before saving."
"50","kp_context_hint","15","AU-0330","Catering Melbourne | Diamond Blue Catering Services","https://diamondbluecateringmelbourne.com.au","3","https://diamondbluecateringmelbourne.com.au/about-us/","role_context","team","experiences for our clients. Whether you’re hosting a corporate event, a wedding, or a private gathering, our dedicated team is here to ensure that every detail is handled with care and precision. Contact us Call 1300 546 144 Spit Roast Catering A relaxed choice for a corporate event or family funct","Low","Use as a page-level KP hint; confirm person name/title before saving."
"45","manual_linkedin_search","15","AU-0330","Catering Melbourne | Diamond Blue Catering Services","queue_public_linkedin_query","1","","linkedin_search_url","https://www.google.com/search?q=site%3Alinkedin.com%2Fin+%22Catering+Melbourne+%7C+Diamond+Blue+Catering+Services%22+Australia+director+OR+operations+OR+procurement","site:linkedin.com/in ""Catering Melbourne | Diamond Blue Catering Services"" Australia director OR operations OR procurement","Low","Manual search URL for public LinkedIn result review; save only a matched personal/company URL with confidence notes."
"13","technical_status","15","AU-0330","Catering Melbourne | Diamond Blue Catering Services","https://diamondbluecateringmelbourne.com.au","2","","fetch_status","https://diamondbluecateringmelbourne.com.au","","High","Fetch status: 200. Use only if page fetched successfully."
"13","technical_status","15","AU-0330","Catering Melbourne | Diamond Blue Catering Services","https://diamondbluecateringmelbourne.com.au/about-us/","1","","fetch_status","https://diamondbluecateringmelbourne.com.au/about-us/","","High","Fetch status: 200. Use only if page fetched successfully."
"88","team_or_about_page","16","AU-0329","Catering Melbourne | Essential Catering & Events","https://essentialcatering.com.au","4","https://www.essentialcatering.com.au/about | https://www.essentialcatering.com.au/contact-us","team_link","https://www.essentialcatering.com.au/about","About Us","Medium","Review linked page for contact/form/KP details."
"72","company_contact_page","16","AU-0329","Catering Melbourne | Essential Catering & Events","https://essentialcatering.com.au","11","https://www.essentialcatering.com.au/about | https://www.essentialcatering.com.au/contact-us","contact_link","https://www.essentialcatering.com.au/contact-us","Get In Touch","Medium","Review linked page for contact/form/KP details."
"72","events_or_functions_contact","16","AU-0329","Catering Melbourne | Essential Catering & Events","https://essentialcatering.com.au","3","https://www.essentialcatering.com.au/about | https://www.essentialcatering.com.au/contact-us","contact_link","https://www.essentialcatering.com.au/corporate-event-catering","Corporate Events","Medium","Review linked page for contact/form/KP details."
"72","events_or_functions_contact","16","AU-0329","Catering Melbourne | Essential Catering & Events","https://essentialcatering.com.au","6","https://www.essentialcatering.com.au/about | https://www.essentialcatering.com.au/contact-us","contact_link","https://www.essentialcatering.com.au/private-event-catering-melbourne","Private Events","Medium","Review linked page for contact/form/KP details."
"60","kp_context_hint","16","AU-0329","Catering Melbourne | Essential Catering & Events","https://www.essentialcatering.com.au/about","1","","role_context","ceo","ng more satisfying than finishing a big event, stepping back, and seeing the smiles on people’s faces. JULIAN AZZOPARDI CEO & CO-OWNER With more than 20 years of leadership experience, Julian combines deep expertise in hospitality with a sharp focus on business transformation. His career has spanned","Low","Use as a page-level KP hint; confirm person name/title before saving."
"60","kp_context_hint","16","AU-0329","Catering Melbourne | Essential Catering & Events","https://essentialcatering.com.au","1","","role_context","director","s. Read More The food and staff were amazing and they offered SO many options to suit our needs SAM S, CUSTOMER SERVICE DIRECTOR JUST PERFECT. The dishes were flavoUrful, the team went above and beyond to make our event special DANIELLE J, CUSTOMER SERVICE DIRECTOR Get In Touch We’d love to help you","Low","Use as a page-level KP hint; confirm person name/title before saving."
"60","kp_context_hint","16","AU-0329","Catering Melbourne | Essential Catering & Events","https://essentialcatering.com.au","2","https://www.essentialcatering.com.au/about","role_context","founder","for Essential? I enjoy the challenge of working in different locations — no two days are ever the same. Sean Robertson Founder For Sean, great catering starts in the garden. His lush Bayswater North veggie patch, home to more than 150 plants, fruit trees, and herbs, provides the freshest produce fo","Low","Use as a page-level KP hint; confirm person name/title before saving."
"60","kp_context_hint","16","AU-0329","Catering Melbourne | Essential Catering & Events","https://www.essentialcatering.com.au/about","1","","role_context","leadership","ent, stepping back, and seeing the smiles on people’s faces. JULIAN AZZOPARDI CEO & CO-OWNER With more than 20 years of leadership experience, Julian combines deep expertise in hospitality with a sharp focus on business transformation. His career has spanned every corner of the hospitality industry,","Low","Use as a page-level KP hint; confirm person name/title before saving."
"60","kp_context_hint","16","AU-0329","Catering Melbourne | Essential Catering & Events","https://essentialcatering.com.au","3","https://www.essentialcatering.com.au/about | https://www.essentialcatering.com.au/contact-us","role_context","owner","f Catering Contact Us Call Us Terms of Service Privacy Policy Acknowledgement of country We acknowledge the Traditional Owners of the land where we work and live and pay our respects to Elders past and present. We celebrate the stories, culture and traditions of Aboriginal and Torres Strait Islander","Low","Use as a page-level KP hint; confirm person name/title before saving."
"60","kp_context_hint","16","AU-0329","Catering Melbourne | Essential Catering & Events","https://essentialcatering.com.au","2","https://www.essentialcatering.com.au/about","role_context","staff","rn blank canvas venue in Melbourne’s QV Complex, ideal for bespoke private and corporate events. Read More The food and staff were amazing and they offered SO many options to suit our needs SAM S, CUSTOMER SERVICE DIRECTOR JUST PERFECT. The dishes were flavoUrful, the team went above and beyond to m","Low","Use as a page-level KP hint; confirm person name/title before saving."
"50","kp_context_hint","16","AU-0329","Catering Melbourne | Essential Catering & Events","https://essentialcatering.com.au","3","https://www.essentialcatering.com.au/about | https://www.essentialcatering.com.au/contact-us","role_context","culinary","tage for unforgettable occasions in Melbourne. From intimate gatherings to grand celebrations, we transform events with culinary creativity and passion, to truly deliver… Experiences Beyond Imagination The Unforgettable Awaits CORPORATE EVENTS Exceptional events that feel anything but corporate. Wha","Low","Use as a page-level KP hint; confirm person name/title before saving."
"50","kp_context_hint","16","AU-0329","Catering Melbourne | Essential Catering & Events","https://essentialcatering.com.au","3","https://www.essentialcatering.com.au/about | https://www.essentialcatering.com.au/contact-us","role_context","events","Catering Melbourne | Essential Catering & Events essential CATERING + EVENTS Weddings Corporate Corporate Events Boardroom Catering Conference Catering Office Parties Buffet Catering Breakfast Catering Private Events Birth","Low","Use as a page-level KP hint; confirm person name/title before saving."
"50","kp_context_hint","16","AU-0329","Catering Melbourne | Essential Catering & Events","https://www.essentialcatering.com.au/about","1","","role_context","food and beverage","sharp focus on business transformation. His career has spanned every corner of the hospitality industry, from managing food and beverage operations in hotels to overseeing catering in business, aged care, and education settings. Julian has led large teams across hundreds of contracts, always strivi","Low","Use as a page-level KP hint; confirm person name/title before saving."
"50","kp_context_hint","16","AU-0329","Catering Melbourne | Essential Catering & Events","https://www.essentialcatering.com.au/about","1","","role_context","operations","siness transformation. His career has spanned every corner of the hospitality industry, from managing food and beverage operations in hotels to overseeing catering in business, aged care, and education settings. Julian has led large teams across hundreds of contracts, always striving to deliver exce","Low","Use as a page-level KP hint; confirm person name/title before saving."
"50","kp_context_hint","16","AU-0329","Catering Melbourne | Essential Catering & Events","https://essentialcatering.com.au","3","https://www.essentialcatering.com.au/about | https://www.essentialcatering.com.au/contact-us","role_context","people","ll communities who also work and live on this land. ‍ We welcome and celebrate everyone We work with a diverse array of people regardless of background, gender identity, sexual orientation, beliefs or ethnicities. We strive to make everyone feel welcomed, heard and recognised for the unique perspect","Low","Use as a page-level KP hint; confirm person name/title before saving."
"50","kp_context_hint","16","AU-0329","Catering Melbourne | Essential Catering & Events","https://essentialcatering.com.au","2","https://www.essentialcatering.com.au/about","role_context","team","s that feel anything but corporate. Whatever the occasion, be it a boardroom lunch or an after-hours soirée, our expert team can create the perfect menu for you. Find Out More Weddings Bring your love story to life with exquisite flavours, tailored service and a hint of magic to make your special da","Low","Use as a page-level KP hint; confirm person name/title before saving."
"45","manual_linkedin_search","16","AU-0329","Catering Melbourne | Essential Catering & Events","queue_public_linkedin_query","1","","linkedin_search_url","https://www.google.com/search?q=site%3Alinkedin.com%2Fin+%22Catering+Melbourne+%7C+Essential+Catering+%26+Events%22+Australia+director+OR+operations+OR+procurement","site:linkedin.com/in ""Catering Melbourne | Essential Catering & Events"" Australia director OR operations OR procurement","Low","Manual search URL for public LinkedIn result review; save only a matched personal/company URL with confidence notes."
"13","technical_status","16","AU-0329","Catering Melbourne | Essential Catering & Events","https://essentialcatering.com.au","1","","fetch_status","https://essentialcatering.com.au","","High","Fetch status: 200. Use only if page fetched successfully."
"13","technical_status","16","AU-0329","Catering Melbourne | Essential Catering & Events","https://www.essentialcatering.com.au/about","1","","fetch_status","https://www.essentialcatering.com.au/about","","High","Fetch status: 200. Use only if page fetched successfully."
"13","technical_status","16","AU-0329","Catering Melbourne | Essential Catering & Events","https://www.essentialcatering.com.au/contact-us","1","","fetch_status","https://www.essentialcatering.com.au/contact-us","","High","Fetch status: 200. Use only if page fetched successfully."
"88","team_or_about_page","17","AU-0413","Franchising | Guzman y Gomez Mexican Kitchen | Find Out More","https://guzmanygomez.com.au","4","https://www.guzmanygomez.com.au/about/","team_link","https://www.guzmanygomez.com.au/about/","About Us","Medium","Review linked page for contact/form/KP details."
"72","company_contact_page","17","AU-0413","Franchising | Guzman y Gomez Mexican Kitchen | Find Out More","https://guzmanygomez.com.au","2","https://www.guzmanygomez.com.au/about/","contact_link","https://www.guzmanygomez.com.au/contact-us/","Contact Us","Medium","Review linked page for contact/form/KP details."
"72","company_contact_page","17","AU-0413","Franchising | Guzman y Gomez Mexican Kitchen | Find Out More","https://guzmanygomez.com.au","2","https://www.guzmanygomez.com.au/about/","contact_link","https://www.guzmanygomez.com.au/help-centre/","Contact Us","Medium","Review linked page for contact/form/KP details."
"60","kp_context_hint","17","AU-0413","Franchising | Guzman y Gomez Mexican Kitchen | Find Out More","https://www.guzmanygomez.com.au/about/","1","","role_context","ceo","e building, I wanted it to be the best. We make everything fresh. We never compromise. ” – Steven Marks (Founder and CO-CEO) Steven and Robert then set about designing the bespoke operating platform & sticker system which remains one of the fastest fresh fast food operating platforms in the world; e","Low","Use as a page-level KP hint; confirm person name/title before saving."
"60","kp_context_hint","17","AU-0413","Franchising | Guzman y Gomez Mexican Kitchen | Find Out More","https://www.guzmanygomez.com.au/about/","1","","role_context","founder","whatever we were building, I wanted it to be the best. We make everything fresh. We never compromise. ” – Steven Marks (Founder and CO-CEO) Steven and Robert then set about designing the bespoke operating platform & sticker system which remains one of the fastest fresh fast food operating platforms","Low","Use as a page-level KP hint; confirm person name/title before saving."
"50","kp_context_hint","17","AU-0413","Franchising | Guzman y Gomez Mexican Kitchen | Find Out More","https://www.guzmanygomez.com.au/about/","1","","role_context","crew","started…not bad for a couple of kids from New York. Love Ya! GYG by the numbers! 260 + Restaurants 3 Countries 15,000 + Crew 1,000,000 + customers a week 600 + Burritos sold per hour 1.9M + kg of avocados used a year in Australia! Brand Growth GYG now spans over 260+ restaurants in 3 countries acros","Low","Use as a page-level KP hint; confirm person name/title before saving."
"50","kp_context_hint","17","AU-0413","Franchising | Guzman y Gomez Mexican Kitchen | Find Out More","https://guzmanygomez.com.au","2","https://www.guzmanygomez.com.au/about/","role_context","people","od at GYG. Join our family! We’re on a mission to become the biggest and best restaurant company in the world, with our people and culture at the heart of everything we do. When you love ya work like we do at GYG, the opportunities are endless. Learn More Become a Franchisee! What's the only thing b","Low","Use as a page-level KP hint; confirm person name/title before saving."
"50","kp_context_hint","17","AU-0413","Franchising | Guzman y Gomez Mexican Kitchen | Find Out More","https://www.guzmanygomez.com.au/about/","1","","role_context","team","people. Chefs from Mexico were hired to bring the authentic taste and flavours to life and the process of assembling a team of the best restaurant operators in the country began, many of whom are franchisees in the business today. GYG Newtown was followed by Bondi Junction and Kings Cross, and by A","Low","Use as a page-level KP hint; confirm person name/title before saving."
"45","manual_linkedin_search","17","AU-0413","Franchising | Guzman y Gomez Mexican Kitchen | Find Out More","queue_public_linkedin_query","1","","linkedin_search_url","https://www.google.com/search?q=site%3Alinkedin.com%2Fin+%22Franchising+%7C+Guzman+y+Gomez+Mexican+Kitchen+%7C+Find+Out+More%22+Australia+director+OR+operations+OR+procurement","site:linkedin.com/in ""Franchising | Guzman y Gomez Mexican Kitchen | Find Out More"" Australia director OR operations OR procurement","Low","Manual search URL for public LinkedIn result review; save only a matched personal/company URL with confidence notes."
"13","technical_status","17","AU-0413","Franchising | Guzman y Gomez Mexican Kitchen | Find Out More","https://guzmanygomez.com.au","1","","fetch_status","https://guzmanygomez.com.au","","High","Fetch status: 200. Use only if page fetched successfully."
"13","technical_status","17","AU-0413","Franchising | Guzman y Gomez Mexican Kitchen | Find Out More","https://www.guzmanygomez.com.au/about/","1","","fetch_status","https://www.guzmanygomez.com.au/about/","","High","Fetch status: 200. Use only if page fetched successfully."
"13","technical_status","17","AU-0413","Franchising | Guzman y Gomez Mexican Kitchen | Find Out More","https://www.guzmanygomez.com.au/contact-us/","1","","fetch_status","https://www.guzmanygomez.com.au/contact-us/","","High","Fetch status: 200. Use only if page fetched successfully."
"102","official_form_candidate","18","AU-0280","GM Hotels Group","https://gmhotels.com.au","2","https://gmhotels.com.au/#","contact_form","https://gmhotels.com.au/#","contact_form form method=post action=# Name Email Message","High","Official page contains a form; save as company_contact_form_url only if it is a contact/enquiry form, not only a booking widget."
"102","official_form_candidate","18","AU-0280","GM Hotels Group","https://gmhotels.com.au/our-team.php","1","","contact_form","https://gmhotels.com.au/our-team.php#","contact_form form method=post action=# Name Email Message","High","Official page contains a form; save as company_contact_form_url only if it is a contact/enquiry form, not only a booking widget."
"94","phone_candidate","18","AU-0280","GM Hotels Group","https://gmhotels.com.au","2","https://gmhotels.com.au/#","phone","(07) 3200 3777","www.beachhousenambour.com.au/ The Meadowbrook Hotel 1-7 Logandowns Drive, Meadowbrook QLD (07) 3200 3777 The Meadowbrook Hotel is conveniently located on the corner of Loganlea Road and Logandow","Medium","Review whether this is company or person phone before saving."
"94","phone_candidate","18","AU-0280","GM Hotels Group","https://gmhotels.com.au","2","https://gmhotels.com.au/#","phone","(07) 3252 4136",".theredlionhotel.com.au The Elephant Hotel 230 Wickham Street, Fortitude Valley, QLD 4006 (07) 3252 4136 The Elephant Hotel was first opened as the Prince Consort Hotel in 1888. The hotel, refur","Medium","Review whether this is company or person phone before saving."
"94","phone_candidate","18","AU-0280","GM Hotels Group","https://gmhotels.com.au","2","https://gmhotels.com.au/#","phone","(07) 3391 5022","//glenelgpier.com.au Previous Venues The Norman Hotel 102 Ipswitch Road, Wooloongabba QLD (07) 3391 5022 Ultimately, it’s the hand-selected export quality steaks that are showcased in our meat c","Medium","Review whether this is company or person phone before saving."
"94","phone_candidate","18","AU-0280","GM Hotels Group","https://gmhotels.com.au","2","https://gmhotels.com.au/#","phone","(07) 3392 6762","s. https://www.meadowbrookhotel.com.au The Red Lion Hotel 215 Beaudesert Rd, Moorooka QLD (07) 3392 6762 Conveniently located just 8km from the CBD, The Red Lion Hotel is Mooorooka best kept lit","Medium","Review whether this is company or person phone before saving."
"94","phone_candidate","18","AU-0280","GM Hotels Group","https://gmhotels.com.au","2","https://gmhotels.com.au/#","phone","(08) 82215156","auran… https://www.christiesbeachhotel.com.au The Rosey 160 Hindley Street, Adelaide 5000 (08) 82215156 The Rosey, Recently known as ""The Rosemont Hotel"" has just undergone some renovations, an","Medium","Review whether this is company or person phone before saving."
"94","phone_candidate","18","AU-0280","GM Hotels Group","https://gmhotels.com.au","2","https://gmhotels.com.au/#","phone","(08) 8250 4144","s://www.stfranciswinery.com.au The Whitehorse Inn 887-889 Port Wakefield Road, Bolivar SA (08) 8250 4144 The Whitehorse Inn is located on Port Wakefield Road, Bolivar SA. situated on a large blo","Medium","Review whether this is company or person phone before saving."
"94","phone_candidate","18","AU-0280","GM Hotels Group","https://gmhotels.com.au","2","https://gmhotels.com.au/#","phone","(08) 8258 3333","fter by the Hotel. https://emuhotel.com.au The Brahma 1572 Main North Rd, Brahma Lodge SA (08) 8258 3333 The Lodge Hotel is a brand new, refurbished venue in Brahma Lodge, Northern Adelaide. Boa","Medium","Review whether this is company or person phone before saving."
"94","phone_candidate","18","AU-0280","GM Hotels Group","https://gmhotels.com.au","2","https://gmhotels.com.au/#","phone","(08) 8262 1143","alodgehotel.com.au The Cross Keys Corner of Port Wakefield & Montague Road, Cavan SA 5094 (08) 8262 1143 The Cross Keys Hotel, an iconic building located on the busy Port Wakefield and Montague","Medium","Review whether this is company or person phone before saving."
"94","phone_candidate","18","AU-0280","GM Hotels Group","https://gmhotels.com.au","2","https://gmhotels.com.au/#","phone","(08) 8264 2266","op https://www.crowninnhotel.com.au The Valley Inn 1210 Grand Junction Rd, Hope Valley SA (08) 8264 2266 The Valley Inn is located on Grand Junction Road, Hope Valley SA. The Valley Inn offers a","Medium","Review whether this is company or person phone before saving."
"94","phone_candidate","18","AU-0280","GM Hotels Group","https://gmhotels.com.au","2","https://gmhotels.com.au/#","phone","(08) 8322 2246","els Group Current Venues St Francis Winery 14 Bridge Street, Old Reynella South Australia (08) 8322 2246 The St. Francis Winery is located on Bath Street in Old Reynella SA. The Winery was built","Medium","Review whether this is company or person phone before saving."
"94","phone_candidate","18","AU-0280","GM Hotels Group","https://gmhotels.com.au","2","https://gmhotels.com.au/#","phone","(08) 8331 3098","f serv… https://crosskeys.com.au/ The Tower Hotel 621 Magill Road, Magill South Australia (08) 8331 3098 The Tower Hotel is located on Magill road, MAGILL SA. It is a classic and beautiful looki","Medium","Review whether this is company or person phone before saving."
"94","phone_candidate","18","AU-0280","GM Hotels Group","https://gmhotels.com.au","3","https://gmhotels.com.au/# | https://gmhotels.com.au/our-team.php","phone","(08) 8332 2322","ge Other ways to reach us Email info@gmhotels.com.au LinkedIn linkedin.com/gmhotels Phone (08) 8332 2322 Facebook facebook.com/gmhotels Mailing Address 621 Magill Road Magill, SA 5072 Australia","Medium","Review whether this is company or person phone before saving."
"94","phone_candidate","18","AU-0280","GM Hotels Group","https://gmhotels.com.au","2","https://gmhotels.com.au/#","phone","(08) 8337 5055",". https://www.thevalleyinn.com.au The Paradise Hotel 700 Lower North East Rd, Paradise SA (08) 8337 5055 The Paradise Hotel is located on Lower North East Road, Paradise SA. The Hotel has recent","Medium","Review whether this is company or person phone before saving."
"94","phone_candidate","18","AU-0280","GM Hotels Group","https://gmhotels.com.au","2","https://gmhotels.com.au/#","phone","(08) 8350 3108","ro, func… More https://thewhitehorseinn.com.au Pier Glenelg Holdfast Promenade Glenelg SA (08) 8350 3108 The Pier Glenelg is a great location for your next night out, to have a meal or just sit","Medium","Review whether this is company or person phone before saving."
"94","phone_candidate","18","AU-0280","GM Hotels Group","https://gmhotels.com.au","2","https://gmhotels.com.au/#","phone","(08) 8362 4657","Hotel cons… https://www.beachhotelseaford.com.au The Republic 120 Magill Road, Norwood SA (08) 8362 4657 Norwoods newest pub, Republic, is breaking the mold of what people expect in a suburban p","Medium","Review whether this is company or person phone before saving."
"94","phone_candidate","18","AU-0280","GM Hotels Group","https://gmhotels.com.au","2","https://gmhotels.com.au/#","phone","(08) 8381 1319","keep yo… https://www.republicnorwood.com.au The Crown Inn Old South Road, Old Reynella SA (08) 8381 1319 The Crown Inn Hotel is located on Old South Road in Old Reynella, South Australia. The Ho","Medium","Review whether this is company or person phone before saving."
"94","phone_candidate","18","AU-0280","GM Hotels Group","https://gmhotels.com.au","2","https://gmhotels.com.au/#","phone","(08) 8382 3122","urround soun… https://therosey.com.au The Emu Hotel 132 Main South Road, Morphett Vale SA (08) 8382 3122 The Emu Hotel is located on Main South Road, Morphettville SA. The Hotel is a very popula","Medium","Review whether this is company or person phone before saving."
"94","phone_candidate","18","AU-0280","GM Hotels Group","https://gmhotels.com.au","2","https://gmhotels.com.au/#","phone","(08) 8386 2211","r… https://www.towerhotel.net.au The Beach Hotel Commercial Road, Seaford South Australia (08) 8386 2211 The Beach Hotel is located on the corner of Commercial Road and Griffiths Drive, Seaford","Medium","Review whether this is company or person phone before saving."
"94","phone_candidate","18","AU-0280","GM Hotels Group","https://gmhotels.com.au","2","https://gmhotels.com.au/#","phone","07 3229 3522","Wickham St. https://www.elephanthotel.com.au/ Exchange Hotel 131 Edward Street, Brisbane 07 3229 3522 The Exchage Hotel is situated in the Brisbane CBD, the Exchange Hotel was built in 1863,","Medium","Review whether this is company or person phone before saving."
"94","phone_candidate","18","AU-0280","GM Hotels Group","https://gmhotels.com.au","2","https://gmhotels.com.au/#","phone","07 4125 5477","/www.stockexchangehotel.com.au Kondari Hotel 49-63 Elizabeth Street Hervey Bay, QLD, 4655 07 4125 5477 Set amongst 20 acres of lush tropical gardens, The Kondari Hotel offers you the perfect e","Medium","Review whether this is company or person phone before saving."
"94","phone_candidate","18","AU-0280","GM Hotels Group","https://gmhotels.com.au","2","https://gmhotels.com.au/#","phone","07 5441 1144","… https://www.normanhotel.com.au The Commercial Hotel 35 Currie Street, Nambour QLD 4560 07 5441 1144 Located in the heart of Currie Street in Nambour, Hotel Beach House Nambour is the perfec","Medium","Review whether this is company or person phone before saving."
"89","possible_key_person","18","AU-0280","GM Hotels Group","https://gmhotels.com.au/our-team.php","1","","key_person_name","Shane Gross","ceo: s Venues Press Contact Our Team Greg Maitland CEO Shane Gross Group Operations Manager Send us a message Name Email Message Other ways to reach us Email info@gmh","Medium","Person name found near 'ceo' role. Verify person/company fit before saving to contacts."
"88","team_or_about_page","18","AU-0280","GM Hotels Group","https://gmhotels.com.au","2","https://gmhotels.com.au/#","team_link","https://gmhotels.com.au/#one","About","Medium","Review linked page for contact/form/KP details."
"88","team_or_about_page","18","AU-0280","GM Hotels Group","https://gmhotels.com.au/our-team.php","1","","team_link","https://gmhotels.com.au/index.php#one","About","Medium","Review linked page for contact/form/KP details."
"88","team_or_about_page","18","AU-0280","GM Hotels Group","https://gmhotels.com.au","3","https://gmhotels.com.au/# | https://gmhotels.com.au/our-team.php","team_link","https://gmhotels.com.au/our-team.php","Our Team","Medium","Review linked page for contact/form/KP details."
"72","company_contact_page","18","AU-0280","GM Hotels Group","https://gmhotels.com.au","4","https://gmhotels.com.au/#","contact_link","https://gmhotels.com.au/#contact","facebook.com/gmhotels","Medium","Review linked page for contact/form/KP details."
"72","company_contact_page","18","AU-0280","GM Hotels Group","https://gmhotels.com.au/our-team.php","2","","contact_link","https://gmhotels.com.au/our-team.php#contact","facebook.com/gmhotels","Medium","Review linked page for contact/form/KP details."
"60","kp_context_hint","18","AU-0280","GM Hotels Group","https://gmhotels.com.au/our-team.php","1","","role_context","operations","els Group Home About Our Team Current Venues Previous Venues Press Contact Our Team Greg Maitland CEO Shane Gross Group Operations Manager Send us a message Name Email Message Other ways to reach us Email info@gmhotels.com.au LinkedIn linkedin.com/gmhotels Phone (08) 8332 2322 Facebook facebook.com/","Low","Use as a page-level KP hint; confirm person name/title before saving."
"50","kp_context_hint","18","AU-0280","GM Hotels Group","https://gmhotels.com.au","3","https://gmhotels.com.au/# | https://gmhotels.com.au/our-team.php","role_context","ceo","portfolio with the acquisition of The Rosey in Adelaide CBD and also manage the iconic Republic Norwood. Greg Maitland, CEO of GM Hotels Group Current Venues St Francis Winery 14 Bridge Street, Old Reynella South Australia (08) 8322 2246 The St. Francis Winery is located on Bath Street in Old Reynel","Low","Use as a page-level KP hint; confirm person name/title before saving."
"50","kp_context_hint","18","AU-0280","GM Hotels Group","https://gmhotels.com.au","2","https://gmhotels.com.au/#","role_context","events","el include the open kitchen, enclosed beer garden, mega projector screens, multiple private function spaces and private events.Republic will keep yo… https://www.republicnorwood.com.au The Crown Inn Old South Road, Old Reynella SA (08) 8381 1319 The Crown Inn Hotel is located on Old South Road in Ol","Low","Use as a page-level KP hint; confirm person name/title before saving."
"50","kp_context_hint","18","AU-0280","GM Hotels Group","https://gmhotels.com.au","2","https://gmhotels.com.au/#","role_context","food and beverage","wing venue...The Rosey is a sophisticated, traditional sports bar that offers a bustling and warm atmosphere, excellent food and beverage, boasting large viewing screens, advanced surround soun… https://therosey.com.au The Emu Hotel 132 Main South Road, Morphett Vale SA (08) 8382 3122 The Emu Hotel","Low","Use as a page-level KP hint; confirm person name/title before saving."
"50","kp_context_hint","18","AU-0280","GM Hotels Group","https://gmhotels.com.au","2","https://gmhotels.com.au/#","role_context","management","rrent Venues Previous Venues Press Contact GM Hotels Group | Australia GM Hotels was formed in September 2015, We are a management team that is highly experienced with operating hotels. We currently manage Independent Pub Group which consists of 11 hotels, and 11 Retail Outlets Independent Pub Group","Low","Use as a page-level KP hint; confirm person name/title before saving."
"50","kp_context_hint","18","AU-0280","GM Hotels Group","https://gmhotels.com.au","2","https://gmhotels.com.au/#","role_context","people",".au The Republic 120 Magill Road, Norwood SA (08) 8362 4657 Norwoods newest pub, Republic, is breaking the mold of what people expect in a suburban pub, serving high quality, seasonal food and beverage menus, amongst a relaxed atmosphere. Key features of the hotel include the open kitchen, enclosed","Low","Use as a page-level KP hint; confirm person name/title before saving."
"50","kp_context_hint","18","AU-0280","GM Hotels Group","https://gmhotels.com.au","3","https://gmhotels.com.au/# | https://gmhotels.com.au/our-team.php","role_context","team","GM Hotels Group | Australia GM | Hotels Group Home About Our Team Current Venues Previous Venues Press Contact GM Hotels Group | Australia GM Hotels was formed in September 2015, We are a management team that is highly experienced with opera","Low","Use as a page-level KP hint; confirm person name/title before saving."
"45","manual_linkedin_search","18","AU-0280","GM Hotels Group","queue_public_linkedin_query","1","","linkedin_search_url","https://www.google.com/search?q=site%3Alinkedin.com%2Fin+%22GM+Hotels+Group%22+Australia+director+OR+operations+OR+procurement","site:linkedin.com/in ""GM Hotels Group"" Australia director OR operations OR procurement","Low","Manual search URL for public LinkedIn result review; save only a matched personal/company URL with confidence notes."
"13","technical_status","18","AU-0280","GM Hotels Group","https://gmhotels.com.au","2","https://gmhotels.com.au/#","fetch_status","https://gmhotels.com.au","","High","Fetch status: 200. Use only if page fetched successfully."
"13","technical_status","18","AU-0280","GM Hotels Group","https://gmhotels.com.au/our-team.php","1","","fetch_status","https://gmhotels.com.au/our-team.php","","High","Fetch status: 200. Use only if page fetched successfully."
"88","team_or_about_page","19","AU-0258","La Vie Hospitality Group – The Life and Soul of Hospitality.","https://laviehospitalitygroup.com","4","https://www.laviehospitalitygroup.com/#lead","team_link","https://www.laviehospitalitygroup.com/#lead","BUILDING MANAGEMENT","Medium","Review linked page for contact/form/KP details."
"88","team_or_about_page","19","AU-0258","La Vie Hospitality Group – The Life and Soul of Hospitality.","https://laviehospitalitygroup.com","3","https://www.laviehospitalitygroup.com/#lead | https://www.laviehospitalitygroup.com/about-us-2/","team_link","https://www.laviehospitalitygroup.com/about-us-2/","ABOUT","Medium","Review linked page for contact/form/KP details."
"72","company_contact_page","19","AU-0258","La Vie Hospitality Group – The Life and Soul of Hospitality.","https://laviehospitalitygroup.com","3","https://www.laviehospitalitygroup.com/#lead | https://www.laviehospitalitygroup.com/about-us-2/","contact_link","https://www.laviehospitalitygroup.com/contact-us-2/","CONTACT","Medium","Review linked page for contact/form/KP details."
"60","kp_context_hint","19","AU-0258","La Vie Hospitality Group – The Life and Soul of Hospitality.","https://www.laviehospitalitygroup.com/about-us-2/","1","","role_context","ceo","we look forward to continuing our journey as the leading Hospitality powerhouse across the region. Jerry Xu Founder and CEO Welcome to the life and soul of hospitality. La Vie Hospitality Group is the first Australian hospitality group to launch a fully integrated offering that provides a one-stop s","Low","Use as a page-level KP hint; confirm person name/title before saving."
"60","kp_context_hint","19","AU-0258","La Vie Hospitality Group – The Life and Soul of Hospitality.","https://www.laviehospitalitygroup.com/about-us-2/","1","","role_context","founder","olders, and we look forward to continuing our journey as the leading Hospitality powerhouse across the region. Jerry Xu Founder and CEO Welcome to the life and soul of hospitality. La Vie Hospitality Group is the first Australian hospitality group to launch a fully integrated offering that provides","Low","Use as a page-level KP hint; confirm person name/title before saving."
"60","kp_context_hint","19","AU-0258","La Vie Hospitality Group – The Life and Soul of Hospitality.","https://laviehospitalitygroup.com","2","https://www.laviehospitalitygroup.com/#lead","role_context","operations","scerning owners and clients. Marion Building Management Paro Procurement Group Paro Procurement Group begin its initial operations providing traditional FF&E and OS&E procurement consultancy services under the Global Procurement Management (GPM) banner back in 2013. In 2022, after working through so","Low","Use as a page-level KP hint; confirm person name/title before saving."
"60","kp_context_hint","19","AU-0258","La Vie Hospitality Group – The Life and Soul of Hospitality.","https://laviehospitalitygroup.com","3","https://www.laviehospitalitygroup.com/#lead | https://www.laviehospitalitygroup.com/about-us-2/","role_context","owner","s of our partners, colleagues, and shareholders. Our Businesses La Vie Hotels & Resorts La Vie Hotels and Resorts is an owner centric independent hotel management company that offers a tailor-made, cohesive and strategic approach in response to our clients’ real estate objectives within Hospitality.","Low","Use as a page-level KP hint; confirm person name/title before saving."
"50","kp_context_hint","19","AU-0258","La Vie Hospitality Group – The Life and Soul of Hospitality.","https://laviehospitalitygroup.com","2","https://www.laviehospitalitygroup.com/#lead","role_context","events","ailored service that meets the needs of your workplace. From full-service catering management, housekeeping, and ad hoc events we let you control the costs while we deliver the service. With over 20 years’ experience in corporate catering, food service, hospitality management and events we pride our","Low","Use as a page-level KP hint; confirm person name/title before saving."
"50","kp_context_hint","19","AU-0258","La Vie Hospitality Group – The Life and Soul of Hospitality.","https://laviehospitalitygroup.com","3","https://www.laviehospitalitygroup.com/#lead | https://www.laviehospitalitygroup.com/about-us-2/","role_context","management","About Lavie Hospitality Group - An International Hospitality Group × HOME ABOUT NEWS CONTACT Hotels & Resorts Asset Management Education Building Management Hospitality Services Procurement About Us Welcome to the life and soul of hospitality. La Vie Hospitality Group is the first Australian hos","Low","Use as a page-level KP hint; confirm person name/title before saving."
"50","kp_context_hint","19","AU-0258","La Vie Hospitality Group – The Life and Soul of Hospitality.","https://laviehospitalitygroup.com","3","https://www.laviehospitalitygroup.com/#lead | https://www.laviehospitalitygroup.com/about-us-2/","role_context","people","e underdevelopment. La Vie Hotels & Resorts Leadwell Asset Management Advisory with a difference. We believe in putting people first – our clients, our employees and our guests are at the forefront of our service. Our team is deeply passionate about understanding the needs of our clients and believe","Low","Use as a page-level KP hint; confirm person name/title before saving."
"50","kp_context_hint","19","AU-0258","La Vie Hospitality Group – The Life and Soul of Hospitality.","https://laviehospitalitygroup.com","3","https://www.laviehospitalitygroup.com/#lead | https://www.laviehospitalitygroup.com/about-us-2/","role_context","procurement","itality. × HOME ABOUT NEWS CONTACT Hotels & Resorts Asset Management Education Building Management Hospitality Services Procurement HOTELS & RESORTS Welcome To the life & Soul of hospitality ASSET MANAGEMENT BUILDING MANAGEMENT HOSPITALITY SERVICES PROCUREMENT La Vie Hospitality Group is the leading","Low","Use as a page-level KP hint; confirm person name/title before saving."
"50","kp_context_hint","19","AU-0258","La Vie Hospitality Group – The Life and Soul of Hospitality.","https://laviehospitalitygroup.com","2","https://www.laviehospitalitygroup.com/#lead","role_context","staff","Services creates collaboration in the workplace through innovative food solutions, experienced management, and flexible staffing options. Our Focus on the work-life dynamic allows us to deliver tailored service that meets the needs of your workplace. From full-service catering management, housekeepi","Low","Use as a page-level KP hint; confirm person name/title before saving."
"50","kp_context_hint","19","AU-0258","La Vie Hospitality Group – The Life and Soul of Hospitality.","https://laviehospitalitygroup.com","2","https://www.laviehospitalitygroup.com/#lead","role_context","team","ality. We are the region’s leader in third party hotel management partnering with major international hotel brands. Our team of industry professionals are committed to delivering unprecedented comprehensive Hotel Management solutions by incorporating expert knowledge, experience, and passion across","Low","Use as a page-level KP hint; confirm person name/title before saving."
"45","manual_linkedin_search","19","AU-0258","La Vie Hospitality Group – The Life and Soul of Hospitality.","queue_public_linkedin_query","1","","linkedin_search_url","https://www.google.com/search?q=site%3Alinkedin.com%2Fin+%22La+Vie+Hospitality+Group+%E2%80%93+The+Life+and+Soul+of+Hospitality.%22+Australia+director+OR+operations+OR+procurement","site:linkedin.com/in ""La Vie Hospitality Group – The Life and Soul of Hospitality."" Australia director OR operations OR procurement","Low","Manual search URL for public LinkedIn result review; save only a matched personal/company URL with confidence notes."
"13","technical_status","19","AU-0258","La Vie Hospitality Group – The Life and Soul of Hospitality.","https://laviehospitalitygroup.com","2","https://www.laviehospitalitygroup.com/#lead","fetch_status","https://laviehospitalitygroup.com","","High","Fetch status: 200. Use only if page fetched successfully."
"13","technical_status","19","AU-0258","La Vie Hospitality Group – The Life and Soul of Hospitality.","https://www.laviehospitalitygroup.com/about-us-2/","1","","fetch_status","https://www.laviehospitalitygroup.com/about-us-2/","","High","Fetch status: 200. Use only if page fetched successfully."
"88","team_or_about_page","20","AU-0450","Regional Motel Partners","https://motelpartners.com.au","6","https://www.motelpartners.com.au | https://www.motelpartners.com.au/about-us","team_link","https://www.motelpartners.com.au/about-us","https://www.motelpartners.com.au/about-us","Medium","Review linked page for contact/form/KP details."
"72","company_contact_page","20","AU-0450","Regional Motel Partners","https://motelpartners.com.au","6","https://www.motelpartners.com.au | https://www.motelpartners.com.au/about-us","contact_link","https://www.motelpartners.com.au/contact","https://www.motelpartners.com.au/contact","Medium","Review linked page for contact/form/KP details."
"72","company_contact_page","20","AU-0450","Regional Motel Partners","https://motelpartners.com.au","2","https://www.motelpartners.com.au","contact_link","https://www.motelpartners.com.au/post/online-booking-systems-increase-motel-revenue","https://www.motelpartners.com.au/post/online-booking-systems-increase-motel-revenue","Medium","Review linked page for contact/form/KP details."
"70","company_linkedin","20","AU-0450","Regional Motel Partners","https://motelpartners.com.au","3","https://www.motelpartners.com.au | https://www.motelpartners.com.au/about-us","company_linkedin_url","https://www.linkedin.com/company/regional-motel-partners","https://www.linkedin.com/company/regional-motel-partners","Low","Use as a manual LinkedIn review URL; do not treat as verified direct contact until person/company fit is confirmed."
"66","supplier_or_procurement_page","20","AU-0450","Regional Motel Partners","https://motelpartners.com.au","3","https://www.motelpartners.com.au | https://www.motelpartners.com.au/about-us","supplier_link","https://www.motelpartners.com.au","https://www.motelpartners.com.au","Medium","Review linked page for contact/form/KP details."
"66","supplier_or_procurement_page","20","AU-0450","Regional Motel Partners","https://motelpartners.com.au","6","https://www.motelpartners.com.au | https://www.motelpartners.com.au/about-us","supplier_link","https://www.motelpartners.com.au/insights-1","https://www.motelpartners.com.au/insights-1","Medium","Review linked page for contact/form/KP details."
"66","supplier_or_procurement_page","20","AU-0450","Regional Motel Partners","https://motelpartners.com.au","3","https://www.motelpartners.com.au | https://www.motelpartners.com.au/about-us","supplier_link","https://www.motelpartners.com.au/investors","https://www.motelpartners.com.au/investors","Medium","Review linked page for contact/form/KP details."
"66","supplier_or_procurement_page","20","AU-0450","Regional Motel Partners","https://motelpartners.com.au","3","https://www.motelpartners.com.au | https://www.motelpartners.com.au/about-us","supplier_link","https://www.motelpartners.com.au/investors/motel-roi-and-returns","https://www.motelpartners.com.au/investors/motel-roi-and-returns","Medium","Review linked page for contact/form/KP details."
"66","supplier_or_procurement_page","20","AU-0450","Regional Motel Partners","https://motelpartners.com.au","3","https://www.motelpartners.com.au | https://www.motelpartners.com.au/about-us","supplier_link","https://www.motelpartners.com.au/investors/regional-property-investment","https://www.motelpartners.com.au/investors/regional-property-investment","Medium","Review linked page for contact/form/KP details."
"66","supplier_or_procurement_page","20","AU-0450","Regional Motel Partners","https://motelpartners.com.au","9","https://www.motelpartners.com.au | https://www.motelpartners.com.au/about-us","supplier_link","https://www.motelpartners.com.au/investors/secured-notes-opportunity","https://www.motelpartners.com.au/investors/secured-notes-opportunity","Medium","Review linked page for contact/form/KP details."
"66","supplier_or_procurement_page","20","AU-0450","Regional Motel Partners","https://motelpartners.com.au","3","https://www.motelpartners.com.au | https://www.motelpartners.com.au/about-us","supplier_link","https://www.motelpartners.com.au/investors/why-invest-in-motels","https://www.motelpartners.com.au/investors/why-invest-in-motels","Medium","Review linked page for contact/form/KP details."
"66","supplier_or_procurement_page","20","AU-0450","Regional Motel Partners","https://motelpartners.com.au","3","https://www.motelpartners.com.au | https://www.motelpartners.com.au/about-us","supplier_link","https://www.motelpartners.com.au/our-motels","https://www.motelpartners.com.au/our-motels","Medium","Review linked page for contact/form/KP details."
"66","supplier_or_procurement_page","20","AU-0450","Regional Motel Partners","https://motelpartners.com.au","3","https://www.motelpartners.com.au | https://www.motelpartners.com.au/about-us","supplier_link","https://www.motelpartners.com.au/our-motels/huntergateway","https://www.motelpartners.com.au/our-motels/huntergateway","Medium","Review linked page for contact/form/KP details."
"66","supplier_or_procurement_page","20","AU-0450","Regional Motel Partners","https://motelpartners.com.au","3","https://www.motelpartners.com.au | https://www.motelpartners.com.au/about-us","supplier_link","https://www.motelpartners.com.au/our-motels/southgatemotel","https://www.motelpartners.com.au/our-motels/southgatemotel","Medium","Review linked page for contact/form/KP details."
"66","supplier_or_procurement_page","20","AU-0450","Regional Motel Partners","https://motelpartners.com.au","2","https://www.motelpartners.com.au","supplier_link","https://www.motelpartners.com.au/post/how-motel-operations-improve-performance","https://www.motelpartners.com.au/post/how-motel-operations-improve-performance","Medium","Review linked page for contact/form/KP details."
"66","supplier_or_procurement_page","20","AU-0450","Regional Motel Partners","https://motelpartners.com.au","2","https://www.motelpartners.com.au","supplier_link","https://www.motelpartners.com.au/post/motels-in-australia-have-become-digital","https://www.motelpartners.com.au/post/motels-in-australia-have-become-digital","Medium","Review linked page for contact/form/KP details."
"66","supplier_or_procurement_page","20","AU-0450","Regional Motel Partners","https://motelpartners.com.au","2","https://www.motelpartners.com.au","supplier_link","https://www.motelpartners.com.au/post/regional-motels-business-and-leisure-travel-demand","https://www.motelpartners.com.au/post/regional-motels-business-and-leisure-travel-demand","Medium","Review linked page for contact/form/KP details."
"66","supplier_or_procurement_page","20","AU-0450","Regional Motel Partners","https://motelpartners.com.au","2","https://www.motelpartners.com.au","supplier_link","https://www.motelpartners.com.au/post/why-motels-arent-being-built-in-australia","https://www.motelpartners.com.au/post/why-motels-arent-being-built-in-australia","Medium","Review linked page for contact/form/KP details."
"66","supplier_or_procurement_page","20","AU-0450","Regional Motel Partners","https://motelpartners.com.au","3","https://www.motelpartners.com.au | https://www.motelpartners.com.au/about-us","supplier_link","https://www.motelpartners.com.au/privacy-policy","Privacy Policy","Medium","Review linked page for contact/form/KP details."
"60","kp_context_hint","20","AU-0450","Regional Motel Partners","https://www.motelpartners.com.au/about-us","1","","role_context","co-founder","erty equities. He has also worked as a portfolio manager at PURE Asset Management. Mike Henshaw Director Mike is also a Co-Founder of PURE Asset Management and has over 31 years’ experience in financial markets. Prior to this role, Mike was the Head of Industrials Research and a member of the execut","Low","Use as a page-level KP hint; confirm person name/title before saving."
"60","kp_context_hint","20","AU-0450","Regional Motel Partners","https://www.motelpartners.com.au/about-us","1","","role_context","director","e next 5 years and then consider the suitability of an admission to the ASX or a trade sale. ​ Our Team Jonathan Kriska Director Jonathan has over 25 years of experience in financial markets across both stockbroking and funds management, most of which has been focused on the property sector. His exp","Low","Use as a page-level KP hint; confirm person name/title before saving."
"60","kp_context_hint","20","AU-0450","Regional Motel Partners","https://motelpartners.com.au","3","https://www.motelpartners.com.au | https://www.motelpartners.com.au/about-us","role_context","founder","s access to the high yielding motel sector. We offer wholesale investors the opportunity to invest alongside our equity founders via secured notes. Learn More Why Invest in Motels? Attractive Yields Leasehold motels are high cashflow businesses, offering attractive yields, ​ ​ ​ Tourism Growth Austr","Low","Use as a page-level KP hint; confirm person name/title before saving."
"60","kp_context_hint","20","AU-0450","Regional Motel Partners","https://www.motelpartners.com.au/about-us","1","","role_context","team","15-20 motels over the next 5 years and then consider the suitability of an admission to the ASX or a trade sale. ​ Our Team Jonathan Kriska Director Jonathan has over 25 years of experience in financial markets across both stockbroking and funds management, most of which has been focused on the pro","Low","Use as a page-level KP hint; confirm person name/title before saving."
"50","kp_context_hint","20","AU-0450","Regional Motel Partners","https://www.motelpartners.com.au/about-us","1","","role_context","leadership","ience in financial markets. Prior to this role, Mike was the Head of Industrials Research and a member of the executive leadership team at Petra Capital. During his tenure at Petra Capital, Mike was involved in raising over $2 billion to assist emerging Australian companies in their growth aspiratio","Low","Use as a page-level KP hint; confirm person name/title before saving."
"50","kp_context_hint","20","AU-0450","Regional Motel Partners","https://motelpartners.com.au","3","https://www.motelpartners.com.au | https://www.motelpartners.com.au/about-us","role_context","management","rmance Upside Opportunity to improve the performance of previously family-run businesses by adopting superior financial management and best in class operational management. Stable Business Model Motels are very resilient businesses due to consitent local and business demand. Significantly more so th","Low","Use as a page-level KP hint; confirm person name/title before saving."
"50","kp_context_hint","20","AU-0450","Regional Motel Partners","https://motelpartners.com.au","2","https://www.motelpartners.com.au","role_context","operations","ess unchanged for 30 years, ​ Cottage Industry The motel industry is still mostly run and owned by small private family operations, providing scope for consolidation. -How to Invest - Find out how a secured note investment in Regional Motel Partners works Learn More Insights How Motels in Australia","Low","Use as a page-level KP hint; confirm person name/title before saving."
"45","manual_linkedin_search","20","AU-0450","Regional Motel Partners","queue_public_linkedin_query","1","","linkedin_search_url","https://www.google.com/search?q=site%3Alinkedin.com%2Fin+%22Regional+Motel+Partners%22+Australia+director+OR+operations+OR+procurement","site:linkedin.com/in ""Regional Motel Partners"" Australia director OR operations OR procurement","Low","Manual search URL for public LinkedIn result review; save only a matched personal/company URL with confidence notes."
"13","technical_status","20","AU-0450","Regional Motel Partners","https://motelpartners.com.au","2","https://www.motelpartners.com.au","fetch_status","https://motelpartners.com.au","","High","Fetch status: 200. Use only if page fetched successfully."
"13","technical_status","20","AU-0450","Regional Motel Partners","https://www.motelpartners.com.au/about-us","1","","fetch_status","https://www.motelpartners.com.au/about-us","","High","Fetch status: 200. Use only if page fetched successfully."
