"priority_score","review_bucket","queue_rank","lead_id","company_name","source_url","source_count","additional_source_urls","candidate_type","candidate_value","candidate_context","confidence_suggestion","save_recommendation"
"89","possible_key_person","41","AU-0302","Venues &amp; Events | QT Sydney | Sydney Venues &amp; Events","https://qthotels.com","3","https://www.qthotels.com/# | https://www.qthotels.com/about/","key_person_name","Training Transportation Travel","management: e/Social Real Estate Retail Sporting & Recreation Training Transportation Travel Management Company Wedding Event Name Function Type Function type Meeting Conference Wedding Dinner","Medium","Person name found near 'management' role. Verify person/company fit before saving to contacts."
"88","team_or_about_page","41","AU-0302","Venues &amp; Events | QT Sydney | Sydney Venues &amp; Events","https://qthotels.com","3","https://www.qthotels.com/# | https://www.qthotels.com/about/","team_link","https://www.qthotels.com/about/","About QT","Medium","Review linked page for contact/form/KP details."
"76","booking_form_candidate","41","AU-0302","Venues &amp; Events | QT Sydney | Sydney Venues &amp; Events","https://qthotels.com","6","https://www.qthotels.com/#","contact_form","https://www.qthotels.com/#","contact_form form method=post action=/#wpcf7-f59322-o2 Please select a hotel QT Gold Coast QT Sydney Please wait... Please select the treatments you would like to book. —Please choose an option— Please wait... Contact Name * Contact Phone Number * Email * Number of guests Number of guests 1 2 3 4 5 6 7 8 9 10 11 12 Date Time Time Any time 8am 9am 10am 11am 12pm 1pm 2pm 3pm 4pm 5pm 6pm 7pm Name(s) of guests * Postcode * Do you have any medical conditions? Your medical conditions Your comments Sig","High","Official page contains a form; save as company_contact_form_url only if it is a contact/enquiry form, not only a booking widget."
"76","booking_form_candidate","41","AU-0302","Venues &amp; Events | QT Sydney | Sydney Venues &amp; Events","https://www.qthotels.com/about/","3","","contact_form","https://www.qthotels.com/about/#","contact_form form method=post action=/about/#wpcf7-f59322-o2 Please select a hotel QT Gold Coast QT Sydney Please wait... Please select the treatments you would like to book. —Please choose an option— Please wait... Contact Name * Contact Phone Number * Email * Number of guests Number of guests 1 2 3 4 5 6 7 8 9 10 11 12 Date Time Time Any time 8am 9am 10am 11am 12pm 1pm 2pm 3pm 4pm 5pm 6pm 7pm Name(s) of guests * Postcode * Do you have any medical conditions? Your medical conditions Your commen","High","Official page contains a form; save as company_contact_form_url only if it is a contact/enquiry form, not only a booking widget."
"72","company_contact_page","41","AU-0302","Venues &amp; Events | QT Sydney | Sydney Venues &amp; Events","https://qthotels.com","12","https://www.qthotels.com/#","contact_link","https://www.qthotels.com/#menu-booking-room","Make an Enquiry","Medium","Review linked page for contact/form/KP details."
"72","company_contact_page","41","AU-0302","Venues &amp; Events | QT Sydney | Sydney Venues &amp; Events","https://www.qthotels.com/about/","6","","contact_link","https://www.qthotels.com/about/#menu-booking-room","Make an Enquiry","Medium","Review linked page for contact/form/KP details."
"72","company_contact_page","41","AU-0302","Venues &amp; Events | QT Sydney | Sydney Venues &amp; Events","https://qthotels.com","3","https://www.qthotels.com/# | https://www.qthotels.com/about/","contact_link","https://www.qthotels.com/cancel/","Cancel Booking","Medium","Review linked page for contact/form/KP details."
"72","company_contact_page","41","AU-0302","Venues &amp; Events | QT Sydney | Sydney Venues &amp; Events","https://qthotels.com","3","https://www.qthotels.com/# | https://www.qthotels.com/about/","contact_link","https://www.qthotels.com/contact/","Contact","Medium","Review linked page for contact/form/KP details."
"72","events_or_functions_contact","41","AU-0302","Venues &amp; Events | QT Sydney | Sydney Venues &amp; Events","https://qthotels.com","2","https://www.qthotels.com/#","contact_link","https://www.qthotels.com/auckland/venues-events/","Book a venue","Medium","Review linked page for contact/form/KP details."
"72","events_or_functions_contact","41","AU-0302","Venues &amp; Events | QT Sydney | Sydney Venues &amp; Events","https://qthotels.com","2","https://www.qthotels.com/#","contact_link","https://www.qthotels.com/canberra/venues-events/","Book a venue","Medium","Review linked page for contact/form/KP details."
"72","events_or_functions_contact","41","AU-0302","Venues &amp; Events | QT Sydney | Sydney Venues &amp; Events","https://qthotels.com","2","https://www.qthotels.com/#","contact_link","https://www.qthotels.com/gold-coast/venues-events/","Book a venue","Medium","Review linked page for contact/form/KP details."
"72","events_or_functions_contact","41","AU-0302","Venues &amp; Events | QT Sydney | Sydney Venues &amp; Events","https://qthotels.com","3","https://www.qthotels.com/# | https://www.qthotels.com/about/","contact_link","https://www.qthotels.com/meetings-events/","Parties & Events","Medium","Review linked page for contact/form/KP details."
"72","events_or_functions_contact","41","AU-0302","Venues &amp; Events | QT Sydney | Sydney Venues &amp; Events","https://qthotels.com","2","https://www.qthotels.com/#","contact_link","https://www.qthotels.com/melbourne/venues-events/","Book a venue","Medium","Review linked page for contact/form/KP details."
"72","events_or_functions_contact","41","AU-0302","Venues &amp; Events | QT Sydney | Sydney Venues &amp; Events","https://qthotels.com","2","https://www.qthotels.com/#","contact_link","https://www.qthotels.com/newcastle/venues-events/","Book a venue","Medium","Review linked page for contact/form/KP details."
"72","events_or_functions_contact","41","AU-0302","Venues &amp; Events | QT Sydney | Sydney Venues &amp; Events","https://qthotels.com","2","https://www.qthotels.com/#","contact_link","https://www.qthotels.com/perth/venues-events/","Book a venue","Medium","Review linked page for contact/form/KP details."
"72","events_or_functions_contact","41","AU-0302","Venues &amp; Events | QT Sydney | Sydney Venues &amp; Events","https://qthotels.com","2","https://www.qthotels.com/#","contact_link","https://www.qthotels.com/queenstown/venues-events/","Book a venue","Medium","Review linked page for contact/form/KP details."
"72","events_or_functions_contact","41","AU-0302","Venues &amp; Events | QT Sydney | Sydney Venues &amp; Events","https://qthotels.com","2","https://www.qthotels.com/#","contact_link","https://www.qthotels.com/singapore/venues-events/","Book a venue","Medium","Review linked page for contact/form/KP details."
"72","events_or_functions_contact","41","AU-0302","Venues &amp; Events | QT Sydney | Sydney Venues &amp; Events","https://qthotels.com","2","https://www.qthotels.com/#","contact_link","https://www.qthotels.com/sydney-cbd/venues-events/","Book a venue","Medium","Review linked page for contact/form/KP details."
"72","events_or_functions_contact","41","AU-0302","Venues &amp; Events | QT Sydney | Sydney Venues &amp; Events","https://qthotels.com","2","https://www.qthotels.com/#","contact_link","https://www.qthotels.com/wellington/venues-events/","Book a venue","Medium","Review linked page for contact/form/KP details."
"50","kp_context_hint","41","AU-0302","Venues &amp; Events | QT Sydney | Sydney Venues &amp; Events","https://qthotels.com","3","https://www.qthotels.com/# | https://www.qthotels.com/about/","role_context","events","ons Your comments Sign me up to receive exclusive event offers and promotions. Δ Search Menu Home Eat & Drink Parties & Events Weddings Offers spaQ Pup Yeah! Gift Cards QT at Home QT Life Join Log in Hotels QT Sydney QT Bondi QT Newcastle QT Gold Coast QT Canberra QT Melbourne QT Perth QT Wellington","Low","Use as a page-level KP hint; confirm person name/title before saving."
"50","kp_context_hint","41","AU-0302","Venues &amp; Events | QT Sydney | Sydney Venues &amp; Events","https://qthotels.com","3","https://www.qthotels.com/# | https://www.qthotels.com/about/","role_context","management","Telco Legal Manufacturing Mining Private/Social Real Estate Retail Sporting & Recreation Training Transportation Travel Management Company Wedding Event Name Function Type Function type Meeting Conference Wedding Dinner Trade show Seminar Presentation Birthday Party Breakfast Setup Choose setup Thea","Low","Use as a page-level KP hint; confirm person name/title before saving."
"13","technical_status","41","AU-0302","Venues &amp; Events | QT Sydney | Sydney Venues &amp; Events","https://qthotels.com","2","https://www.qthotels.com/#","fetch_status","https://qthotels.com","","High","Fetch status: 200. Use only if page fetched successfully."
"13","technical_status","41","AU-0302","Venues &amp; Events | QT Sydney | Sydney Venues &amp; Events","https://www.qthotels.com/about/","1","","fetch_status","https://www.qthotels.com/about/","","High","Fetch status: 200. Use only if page fetched successfully."
"102","official_form_candidate","43","AU-0312","Private Event Venue in Melbourne | The Stone Hotel Fitzroy","https://thestonehotel.com.au","2","https://thestonehotel.com.au/","contact_form","https://thestonehotel.com.au/","contact_form form method=post action=/ Please enable JavaScript in your browser to complete this form. Please enable JavaScript in your browser to complete this form. Name * First Last about Message Phone Email * Function Date * Phone * Function Type * 21st Birthday Birthday Engagement Wedding Other Number of Guests (approx.) * How did you hear about us? * Please Select Recommended by Friends/Family Google Search Social Media Previous attendance Other Message * Submit","High","Official page contains a form; save as company_contact_form_url only if it is a contact/enquiry form, not only a booking widget."
"102","official_form_candidate","43","AU-0312","Private Event Venue in Melbourne | The Stone Hotel Fitzroy","https://thestonehotel.com.au/contact/","1","","contact_form","https://thestonehotel.com.au/contact/","contact_form form method=post action=/contact/ Please enable JavaScript in your browser to complete this form. Please enable JavaScript in your browser to complete this form. Name * First Last Phone * Email Message Comment Email * Email Confirm Email Dropdown * General Inquiry Lost Property Feedback Comment or Message * Submit","High","Official page contains a form; save as company_contact_form_url only if it is a contact/enquiry form, not only a booking widget."
"98","phone_candidate","43","AU-0312","Private Event Venue in Melbourne | The Stone Hotel Fitzroy","https://thestonehotel.com.au","7","https://thestonehotel.com.au/ | https://thestonehotel.com.au/contact/","phone","0491%20169%20033","","High","Tel link; save with source/confidence note and review again before outreach."
"94","phone_candidate","43","AU-0312","Private Event Venue in Melbourne | The Stone Hotel Fitzroy","https://thestonehotel.com.au","5","https://thestonehotel.com.au/ | https://thestonehotel.com.au/contact/","phone","0491 169 033","Venue Hire Melbourne | The Stone Hotel 0491 169 033 events@thestonehotel.com.au 298-300 Brunswick Street Fitzroy Home Menu/Order online Funct","Medium","Review whether this is company or person phone before saving."
"94","phone_candidate","43","AU-0312","Private Event Venue in Melbourne | The Stone Hotel Fitzroy","https://thestonehotel.com.au/contact/","1","","phone","61 0491 169 033","Great Food and Good Times Meet Visit The Stone Hotel 298 - 300 Brunswick Street Fitzroy 3061 0491 169 033, 03 9419 6413 events@Thestonehotel.Com.Au Getting here is easy! You can hop on Tram route","Medium","Review whether this is company or person phone before saving."
"72","company_contact_page","43","AU-0312","Private Event Venue in Melbourne | The Stone Hotel Fitzroy","https://thestonehotel.com.au","8","https://thestonehotel.com.au/ | https://thestonehotel.com.au/contact/","contact_link","https://thestonehotel.com.au/contact/","Contact Us","Medium","Review linked page for contact/form/KP details."
"72","events_or_functions_contact","43","AU-0312","Private Event Venue in Melbourne | The Stone Hotel Fitzroy","https://thestonehotel.com.au","6","https://thestonehotel.com.au/ | https://thestonehotel.com.au/contact/","contact_link","https://thestonehotel.com.au/functions-events/","Functions Event","Medium","Review linked page for contact/form/KP details."
"72","events_or_functions_contact","43","AU-0312","Private Event Venue in Melbourne | The Stone Hotel Fitzroy","https://thestonehotel.com.au","3","https://thestonehotel.com.au/ | https://thestonehotel.com.au/contact/","contact_link","https://thestonehotel.com.au/functions-events/birthdays/","Birthday Party","Medium","Review linked page for contact/form/KP details."
"72","events_or_functions_contact","43","AU-0312","Private Event Venue in Melbourne | The Stone Hotel Fitzroy","https://thestonehotel.com.au","3","https://thestonehotel.com.au/ | https://thestonehotel.com.au/contact/","contact_link","https://thestonehotel.com.au/functions-events/corporate/","Corporate Event Venue","Medium","Review linked page for contact/form/KP details."
"72","events_or_functions_contact","43","AU-0312","Private Event Venue in Melbourne | The Stone Hotel Fitzroy","https://thestonehotel.com.au","3","https://thestonehotel.com.au/ | https://thestonehotel.com.au/contact/","contact_link","https://thestonehotel.com.au/functions-events/engagement-party/","Engagement Party","Medium","Review linked page for contact/form/KP details."
"72","events_or_functions_contact","43","AU-0312","Private Event Venue in Melbourne | The Stone Hotel Fitzroy","https://thestonehotel.com.au","3","https://thestonehotel.com.au/ | https://thestonehotel.com.au/contact/","contact_link","https://thestonehotel.com.au/functions-events/private/","Private Event","Medium","Review linked page for contact/form/KP details."
"50","kp_context_hint","43","AU-0312","Private Event Venue in Melbourne | The Stone Hotel Fitzroy","https://thestonehotel.com.au","3","https://thestonehotel.com.au/ | https://thestonehotel.com.au/contact/","role_context","events","Venue Hire Melbourne | The Stone Hotel 0491 169 033 events@thestonehotel.com.au 298-300 Brunswick Street Fitzroy Home Menu/Order online Functions Event Birthday Party Corporate Event Venue Engagement Party Private Event Contact Us W","Low","Use as a page-level KP hint; confirm person name/title before saving."
"50","kp_context_hint","43","AU-0312","Private Event Venue in Melbourne | The Stone Hotel Fitzroy","https://thestonehotel.com.au","2","https://thestonehotel.com.au/","role_context","staff","0 & 207. Versatile Spaces : Indoor venue hire options accommodating 50-300 guests. Professional Service : RSA-certified staff and Late Night Licence until 3am Thursday to Sunday. Complete Peace of Mind : $20 million public liability insurance and full safety compliance. Vibrant Atmosphere : Craft be","Low","Use as a page-level KP hint; confirm person name/title before saving."
"50","kp_context_hint","43","AU-0312","Private Event Venue in Melbourne | The Stone Hotel Fitzroy","https://thestonehotel.com.au","2","https://thestonehotel.com.au/","role_context","team","urne. To get started, simply fill out our online form to submit your event info or contact us directly to chat with our team! Event Inquiry Form Please fill out the form below with your details. Please enable JavaScript in your browser to complete this form. Please enable JavaScript in your browser","Low","Use as a page-level KP hint; confirm person name/title before saving."
"13","technical_status","43","AU-0312","Private Event Venue in Melbourne | The Stone Hotel Fitzroy","https://thestonehotel.com.au","2","https://thestonehotel.com.au/","fetch_status","https://thestonehotel.com.au","","High","Fetch status: 200. Use only if page fetched successfully."
"13","technical_status","43","AU-0312","Private Event Venue in Melbourne | The Stone Hotel Fitzroy","https://thestonehotel.com.au/contact/","1","","fetch_status","https://thestonehotel.com.au/contact/","","High","Fetch status: 200. Use only if page fetched successfully."
"114","department_or_company_email","44","AU-0313","Function Venue Melbourne CBD | Event Space &amp; Venue Hire","https://thegeorgeoncollins.com.au","5","https://www.thegeorgeoncollins.com.au/bookings/ | https://www.thegeorgeoncollins.com.au/contact/","email","events@thegeorgeoncollins.com.au","ip to content MODERN ASIAN CUISINE, COCKTAIL BAR & EVENT VENUE Contact Get in Touch Email events@thegeorgeoncollins.com.au Phone (03) 9663 7226 Opening Hours Tuesday- Sunday: 12pm - Late Send us a message First n","High","Mailto link; save with source/confidence note and review again before outreach."
"102","official_form_candidate","44","AU-0313","Function Venue Melbourne CBD | Event Space &amp; Venue Hire","https://www.thegeorgeoncollins.com.au/contact/","1","","contact_form","https://www.thegeorgeoncollins.com.au/contact/#wpcf7-f7625-p476-o1","contact_form form method=post action=/contact/#wpcf7-f7625-p476-o1 First name * Last Name * E-mail * Mobile * How did you hear about us? * —Please choose an option— Google Word of Mouth Repeat Customer Social Media Open Table Zomato Trip Advisor Time Out Other Message * I'd like to receive news and special offers from The George on Collins","High","Official page contains a form; save as company_contact_form_url only if it is a contact/enquiry form, not only a booking widget."
"72","company_contact_page","44","AU-0313","Function Venue Melbourne CBD | Event Space &amp; Venue Hire","https://thegeorgeoncollins.com.au","9","https://www.thegeorgeoncollins.com.au/bookings/ | https://www.thegeorgeoncollins.com.au/contact/","contact_link","https://www.thegeorgeoncollins.com.au/bookings/","Reservations","Medium","Review linked page for contact/form/KP details."
"72","company_contact_page","44","AU-0313","Function Venue Melbourne CBD | Event Space &amp; Venue Hire","https://thegeorgeoncollins.com.au","14","https://www.thegeorgeoncollins.com.au/bookings/ | https://www.thegeorgeoncollins.com.au/contact/","contact_link","https://www.thegeorgeoncollins.com.au/contact/","Contact Us","Medium","Review linked page for contact/form/KP details."
"72","events_or_functions_contact","44","AU-0313","Function Venue Melbourne CBD | Event Space &amp; Venue Hire","https://thegeorgeoncollins.com.au","10","https://www.thegeorgeoncollins.com.au/bookings/ | https://www.thegeorgeoncollins.com.au/contact/","contact_link","https://www.thegeorgeoncollins.com.au/functions-venue-melbourne/","Functions & Events","Medium","Review linked page for contact/form/KP details."
"70","company_linkedin","44","AU-0313","Function Venue Melbourne CBD | Event Space &amp; Venue Hire","https://thegeorgeoncollins.com.au","3","https://www.thegeorgeoncollins.com.au/bookings/ | https://www.thegeorgeoncollins.com.au/contact/","company_linkedin_url","https://www.linkedin.com/company/the-george-on-collins/","","Low","Use as a manual LinkedIn review URL; do not treat as verified direct contact until person/company fit is confirmed."
"50","kp_context_hint","44","AU-0313","Function Venue Melbourne CBD | Event Space &amp; Venue Hire","https://thegeorgeoncollins.com.au","3","https://www.thegeorgeoncollins.com.au/bookings/ | https://www.thegeorgeoncollins.com.au/contact/","role_context","events","t Asian cuisine at the historic Georges building on Collins St Links Bookings Group Bookings What's On Menus Function & Events Bottomless Brunch Pre Theatre Dining After Dark Contact Us Terms and Conditions Our Story Gift Cards Careers News Contact 162 – 168 Collins St, Melbourne, 3000 (03) 9663 722","Low","Use as a page-level KP hint; confirm person name/title before saving."
"50","kp_context_hint","44","AU-0313","Function Venue Melbourne CBD | Event Space &amp; Venue Hire","https://thegeorgeoncollins.com.au","3","https://www.thegeorgeoncollins.com.au/bookings/ | https://www.thegeorgeoncollins.com.au/contact/","role_context","team","ur application for the $50 voucher has been successfully submitted. You will receive an email confirmation shortly. Our team will be in touch to finalise the details of your birthday celebration. Close Celebrate Your Birthday with a $50 Voucher! Fill out the form below to receive a $50 voucher for y","Low","Use as a page-level KP hint; confirm person name/title before saving."
"13","technical_status","44","AU-0313","Function Venue Melbourne CBD | Event Space &amp; Venue Hire","https://thegeorgeoncollins.com.au","1","","fetch_status","https://thegeorgeoncollins.com.au","","High","Fetch status: 200. Use only if page fetched successfully."
"13","technical_status","44","AU-0313","Function Venue Melbourne CBD | Event Space &amp; Venue Hire","https://www.thegeorgeoncollins.com.au/bookings/","1","","fetch_status","https://www.thegeorgeoncollins.com.au/bookings/","","High","Fetch status: 200. Use only if page fetched successfully."
"13","technical_status","44","AU-0313","Function Venue Melbourne CBD | Event Space &amp; Venue Hire","https://www.thegeorgeoncollins.com.au/contact/","1","","fetch_status","https://www.thegeorgeoncollins.com.au/contact/","","High","Fetch status: 200. Use only if page fetched successfully."
"114","department_or_company_email","45","AU-0314","Serenity Venue","https://serenityvenue.com/contact","2","","email","info@serenityvenue.com","l business hours. Serenity Venue 3980 Sarno Rd suite 103, Melbourne, FL, USA 321-610-1113 info@serenityvenue.com Hours Mon By Appointment Tue By Appointment Wed By Appointment Thu By Appointment Fri By","High","Review whether this is company, department, or person email before saving."
"98","phone_candidate","45","AU-0314","Serenity Venue","https://serenityvenue.com","7","https://serenityvenue.com/contact | https://serenityvenue.com/live-events","phone","3216101113","321-610-1113","High","Tel link; save with source/confidence note and review again before outreach."
"89","possible_key_person","45","AU-0314","Serenity Venue","https://serenityvenue.com","1","","key_person_name","Building Social","events: ces Business Meetings Seminars Presentations Team Building Social Events Bar/Bat Mitzvahs Birthday Parties Holiday Parties Networking Events Reunions Wellness Baby S","Medium","Person name found near 'events' role. Verify person/company fit before saving to contacts."
"89","possible_key_person","45","AU-0314","Serenity Venue","https://serenityvenue.com","1","","key_person_name","Fundraisers Galas Fundraising","events: Showers School Formals Anniversaries & Milestones Fundraisers Galas Fundraising Events Non-Profits Award Ceremonies Pop Ups Pop-Up shops Pop-Up Dining Art Galleries Exhibitions We","Medium","Person name found near 'events' role. Verify person/company fit before saving to contacts."
"89","possible_key_person","45","AU-0314","Serenity Venue","https://serenityvenue.com","1","","key_person_name","Holiday Parties Networking","events: g Social Events Bar/Bat Mitzvahs Birthday Parties Holiday Parties Networking Events Reunions Wellness Baby Showers School Formals Anniversaries & Milestones Fundraisers Galas F","Medium","Person name found near 'events' role. Verify person/company fit before saving to contacts."
"72","company_contact_page","45","AU-0314","Serenity Venue","https://serenityvenue.com","9","https://serenityvenue.com/contact | https://serenityvenue.com/live-events","contact_link","https://serenityvenue.com/contact","/contact","Medium","Review linked page for contact/form/KP details."
"72","events_or_functions_contact","45","AU-0314","Serenity Venue","https://serenityvenue.com","9","https://serenityvenue.com/contact | https://serenityvenue.com/live-events","contact_link","https://serenityvenue.com/live-events","/live-events","Medium","Review linked page for contact/form/KP details."
"70","company_linkedin","45","AU-0314","Serenity Venue","https://serenityvenue.com","7","https://serenityvenue.com/contact","company_linkedin_url","https://www.linkedin.com/company/serenity-venue/?viewAsMember=true","https://www.linkedin.com/company/serenity-venue/?viewAsMember=true","Low","Use as a manual LinkedIn review URL; do not treat as verified direct contact until person/company fit is confirmed."
"50","kp_context_hint","45","AU-0314","Serenity Venue","https://serenityvenue.com","3","https://serenityvenue.com/contact | https://serenityvenue.com/live-events","role_context","events","Contact | Serenity Venue Call: 321-610-1113 Home Party & Event Packages Wedding Packages Venue Pictures Contact LIVE EVENTS Party Rentals Add-ons More Home Party & Event Packages Wedding Packages Venue Pictures Contact LIVE EVENTS Party Rentals Add-ons Call: 321-610-1113 Home Party & Event Packag","Low","Use as a page-level KP hint; confirm person name/title before saving."
"50","kp_context_hint","45","AU-0314","Serenity Venue","https://serenityvenue.com","1","","role_context","team","eremonies Receptions Engagement Parties Vow Renewals Meeting Space Conferences Business Meetings Seminars Presentations Team Building Social Events Bar/Bat Mitzvahs Birthday Parties Holiday Parties Networking Events Reunions Wellness Baby Showers School Formals Anniversaries & Milestones Fundraisers","Low","Use as a page-level KP hint; confirm person name/title before saving."
"13","technical_status","45","AU-0314","Serenity Venue","https://serenityvenue.com","1","","fetch_status","https://serenityvenue.com","OK","High","Fetch status: 200. Use only if page fetched successfully."
"13","technical_status","45","AU-0314","Serenity Venue","https://serenityvenue.com/contact","1","","fetch_status","https://serenityvenue.com/contact","OK","High","Fetch status: 200. Use only if page fetched successfully."
"13","technical_status","45","AU-0314","Serenity Venue","https://serenityvenue.com/live-events","1","","fetch_status","https://serenityvenue.com/live-events","OK","High","Fetch status: 200. Use only if page fetched successfully."
"108","company_email","46","AU-0320","White Top - Premium Event Professionals","https://www.whitetop.au/about","1","","email","Ayesha@whitetop.au","apply here","High","Mailto link; save with source/confidence note and review again before outreach."
"102","official_form_candidate","46","AU-0320","White Top - Premium Event Professionals","https://whitetop.au","2","","contact_form","https://whitetop.au","contact_form form method=POST action=current page Subscribe Subscribe to receive our latest updates and event inspo. Email Address Subscribe Thank you!","High","Official page contains a form; save as company_contact_form_url only if it is a contact/enquiry form, not only a booking widget."
"102","official_form_candidate","46","AU-0320","White Top - Premium Event Professionals","https://www.whitetop.au/about","1","","contact_form","https://www.whitetop.au/about","contact_form form method=POST action=current page Subscribe Subscribe to receive our latest updates and event inspo. Email Address Subscribe Thank you!","High","Official page contains a form; save as company_contact_form_url only if it is a contact/enquiry form, not only a booking widget."
"98","phone_candidate","46","AU-0320","White Top - Premium Event Professionals","https://whitetop.au","3","https://www.whitetop.au/about","phone","0419510031","+61 419 510 031","High","Tel link; save with source/confidence note and review again before outreach."
"94","phone_candidate","46","AU-0320","White Top - Premium Event Professionals","https://whitetop.au","3","https://www.whitetop.au/about","phone","+61 419 510 031","receive our latest updates and event inspo. Email Address Subscribe Thank you! CONTACT US +61 419 510 031 info@whitetop.au CONNECT Instagram Facebook TikTok LEARN MORE FAQs Testimonials © Copyrig","Medium","Review whether this is company or person phone before saving."
"89","possible_key_person","46","AU-0320","White Top - Premium Event Professionals","https://whitetop.au","3","https://www.whitetop.au/about","key_person_name","Private Celebrations Corporate","events: s Our Venues Private Properties Our Work Weddings Private Celebrations Corporate Events Enquire Today Open Menu Close Menu Enquire Today About Services Our Venues Our Venues Privat","Medium","Person name found near 'events' role. Verify person/company fit before saving to contacts."
"89","possible_key_person","46","AU-0320","White Top - Premium Event Professionals","https://www.whitetop.au/about","1","","key_person_name","White Top","unknown: About — White Top 0 Skip to Content About Services Our Venues Our Venues Private Properties Our Work Weddings Private","Medium","Person name found near 'unknown' role. Verify person/company fit before saving to contacts."
"88","team_or_about_page","46","AU-0320","White Top - Premium Event Professionals","https://whitetop.au","13","https://www.whitetop.au/about","team_link","https://www.whitetop.au/about","We are premium event professionals.","Medium","Review linked page for contact/form/KP details."
"72","events_or_functions_contact","46","AU-0320","White Top - Premium Event Professionals","https://whitetop.au","9","https://www.whitetop.au/about","contact_link","https://www.whitetop.au/our-work/corporate-events","Corporate Events","Medium","Review linked page for contact/form/KP details."
"72","events_or_functions_contact","46","AU-0320","White Top - Premium Event Professionals","https://whitetop.au","9","https://www.whitetop.au/about","contact_link","https://www.whitetop.au/our-work/private-events","Private Celebrations","Medium","Review linked page for contact/form/KP details."
"60","kp_context_hint","46","AU-0320","White Top - Premium Event Professionals","https://www.whitetop.au/about","1","","role_context","director","s, our experienced and friendly team are dedicated to crafting extraordinary experiences. JOSH WALSH Founder + Managing Director Josh is the glue that binds the White Top team together, overseeing all operations and setting our strategic direction. With a passion for fostering connections, he excels","Low","Use as a page-level KP hint; confirm person name/title before saving."
"60","kp_context_hint","46","AU-0320","White Top - Premium Event Professionals","https://www.whitetop.au/about","1","","role_context","founder","logistical operators, our experienced and friendly team are dedicated to crafting extraordinary experiences. JOSH WALSH Founder + Managing Director Josh is the glue that binds the White Top team together, overseeing all operations and setting our strategic direction. With a passion for fostering con","Low","Use as a page-level KP hint; confirm person name/title before saving."
"60","kp_context_hint","46","AU-0320","White Top - Premium Event Professionals","https://www.whitetop.au/about","1","","role_context","managing director","operators, our experienced and friendly team are dedicated to crafting extraordinary experiences. JOSH WALSH Founder + Managing Director Josh is the glue that binds the White Top team together, overseeing all operations and setting our strategic direction. With a passion for fostering connections,","Low","Use as a page-level KP hint; confirm person name/title before saving."
"60","kp_context_hint","46","AU-0320","White Top - Premium Event Professionals","https://www.whitetop.au/about","1","","role_context","operations","riences. JOSH WALSH Founder + Managing Director Josh is the glue that binds the White Top team together, overseeing all operations and setting our strategic direction. With a passion for fostering connections, he excels in maintaining relationships with industry partners and leaders while building s","Low","Use as a page-level KP hint; confirm person name/title before saving."
"60","kp_context_hint","46","AU-0320","White Top - Premium Event Professionals","https://whitetop.au","2","","role_context","owner","R HOUSE DAIRY FLAT TERRARA HOUSE Ceres Homestead NIMBO FORK point nepean np we LOVE COLLABORATING WITH PRIVATE PROPERTY OWNERS TO PLAN AND EXECUTE MEMORABLE CELEBRATIONS AT HOME. Learn More as featured in Subscribe Subscribe to receive our latest updates and event inspo. Email Address Subscribe Than","Low","Use as a page-level KP hint; confirm person name/title before saving."
"60","kp_context_hint","46","AU-0320","White Top - Premium Event Professionals","https://www.whitetop.au/about","1","","role_context","people","unwavering advocate of our vision to be Australia’s premium event professionals, Josh's dedication to White Top and its people is the heartbeat of the company, propelling us on to greater success year after year. SOPHIE WALSH Founder + Senior Event Planner and Stylist Sophie is not only one of the f","Low","Use as a page-level KP hint; confirm person name/title before saving."
"50","kp_context_hint","46","AU-0320","White Top - Premium Event Professionals","https://whitetop.au","3","https://www.whitetop.au/about","role_context","events","kip to Content About Services Our Venues Our Venues Private Properties Our Work Weddings Private Celebrations Corporate Events Enquire Today Open Menu Close Menu Enquire Today About Services Our Venues Our Venues Private Properties Our Work Weddings Private Celebrations Corporate Events Open Menu Cl","Low","Use as a page-level KP hint; confirm person name/title before saving."
"50","kp_context_hint","46","AU-0320","White Top - Premium Event Professionals","https://whitetop.au","3","https://www.whitetop.au/about","role_context","management","s Enquire Today We are premium event professionals. WE work across event planning & STYLING design & construction venue management Whether looking to transform your private property or host an event at one of our exclusive venues, we collaborate with you to turn your vision into reality. We take gre","Low","Use as a page-level KP hint; confirm person name/title before saving."
"50","kp_context_hint","46","AU-0320","White Top - Premium Event Professionals","https://www.whitetop.au/about","1","","role_context","staff","Top is always on the lookout for talented individuals to join our dynamic team. CURRENT OPPORTUNITIES Casual Operations Staff Beverage wait staff apply here Subscribe Subscribe to receive our latest updates and event inspo. Email Address Subscribe Thank you! CONTACT US +61 419 510 031 info@whitetop.","Low","Use as a page-level KP hint; confirm person name/title before saving."
"50","kp_context_hint","46","AU-0320","White Top - Premium Event Professionals","https://whitetop.au","3","https://www.whitetop.au/about","role_context","team","ients, offering a fully functioning venue space that combines efficient event management with top-tier equipment, and a team of premium event professionals who are always two steps ahead. Beyond weddings, we collaborate on large-scale events and activations for key brand partners. No matter the clie","Low","Use as a page-level KP hint; confirm person name/title before saving."
"13","technical_status","46","AU-0320","White Top - Premium Event Professionals","https://whitetop.au","2","","fetch_status","https://whitetop.au","","High","Fetch status: 200. Use only if page fetched successfully."
"13","technical_status","46","AU-0320","White Top - Premium Event Professionals","https://www.whitetop.au/about","1","","fetch_status","https://www.whitetop.au/about","","High","Fetch status: 200. Use only if page fetched successfully."
"60","kp_context_hint","47","AU-0321","Good food for good folk | Food Folk Australia","https://foodfolk.com.au","1","","role_context","director","tadiums including Subiaco Oval, Burswood and RAC Arena. 2014 PIC goes global with Etihad With Salim Hazife now Managing Director, PIC gained international airline customers, including Etihad, continuing as a supplier until they ceased flights to Perth in 2017. 2015 South African Airways Earned an in","Low","Use as a page-level KP hint; confirm person name/title before saving."
"60","kp_context_hint","47","AU-0321","Good food for good folk | Food Folk Australia","https://foodfolk.com.au","1","","role_context","managing director","r Perth stadiums including Subiaco Oval, Burswood and RAC Arena. 2014 PIC goes global with Etihad With Salim Hazife now Managing Director, PIC gained international airline customers, including Etihad, continuing as a supplier until they ceased flights to Perth in 2017. 2015 South African Airways Ear","Low","Use as a page-level KP hint; confirm person name/title before saving."
"60","kp_context_hint","47","AU-0321","Good food for good folk | Food Folk Australia","https://foodfolk.com.au","1","","role_context","owner","k Instagram About Us Capabilities Careers Sustainability Locations News Foodfolk Australia acknowledges the Traditional Owners and their continuing connection to the land, waters and community. We pay our respects to the members of these Aboriginal communities, their cultures, and to their Elders pa","Low","Use as a page-level KP hint; confirm person name/title before saving."
"60","kp_context_hint","47","AU-0321","Good food for good folk | Food Folk Australia","https://foodfolk.com.au","1","","role_context","team","ring the Future of Food at TUTTOFOOD Milano Our secret to success is a blend of imagination, hard work, and love of our team. Linkedin Facebook Instagram About Us Capabilities Careers Sustainability Locations News Foodfolk Australia acknowledges the Traditional Owners and their continuing connection","Low","Use as a page-level KP hint; confirm person name/title before saving."
"50","kp_context_hint","47","AU-0321","Good food for good folk | Food Folk Australia","https://foodfolk.com.au","1","","role_context","events","ple and our facilities from 400sqm to 800sqm as our contracts for WA regional airlines continued to grow. 2010 More big events in catering We further expanded our catering services to deliver meals for Perth stadiums including Subiaco Oval, Burswood and RAC Arena. 2014 PIC goes global with Etihad Wi","Low","Use as a page-level KP hint; confirm person name/title before saving."
"50","kp_context_hint","47","AU-0321","Good food for good folk | Food Folk Australia","https://foodfolk.com.au","1","","role_context","operations","eSorted Award for Business, recognising our commitment to reducing waste and advancing sustainable practices across our operations. 2024 Expanded to Melbourne We secured our contract with Royal Brunei Airlines in Melbourne, marking an exciting milestone as Foodfolk Australia spread its wings beyond","Low","Use as a page-level KP hint; confirm person name/title before saving."
"50","kp_context_hint","47","AU-0321","Good food for good folk | Food Folk Australia","https://foodfolk.com.au","1","","role_context","people","rport — working together around the clock. 2004 Booming with WA mining Perth Inflight Catering expanded our staff to 40 people and our facilities from 400sqm to 800sqm as our contracts for WA regional airlines continued to grow. 2010 More big events in catering We further expanded our catering servi","Low","Use as a page-level KP hint; confirm person name/title before saving."
"50","kp_context_hint","47","AU-0321","Good food for good folk | Food Folk Australia","https://foodfolk.com.au","1","","role_context","staff","ke on airline meals. 1998 New recipes, new name Ismail and Maria Hazife started Perth Inflight Catering (PIC) with four staff, operating out of a tiny kitchen at Perth Airport — working together around the clock. 2004 Booming with WA mining Perth Inflight Catering expanded our staff to 40 people and","Low","Use as a page-level KP hint; confirm person name/title before saving."
"13","technical_status","47","AU-0321","Good food for good folk | Food Folk Australia","https://foodfolk.com.au","1","","fetch_status","https://foodfolk.com.au","","High","Fetch status: 200. Use only if page fetched successfully."
"102","official_form_candidate","49","AU-0328","Melbourne Catering | Devour It Catering","https://devouritcatering.com.au","4","https://devouritcatering.com.au/#wpcf7-f5004-p5020-o1","contact_form","https://devouritcatering.com.au/#wpcf7-f5004-p5020-o1","contact_form form method=post action=/#wpcf7-f5208-p5020-o2 Let us tailor a package for you Can’t decide? Let us create a package perfect for your needs. Just ask us. We’ll take care of everything. Name Phone Email Message We'll get back to you same day. Excludes weekends & after-hours. This site is protected by reCAPTCHA and the Google Privacy Policy and Terms of Service apply.","High","Official page contains a form; save as company_contact_form_url only if it is a contact/enquiry form, not only a booking widget."
"98","phone_candidate","49","AU-0328","Melbourne Catering | Devour It Catering","https://devouritcatering.com.au","3","https://devouritcatering.com.au/#wpcf7-f5004-p5020-o1 | https://devouritcatering.com.au/about-devour-it/","phone","93760710","","High","Tel link; save with source/confidence note and review again before outreach."
"88","team_or_about_page","49","AU-0328","Melbourne Catering | Devour It Catering","https://devouritcatering.com.au","9","https://devouritcatering.com.au/#wpcf7-f5004-p5020-o1 | https://devouritcatering.com.au/about-devour-it/","team_link","https://devouritcatering.com.au/about-devour-it/","Who We Are","Medium","Review linked page for contact/form/KP details."
"72","company_contact_page","49","AU-0328","Melbourne Catering | Devour It Catering","https://devouritcatering.com.au","9","https://devouritcatering.com.au/#wpcf7-f5004-p5020-o1 | https://devouritcatering.com.au/about-devour-it/","contact_link","https://devouritcatering.com.au/contact-devourit/","Contact Us","Medium","Review linked page for contact/form/KP details."
"60","kp_context_hint","49","AU-0328","Melbourne Catering | Devour It Catering","https://devouritcatering.com.au","2","https://devouritcatering.com.au/#wpcf7-f5004-p5020-o1","role_context","co-founder","a cost-effective and high quality catering solution for all business owners. ALL PACKAGES A message from Catherine, our Co-founder “If you need advice on how much food or which catering packages would suit your event, we’re here to help. As your chosen catering company, our aim is to make your prepa","Low","Use as a page-level KP hint; confirm person name/title before saving."
"60","kp_context_hint","49","AU-0328","Melbourne Catering | Devour It Catering","https://devouritcatering.com.au","2","https://devouritcatering.com.au/#wpcf7-f5004-p5020-o1","role_context","founder","ost-effective and high quality catering solution for all business owners. ALL PACKAGES A message from Catherine, our Co-founder “If you need advice on how much food or which catering packages would suit your event, we’re here to help. As your chosen catering company, our aim is to make your preparat","Low","Use as a page-level KP hint; confirm person name/title before saving."
"60","kp_context_hint","49","AU-0328","Melbourne Catering | Devour It Catering","https://devouritcatering.com.au","2","https://devouritcatering.com.au/#wpcf7-f5004-p5020-o1","role_context","owner","atisfy and delight your customers while presenting a cost-effective and high quality catering solution for all business owners. ALL PACKAGES A message from Catherine, our Co-founder “If you need advice on how much food or which catering packages would suit your event, we’re here to help. As your cho","Low","Use as a page-level KP hint; confirm person name/title before saving."
"50","kp_context_hint","49","AU-0328","Melbourne Catering | Devour It Catering","https://devouritcatering.com.au/about-devour-it/","1","","role_context","crew","ores and venues from the very beginning. We are proud to be the supplier of meals and snacks for Jetstar airlines cabin crew and pilots. Devour it are the primary caterers at Uni Hill Conference Centre in Bundoora. Other notable clients we have supplied include the MCG (pakoras for the Ashes cricket","Low","Use as a page-level KP hint; confirm person name/title before saving."
"50","kp_context_hint","49","AU-0328","Melbourne Catering | Devour It Catering","https://devouritcatering.com.au","3","https://devouritcatering.com.au/#wpcf7-f5004-p5020-o1 | https://devouritcatering.com.au/about-devour-it/","role_context","events","s, we make organising office catering simple and stress-free. Our experienced team understands the demands of corporate events, allowing your staff and guests to enjoy exceptional food while you focus on the day ahead. PARTY AND EVENT CATERING: Devour It Catering brings people together with deliciou","Low","Use as a page-level KP hint; confirm person name/title before saving."
"50","kp_context_hint","49","AU-0328","Melbourne Catering | Devour It Catering","https://devouritcatering.com.au/about-devour-it/","1","","role_context","management","ated corporate and event caterers. Conceived and managed by Catherine who has a background in cafes, wholesale catering management and time at The Big Group, Devour it Catering is a labour of love, and it shows in the food. It’s amazing that not only do we get to live in one of the world’s most vibr","Low","Use as a page-level KP hint; confirm person name/title before saving."
"50","kp_context_hint","49","AU-0328","Melbourne Catering | Devour It Catering","https://devouritcatering.com.au","2","https://devouritcatering.com.au/#wpcf7-f5004-p5020-o1","role_context","people","guests to enjoy exceptional food while you focus on the day ahead. PARTY AND EVENT CATERING: Devour It Catering brings people together with delicious, stress-free party catering for every occasion across Melbourne. From birthdays, engagement parties and family celebrations to cocktail events and pr","Low","Use as a page-level KP hint; confirm person name/title before saving."
"50","kp_context_hint","49","AU-0328","Melbourne Catering | Devour It Catering","https://devouritcatering.com.au","3","https://devouritcatering.com.au/#wpcf7-f5004-p5020-o1 | https://devouritcatering.com.au/about-devour-it/","role_context","staff","office catering simple and stress-free. Our experienced team understands the demands of corporate events, allowing your staff and guests to enjoy exceptional food while you focus on the day ahead. PARTY AND EVENT CATERING: Devour It Catering brings people together with delicious, stress-free party c","Low","Use as a page-level KP hint; confirm person name/title before saving."
"50","kp_context_hint","49","AU-0328","Melbourne Catering | Devour It Catering","https://devouritcatering.com.au","3","https://devouritcatering.com.au/#wpcf7-f5004-p5020-o1 | https://devouritcatering.com.au/about-devour-it/","role_context","team","rne, helping businesses create a positive impression with fresh, high-quality food and seamless service. Whether it’s a team lunch, client meeting, conference, training session or office celebration, our flexible catering packages are designed to suit every workplace and dietary requirement. With pu","Low","Use as a page-level KP hint; confirm person name/title before saving."
"13","technical_status","49","AU-0328","Melbourne Catering | Devour It Catering","https://devouritcatering.com.au","2","https://devouritcatering.com.au/#wpcf7-f5004-p5020-o1","fetch_status","https://devouritcatering.com.au","","High","Fetch status: 200. Use only if page fetched successfully."
"13","technical_status","49","AU-0328","Melbourne Catering | Devour It Catering","https://devouritcatering.com.au/about-devour-it/","1","","fetch_status","https://devouritcatering.com.au/about-devour-it/","","High","Fetch status: 200. Use only if page fetched successfully."
"114","department_or_company_email","50","AU-0331","Melbourne Catering Co","https://www.melbournecateringco.com.au/contact","1","","email","info@hudsonsfamous.com.au","info@melbournecateringco.com.au","High","Mailto link; save with source/confidence note and review again before outreach."
"114","department_or_company_email","50","AU-0331","Melbourne Catering Co","https://www.melbournecateringco.com.au/contact","1","","email","info@melbournecateringco.com.au","About Us Blog Gallery Contact Us Call 03 8419 4575 Get in touch Phone 03 8419 4575 Email info@melbournecateringco.com.au 36 Duke Street, Abbotsford, Victoria 3067 Get a quote within 24 hours Our dedicated team","High","Review whether this is company, department, or person email before saving."
"114","department_or_company_email","50","AU-0331","Melbourne Catering Co","https://www.melbournecateringco.com.au/about-us","2","","email","info@olivelanecatering.com.au","Tempted? Contact Olive Lane Catering to discuss your next event. Tel (03) 9421 5266 Email info@olivelanecatering.com.au What our customers say Anjalee de Silva “Neil, Trish, and the team at Hudson's catered ou","High","Review whether this is company, department, or person email before saving."
"102","official_form_candidate","50","AU-0331","Melbourne Catering Co","https://www.melbournecateringco.com.au/about-us","1","","contact_form","https://www.melbournecateringco.com.au/about-us","contact_form form method=post action=/about-us Sign in Olive Lane Catering Home Weddings Catering Olive Lane. Ready Meals Pantry Pack - accommodation Individually Packaged Meals Hampers Grazing Tables Breakfast Morning & Afternoon Tea Lunch Sandwich Platters & Deals Sweet & Savoury Platters Gluten Free Options Cakes and Tarts Canape Selections Gourmet Salads Shared Feast Corporate Buffet Sit Down Service Beverages Equipment Venues About Us Blog Gallery Contact Us Call 03 8419 4575 About Olive La","High","Official page contains a form; save as company_contact_form_url only if it is a contact/enquiry form, not only a booking widget."
"102","official_form_candidate","50","AU-0331","Melbourne Catering Co","https://www.melbournecateringco.com.au/contact","1","","contact_form","https://www.melbournecateringco.com.au/contact","contact_form form method=post action=/contact Sign in Olive Lane Catering Home Weddings Catering Olive Lane. Ready Meals Pantry Pack - accommodation Individually Packaged Meals Hampers Grazing Tables Breakfast Morning & Afternoon Tea Lunch Sandwich Platters & Deals Sweet & Savoury Platters Gluten Free Options Cakes and Tarts Canape Selections Gourmet Salads Shared Feast Corporate Buffet Sit Down Service Beverages Equipment Venues About Us Blog Gallery Contact Us Call 03 8419 4575 Get in touch Ph","High","Official page contains a form; save as company_contact_form_url only if it is a contact/enquiry form, not only a booking widget."
"102","official_form_candidate","50","AU-0331","Melbourne Catering Co","https://melbournecateringco.com.au","1","","contact_form","https://www.melbournecateringco.com.au/default.aspx","contact_form form method=post action=/default.aspx Sign in Olive Lane Catering Home Weddings Catering Olive Lane. Ready Meals Pantry Pack - accommodation Individually Packaged Meals Hampers Grazing Tables Breakfast Morning & Afternoon Tea Lunch Sandwich Platters & Deals Sweet & Savoury Platters Gluten Free Options Cakes and Tarts Canape Selections Gourmet Salads Shared Feast Corporate Buffet Sit Down Service Beverages Equipment Venues About Us Blog Gallery Contact Us Call 03 8419 4575 Melbourne’","High","Official page contains a form; save as company_contact_form_url only if it is a contact/enquiry form, not only a booking widget."
"98","phone_candidate","50","AU-0331","Melbourne Catering Co","https://melbournecateringco.com.au","4","https://www.melbournecateringco.com.au/about-us | https://www.melbournecateringco.com.au/contact","phone","+61384194575","03 8419 4575","High","Tel link; save with source/confidence note and review again before outreach."
"94","phone_candidate","50","AU-0331","Melbourne Catering Co","https://www.melbournecateringco.com.au/about-us","1","","phone","(03) 9421 5266","urne we have served. Tempted? Contact Olive Lane Catering to discuss your next event. Tel (03) 9421 5266 Email info@olivelanecatering.com.au What our customers say Anjalee de Silva “Neil, Trish,","Medium","Review whether this is company or person phone before saving."
"88","team_or_about_page","50","AU-0331","Melbourne Catering Co","https://melbournecateringco.com.au","3","https://www.melbournecateringco.com.au/about-us | https://www.melbournecateringco.com.au/contact","team_link","https://www.melbournecateringco.com.au/about-us","About Us","Medium","Review linked page for contact/form/KP details."
"72","company_contact_page","50","AU-0331","Melbourne Catering Co","https://melbournecateringco.com.au","4","https://www.melbournecateringco.com.au/about-us | https://www.melbournecateringco.com.au/contact","contact_link","https://www.melbournecateringco.com.au/contact","Get in touch","Medium","Review linked page for contact/form/KP details."
"50","kp_context_hint","50","AU-0331","Melbourne Catering Co","https://www.melbournecateringco.com.au/about-us","1","","role_context","crew","if you'd wish.” Ben and Lauren’s Wedding “Thanks very much for the kind words, and the hard work you, Neil and all the crew for Hudson's put in on the night. We had an amazing time, and it wouldn't have been possible without your help, patience and flexibility. Thanks for working with Pete to keep","Low","Use as a page-level KP hint; confirm person name/title before saving."
"50","kp_context_hint","50","AU-0331","Melbourne Catering Co","https://melbournecateringco.com.au","3","https://www.melbournecateringco.com.au/about-us | https://www.melbournecateringco.com.au/contact","role_context","events","Service Beverages Equipment Venues About Us Blog Gallery Contact Us Call 03 8419 4575 Melbourne’s premium catering and events company Olive Lane is one of Melbourne’s leading catering companies, specialising in corporate, event, wedding & wholesale catering. We use high quality, locally and sustain","Low","Use as a page-level KP hint; confirm person name/title before saving."
"50","kp_context_hint","50","AU-0331","Melbourne Catering Co","https://www.melbournecateringco.com.au/about-us","2","https://www.melbournecateringco.com.au/contact","role_context","management","au 36 Duke Street, Abbotsford, Victoria 3067 Get a quote within 24 hours Our dedicated team provides catering and event management for a huge range of weddings, corporate events, birthdays and business functions of all kinds. We can work anywhere in the greater Melbourne area, so give us a little in","Low","Use as a page-level KP hint; confirm person name/title before saving."
"50","kp_context_hint","50","AU-0331","Melbourne Catering Co","https://www.melbournecateringco.com.au/about-us","1","","role_context","people","space look amazing. Thank you so much for wrapping all the glasses back up especially. We got so many compliments from people on the delicious food (I think poor Trent got attacked when he brought out the pork belly and scallops!) and how friendly the team were.” Bronwyn’s Party “I would just like","Low","Use as a page-level KP hint; confirm person name/title before saving."
"50","kp_context_hint","50","AU-0331","Melbourne Catering Co","https://melbournecateringco.com.au","2","https://www.melbournecateringco.com.au/about-us","role_context","staff","ionally. I had a good experience to work with Hudsons'. I'll highly recommend your team to my colleagues.” Katrina “The staff did a terrific job I can only compliment them and pass on my thanks for doing such a great job, helping in running to our schedule and keeping me up to date with drinks being","Low","Use as a page-level KP hint; confirm person name/title before saving."
"50","kp_context_hint","50","AU-0331","Melbourne Catering Co","https://melbournecateringco.com.au","3","https://www.melbournecateringco.com.au/about-us | https://www.melbournecateringco.com.au/contact","role_context","team","y thanks to Hudson’s Famous catering services and solutions. Stocking a wide range of food and presentation options our team can change the way you conduct your corporate events in a manner that truly represents your company’s interests. More info Weddings and Events With many different venues on of","Low","Use as a page-level KP hint; confirm person name/title before saving."
"13","technical_status","50","AU-0331","Melbourne Catering Co","https://melbournecateringco.com.au","1","","fetch_status","https://melbournecateringco.com.au","","High","Fetch status: 200. Use only if page fetched successfully."
"13","technical_status","50","AU-0331","Melbourne Catering Co","https://www.melbournecateringco.com.au/about-us","1","","fetch_status","https://www.melbournecateringco.com.au/about-us","","High","Fetch status: 200. Use only if page fetched successfully."
"13","technical_status","50","AU-0331","Melbourne Catering Co","https://www.melbournecateringco.com.au/contact","1","","fetch_status","https://www.melbournecateringco.com.au/contact","","High","Fetch status: 200. Use only if page fetched successfully."
"94","phone_candidate","51","AU-0335","HOME - The Venue Alexandria","https://thevenuealexandria.com.au/contact/","2","","phone","02 8324 6200","PARKING, TAXI & UBER DROP OFF MAP Ground Level 55 Doody Street Alexandria NSW 2015 A: T: 02 8324 6200 TRANSPORT GUIDE E: [email protected] PARKING Entrance is located at 55 Doody Street Alexa","Medium","Review whether this is company or person phone before saving."
"72","company_contact_page","51","AU-0335","HOME - The Venue Alexandria","https://thevenuealexandria.com.au","6","https://thevenuealexandria.com.au/contact/ | https://thevenuealexandria.com.au/enquiry-form/","contact_link","https://thevenuealexandria.com.au/contact/","https://thevenuealexandria.com.au/contact/","Medium","Review linked page for contact/form/KP details."
"72","company_contact_page","51","AU-0335","HOME - The Venue Alexandria","https://thevenuealexandria.com.au","3","https://thevenuealexandria.com.au/contact/ | https://thevenuealexandria.com.au/enquiry-form/","contact_link","https://thevenuealexandria.com.au/enquiry-form/","https://thevenuealexandria.com.au/enquiry-form/","Medium","Review linked page for contact/form/KP details."
"72","company_contact_page","51","AU-0335","HOME - The Venue Alexandria","https://thevenuealexandria.com.au","2","https://thevenuealexandria.com.au/contact/","contact_link","https://thevenuealexandria.com.au/index.php/enquiry-form/","https://thevenuealexandria.com.au/index.php/enquiry-form/","Medium","Review linked page for contact/form/KP details."
"72","events_or_functions_contact","51","AU-0335","HOME - The Venue Alexandria","https://thevenuealexandria.com.au","3","https://thevenuealexandria.com.au/contact/ | https://thevenuealexandria.com.au/enquiry-form/","contact_link","https://thevenuealexandria.com.au/gala-events/","https://thevenuealexandria.com.au/gala-events/","Medium","Review linked page for contact/form/KP details."
"72","events_or_functions_contact","51","AU-0335","HOME - The Venue Alexandria","https://thevenuealexandria.com.au","3","https://thevenuealexandria.com.au/contact/ | https://thevenuealexandria.com.au/enquiry-form/","contact_link","https://thevenuealexandria.com.au/private-events/","https://thevenuealexandria.com.au/private-events/","Medium","Review linked page for contact/form/KP details."
"72","events_or_functions_contact","51","AU-0335","HOME - The Venue Alexandria","https://thevenuealexandria.com.au","3","https://thevenuealexandria.com.au/contact/ | https://thevenuealexandria.com.au/enquiry-form/","contact_link","https://thevenuealexandria.com.au/special-events/","https://thevenuealexandria.com.au/special-events/","Medium","Review linked page for contact/form/KP details."
"72","events_or_functions_contact","51","AU-0335","HOME - The Venue Alexandria","https://thevenuealexandria.com.au","3","https://thevenuealexandria.com.au/contact/ | https://thevenuealexandria.com.au/enquiry-form/","contact_link","https://thevenuealexandria.com.au/virtual-hybrid-events/","https://thevenuealexandria.com.au/virtual-hybrid-events/","Medium","Review linked page for contact/form/KP details."
"70","company_linkedin","51","AU-0335","HOME - The Venue Alexandria","https://thevenuealexandria.com.au","6","https://thevenuealexandria.com.au/contact/ | https://thevenuealexandria.com.au/enquiry-form/","company_linkedin_url","https://au.linkedin.com/company/the-venue-alexandria","https://au.linkedin.com/company/the-venue-alexandria","Low","Use as a manual LinkedIn review URL; do not treat as verified direct contact until person/company fit is confirmed."
"66","supplier_or_procurement_page","51","AU-0335","HOME - The Venue Alexandria","https://thevenuealexandria.com.au","3","https://thevenuealexandria.com.au/contact/ | https://thevenuealexandria.com.au/enquiry-form/","supplier_link","https://thevenuealexandria.com.au/trade-shows/","https://thevenuealexandria.com.au/trade-shows/","Medium","Review linked page for contact/form/KP details."
"50","kp_context_hint","51","AU-0335","HOME - The Venue Alexandria","https://thevenuealexandria.com.au","3","https://thevenuealexandria.com.au/contact/ | https://thevenuealexandria.com.au/enquiry-form/","role_context","events","dria Skip to content Facebook Instagram LinkedIn Tiktok Email HOME SPACES THE VENUE THE FOYER THE STUDIO CORPORATE GALA EVENTS CONFERENCES PRODUCT LAUNCHES SPECIAL EVENTS CELEBRATIONS WEDDINGS PRIVATE EVENTS SCHOOLS SCHOOL FORMALS GRADUATION BALLS EXAMS EXHIBITIONS EXHIBITIONS POP UP SALES TRADE SHO","Low","Use as a page-level KP hint; confirm person name/title before saving."
"50","kp_context_hint","51","AU-0335","HOME - The Venue Alexandria","https://thevenuealexandria.com.au","1","","role_context","people","which is accessible by coach/vehicle access, an ideal pre-function space. If you have a smaller event to host up to 200 people, The Studio is available for conferences, workshops/breakout area, hybrid events or just video conferencing. The Venue offers flexibility to build your event from the ground","Low","Use as a page-level KP hint; confirm person name/title before saving."
"50","kp_context_hint","51","AU-0335","HOME - The Venue Alexandria","https://thevenuealexandria.com.au","1","","role_context","team","’s fully air conditioned and heating facilities will ensure Guests are comfortable throughout the event. Supported by a Team of Event professionals and vetted suppliers The Venue’s other notable features include high speed internet throughout, in house technical production partner NW Group offer a f","Low","Use as a page-level KP hint; confirm person name/title before saving."
"13","technical_status","51","AU-0335","HOME - The Venue Alexandria","https://thevenuealexandria.com.au","1","","fetch_status","https://thevenuealexandria.com.au","","High","Fetch status: 200. Use only if page fetched successfully."
"13","technical_status","51","AU-0335","HOME - The Venue Alexandria","https://thevenuealexandria.com.au/contact/","1","","fetch_status","https://thevenuealexandria.com.au/contact/","","High","Fetch status: 200. Use only if page fetched successfully."
"13","technical_status","51","AU-0335","HOME - The Venue Alexandria","https://thevenuealexandria.com.au/enquiry-form/","1","","fetch_status","https://thevenuealexandria.com.au/enquiry-form/","","High","Fetch status: 200. Use only if page fetched successfully."
"98","phone_candidate","52","AU-0339","The Hotel Network - Procurement Managers","https://hotelnetwork.com.au","2","","phone","+61294144900","","High","Tel link; save with source/confidence note and review again before outreach."
"89","possible_key_person","52","AU-0339","The Hotel Network - Procurement Managers","https://hotelnetwork.com.au","1","","key_person_name","Regional Travel Conference","procurement: mmodation Management Expense Management Rural and Regional Travel Conference Management Group Travel Bookings Customers Travel Management Companies Procurement Managers Event M","Medium","Person name found near 'procurement' role. Verify person/company fit before saving to contacts."
"88","team_or_about_page","52","AU-0339","The Hotel Network - Procurement Managers","https://hotelnetwork.com.au","1","","team_link","http://www.hotelnetwork.com.au/services/expense-management/","","Medium","Review linked page for contact/form/KP details."
"88","team_or_about_page","52","AU-0339","The Hotel Network - Procurement Managers","https://hotelnetwork.com.au","4","","team_link","https://www.hotelnetwork.com.au/customers/travel-management-companies/","Travel Management Companies","Medium","Review linked page for contact/form/KP details."
"88","team_or_about_page","52","AU-0339","The Hotel Network - Procurement Managers","https://hotelnetwork.com.au","4","","team_link","https://www.hotelnetwork.com.au/discover/about-the-hotel-network/","Find out more","Medium","Review linked page for contact/form/KP details."
"88","team_or_about_page","52","AU-0339","The Hotel Network - Procurement Managers","https://hotelnetwork.com.au","9","","team_link","https://www.hotelnetwork.com.au/services/accommodation-management/","Accommodation Management","Medium","Review linked page for contact/form/KP details."
"88","team_or_about_page","52","AU-0339","The Hotel Network - Procurement Managers","https://hotelnetwork.com.au","3","","team_link","https://www.hotelnetwork.com.au/services/conference-management/","Conference Management","Medium","Review linked page for contact/form/KP details."
"88","team_or_about_page","52","AU-0339","The Hotel Network - Procurement Managers","https://hotelnetwork.com.au","4","","team_link","https://www.hotelnetwork.com.au/services/expense-management/","Expense Management","Medium","Review linked page for contact/form/KP details."
"72","company_contact_page","52","AU-0339","The Hotel Network - Procurement Managers","https://hotelnetwork.com.au","1","","contact_link","http://www.hotelnetwork.com.au/contact/","","Medium","Review linked page for contact/form/KP details."
"72","company_contact_page","52","AU-0339","The Hotel Network - Procurement Managers","https://hotelnetwork.com.au","6","","contact_link","https://www.hotelnetwork.com.au/contact","Request a demo","Medium","Review linked page for contact/form/KP details."
"72","company_contact_page","52","AU-0339","The Hotel Network - Procurement Managers","https://hotelnetwork.com.au","4","","contact_link","https://www.hotelnetwork.com.au/services/travel-bookings/","Group Travel Bookings","Medium","Review linked page for contact/form/KP details."
"70","company_linkedin","52","AU-0339","The Hotel Network - Procurement Managers","https://hotelnetwork.com.au","1","","company_linkedin_url","https://www.linkedin.com/company/the-hotel-network/","Connect on LinkedIn","Low","Use as a manual LinkedIn review URL; do not treat as verified direct contact until person/company fit is confirmed."
"66","supplier_or_procurement_page","52","AU-0339","The Hotel Network - Procurement Managers","https://hotelnetwork.com.au","4","","supplier_link","https://www.hotelnetwork.com.au/customers/procurement-managers/","Procurement Managers","Medium","Review linked page for contact/form/KP details."
"66","supplier_or_procurement_page","52","AU-0339","The Hotel Network - Procurement Managers","https://hotelnetwork.com.au","3","","supplier_link","https://www.hotelnetwork.com.au/discover/partners/","Partners","Medium","Review linked page for contact/form/KP details."
"66","supplier_or_procurement_page","52","AU-0339","The Hotel Network - Procurement Managers","https://hotelnetwork.com.au","4","","supplier_link","https://www.hotelnetwork.com.au/discover/suppliers/","Accommodation Suppliers","Medium","Review linked page for contact/form/KP details."
"66","supplier_or_procurement_page","52","AU-0339","The Hotel Network - Procurement Managers","https://hotelnetwork.com.au","1","","supplier_link","https://www.hotelnetwork.com.au/duty-of-care-how-thn-help-travel-procurement-meet-their-obligations/","","Medium","Review linked page for contact/form/KP details."
"60","kp_context_hint","52","AU-0339","The Hotel Network - Procurement Managers","https://hotelnetwork.com.au","1","","role_context","management","The Hotel Network - Home Home - The Hotel Network 02 9414 4900 • Contact Toggle menu Services Accommodation Management Expense Management Rural and Regional Travel Conference Management Group Travel Bookings Customers Travel Management Companies Procurement Managers Event Managers Govern","Low","Use as a page-level KP hint; confirm person name/title before saving."
"60","kp_context_hint","52","AU-0339","The Hotel Network - Procurement Managers","https://hotelnetwork.com.au","1","","role_context","procurement","Management Rural and Regional Travel Conference Management Group Travel Bookings Customers Travel Management Companies Procurement Managers Event Managers Government Travel Corporate and Business Travellers Discover GDS by THN About THN News and Views Partners Accommodation Suppliers Privacy Policy","Low","Use as a page-level KP hint; confirm person name/title before saving."
"50","kp_context_hint","52","AU-0339","The Hotel Network - Procurement Managers","https://hotelnetwork.com.au","1","","role_context","events","a Brooke Returning to Business Travel in Australia Read more Personalised service How can we help? TMCs • Procurement • Events/conferences “Given the established relationships, high room night production, and professional manner in which The Hotel Network contract each year, they have amongst the be","Low","Use as a page-level KP hint; confirm person name/title before saving."
"50","kp_context_hint","52","AU-0339","The Hotel Network - Procurement Managers","https://hotelnetwork.com.au","1","","role_context","team","gate registrations and more. Why The Hotel Network? An understanding of Duty of Care responsibilities Dedicated support team & 24/7 emergency support Consolidated financial planning reports and data Stay at a “full” hotel with our “Squeeze Me In” service Select credit card or invoice at time of book","Low","Use as a page-level KP hint; confirm person name/title before saving."
"13","technical_status","52","AU-0339","The Hotel Network - Procurement Managers","https://hotelnetwork.com.au","1","","fetch_status","https://hotelnetwork.com.au","OK","High","Fetch status: 200. Use only if page fetched successfully."
"120","possible_person_email","53","AU-0345","Trippas White Group | Iconic Experiences","https://trippaswhitegroup.com.au/contact/","1","","email","twg.enquiries@trippaswhitegroup.com.au","ght person for your question, so check out the below options: Head Office +61 2 8023 7600 twg.enquiries@trippaswhitegroup.com.au 160 Sussex Street, Sydney NSW, Australia Departments For Events events@trippaswhitegroup.","High","Review whether this is company, department, or person email before saving."
"114","department_or_company_email","53","AU-0345","Trippas White Group | Iconic Experiences","https://trippaswhitegroup.com.au/contact/","1","","email","events@trippaswhitegroup.com.au","@trippaswhitegroup.com.au 160 Sussex Street, Sydney NSW, Australia Departments For Events events@trippaswhitegroup.com.au For Reservations reservations@trippaswhitegroup.com.au For Marketing marketing@trippaswhi","High","Review whether this is company, department, or person email before saving."
"114","department_or_company_email","53","AU-0345","Trippas White Group | Iconic Experiences","https://trippaswhitegroup.com.au/contact/","1","","email","reservations@trippaswhitegroup.com.au","ey NSW, Australia Departments For Events events@trippaswhitegroup.com.au For Reservations reservations@trippaswhitegroup.com.au For Marketing marketing@trippaswhitegroup.com.au For International Tourism inbound@trippa","High","Review whether this is company, department, or person email before saving."
"108","company_email","53","AU-0345","Trippas White Group | Iconic Experiences","https://trippaswhitegroup.com.au/contact/","1","","email","inbound@trippaswhitegroup.com.au","tegroup.com.au For Marketing marketing@trippaswhitegroup.com.au For International Tourism inbound@trippaswhitegroup.com.au For Supplier Enquiries suppliers@trippaswhitegroup.com.au For Business Opportunities tend","High","Review whether this is company, department, or person email before saving."
"108","company_email","53","AU-0345","Trippas White Group | Iconic Experiences","https://trippaswhitegroup.com.au/contact/","1","","email","suppliers@trippaswhitegroup.com.au",".com.au For International Tourism inbound@trippaswhitegroup.com.au For Supplier Enquiries suppliers@trippaswhitegroup.com.au For Business Opportunities tenders@trippaswhitegroup.com.au Newsletter Facebook instagram","High","Review whether this is company, department, or person email before saving."
"108","company_email","53","AU-0345","Trippas White Group | Iconic Experiences","https://trippaswhitegroup.com.au/contact/","1","","email","tenders@trippaswhitegroup.com.au","m.au For Supplier Enquiries suppliers@trippaswhitegroup.com.au For Business Opportunities tenders@trippaswhitegroup.com.au Newsletter Facebook instagram linkedin tiktok Who We Are Sustainability Work With Us Cont","High","Review whether this is company, department, or person email before saving."
"94","phone_candidate","53","AU-0345","Trippas White Group | Iconic Experiences","https://trippaswhitegroup.com.au/contact/","1","","phone","+61 2 8023 7600","e you get the right person for your question, so check out the below options: Head Office +61 2 8023 7600 twg.enquiries@trippaswhitegroup.com.au 160 Sussex Street, Sydney NSW, Australia Departmen","Medium","Review whether this is company or person phone before saving."
"89","possible_key_person","53","AU-0345","Trippas White Group | Iconic Experiences","https://trippaswhitegroup.com.au","1","","key_person_name","House Victor Liong","director: Alvarez Culinary Director, Events at Sydney Opera House Victor Liong Culinary Director, Lee Ho Fook, Sydney Mark Best Culinary Director, Infinity by Mark Best Luke Nguy","Medium","Person name found near 'director' role. Verify person/company fit before saving to contacts."
"88","team_or_about_page","53","AU-0345","Trippas White Group | Iconic Experiences","https://trippaswhitegroup.com.au","18","https://trippaswhitegroup.com.au/about/ | https://trippaswhitegroup.com.au/contact/","team_link","https://trippaswhitegroup.com.au/about/","https://trippaswhitegroup.com.au/about/","Medium","Review linked page for contact/form/KP details."
"88","team_or_about_page","53","AU-0345","Trippas White Group | Iconic Experiences","https://trippaswhitegroup.com.au","1","","team_link","https://trippaswhitegroup.com.au/who-we-are/","About Us","Medium","Review linked page for contact/form/KP details."
"72","company_contact_page","53","AU-0345","Trippas White Group | Iconic Experiences","https://trippaswhitegroup.com.au","3","https://trippaswhitegroup.com.au/about/ | https://trippaswhitegroup.com.au/contact/","contact_link","https://trippaswhitegroup.com.au/contact/","Contact Us","Medium","Review linked page for contact/form/KP details."
"72","events_or_functions_contact","53","AU-0345","Trippas White Group | Iconic Experiences","https://trippaswhitegroup.com.au","16","https://trippaswhitegroup.com.au/about/ | https://trippaswhitegroup.com.au/contact/","contact_link","https://trippaswhitegroup.com.au/events/","https://trippaswhitegroup.com.au/events/","Medium","Review linked page for contact/form/KP details."
"72","events_or_functions_contact","53","AU-0345","Trippas White Group | Iconic Experiences","https://trippaswhitegroup.com.au","9","https://trippaswhitegroup.com.au/about/ | https://trippaswhitegroup.com.au/contact/","contact_link","https://trippaswhitegroup.com.au/events/corporate-events/","https://trippaswhitegroup.com.au/events/corporate-events/","Medium","Review linked page for contact/form/KP details."
"72","events_or_functions_contact","53","AU-0345","Trippas White Group | Iconic Experiences","https://trippaswhitegroup.com.au","6","https://trippaswhitegroup.com.au/about/ | https://trippaswhitegroup.com.au/contact/","contact_link","https://trippaswhitegroup.com.au/events/corporate-events/twg-collective/","https://trippaswhitegroup.com.au/events/corporate-events/twg-collective/","Medium","Review linked page for contact/form/KP details."
"72","events_or_functions_contact","53","AU-0345","Trippas White Group | Iconic Experiences","https://trippaswhitegroup.com.au","9","https://trippaswhitegroup.com.au/about/ | https://trippaswhitegroup.com.au/contact/","contact_link","https://trippaswhitegroup.com.au/events/parties-celebrations/","https://trippaswhitegroup.com.au/events/parties-celebrations/","Medium","Review linked page for contact/form/KP details."
"72","events_or_functions_contact","53","AU-0345","Trippas White Group | Iconic Experiences","https://trippaswhitegroup.com.au","9","https://trippaswhitegroup.com.au/about/ | https://trippaswhitegroup.com.au/contact/","contact_link","https://trippaswhitegroup.com.au/events/weddings/","https://trippaswhitegroup.com.au/events/weddings/","Medium","Review linked page for contact/form/KP details."
"70","company_linkedin","53","AU-0345","Trippas White Group | Iconic Experiences","https://trippaswhitegroup.com.au","6","https://trippaswhitegroup.com.au/about/ | https://trippaswhitegroup.com.au/contact/","company_linkedin_url","https://au.linkedin.com/company/trippas-white-group","linkedin","Low","Use as a manual LinkedIn review URL; do not treat as verified direct contact until person/company fit is confirmed."
"60","kp_context_hint","53","AU-0345","Trippas White Group | Iconic Experiences","https://trippaswhitegroup.com.au","1","","role_context","culinary","d Food Guide Infinity by Mark Best’s Jen Kwok Lee Named Young Chef of the Year Finalist Our Ambassadors Our world-class Culinary Directors and ambassadors. Our ambassadors lead the way in excellence, bringing world-class expertise, creativity, and passion to everything they do. Whether it’s crafting","Low","Use as a page-level KP hint; confirm person name/title before saving."
"60","kp_context_hint","53","AU-0345","Trippas White Group | Iconic Experiences","https://trippaswhitegroup.com.au","1","","role_context","director","ide Infinity by Mark Best’s Jen Kwok Lee Named Young Chef of the Year Finalist Our Ambassadors Our world-class Culinary Directors and ambassadors. Our ambassadors lead the way in excellence, bringing world-class expertise, creativity, and passion to everything they do. Whether it’s crafting exceptio","Low","Use as a page-level KP hint; confirm person name/title before saving."
"50","kp_context_hint","53","AU-0345","Trippas White Group | Iconic Experiences","https://trippaswhitegroup.com.au","3","https://trippaswhitegroup.com.au/about/ | https://trippaswhitegroup.com.au/contact/","role_context","events","iences Skip to content Trippas White Group Restaurants, Bars & Cafes Image Block Links List What’s On Venues Weddings & Events Image Block Links List Weddings Corporate TWG Collective Social What’s On Venues Corporate, Education & Airport Image Block Links List Education Corporate Airport Lounges Fo","Low","Use as a page-level KP hint; confirm person name/title before saving."
"50","kp_context_hint","53","AU-0345","Trippas White Group | Iconic Experiences","https://trippaswhitegroup.com.au","1","","role_context","management","a culture where everyone feels valued, heard, and supported. From chefs and event planners to front-of-house staff and management, each member of our team is dedicated to delivering world-class hospitality. We foster a culture of warmth, inclusivity, and continuous improvement, where every team mem","Low","Use as a page-level KP hint; confirm person name/title before saving."
"50","kp_context_hint","53","AU-0345","Trippas White Group | Iconic Experiences","https://trippaswhitegroup.com.au","1","","role_context","operations","table. About Us Be the Experience Love hospitality? Join our team! We regularly hire chefs, bartenders, front-of-house, operations, and head office talent. See what roles are open now. Work with us Newsletter Facebook instagram linkedin tiktok Who We Are Sustainability Work With Us Contact Us Ambass","Low","Use as a page-level KP hint; confirm person name/title before saving."
"50","kp_context_hint","53","AU-0345","Trippas White Group | Iconic Experiences","https://trippaswhitegroup.com.au","3","https://trippaswhitegroup.com.au/about/ | https://trippaswhitegroup.com.au/contact/","role_context","people","nues Corporate, Education & Airport Image Block Links List Education Corporate Airport Lounges Food Philosophy News Our People Image Block Links List Who We Are Work With Us Our Ambassadors Sustainability Gift Vouchers Search: Restaurants, Bars & Cafes Image Block Links List What’s On Venues Wedding","Low","Use as a page-level KP hint; confirm person name/title before saving."
"50","kp_context_hint","53","AU-0345","Trippas White Group | Iconic Experiences","https://trippaswhitegroup.com.au","1","","role_context","staff","fostering a culture where everyone feels valued, heard, and supported. From chefs and event planners to front-of-house staff and management, each member of our team is dedicated to delivering world-class hospitality. We foster a culture of warmth, inclusivity, and continuous improvement, where ever","Low","Use as a page-level KP hint; confirm person name/title before saving."
"50","kp_context_hint","53","AU-0345","Trippas White Group | Iconic Experiences","https://trippaswhitegroup.com.au","3","https://trippaswhitegroup.com.au/about/ | https://trippaswhitegroup.com.au/contact/","role_context","team","hite Group is a powerhouse in Australian hospitality—crafting unforgettable moments across 150+ venues. With over 3,000 team members serving 15 million guests annually, we deliver more than 20,000 bespoke events every year. We are passionate about food, people, and creating moments that matter—small","Low","Use as a page-level KP hint; confirm person name/title before saving."
"48","low_value_company_email","53","AU-0345","Trippas White Group | Iconic Experiences","https://trippaswhitegroup.com.au/contact/","1","","email","marketing@trippaswhitegroup.com.au","paswhitegroup.com.au For Reservations reservations@trippaswhitegroup.com.au For Marketing marketing@trippaswhitegroup.com.au For International Tourism inbound@trippaswhitegroup.com.au For Supplier Enquiries supplie","High","Review whether this is company, department, or person email before saving."
"13","technical_status","53","AU-0345","Trippas White Group | Iconic Experiences","https://trippaswhitegroup.com.au","1","","fetch_status","https://trippaswhitegroup.com.au","OK","High","Fetch status: 200. Use only if page fetched successfully."
"13","technical_status","53","AU-0345","Trippas White Group | Iconic Experiences","https://trippaswhitegroup.com.au/about/","1","","fetch_status","https://trippaswhitegroup.com.au/about/","OK","High","Fetch status: 200. Use only if page fetched successfully."
"13","technical_status","53","AU-0345","Trippas White Group | Iconic Experiences","https://trippaswhitegroup.com.au/contact/","1","","fetch_status","https://trippaswhitegroup.com.au/contact/","OK","High","Fetch status: 200. Use only if page fetched successfully."
"72","company_contact_page","54","AU-0346","Francis Venues - Hospitality Management Group","https://francisvenues.com.au","6","https://francisvenues.com.au/contact-us","contact_link","https://francisvenues.com.au/contact-us","/contact-us","Medium","Review linked page for contact/form/KP details."
"70","company_linkedin","54","AU-0346","Francis Venues - Hospitality Management Group","https://francisvenues.com.au","3","https://francisvenues.com.au/contact-us","company_linkedin_url","https://www.linkedin.com/company/francis-venues","https://www.linkedin.com/company/francis-venues","Low","Use as a manual LinkedIn review URL; do not treat as verified direct contact until person/company fit is confirmed."
"50","kp_context_hint","54","AU-0346","Francis Venues - Hospitality Management Group","https://francisvenues.com.au","2","https://francisvenues.com.au/contact-us","role_context","management","Francis Venues - Hospitality Management Group Home Contact Us Responsible Service Frisbie Rewards More Home Contact Us Responsible Service Frisbie Rewards Home Contact Us Responsible Service Frisbie Rewards FR","Low","Use as a page-level KP hint; confirm person name/title before saving."
"50","kp_context_hint","54","AU-0346","Francis Venues - Hospitality Management Group","https://francisvenues.com.au","2","https://francisvenues.com.au/contact-us","role_context","people","e pay our respect to their Elders past and present and extend that respect to all Aboriginal and Torres Strait Islander peoples today. We foster an inclusive environment where discrimination holds no place, and everyone finds belonging. Our dedication lies in honouring and rejoicing in the diversity","Low","Use as a page-level KP hint; confirm person name/title before saving."
"50","kp_context_hint","54","AU-0346","Francis Venues - Hospitality Management Group","https://francisvenues.com.au","1","","role_context","staff","ENUES FRANCIS VENUES We are a passionate family-run hospitality group with over 30 years' experience and 600+ dedicated staff members. Copyright © 2026 Francis Venues - Hospitality Management Group - All Rights Reserved. Sunshine Ave &, Main Rd E, Kealba VIC 3021 In the spirit of reconciliation, we","Low","Use as a page-level KP hint; confirm person name/title before saving."
"13","technical_status","54","AU-0346","Francis Venues - Hospitality Management Group","https://francisvenues.com.au","1","","fetch_status","https://francisvenues.com.au","OK","High","Fetch status: 200. Use only if page fetched successfully."
"13","technical_status","54","AU-0346","Francis Venues - Hospitality Management Group","https://francisvenues.com.au/contact-us","1","","fetch_status","https://francisvenues.com.au/contact-us","OK","High","Fetch status: 200. Use only if page fetched successfully."
"102","official_form_candidate","55","AU-0347","Sand Hill Road","https://sandhillroad.com.au","2","https://www.sandhillroad.com.au/#wpcf7-f2366-p2352-o1","contact_form","https://www.sandhillroad.com.au/#wpcf7-f2366-p2352-o1","contact_form form method=post action=/#wpcf7-f2366-p2352-o1 First Name Surname Email Mobile Message","High","Official page contains a form; save as company_contact_form_url only if it is a contact/enquiry form, not only a booking widget."
"94","phone_candidate","55","AU-0347","Sand Hill Road","https://sandhillroad.com.au","2","https://www.sandhillroad.com.au/#wpcf7-f2366-p2352-o1","phone","03 9428 5333","acy For general enquiries [email protected] 292 Church Street Richmond VIC Australia 3121 03 9428 5333 Sand Hill Road was founded in 1999 We’re a group of five families, but really, we’re a co","Medium","Review whether this is company or person phone before saving."
"72","company_contact_page","55","AU-0347","Sand Hill Road","https://sandhillroad.com.au","4","https://www.sandhillroad.com.au/#wpcf7-f2366-p2352-o1","contact_link","https://www.sandhillroad.com.au/#contact","Send us a message","Medium","Review linked page for contact/form/KP details."
"50","kp_context_hint","55","AU-0347","Sand Hill Road","https://sandhillroad.com.au","2","https://www.sandhillroad.com.au/#wpcf7-f2366-p2352-o1","role_context","staff","8 5333 Sand Hill Road was founded in 1999 We’re a group of five families, but really, we’re a collection of hundreds of staff, contractors, musicians, artists, and residents that have made all those years so ground-breaking and memorable. Simply, we find old venues and make them new again. Our venue","Low","Use as a page-level KP hint; confirm person name/title before saving."
"13","technical_status","55","AU-0347","Sand Hill Road","https://sandhillroad.com.au","2","https://www.sandhillroad.com.au/#wpcf7-f2366-p2352-o1","fetch_status","https://sandhillroad.com.au","","High","Fetch status: 200. Use only if page fetched successfully."
"108","possible_key_person_linkedin","56","AU-0348","Contact — Taste Hospitality","https://tastehospitality.com.au","3","https://www.tastehospitality.com.au/about | https://www.tastehospitality.com.au/contact-us","key_person_linkedin_url","https://www.linkedin.com/in/robwilkeshospo/?originalSubdomain=au","","Medium","Use as a manual LinkedIn review URL; do not treat as verified direct contact until person/company fit is confirmed."
"94","phone_candidate","56","AU-0348","Contact — Taste Hospitality","https://tastehospitality.com.au","3","https://www.tastehospitality.com.au/about | https://www.tastehospitality.com.au/contact-us","phone","+61 418 427 944","ess day. CONTACT Rob Wilkes Founder | Taste Hospitality E: rob@tastehospitality.com.au P: +61 418 427 944 Rob Wilkes Founder | Taste Hospitality E: rob@tastehospitality.com.au P: +61 418 427 944","Medium","Review whether this is company or person phone before saving."
"89","possible_key_person","56","AU-0348","Contact — Taste Hospitality","https://tastehospitality.com.au","3","https://www.tastehospitality.com.au/about | https://www.tastehospitality.com.au/contact-us","key_person_name","Rob Wilkes","founder: ally be in touch within one business day. CONTACT Rob Wilkes Founder | Taste Hospitality E: rob@tastehospitality.com.au P: +61 418 427 944 Rob Wilkes Founder |","Medium","Person name found near 'founder' role. Verify person/company fit before saving to contacts."
"88","team_or_about_page","56","AU-0348","Contact — Taste Hospitality","https://tastehospitality.com.au","10","https://www.tastehospitality.com.au/about | https://www.tastehospitality.com.au/contact-us","team_link","https://www.tastehospitality.com.au/about","WHY taste works","Medium","Review linked page for contact/form/KP details."
"88","team_or_about_page","56","AU-0348","Contact — Taste Hospitality","https://tastehospitality.com.au","5","https://www.tastehospitality.com.au/about","team_link","https://www.tastehospitality.com.au/recruitment-form","LET'S TALK ABOUT YOUR NEEDS","Medium","Review linked page for contact/form/KP details."
"72","company_contact_page","56","AU-0348","Contact — Taste Hospitality","https://tastehospitality.com.au","10","https://www.tastehospitality.com.au/about | https://www.tastehospitality.com.au/contact-us","contact_link","https://www.tastehospitality.com.au/contact-us","LET'S TALK","Medium","Review linked page for contact/form/KP details."
"60","kp_context_hint","56","AU-0348","Contact — Taste Hospitality","https://tastehospitality.com.au","3","https://www.tastehospitality.com.au/about | https://www.tastehospitality.com.au/contact-us","role_context","founder","E HIRING EASIER Tell us what you’re looking for I’ll personally be in touch within one business day. CONTACT Rob Wilkes Founder | Taste Hospitality E: rob@tastehospitality.com.au P: +61 418 427 944 Rob Wilkes Founder | Taste Hospitality E: rob@tastehospitality.com.au P: +61 418 427 944","Low","Use as a page-level KP hint; confirm person name/title before saving."
"60","kp_context_hint","56","AU-0348","Contact — Taste Hospitality","https://tastehospitality.com.au","1","","role_context","general manager","senior hospitality roles across kitchens, floor, bar, and venue leadership. This includes Head Chefs, Executive Chefs, General Managers, and Venue Managers. For venues looking to hire a Head Chef, General Manager, or senior leadership role, we focus on permanent, long-term placements that strengthe","Low","Use as a page-level KP hint; confirm person name/title before saving."
"50","kp_context_hint","56","AU-0348","Contact — Taste Hospitality","https://tastehospitality.com.au","2","https://www.tastehospitality.com.au/about","role_context","leadership","lose Menu ABOUT RECRUITMENT CASE STUDIES CONTACT SCHEDULE A CALL WHY CHOOSE TASTE Operator‑led hospitality recruitment. Leadership appointments shape venues for years — not months. When standards are serious, the search should be too. LET'S RECRUIT TOGETHER VIEW OUR RECRUITMENT PROCESS Built From Re","Low","Use as a page-level KP hint; confirm person name/title before saving."
"50","kp_context_hint","56","AU-0348","Contact — Taste Hospitality","https://www.tastehospitality.com.au/about","1","","role_context","operations","Experience We spent 20 years running hospitality venues across the UK and Australia. Pubs, restaurants, and large-scale operations. Leading teams of 50+, owning rosters, managing P&Ls, and being accountable for performance when it counted. We're not career recruiters who learned hospitality from a b","Low","Use as a page-level KP hint; confirm person name/title before saving."
"50","kp_context_hint","56","AU-0348","Contact — Taste Hospitality","https://tastehospitality.com.au","2","https://www.tastehospitality.com.au/about","role_context","people","SEARCH >> view OUR RECRUITMENT PROCESS Our Perspective Most recruitment falls short because it starts with CVs, not how people actually lead. Titles don’t show who can hold standards, run a service, and manage a venue properly day to day. That only shows up in behaviour, judgement, and commercial aw","Low","Use as a page-level KP hint; confirm person name/title before saving."
"50","kp_context_hint","56","AU-0348","Contact — Taste Hospitality","https://tastehospitality.com.au","1","","role_context","staff","We also work across Victoria where the brief and standards align. Do you provide both permanent and casual hospitality staff? No. We specialise exclusively in permanent hospitality recruitment, helping operators build stable, long-term teams. Our focus is on cultural fit, retention, and leadership","Low","Use as a page-level KP hint; confirm person name/title before saving."
"50","kp_context_hint","56","AU-0348","Contact — Taste Hospitality","https://tastehospitality.com.au","2","https://www.tastehospitality.com.au/about","role_context","team","perience. We assess how individuals perform under pressure, maintain standards in practice, and contribute to long-term team stability. Our focus is on behaviour, judgement, and cultural alignment rather than presentation. START YOUR HIRING BRIEF Our Approach Every search starts with alignment. We d","Low","Use as a page-level KP hint; confirm person name/title before saving."
"13","technical_status","56","AU-0348","Contact — Taste Hospitality","https://tastehospitality.com.au","1","","fetch_status","https://tastehospitality.com.au","","High","Fetch status: 200. Use only if page fetched successfully."
"13","technical_status","56","AU-0348","Contact — Taste Hospitality","https://www.tastehospitality.com.au/about","1","","fetch_status","https://www.tastehospitality.com.au/about","","High","Fetch status: 200. Use only if page fetched successfully."
"13","technical_status","56","AU-0348","Contact — Taste Hospitality","https://www.tastehospitality.com.au/contact-us","1","","fetch_status","https://www.tastehospitality.com.au/contact-us","","High","Fetch status: 200. Use only if page fetched successfully."
"114","department_or_company_email","57","AU-0355","Senior management - Crown Resorts","https://www.crownresorts.com.au/about-us/corporate-directory","1","","email","enquiries@crownperth.com.au","IC 3006 EMAIL web@crownltd.com.au Crown Perth POST PO Box 500 Victoria Park WA 6979 EMAIL enquiries@crownperth.com.au Crown Sydney POST 1 Barangaroo Avenue Barangaroo NSW 2000 EMAIL enquiries@crownsydney.com","High","Review whether this is company, department, or person email before saving."
"114","department_or_company_email","57","AU-0355","Senior management - Crown Resorts","https://www.crownresorts.com.au/about-us/corporate-directory","1","","email","enquiries@crownsydney.com.au","quiries@crownperth.com.au Crown Sydney POST 1 Barangaroo Avenue Barangaroo NSW 2000 EMAIL enquiries@crownsydney.com.au About us Our businesses Our purpose & values Senior management Our contribution Corporate","High","Review whether this is company, department, or person email before saving."
"108","company_email","57","AU-0355","Senior management - Crown Resorts","https://www.crownresorts.com.au/about-us/corporate-directory","1","","email","web@crownltd.com.au","r each of our properties. Crown Melbourne POST 8 Whiteman Street Southbank VIC 3006 EMAIL web@crownltd.com.au Crown Perth POST PO Box 500 Victoria Park WA 6979 EMAIL enquiries@crownperth.com.au Crown","High","Review whether this is company, department, or person email before saving."
"94","phone_candidate","57","AU-0355","Senior management - Crown Resorts","https://crownresorts.com.au","6","https://www.crownresorts.com.au/about-us/corporate-directory | https://www.crownresorts.com.au/about-us/our-businesses","phone","1800 801 098","anage Crown Rewards and plan your Crown experience, all in one app. Crown PlaySafe Centre 1800 801 098 Gambling Helpline 1800 858 858 gamblinghelponline.org.au © 2023 Crown Resorts Limited (AC","Medium","Review whether this is company or person phone before saving."
"88","team_or_about_page","57","AU-0355","Senior management - Crown Resorts","https://www.crownresorts.com.au/about-us/corporate-directory","2","https://www.crownresorts.com.au/about-us/our-businesses","team_link","https://www.crownresorts.com.au/about-us","/about-us","Medium","Review linked page for contact/form/KP details."
"88","team_or_about_page","57","AU-0355","Senior management - Crown Resorts","https://crownresorts.com.au","3","https://www.crownresorts.com.au/about-us/corporate-directory | https://www.crownresorts.com.au/about-us/our-businesses","team_link","https://www.crownresorts.com.au/about-us/corporate-directory","Corporate directory","Medium","Review linked page for contact/form/KP details."
"88","team_or_about_page","57","AU-0355","Senior management - Crown Resorts","https://crownresorts.com.au","3","https://www.crownresorts.com.au/about-us/corporate-directory | https://www.crownresorts.com.au/about-us/our-businesses","team_link","https://www.crownresorts.com.au/about-us/our-businesses","Our businesses","Medium","Review linked page for contact/form/KP details."
"88","team_or_about_page","57","AU-0355","Senior management - Crown Resorts","https://crownresorts.com.au","3","https://www.crownresorts.com.au/about-us/corporate-directory | https://www.crownresorts.com.au/about-us/our-businesses","team_link","https://www.crownresorts.com.au/about-us/our-purpose-and-values","Our purpose & values","Medium","Review linked page for contact/form/KP details."
"88","team_or_about_page","57","AU-0355","Senior management - Crown Resorts","https://crownresorts.com.au","3","https://www.crownresorts.com.au/about-us/corporate-directory | https://www.crownresorts.com.au/about-us/our-businesses","team_link","https://www.crownresorts.com.au/about-us/senior-management","Senior management","Medium","Review linked page for contact/form/KP details."
"72","company_contact_page","57","AU-0355","Senior management - Crown Resorts","https://crownresorts.com.au","3","https://www.crownresorts.com.au/about-us/corporate-directory | https://www.crownresorts.com.au/about-us/our-businesses","contact_link","https://www.crownresorts.com.au/contact-us","Contact us","Medium","Review linked page for contact/form/KP details."
"60","kp_context_hint","57","AU-0355","Senior management - Crown Resorts","https://crownresorts.com.au","3","https://www.crownresorts.com.au/about-us/corporate-directory | https://www.crownresorts.com.au/about-us/our-businesses","role_context","director","ent Community Media centre Media assets Media releases Annual reports Shareholder services Contact Contact us Corporate directory Crown Rewards Your way to earn and use points across Crown Resorts, from dining and hotels to entertainment and more. Log in or sign up Download the App Your way to manag","Low","Use as a page-level KP hint; confirm person name/title before saving."
"50","kp_context_hint","57","AU-0355","Senior management - Crown Resorts","https://crownresorts.com.au","3","https://www.crownresorts.com.au/about-us/corporate-directory | https://www.crownresorts.com.au/about-us/our-businesses","role_context","management","garoo Avenue Barangaroo NSW 2000 EMAIL enquiries@crownsydney.com.au About us Our businesses Our purpose & values Senior management Our contribution Corporate reporting Crown Melbourne Transformation Plan Crown PlaySafe Employment & training Diversity & inclusion Sustainability Crown Resorts Foundati","Low","Use as a page-level KP hint; confirm person name/title before saving."
"50","kp_context_hint","57","AU-0355","Senior management - Crown Resorts","https://www.crownresorts.com.au/about-us/our-businesses","1","","role_context","operations","wn Sydney opened to the public for the first time on restricted capacity from 28 December 2020, with further non-gaming operations opening progressively throughout the 2021 financial year. Crown is pleased to have welcomed over 3,000 employees and contractors to Crown Sydney at a time when the hospi","Low","Use as a page-level KP hint; confirm person name/title before saving."
"50","kp_context_hint","57","AU-0355","Senior management - Crown Resorts","https://www.crownresorts.com.au/about-us/our-businesses","1","","role_context","people","during the 2019 financial year and is Victoria’s largest single-site private sector employer, with approximately 11,500 people working across the resort. www.crownmelbourne.com.au Crown Perth Crown Perth is one of Western Australia’s largest tourist destinations, with an exceptional range of enterta","Low","Use as a page-level KP hint; confirm person name/title before saving."
"13","technical_status","57","AU-0355","Senior management - Crown Resorts","https://crownresorts.com.au","1","","fetch_status","https://crownresorts.com.au","","High","Fetch status: 200. Use only if page fetched successfully."
"13","technical_status","57","AU-0355","Senior management - Crown Resorts","https://www.crownresorts.com.au/about-us/corporate-directory","1","","fetch_status","https://www.crownresorts.com.au/about-us/corporate-directory","","High","Fetch status: 200. Use only if page fetched successfully."
"13","technical_status","57","AU-0355","Senior management - Crown Resorts","https://www.crownresorts.com.au/about-us/our-businesses","1","","fetch_status","https://www.crownresorts.com.au/about-us/our-businesses","","High","Fetch status: 200. Use only if page fetched successfully."
"108","company_email","58","AU-0357","Staff Stories in Island Paradise, Whitsundays | Hamilton Island","http://www.hamiltonisland.com.au/sports-events/hamilton-island-race-week","1","","email","Raceweek@hamiltonisland.com.au","Email Us","High","Mailto link; save with source/confidence note and review again before outreach."
"94","phone_candidate","58","AU-0357","Staff Stories in Island Paradise, Whitsundays | Hamilton Island","https://hamiltonisland.com.au","4","http://www.hamiltonisland.com.au/sports-events/hamilton-island-race-week","phone","+61 7 4946 8263","Travel Agents Chat to Reservations Our Resort Tours & Activities 1300 659 133 Buggy Hire +61 7 4946 8263 Restaurants hirestaurants@hamiltonisland.com.au Hamilton Island Golf Club (Dent Island) +","Medium","Review whether this is company or person phone before saving."
"94","phone_candidate","58","AU-0357","Staff Stories in Island Paradise, Whitsundays | Hamilton Island","https://hamiltonisland.com.au","4","http://www.hamiltonisland.com.au/sports-events/hamilton-island-race-week","phone","+61 7 4946 8353","Golf Club (Dent Island) +61 7 4948 9760 Our Facilities & Services Hamilton Island Marina +61 7 4946 8353 Hamilton Island Airport +61 7 4946 8620 Become part of #Hamiltonisland Download our app M","Medium","Review whether this is company or person phone before saving."
"94","phone_candidate","58","AU-0357","Staff Stories in Island Paradise, Whitsundays | Hamilton Island","https://hamiltonisland.com.au","4","http://www.hamiltonisland.com.au/sports-events/hamilton-island-race-week","phone","+61 7 4946 8620","Our Facilities & Services Hamilton Island Marina +61 7 4946 8353 Hamilton Island Airport +61 7 4946 8620 Become part of #Hamiltonisland Download our app My favourites Accommodation 170 Book Dire","Medium","Review whether this is company or person phone before saving."
"94","phone_candidate","58","AU-0357","Staff Stories in Island Paradise, Whitsundays | Hamilton Island","https://hamiltonisland.com.au","4","http://www.hamiltonisland.com.au/sports-events/hamilton-island-race-week","phone","+61 7 4948 9760","3 Restaurants hirestaurants@hamiltonisland.com.au Hamilton Island Golf Club (Dent Island) +61 7 4948 9760 Our Facilities & Services Hamilton Island Marina +61 7 4946 8353 Hamilton Island Airport","Medium","Review whether this is company or person phone before saving."
"94","phone_candidate","58","AU-0357","Staff Stories in Island Paradise, Whitsundays | Hamilton Island","https://hamiltonisland.com.au","4","http://www.hamiltonisland.com.au/sports-events/hamilton-island-race-week","phone","07 4946 9999","b 1800 370 800 qualia 1300 780 959 Hamilton Island Holiday Homes 1800 370 811 After Hours 07 4946 9999 International Contact Details Travel Agents Chat to Reservations Our Resort Tours & Activ","Medium","Review whether this is company or person phone before saving."
"94","phone_candidate","58","AU-0357","Staff Stories in Island Paradise, Whitsundays | Hamilton Island","https://hamiltonisland.com.au","4","http://www.hamiltonisland.com.au/sports-events/hamilton-island-race-week","phone","1300 659 133","national Contact Details Travel Agents Chat to Reservations Our Resort Tours & Activities 1300 659 133 Buggy Hire +61 7 4946 8263 Restaurants hirestaurants@hamiltonisland.com.au Hamilton Islan","Medium","Review whether this is company or person phone before saving."
"94","phone_candidate","58","AU-0357","Staff Stories in Island Paradise, Whitsundays | Hamilton Island","https://hamiltonisland.com.au","4","http://www.hamiltonisland.com.au/sports-events/hamilton-island-race-week","phone","1300 780 959","ay to Friday) Reef View Hotel, Palm Bungalow, The Sundays, Beach Club 1800 370 800 qualia 1300 780 959 Hamilton Island Holiday Homes 1800 370 811 After Hours 07 4946 9999 International Contact","Medium","Review whether this is company or person phone before saving."
"94","phone_candidate","58","AU-0357","Staff Stories in Island Paradise, Whitsundays | Hamilton Island","https://hamiltonisland.com.au","4","http://www.hamiltonisland.com.au/sports-events/hamilton-island-race-week","phone","1800 370 811","w, The Sundays, Beach Club 1800 370 800 qualia 1300 780 959 Hamilton Island Holiday Homes 1800 370 811 After Hours 07 4946 9999 International Contact Details Travel Agents Chat to Reservations","Medium","Review whether this is company or person phone before saving."
"94","phone_candidate","58","AU-0357","Staff Stories in Island Paradise, Whitsundays | Hamilton Island","http://bookings.hamiltonisland.com.au/?hotel=23842&adult=2&nights=4&todayoffset=200","2","","phone","1800 709 822","or is not supported in your browser. Please enable javscript and reload the page, or Call 1800 709 822 to speak to a reservations expert. Cancel an existing booking Your Stay Arrival Date Depa","Medium","Review whether this is company or person phone before saving."
"89","possible_key_person","58","AU-0357","Staff Stories in Island Paradise, Whitsundays | Hamilton Island","https://hamiltonisland.com.au","2","http://www.hamiltonisland.com.au/sports-events/hamilton-island-race-week","key_person_name","Island App Wildlife","management: Great Barrier Reef & Whitehaven Beach Whitsundays Island App Wildlife Management No Drone Zone Careers 119739 Gift Cards My Favourites English - Australia Chinese (Simpl","Medium","Person name found near 'management' role. Verify person/company fit before saving to contacts."
"89","possible_key_person","58","AU-0357","Staff Stories in Island Paradise, Whitsundays | Hamilton Island","https://hamiltonisland.com.au","2","http://www.hamiltonisland.com.au/sports-events/hamilton-island-race-week","key_person_name","Kids Club Sporting","events: ness Hamilton Island Wildlife Family Activities & Kids Club Sporting Events General Island Safety Information 178 Food & Wine All Dining and Bookings What’s On at Hamil","Medium","Person name found near 'events' role. Verify person/company fit before saving to contacts."
"89","possible_key_person","58","AU-0357","Staff Stories in Island Paradise, Whitsundays | Hamilton Island","https://hamiltonisland.com.au","2","http://www.hamiltonisland.com.au/sports-events/hamilton-island-race-week","key_person_name","Weddings Sporting","events: arket - IGA 179 Events & Weddings Business Events Weddings Sporting Events Hamilton Island Race Week 53661 Marina & Real Estate Real Estate Marina 181 Destination A Li","Medium","Person name found near 'events' role. Verify person/company fit before saving to contacts."
"88","team_or_about_page","58","AU-0357","Staff Stories in Island Paradise, Whitsundays | Hamilton Island","https://hamiltonisland.com.au","1","","team_link","https://www.hamiltonisland.com.au/about-the-island/hamilton-island-golf-club","Hamilton Island Golf Club","Medium","Review linked page for contact/form/KP details."
"88","team_or_about_page","58","AU-0357","Staff Stories in Island Paradise, Whitsundays | Hamilton Island","https://hamiltonisland.com.au","1","","team_link","https://www.hamiltonisland.com.au/about-the-island/hamilton-island-yacht-club","Hamilton Island Yacht Club","Medium","Review linked page for contact/form/KP details."
"88","team_or_about_page","58","AU-0357","Staff Stories in Island Paradise, Whitsundays | Hamilton Island","https://hamiltonisland.com.au","2","http://www.hamiltonisland.com.au/sports-events/hamilton-island-race-week","team_link","https://www.hamiltonisland.com.au/about-your-stay-1","About Your Stay","Medium","Review linked page for contact/form/KP details."
"88","team_or_about_page","58","AU-0357","Staff Stories in Island Paradise, Whitsundays | Hamilton Island","https://hamiltonisland.com.au","2","http://www.hamiltonisland.com.au/sports-events/hamilton-island-race-week","team_link","https://www.hamiltonisland.com.au/corporate-information/hamilton-island-executive-team","Hamilton Island Executive Team","Medium","Review linked page for contact/form/KP details."
"88","team_or_about_page","58","AU-0357","Staff Stories in Island Paradise, Whitsundays | Hamilton Island","https://hamiltonisland.com.au","4","http://www.hamiltonisland.com.au/sports-events/hamilton-island-race-week","team_link","https://www.hamiltonisland.com.au/destination/about-us-history","About Us & History","Medium","Review linked page for contact/form/KP details."
"88","team_or_about_page","58","AU-0357","Staff Stories in Island Paradise, Whitsundays | Hamilton Island","https://hamiltonisland.com.au","2","http://www.hamiltonisland.com.au/sports-events/hamilton-island-race-week","team_link","https://www.hamiltonisland.com.au/destination/wildlife-management","","Medium","Review linked page for contact/form/KP details."
"76","booking_form_candidate","58","AU-0357","Staff Stories in Island Paradise, Whitsundays | Hamilton Island","http://bookings.hamiltonisland.com.au/?hotel=23842&adult=2&nights=4&todayoffset=200","1","","contact_form","https://bookings.hamiltonisland.com.au/rooms-rates?adult=2&child=0&infants=0&arrive=2026-12-18&departure=2026-12-22&nights=4&hotel=23842&a1=18Dec2026&d1=22Dec2026","booking_form form method=post action=./rooms-rates?adult=2&child=0&infants=0&arrive=2026-12-18&departure=2026-12-22&nights=4&hotel=23842&a1=18Dec2026&d1=22Dec2026 1 Rooms and Rates 2 Guest Details 3 Confirmation JavaScript is required to book rooms online. It appears JavaScript is disabled or is not supported in your browser. Please enable javscript and reload the page, or Call 1800 709 822 to speak to a reservations expert. Cancel an existing booking Your Stay Arrival Date Departure Date Nights","High","Official page contains a form; save as company_contact_form_url only if it is a contact/enquiry form, not only a booking widget."
"76","booking_form_candidate","58","AU-0357","Staff Stories in Island Paradise, Whitsundays | Hamilton Island","https://hamiltonisland.com.au","1","","contact_form","https://www.hamiltonisland.com.au/?aliaspath=%2f","booking_form form method=post action=./?aliaspath=%2f Search Search EN Chinese (Simplified) Chinese (Traditional) French German Italian Japanese Korean Spanish BOOK HOTELS Menu 170 Accommodation Book Direct Compare All Accommodation Deals and Packages Reef View Hotel Palm Bungalows The Sundays Beach Club qualia Holiday Homes Yacht Club Villas Baby's First Holiday Gift Cards Welcoming Touch Gifts 374 See & Do View all activities Island Map Buggies & Getting Around Great Barrier Reef Whitehaven Be","High","Official page contains a form; save as company_contact_form_url only if it is a contact/enquiry form, not only a booking widget."
"76","booking_form_candidate","58","AU-0357","Staff Stories in Island Paradise, Whitsundays | Hamilton Island","http://www.hamiltonisland.com.au/sports-events/hamilton-island-race-week","1","","contact_form","https://www.hamiltonisland.com.au/sports-events/hamilton-island-race-week?aliaspath=%2fSee-Do%2fSporting-Events%2fHamilton-Island-Race-Week","booking_form form method=post action=./hamilton-island-race-week?aliaspath=%2fSee-Do%2fSporting-Events%2fHamilton-Island-Race-Week Search Search EN Chinese (Simplified) Chinese (Traditional) French German Italian Japanese Korean Spanish BOOK HOTELS Menu 170 Accommodation Book Direct Compare All Accommodation Deals and Packages Reef View Hotel Palm Bungalows The Sundays Beach Club qualia Holiday Homes Yacht Club Villas Baby's First Holiday Gift Cards Welcoming Touch Gifts 374 See & Do View all ac","High","Official page contains a form; save as company_contact_form_url only if it is a contact/enquiry form, not only a booking widget."
"72","company_contact_page","58","AU-0357","Staff Stories in Island Paradise, Whitsundays | Hamilton Island","https://hamiltonisland.com.au","1","","contact_link","http://bookings.hamiltonisland.com.au/?hotel=23842&adult=2&nights=4&todayoffset=200","Book online now","Medium","Review linked page for contact/form/KP details."
"72","company_contact_page","58","AU-0357","Staff Stories in Island Paradise, Whitsundays | Hamilton Island","http://bookings.hamiltonisland.com.au/?hotel=23842&adult=2&nights=4&todayoffset=200","1","","contact_link","https://bookings.hamiltonisland.com.au/cancel-booking.aspx","Cancel an existing booking","Medium","Review linked page for contact/form/KP details."
"72","company_contact_page","58","AU-0357","Staff Stories in Island Paradise, Whitsundays | Hamilton Island","http://bookings.hamiltonisland.com.au/?hotel=23842&adult=2&nights=4&todayoffset=200","1","","contact_link","https://bookings.hamiltonisland.com.au/rooms-rates?adult=2&child=0&infants=0&arrive=2026-12-18&departure=2026-12-22&nights=4&hotel=23842&a1=18Dec2026&d1=22Dec2026#","Book Now","Medium","Review linked page for contact/form/KP details."
"72","company_contact_page","58","AU-0357","Staff Stories in Island Paradise, Whitsundays | Hamilton Island","https://hamiltonisland.com.au","21","http://www.hamiltonisland.com.au/sports-events/hamilton-island-race-week","contact_link","https://bookings.hamiltonisland.com.au?adult=02&child=00&infants=00&arrive=2026-06-11&departure=2026-06-15&nights=4","https://bookings.hamiltonisland.com.au/","Medium","Review linked page for contact/form/KP details."
"72","company_contact_page","58","AU-0357","Staff Stories in Island Paradise, Whitsundays | Hamilton Island","https://hamiltonisland.com.au","1","","contact_link","https://www.hamiltonisland.com.au/#book-now","","Medium","Review linked page for contact/form/KP details."
"72","company_contact_page","58","AU-0357","Staff Stories in Island Paradise, Whitsundays | Hamilton Island","https://hamiltonisland.com.au","11","http://www.hamiltonisland.com.au/sports-events/hamilton-island-race-week","contact_link","https://www.hamiltonisland.com.au/accommodation/why-book-direct","Best Price Guarantee!","Medium","Review linked page for contact/form/KP details."
"72","company_contact_page","58","AU-0357","Staff Stories in Island Paradise, Whitsundays | Hamilton Island","https://hamiltonisland.com.au","2","http://www.hamiltonisland.com.au/sports-events/hamilton-island-race-week","contact_link","https://www.hamiltonisland.com.au/booking-conditions","Booking Conditions","Medium","Review linked page for contact/form/KP details."
"72","company_contact_page","58","AU-0357","Staff Stories in Island Paradise, Whitsundays | Hamilton Island","https://hamiltonisland.com.au","2","http://www.hamiltonisland.com.au/sports-events/hamilton-island-race-week","contact_link","https://www.hamiltonisland.com.au/contact-information","Contact Information","Medium","Review linked page for contact/form/KP details."
"72","company_contact_page","58","AU-0357","Staff Stories in Island Paradise, Whitsundays | Hamilton Island","https://hamiltonisland.com.au","6","http://www.hamiltonisland.com.au/sports-events/hamilton-island-race-week","contact_link","https://www.hamiltonisland.com.au/contact-us","Contact Us","Medium","Review linked page for contact/form/KP details."
"72","company_contact_page","58","AU-0357","Staff Stories in Island Paradise, Whitsundays | Hamilton Island","https://hamiltonisland.com.au","6","http://www.hamiltonisland.com.au/sports-events/hamilton-island-race-week","contact_link","https://www.hamiltonisland.com.au/food-and-wine/all-dining-and-bookings","https://www.hamiltonisland.com.au/food-and-wine/all-dining-and-bookings","Medium","Review linked page for contact/form/KP details."
"72","events_or_functions_contact","58","AU-0357","Staff Stories in Island Paradise, Whitsundays | Hamilton Island","https://hamiltonisland.com.au","1","","contact_link","http://www.hamiltonisland.com.au/sports-events/hamilton-island-race-week","Find out more","Medium","Review linked page for contact/form/KP details."
"72","events_or_functions_contact","58","AU-0357","Staff Stories in Island Paradise, Whitsundays | Hamilton Island","http://www.hamiltonisland.com.au/sports-events/hamilton-island-race-week","1","","contact_link","https://www.hamiltonisland.com.au/sports-events/hamilton-island-race-week","Hamilton Island Race Week","Medium","Review linked page for contact/form/KP details."
"72","events_or_functions_contact","58","AU-0357","Staff Stories in Island Paradise, Whitsundays | Hamilton Island","http://www.hamiltonisland.com.au/sports-events/hamilton-island-race-week","3","","contact_link","https://www.hamiltonisland.com.au/sports-events/hamilton-island-race-week/hot-deals","Sailor Accommodation Rates","Medium","Review linked page for contact/form/KP details."
"72","events_or_functions_contact","58","AU-0357","Staff Stories in Island Paradise, Whitsundays | Hamilton Island","http://www.hamiltonisland.com.au/sports-events/hamilton-island-race-week","1","","contact_link","https://www.hamiltonisland.com.au/sports-events/parkrun","parkrun","Medium","Review linked page for contact/form/KP details."
"72","events_or_functions_contact","58","AU-0357","Staff Stories in Island Paradise, Whitsundays | Hamilton Island","https://hamiltonisland.com.au","6","http://www.hamiltonisland.com.au/sports-events/hamilton-island-race-week","contact_link","https://www.hamiltonisland.com.au/things-to-do/sports-events","Sporting Events","Medium","Review linked page for contact/form/KP details."
"72","events_or_functions_contact","58","AU-0357","Staff Stories in Island Paradise, Whitsundays | Hamilton Island","https://hamiltonisland.com.au","4","http://www.hamiltonisland.com.au/sports-events/hamilton-island-race-week","contact_link","https://www.hamiltonisland.com.au/weddings-and-events","Events & Weddings","Medium","Review linked page for contact/form/KP details."
"72","events_or_functions_contact","58","AU-0357","Staff Stories in Island Paradise, Whitsundays | Hamilton Island","https://hamiltonisland.com.au","4","http://www.hamiltonisland.com.au/sports-events/hamilton-island-race-week","contact_link","https://www.hamiltonisland.com.au/weddings-and-events/business-events","Business Events","Medium","Review linked page for contact/form/KP details."
"72","events_or_functions_contact","58","AU-0357","Staff Stories in Island Paradise, Whitsundays | Hamilton Island","https://hamiltonisland.com.au","4","http://www.hamiltonisland.com.au/sports-events/hamilton-island-race-week","contact_link","https://www.hamiltonisland.com.au/weddings-and-events/hamilton-island-race-week","Hamilton Island Race Week","Medium","Review linked page for contact/form/KP details."
"72","events_or_functions_contact","58","AU-0357","Staff Stories in Island Paradise, Whitsundays | Hamilton Island","https://hamiltonisland.com.au","4","http://www.hamiltonisland.com.au/sports-events/hamilton-island-race-week","contact_link","https://www.hamiltonisland.com.au/weddings-and-events/sporting-events","Sporting Events","Medium","Review linked page for contact/form/KP details."
"72","events_or_functions_contact","58","AU-0357","Staff Stories in Island Paradise, Whitsundays | Hamilton Island","https://hamiltonisland.com.au","4","http://www.hamiltonisland.com.au/sports-events/hamilton-island-race-week","contact_link","https://www.hamiltonisland.com.au/weddings-and-events/weddings","Weddings","Medium","Review linked page for contact/form/KP details."
"70","company_linkedin","58","AU-0357","Staff Stories in Island Paradise, Whitsundays | Hamilton Island","https://hamiltonisland.com.au","4","http://www.hamiltonisland.com.au/sports-events/hamilton-island-race-week","company_linkedin_url","https://au.linkedin.com/company/hamilton-island","https://au.linkedin.com/company/hamilton-island","Low","Use as a manual LinkedIn review URL; do not treat as verified direct contact until person/company fit is confirmed."
"66","supplier_or_procurement_page","58","AU-0357","Staff Stories in Island Paradise, Whitsundays | Hamilton Island","https://hamiltonisland.com.au","2","http://www.hamiltonisland.com.au/sports-events/hamilton-island-race-week","supplier_link","https://www.hamiltonisland.com.au/trade","Trade","Medium","Review linked page for contact/form/KP details."
"50","kp_context_hint","58","AU-0357","Staff Stories in Island Paradise, Whitsundays | Hamilton Island","https://hamiltonisland.com.au","2","http://www.hamiltonisland.com.au/sports-events/hamilton-island-race-week","role_context","events","s Sunset Activities Spa Golf Nature & Wildlife Wellness Hamilton Island Wildlife Family Activities & Kids Club Sporting Events General Island Safety Information 178 Food & Wine All Dining and Bookings What’s On at Hamilton Island Kids Stay & Eat Free Gift Vouchers Supermarket - IGA 179 Events & Wedd","Low","Use as a page-level KP hint; confirm person name/title before saving."
"50","kp_context_hint","58","AU-0357","Staff Stories in Island Paradise, Whitsundays | Hamilton Island","https://hamiltonisland.com.au","2","http://www.hamiltonisland.com.au/sports-events/hamilton-island-race-week","role_context","management","Hamilton Island Yacht Club Hamilton Island Marina Great Barrier Reef & Whitehaven Beach Whitsundays Island App Wildlife Management No Drone Zone Careers 119739 Gift Cards My Favourites English - Australia Chinese (Simplified) Chinese (Traditional) French German Italian Japanese Korean Spanish Become","Low","Use as a page-level KP hint; confirm person name/title before saving."
"50","kp_context_hint","58","AU-0357","Staff Stories in Island Paradise, Whitsundays | Hamilton Island","https://hamiltonisland.com.au","2","http://www.hamiltonisland.com.au/sports-events/hamilton-island-race-week","role_context","people","thon. Find out more Follow us on Acknowledgement of country Hamilton Island would like to acknowledge the Ngaro and Gia People, and their connection to land, sea and community. We pay our respects to Elders past and present and future generations to come and extend that respect to all Aboriginal and","Low","Use as a page-level KP hint; confirm person name/title before saving."
"50","kp_context_hint","58","AU-0357","Staff Stories in Island Paradise, Whitsundays | Hamilton Island","https://hamiltonisland.com.au","3","http://bookings.hamiltonisland.com.au/?hotel=23842&adult=2&nights=4&todayoffset=200 | http://www.hamiltonisland.com.au/sports-events/hamilton-island-race-week","role_context","staff","p and go' transactions made via credit or debit card. Fee free payments can be made via EFTPOS upon your request to our staff. Once requested, please insert your card and select 'savings' or 'cheque'. Accepted payment methods are Visa, MasterCard, AMEX, UnionPay, JCB, Alipay & WeChat Pay. © Hamilton","Low","Use as a page-level KP hint; confirm person name/title before saving."
"50","kp_context_hint","58","AU-0357","Staff Stories in Island Paradise, Whitsundays | Hamilton Island","https://hamiltonisland.com.au","2","http://www.hamiltonisland.com.au/sports-events/hamilton-island-race-week","role_context","team","iates 58242 Permanent Rentals 84792 Community & Development 84746 Corporate Information 89913 Hamilton Island Executive Team Our Other Sites 70170 Hamilton Island Golf Club Hamilton Island Holiday Homes Hamilton Island Race Week Hamilton Island Real Estate Hamilton Island Weddings qualia About Your","Low","Use as a page-level KP hint; confirm person name/title before saving."
"13","technical_status","58","AU-0357","Staff Stories in Island Paradise, Whitsundays | Hamilton Island","http://bookings.hamiltonisland.com.au/?hotel=23842&adult=2&nights=4&todayoffset=200","1","","fetch_status","http://bookings.hamiltonisland.com.au/?hotel=23842&adult=2&nights=4&todayoffset=200","","High","Fetch status: 200. Use only if page fetched successfully."
"13","technical_status","58","AU-0357","Staff Stories in Island Paradise, Whitsundays | Hamilton Island","http://www.hamiltonisland.com.au/sports-events/hamilton-island-race-week","1","","fetch_status","http://www.hamiltonisland.com.au/sports-events/hamilton-island-race-week","","High","Fetch status: 200. Use only if page fetched successfully."
"13","technical_status","58","AU-0357","Staff Stories in Island Paradise, Whitsundays | Hamilton Island","https://hamiltonisland.com.au","1","","fetch_status","https://hamiltonisland.com.au","","High","Fetch status: 200. Use only if page fetched successfully."
"102","official_form_candidate","59","AU-0409","Zambrero Franchise | Australia's Feel Good Mexican Food Franchise","https://www.zambrero.com.au/contact","1","","contact_form","https://www.zambrero.com.au/contact","contact_form form method=unknown action=current page First Name Last Name Email Phone number I would like to provide a compliment I would like to make a complaint I have a Zambrero online ordering enquiry I have a Plate 4 Plate enquiry What is the reason for contact? Product Service Employment Other What is the nature of the complaint? Are you contacting us about a recent restaurant visit? Yes No Restaurant location: Australian Capital Territory New South Wales Northern Territory Queensland Sout","High","Official page contains a form; save as company_contact_form_url only if it is a contact/enquiry form, not only a booking widget."
"94","phone_candidate","59","AU-0409","Zambrero Franchise | Australia's Feel Good Mexican Food Franchise","https://www.zambrero.com.au/contact","2","","phone","(02) 9212 2166","brero Support Office Suite 1, Level 11, 1 Macquarie Place, Sydney NSW 2000 GET DIRECTIONS (02) 9212 2166 Contact Us Contact Us Facebook Instagram TikTok YouTube Zambrero Australia Zambrero New Z","Medium","Review whether this is company or person phone before saving."
"88","team_or_about_page","59","AU-0409","Zambrero Franchise | Australia's Feel Good Mexican Food Franchise","https://zambrero.com.au","1","","team_link","https://www.zambrero.com.au/plate4plate","Learn About Plate 4 Plate","Medium","Review linked page for contact/form/KP details."
"72","company_contact_page","59","AU-0409","Zambrero Franchise | Australia's Feel Good Mexican Food Franchise","https://zambrero.com.au","6","https://www.zambrero.com.au/contact | https://www.zambrero.com.au/contact/media","contact_link","https://www.zambrero.com.au/contact","Contact Us","Medium","Review linked page for contact/form/KP details."
"72","company_contact_page","59","AU-0409","Zambrero Franchise | Australia's Feel Good Mexican Food Franchise","https://zambrero.com.au","3","https://www.zambrero.com.au/contact | https://www.zambrero.com.au/contact/media","contact_link","https://www.zambrero.com.au/contact/media","Media","Medium","Review linked page for contact/form/KP details."
"72","events_or_functions_contact","59","AU-0409","Zambrero Franchise | Australia's Feel Good Mexican Food Franchise","https://www.zambrero.com.au/contact/media","2","","contact_link","https://events.zambrero.com.au/plate4plateday","https://events.zambrero.com.au/plate4plateday","Medium","Review linked page for contact/form/KP details."
"66","supplier_or_procurement_page","59","AU-0409","Zambrero Franchise | Australia's Feel Good Mexican Food Franchise","https://zambrero.com.au","4","https://www.zambrero.com.au/contact | https://www.zambrero.com.au/contact/media","supplier_link","https://www.zambrero.com.au/partnerships","FIND OUT MORE","Medium","Review linked page for contact/form/KP details."
"60","kp_context_hint","59","AU-0409","Zambrero Franchise | Australia's Feel Good Mexican Food Franchise","https://www.zambrero.com.au/contact/media","1","","role_context","founder","mber 2024. Offer Terms & Conditions: CLICK HERE for full 300 restaurants celebrations Terms & Conditions ZAMBRERO MEDIA FOUNDER STATEMENT Friday, 2 June 2023, SYDNEY. We have been made aware that there has been a question raised as to whether Zambrero is linked to the vegan quick service restaurant","Low","Use as a page-level KP hint; confirm person name/title before saving."
"50","kp_context_hint","59","AU-0409","Zambrero Franchise | Australia's Feel Good Mexican Food Franchise","https://zambrero.com.au","1","","role_context","crew","App, join ZAM FAM and order your favourite meal for pick up or Delivery . JOIN ZAM FAM DOWNLOAD THE APP CATER FOR YOUR CREW We want to cater for you... and your crew! Zambrero offers catering suitable for any event or function with in-restaurant collection or delivery (select restaurants). To order","Low","Use as a page-level KP hint; confirm person name/title before saving."
"50","kp_context_hint","59","AU-0409","Zambrero Franchise | Australia's Feel Good Mexican Food Franchise","https://www.zambrero.com.au/contact/media","1","","role_context","events","od Mex Media Zam Fam News PLATE 4 PLATE DAY 2024! Thanks for making Plate 4 Plate Day 2024 a huge success! Meal Packing Events: On Thursday 17 October 2024 , thousands of volunteers across Australia came together to pack over 428,000 meals for those in need. Our Zam Fam team members, franchise partn","Low","Use as a page-level KP hint; confirm person name/title before saving."
"50","kp_context_hint","59","AU-0409","Zambrero Franchise | Australia's Feel Good Mexican Food Franchise","https://www.zambrero.com.au/contact/media","1","","role_context","leadership","Zambrero was founded by Dr Sam Prince in Canberra, Zambrero’s growth and success is not only a testament to Zambrero’s leadership team, employees, franchisees and partners, but the loyal customers we serve each and every day. READ MORE Grilled Chicken is here! Grilled, smoky and tender - we’re ente","Low","Use as a page-level KP hint; confirm person name/title before saving."
"50","kp_context_hint","59","AU-0409","Zambrero Franchise | Australia's Feel Good Mexican Food Franchise","https://zambrero.com.au","1","","role_context","people","cations Catering Franchise Jobs Zam Story Plate 4 Plate Order Now Zam Fam MEALS DONATED It Feels Good to Give Thanks to people like you, we’ve donated millions of meals to those in need through our Plate 4 Plate initiative. By choosing to eat with Zambrero, it means your meal makes a difference - be","Low","Use as a page-level KP hint; confirm person name/title before saving."
"50","kp_context_hint","59","AU-0409","Zambrero Franchise | Australia's Feel Good Mexican Food Franchise","https://zambrero.com.au","3","https://www.zambrero.com.au/contact | https://www.zambrero.com.au/contact/media","role_context","team","PM 10:30 PM 11:00 PM 11:30 PM 12:00 AM 12:30 AM Time of visit Message Would you like to be contacted by a member of our team? Yes No I acknowledge that I accept each point outlined in the Terms & Conditions Agree I consent to the use of my personal information in accordance with Zambrero's Privacy C","Low","Use as a page-level KP hint; confirm person name/title before saving."
"48","low_value_company_email","59","AU-0409","Zambrero Franchise | Australia's Feel Good Mexican Food Franchise","https://www.zambrero.com.au/contact/media","1","","email","media@zambrero.com","bowl and/or retail item sold. 2023 PLATE 4 PLATE DAY HIGHLIGHTS! For all media enquiries: media@zambrero.com Latest Media Release Archive GF Union Dispute - Holding Statement | 7 December 2022 Feel","High","Review whether this is company, department, or person email before saving."
"13","technical_status","59","AU-0409","Zambrero Franchise | Australia's Feel Good Mexican Food Franchise","https://www.zambrero.com.au/contact","1","","fetch_status","https://www.zambrero.com.au/contact","","High","Fetch status: 200. Use only if page fetched successfully."
"13","technical_status","59","AU-0409","Zambrero Franchise | Australia's Feel Good Mexican Food Franchise","https://www.zambrero.com.au/contact/media","1","","fetch_status","https://www.zambrero.com.au/contact/media","","High","Fetch status: 200. Use only if page fetched successfully."
"13","technical_status","59","AU-0409","Zambrero Franchise | Australia's Feel Good Mexican Food Franchise","https://zambrero.com.au","1","","fetch_status","https://zambrero.com.au","","High","Fetch status: 200. Use only if page fetched successfully."
"88","team_or_about_page","60","AU-0413","Franchising | Guzman y Gomez Mexican Kitchen | Find Out More","https://guzmanygomez.com.au","4","https://www.guzmanygomez.com.au/about/","team_link","https://www.guzmanygomez.com.au/about/","About Us","Medium","Review linked page for contact/form/KP details."
"72","company_contact_page","60","AU-0413","Franchising | Guzman y Gomez Mexican Kitchen | Find Out More","https://guzmanygomez.com.au","2","https://www.guzmanygomez.com.au/about/","contact_link","https://www.guzmanygomez.com.au/contact-us/","Contact Us","Medium","Review linked page for contact/form/KP details."
"72","company_contact_page","60","AU-0413","Franchising | Guzman y Gomez Mexican Kitchen | Find Out More","https://guzmanygomez.com.au","2","https://www.guzmanygomez.com.au/about/","contact_link","https://www.guzmanygomez.com.au/help-centre/","Contact Us","Medium","Review linked page for contact/form/KP details."
"60","kp_context_hint","60","AU-0413","Franchising | Guzman y Gomez Mexican Kitchen | Find Out More","https://www.guzmanygomez.com.au/about/","1","","role_context","ceo","e building, I wanted it to be the best. We make everything fresh. We never compromise. ” – Steven Marks (Founder and CO-CEO) Steven and Robert then set about designing the bespoke operating platform & sticker system which remains one of the fastest fresh fast food operating platforms in the world; e","Low","Use as a page-level KP hint; confirm person name/title before saving."
"60","kp_context_hint","60","AU-0413","Franchising | Guzman y Gomez Mexican Kitchen | Find Out More","https://www.guzmanygomez.com.au/about/","1","","role_context","founder","whatever we were building, I wanted it to be the best. We make everything fresh. We never compromise. ” – Steven Marks (Founder and CO-CEO) Steven and Robert then set about designing the bespoke operating platform & sticker system which remains one of the fastest fresh fast food operating platforms","Low","Use as a page-level KP hint; confirm person name/title before saving."
"50","kp_context_hint","60","AU-0413","Franchising | Guzman y Gomez Mexican Kitchen | Find Out More","https://www.guzmanygomez.com.au/about/","1","","role_context","crew","started…not bad for a couple of kids from New York. Love Ya! GYG by the numbers! 260 + Restaurants 3 Countries 15,000 + Crew 1,000,000 + customers a week 600 + Burritos sold per hour 1.9M + kg of avocados used a year in Australia! Brand Growth GYG now spans over 260+ restaurants in 3 countries acros","Low","Use as a page-level KP hint; confirm person name/title before saving."
"50","kp_context_hint","60","AU-0413","Franchising | Guzman y Gomez Mexican Kitchen | Find Out More","https://guzmanygomez.com.au","2","https://www.guzmanygomez.com.au/about/","role_context","people","od at GYG. Join our family! We’re on a mission to become the biggest and best restaurant company in the world, with our people and culture at the heart of everything we do. When you love ya work like we do at GYG, the opportunities are endless. Learn More Become a Franchisee! What's the only thing b","Low","Use as a page-level KP hint; confirm person name/title before saving."
"50","kp_context_hint","60","AU-0413","Franchising | Guzman y Gomez Mexican Kitchen | Find Out More","https://www.guzmanygomez.com.au/about/","1","","role_context","team","people. Chefs from Mexico were hired to bring the authentic taste and flavours to life and the process of assembling a team of the best restaurant operators in the country began, many of whom are franchisees in the business today. GYG Newtown was followed by Bondi Junction and Kings Cross, and by A","Low","Use as a page-level KP hint; confirm person name/title before saving."
"13","technical_status","60","AU-0413","Franchising | Guzman y Gomez Mexican Kitchen | Find Out More","https://guzmanygomez.com.au","1","","fetch_status","https://guzmanygomez.com.au","","High","Fetch status: 200. Use only if page fetched successfully."
"13","technical_status","60","AU-0413","Franchising | Guzman y Gomez Mexican Kitchen | Find Out More","https://www.guzmanygomez.com.au/about/","1","","fetch_status","https://www.guzmanygomez.com.au/about/","","High","Fetch status: 200. Use only if page fetched successfully."
"13","technical_status","60","AU-0413","Franchising | Guzman y Gomez Mexican Kitchen | Find Out More","https://www.guzmanygomez.com.au/contact-us/","1","","fetch_status","https://www.guzmanygomez.com.au/contact-us/","","High","Fetch status: 200. Use only if page fetched successfully."
