"priority_score","review_bucket","queue_rank","lead_id","company_name","source_url","source_count","additional_source_urls","candidate_type","candidate_value","candidate_context","confidence_suggestion","save_recommendation"
"102","official_form_candidate","21","LEAD-0203","Yourprivatechef","https://order.yourprivatechef.com.au/quote/request","1","","contact_form","https://order.yourprivatechef.com.au/quote/request","contact_form form method=post action=https://order.yourprivatechef.com.au/quote/request First Name* Last Name* Company (optional) Email* Phone Number* Event Date* Number of Guests Your nearest store* Select Your Private Chef Event Address (optional) Suburb State Australian Capital Territory New South Wales Northern Territory Queensland South Australia Tasmania Victoria Western Australia Postcode Your Message* Email me offers and promotions from Food Hugs Pty Ltd. Send Enquiry","High","Official page contains a form; save as company_contact_form_url only if it is a contact/enquiry form, not only a booking widget."
"88","team_or_about_page","21","LEAD-0203","Yourprivatechef","https://order.yourprivatechef.com.au/quote/request","9","https://order.yourprivatechef.com.au/items/category/bowl-food-for-canape-events | https://order.yourprivatechef.com.au/items/category/dessert?returnurl=%2fquote%2frequest","team_link","https://order.yourprivatechef.com.au/page/about-us","About Us","Medium","Review linked page for contact/form/KP details."
"72","company_contact_page","21","LEAD-0203","Yourprivatechef","https://order.yourprivatechef.com.au/quote/request","3","https://order.yourprivatechef.com.au/items/category/bowl-food-for-canape-events | https://order.yourprivatechef.com.au/items/category/dessert?returnurl=%2fquote%2frequest","contact_link","https://order.yourprivatechef.com.au/items/category/dessert?returnurl=%2fquote%2frequest","","Medium","Review linked page for contact/form/KP details."
"72","company_contact_page","21","LEAD-0203","Yourprivatechef","https://order.yourprivatechef.com.au/quote/request","3","https://order.yourprivatechef.com.au/items/category/bowl-food-for-canape-events | https://order.yourprivatechef.com.au/items/category/dessert?returnurl=%2fquote%2frequest","contact_link","https://order.yourprivatechef.com.au/items/category/drinks?returnurl=%2fquote%2frequest","","Medium","Review linked page for contact/form/KP details."
"72","company_contact_page","21","LEAD-0203","Yourprivatechef","https://order.yourprivatechef.com.au/quote/request","3","https://order.yourprivatechef.com.au/items/category/bowl-food-for-canape-events | https://order.yourprivatechef.com.au/items/category/dessert?returnurl=%2fquote%2frequest","contact_link","https://order.yourprivatechef.com.au/items/category/grazing-menus?returnurl=%2fquote%2frequest","","Medium","Review linked page for contact/form/KP details."
"72","company_contact_page","21","LEAD-0203","Yourprivatechef","https://order.yourprivatechef.com.au/quote/request","3","https://order.yourprivatechef.com.au/items/category/bowl-food-for-canape-events | https://order.yourprivatechef.com.au/items/category/dessert?returnurl=%2fquote%2frequest","contact_link","https://order.yourprivatechef.com.au/items/category/last-minute-catering?returnurl=%2fquote%2frequest","","Medium","Review linked page for contact/form/KP details."
"72","company_contact_page","21","LEAD-0203","Yourprivatechef","https://order.yourprivatechef.com.au/quote/request","3","https://order.yourprivatechef.com.au/items/category/bowl-food-for-canape-events | https://order.yourprivatechef.com.au/items/category/dessert?returnurl=%2fquote%2frequest","contact_link","https://order.yourprivatechef.com.au/items/category/spring-racing-carnivals?returnurl=%2fquote%2frequest","","Medium","Review linked page for contact/form/KP details."
"72","company_contact_page","21","LEAD-0203","Yourprivatechef","https://order.yourprivatechef.com.au/quote/request","3","https://order.yourprivatechef.com.au/items/category/bowl-food-for-canape-events | https://order.yourprivatechef.com.au/items/category/dessert?returnurl=%2fquote%2frequest","contact_link","https://order.yourprivatechef.com.au/items/category/whats-new-ypc?returnurl=%2fquote%2frequest","","Medium","Review linked page for contact/form/KP details."
"72","company_contact_page","21","LEAD-0203","Yourprivatechef","https://order.yourprivatechef.com.au/quote/request","3","https://order.yourprivatechef.com.au/items/category/bowl-food-for-canape-events | https://order.yourprivatechef.com.au/items/category/dessert?returnurl=%2fquote%2frequest","contact_link","https://order.yourprivatechef.com.au/items/folder/asian-inspired?returnurl=%2fquote%2frequest","","Medium","Review linked page for contact/form/KP details."
"72","company_contact_page","21","LEAD-0203","Yourprivatechef","https://order.yourprivatechef.com.au/quote/request","3","https://order.yourprivatechef.com.au/items/category/bowl-food-for-canape-events | https://order.yourprivatechef.com.au/items/category/dessert?returnurl=%2fquote%2frequest","contact_link","https://order.yourprivatechef.com.au/items/folder/buffet-food-stations?returnurl=%2fquote%2frequest","","Medium","Review linked page for contact/form/KP details."
"72","company_contact_page","21","LEAD-0203","Yourprivatechef","https://order.yourprivatechef.com.au/quote/request","3","https://order.yourprivatechef.com.au/items/category/bowl-food-for-canape-events | https://order.yourprivatechef.com.au/items/category/dessert?returnurl=%2fquote%2frequest","contact_link","https://order.yourprivatechef.com.au/items/folder/canapes?returnurl=%2fquote%2frequest","","Medium","Review linked page for contact/form/KP details."
"72","company_contact_page","21","LEAD-0203","Yourprivatechef","https://order.yourprivatechef.com.au/quote/request","3","https://order.yourprivatechef.com.au/items/category/bowl-food-for-canape-events | https://order.yourprivatechef.com.au/items/category/dessert?returnurl=%2fquote%2frequest","contact_link","https://order.yourprivatechef.com.au/items/folder/christmas?returnurl=%2fquote%2frequest","","Medium","Review linked page for contact/form/KP details."
"72","company_contact_page","21","LEAD-0203","Yourprivatechef","https://order.yourprivatechef.com.au/quote/request","3","https://order.yourprivatechef.com.au/items/category/bowl-food-for-canape-events | https://order.yourprivatechef.com.au/items/category/dessert?returnurl=%2fquote%2frequest","contact_link","https://order.yourprivatechef.com.au/items/folder/easter-ideas?returnurl=%2fquote%2frequest","","Medium","Review linked page for contact/form/KP details."
"72","company_contact_page","21","LEAD-0203","Yourprivatechef","https://order.yourprivatechef.com.au/quote/request","3","https://order.yourprivatechef.com.au/items/category/bowl-food-for-canape-events | https://order.yourprivatechef.com.au/items/category/dessert?returnurl=%2fquote%2frequest","contact_link","https://order.yourprivatechef.com.au/items/folder/hire-equipment?returnurl=%2fquote%2frequest","","Medium","Review linked page for contact/form/KP details."
"72","company_contact_page","21","LEAD-0203","Yourprivatechef","https://order.yourprivatechef.com.au/quote/request","3","https://order.yourprivatechef.com.au/items/category/bowl-food-for-canape-events | https://order.yourprivatechef.com.au/items/category/dessert?returnurl=%2fquote%2frequest","contact_link","https://order.yourprivatechef.com.au/items/folder/kids-party-ideas?returnurl=%2fquote%2frequest","","Medium","Review linked page for contact/form/KP details."
"72","company_contact_page","21","LEAD-0203","Yourprivatechef","https://order.yourprivatechef.com.au/quote/request","3","https://order.yourprivatechef.com.au/items/category/bowl-food-for-canape-events | https://order.yourprivatechef.com.au/items/category/dessert?returnurl=%2fquote%2frequest","contact_link","https://order.yourprivatechef.com.au/items/folder/morning-tea?returnurl=%2fquote%2frequest","","Medium","Review linked page for contact/form/KP details."
"72","company_contact_page","21","LEAD-0203","Yourprivatechef","https://order.yourprivatechef.com.au/quote/request","3","https://order.yourprivatechef.com.au/items/category/bowl-food-for-canape-events | https://order.yourprivatechef.com.au/items/category/dessert?returnurl=%2fquote%2frequest","contact_link","https://order.yourprivatechef.com.au/items/folder/office-catering-ideas?returnurl=%2fquote%2frequest","","Medium","Review linked page for contact/form/KP details."
"72","company_contact_page","21","LEAD-0203","Yourprivatechef","https://order.yourprivatechef.com.au/quote/request","3","https://order.yourprivatechef.com.au/items/category/bowl-food-for-canape-events | https://order.yourprivatechef.com.au/items/category/dessert?returnurl=%2fquote%2frequest","contact_link","https://order.yourprivatechef.com.au/items/folder/sandwiches?returnurl=%2fquote%2frequest","","Medium","Review linked page for contact/form/KP details."
"72","company_contact_page","21","LEAD-0203","Yourprivatechef","https://order.yourprivatechef.com.au/quote/request","3","https://order.yourprivatechef.com.au/items/category/bowl-food-for-canape-events | https://order.yourprivatechef.com.au/items/category/dessert?returnurl=%2fquote%2frequest","contact_link","https://order.yourprivatechef.com.au/items/folder/special-dietaries?returnurl=%2fquote%2frequest","","Medium","Review linked page for contact/form/KP details."
"72","company_contact_page","21","LEAD-0203","Yourprivatechef","https://order.yourprivatechef.com.au/quote/request","3","https://order.yourprivatechef.com.au/items/category/bowl-food-for-canape-events | https://order.yourprivatechef.com.au/items/category/dessert?returnurl=%2fquote%2frequest","contact_link","https://order.yourprivatechef.com.au/items/folder/wake-catering-ideas?returnurl=%2fquote%2frequest","","Medium","Review linked page for contact/form/KP details."
"72","company_contact_page","21","LEAD-0203","Yourprivatechef","https://order.yourprivatechef.com.au/quote/request","3","https://order.yourprivatechef.com.au/items/category/bowl-food-for-canape-events | https://order.yourprivatechef.com.au/items/category/dessert?returnurl=%2fquote%2frequest","contact_link","https://order.yourprivatechef.com.au/items/folder/weekly-home-meal-delivery?returnurl=%2fquote%2frequest","","Medium","Review linked page for contact/form/KP details."
"72","company_contact_page","21","LEAD-0203","Yourprivatechef","https://order.yourprivatechef.com.au/items/category/dessert?returnurl=%2fquote%2frequest","1","","contact_link","https://order.yourprivatechef.com.au/items/item/assorted-petit-cheesecakes-platter-contains-nuts?returnurl=%2fitems%2fcategory%2fdessert%3freturnurl%3d%252fquote%252frequest","","Medium","Review linked page for contact/form/KP details."
"72","company_contact_page","21","LEAD-0203","Yourprivatechef","https://order.yourprivatechef.com.au/items/category/dessert?returnurl=%2fquote%2frequest","1","","contact_link","https://order.yourprivatechef.com.au/items/item/big-morning-tea-box-collection-54-piece-sweet-platter-contains-nuts?returnurl=%2fitems%2fcategory%2fdessert%3freturnurl%3d%252fquote%252frequest","","Medium","Review linked page for contact/form/KP details."
"72","company_contact_page","21","LEAD-0203","Yourprivatechef","https://order.yourprivatechef.com.au/items/category/dessert?returnurl=%2fquote%2frequest","1","","contact_link","https://order.yourprivatechef.com.au/items/item/carrot-choc-mud-cakes-individual-sweet-cake-box-contains-nuts?returnurl=%2fitems%2fcategory%2fdessert%3freturnurl%3d%252fquote%252frequest","","Medium","Review linked page for contact/form/KP details."
"72","company_contact_page","21","LEAD-0203","Yourprivatechef","https://order.yourprivatechef.com.au/items/category/dessert?returnurl=%2fquote%2frequest","1","","contact_link","https://order.yourprivatechef.com.au/items/item/flourless-mini-mixed-desserts-12-pieces-15-inch-gluten-friendly?returnurl=%2fitems%2fcategory%2fdessert%3freturnurl%3d%252fquote%252frequest","","Medium","Review linked page for contact/form/KP details."
"72","company_contact_page","21","LEAD-0203","Yourprivatechef","https://order.yourprivatechef.com.au/items/category/dessert?returnurl=%2fquote%2frequest","1","","contact_link","https://order.yourprivatechef.com.au/items/item/french-macaron-collection-contains-nuts?returnurl=%2fitems%2fcategory%2fdessert%3freturnurl%3d%252fquote%252frequest","","Medium","Review linked page for contact/form/KP details."
"72","company_contact_page","21","LEAD-0203","Yourprivatechef","https://order.yourprivatechef.com.au/items/category/dessert?returnurl=%2fquote%2frequest","1","","contact_link","https://order.yourprivatechef.com.au/items/item/french-mini-petit-fours-box-25-pieces-contains-nuts?returnurl=%2fitems%2fcategory%2fdessert%3freturnurl%3d%252fquote%252frequest","","Medium","Review linked page for contact/form/KP details."
"72","company_contact_page","21","LEAD-0203","Yourprivatechef","https://order.yourprivatechef.com.au/items/category/dessert?returnurl=%2fquote%2frequest","1","","contact_link","https://order.yourprivatechef.com.au/items/item/fritule-donuts-box-small-croatian-donuts-rolled-in-cinnamon-sugar?returnurl=%2fitems%2fcategory%2fdessert%3freturnurl%3d%252fquote%252frequest","","Medium","Review linked page for contact/form/KP details."
"72","company_contact_page","21","LEAD-0203","Yourprivatechef","https://order.yourprivatechef.com.au/items/category/dessert?returnurl=%2fquote%2frequest","1","","contact_link","https://order.yourprivatechef.com.au/items/item/fruit-skewer-box-fruit-skewers-on-fancy-bamboo-skewer?returnurl=%2fitems%2fcategory%2fdessert%3freturnurl%3d%252fquote%252frequest","","Medium","Review linked page for contact/form/KP details."
"72","company_contact_page","21","LEAD-0203","Yourprivatechef","https://order.yourprivatechef.com.au/items/category/dessert?returnurl=%2fquote%2frequest","1","","contact_link","https://order.yourprivatechef.com.au/items/item/gluten-free-friand-cake-made-with-almond-flour-gf?returnurl=%2fitems%2fcategory%2fdessert%3freturnurl%3d%252fquote%252frequest","","Medium","Review linked page for contact/form/KP details."
"72","company_contact_page","21","LEAD-0203","Yourprivatechef","https://order.yourprivatechef.com.au/items/category/dessert?returnurl=%2fquote%2frequest","1","","contact_link","https://order.yourprivatechef.com.au/items/item/gourmet-mini-tarts-desserts-15-inch-6flavour-mix-24-piece-platter?returnurl=%2fitems%2fcategory%2fdessert%3freturnurl%3d%252fquote%252frequest","","Medium","Review linked page for contact/form/KP details."
"72","company_contact_page","21","LEAD-0203","Yourprivatechef","https://order.yourprivatechef.com.au/items/category/dessert?returnurl=%2fquote%2frequest","1","","contact_link","https://order.yourprivatechef.com.au/items/item/high-tea-canape-box?returnurl=%2fitems%2fcategory%2fdessert%3freturnurl%3d%252fquote%252frequest","","Medium","Review linked page for contact/form/KP details."
"72","company_contact_page","21","LEAD-0203","Yourprivatechef","https://order.yourprivatechef.com.au/items/category/dessert?returnurl=%2fquote%2frequest","1","","contact_link","https://order.yourprivatechef.com.au/items/item/lamington-bites-with-jam-centres?returnurl=%2fitems%2fcategory%2fdessert%3freturnurl%3d%252fquote%252frequest","","Medium","Review linked page for contact/form/KP details."
"72","company_contact_page","21","LEAD-0203","Yourprivatechef","https://order.yourprivatechef.com.au/items/category/dessert?returnurl=%2fquote%2frequest","1","","contact_link","https://order.yourprivatechef.com.au/items/item/mini-lemon-tart-12-piece-platter?returnurl=%2fitems%2fcategory%2fdessert%3freturnurl%3d%252fquote%252frequest","","Medium","Review linked page for contact/form/KP details."
"72","company_contact_page","21","LEAD-0203","Yourprivatechef","https://order.yourprivatechef.com.au/items/category/dessert?returnurl=%2fquote%2frequest","1","","contact_link","https://order.yourprivatechef.com.au/items/item/muffin-box-gluten-friendly-dairy-friendly-banana-maple-muffin-platter-large?returnurl=%2fitems%2fcategory%2fdessert%3freturnurl%3d%252fquote%252frequest","","Medium","Review linked page for contact/form/KP details."
"72","company_contact_page","21","LEAD-0203","Yourprivatechef","https://order.yourprivatechef.com.au/items/category/dessert?returnurl=%2fquote%2frequest","1","","contact_link","https://order.yourprivatechef.com.au/items/item/muffin-box-variety-collection-15-piece-platter-large?returnurl=%2fitems%2fcategory%2fdessert%3freturnurl%3d%252fquote%252frequest","","Medium","Review linked page for contact/form/KP details."
"72","company_contact_page","21","LEAD-0203","Yourprivatechef","https://order.yourprivatechef.com.au/items/category/dessert?returnurl=%2fquote%2frequest","1","","contact_link","https://order.yourprivatechef.com.au/items/item/nutella-fritule-donuts-box-small-croatian-donuts-rolled-in-cinnamon-sugar-topped-with-chocolate-sauce?returnurl=%2fitems%2fcategory%2fdessert%3freturnurl%3d%252fquote%252frequest","","Medium","Review linked page for contact/form/KP details."
"72","company_contact_page","21","LEAD-0203","Yourprivatechef","https://order.yourprivatechef.com.au/items/category/dessert?returnurl=%2fquote%2frequest","1","","contact_link","https://order.yourprivatechef.com.au/items/item/paris-pastry-pack-15-piece-platter-contains-nuts?returnurl=%2fitems%2fcategory%2fdessert%3freturnurl%3d%252fquote%252frequest","","Medium","Review linked page for contact/form/KP details."
"72","company_contact_page","21","LEAD-0203","Yourprivatechef","https://order.yourprivatechef.com.au/items/category/dessert?returnurl=%2fquote%2frequest","1","","contact_link","https://order.yourprivatechef.com.au/items/item/party-scone-platter-nutella-fairy-scones-served-with-jam-and-whipped-cream?returnurl=%2fitems%2fcategory%2fdessert%3freturnurl%3d%252fquote%252frequest","","Medium","Review linked page for contact/form/KP details."
"72","company_contact_page","21","LEAD-0203","Yourprivatechef","https://order.yourprivatechef.com.au/items/category/dessert?returnurl=%2fquote%2frequest","1","","contact_link","https://order.yourprivatechef.com.au/items/item/petit-flourless-chocolate-mud-cakes-15-inch-12-piece?returnurl=%2fitems%2fcategory%2fdessert%3freturnurl%3d%252fquote%252frequest","","Medium","Review linked page for contact/form/KP details."
"72","company_contact_page","21","LEAD-0203","Yourprivatechef","https://order.yourprivatechef.com.au/items/category/dessert?returnurl=%2fquote%2frequest","1","","contact_link","https://order.yourprivatechef.com.au/items/item/petit-four-mini-cupcake-tarts-contains-nuts?returnurl=%2fitems%2fcategory%2fdessert%3freturnurl%3d%252fquote%252frequest","","Medium","Review linked page for contact/form/KP details."
"72","company_contact_page","21","LEAD-0203","Yourprivatechef","https://order.yourprivatechef.com.au/items/category/dessert?returnurl=%2fquote%2frequest","1","","contact_link","https://order.yourprivatechef.com.au/items/item/petit-nut-free-gourmet-dessert-platter-mars-lemon-meringue-raspberry-cheesecake-mocha-bomb-12-piece?returnurl=%2fitems%2fcategory%2fdessert%3freturnurl%3d%252fquote%252frequest","","Medium","Review linked page for contact/form/KP details."
"72","company_contact_page","21","LEAD-0203","Yourprivatechef","https://order.yourprivatechef.com.au/items/category/dessert?returnurl=%2fquote%2frequest","1","","contact_link","https://order.yourprivatechef.com.au/items/item/petite-lemon-tart-12-piece-platter?returnurl=%2fitems%2fcategory%2fdessert%3freturnurl%3d%252fquote%252frequest","","Medium","Review linked page for contact/form/KP details."
"72","company_contact_page","21","LEAD-0203","Yourprivatechef","https://order.yourprivatechef.com.au/items/category/dessert?returnurl=%2fquote%2frequest","1","","contact_link","https://order.yourprivatechef.com.au/items/item/petite-new-york-cheesecake-12-piece-platter?returnurl=%2fitems%2fcategory%2fdessert%3freturnurl%3d%252fquote%252frequest","","Medium","Review linked page for contact/form/KP details."
"72","company_contact_page","21","LEAD-0203","Yourprivatechef","https://order.yourprivatechef.com.au/items/category/dessert?returnurl=%2fquote%2frequest","1","","contact_link","https://order.yourprivatechef.com.au/items/item/petite-summer-berry-lemon-curd-tart-18-piece-platter?returnurl=%2fitems%2fcategory%2fdessert%3freturnurl%3d%252fquote%252frequest","","Medium","Review linked page for contact/form/KP details."
"72","company_contact_page","21","LEAD-0203","Yourprivatechef","https://order.yourprivatechef.com.au/items/category/dessert?returnurl=%2fquote%2frequest","1","","contact_link","https://order.yourprivatechef.com.au/items/item/platter-apple-pie-spring-rolls-w-caramel-sauce-36-piece-platter?returnurl=%2fitems%2fcategory%2fdessert%3freturnurl%3d%252fquote%252frequest","","Medium","Review linked page for contact/form/KP details."
"72","company_contact_page","21","LEAD-0203","Yourprivatechef","https://order.yourprivatechef.com.au/items/category/dessert?returnurl=%2fquote%2frequest","1","","contact_link","https://order.yourprivatechef.com.au/items/item/platter-brownie-box-25-pieces?returnurl=%2fitems%2fcategory%2fdessert%3freturnurl%3d%252fquote%252frequest","","Medium","Review linked page for contact/form/KP details."
"72","company_contact_page","21","LEAD-0203","Yourprivatechef","https://order.yourprivatechef.com.au/items/category/dessert?returnurl=%2fquote%2frequest","1","","contact_link","https://order.yourprivatechef.com.au/items/item/platter-gluten-free-brownie-box-25-pieces?returnurl=%2fitems%2fcategory%2fdessert%3freturnurl%3d%252fquote%252frequest","","Medium","Review linked page for contact/form/KP details."
"72","company_contact_page","21","LEAD-0203","Yourprivatechef","https://order.yourprivatechef.com.au/items/category/dessert?returnurl=%2fquote%2frequest","1","","contact_link","https://order.yourprivatechef.com.au/items/item/platter-mini-donuts-mixed-flavour-9-piece?returnurl=%2fitems%2fcategory%2fdessert%3freturnurl%3d%252fquote%252frequest","","Medium","Review linked page for contact/form/KP details."
"72","company_contact_page","21","LEAD-0203","Yourprivatechef","https://order.yourprivatechef.com.au/items/category/dessert?returnurl=%2fquote%2frequest","1","","contact_link","https://order.yourprivatechef.com.au/items/item/platter-mini-nutella-pancake-skewered-with-strawberry-sliced-banana-24-pieces-contains-nuts?returnurl=%2fitems%2fcategory%2fdessert%3freturnurl%3d%252fquote%252frequest","","Medium","Review linked page for contact/form/KP details."
"72","company_contact_page","21","LEAD-0203","Yourprivatechef","https://order.yourprivatechef.com.au/items/category/dessert?returnurl=%2fquote%2frequest","1","","contact_link","https://order.yourprivatechef.com.au/items/item/platter-platinum-cheese-and-fruit-serves-1012?returnurl=%2fitems%2fcategory%2fdessert%3freturnurl%3d%252fquote%252frequest","","Medium","Review linked page for contact/form/KP details."
"72","company_contact_page","21","LEAD-0203","Yourprivatechef","https://order.yourprivatechef.com.au/items/category/dessert?returnurl=%2fquote%2frequest","1","","contact_link","https://order.yourprivatechef.com.au/items/item/platter-platinum-cheese-and-fruit-serves-58?returnurl=%2fitems%2fcategory%2fdessert%3freturnurl%3d%252fquote%252frequest","","Medium","Review linked page for contact/form/KP details."
"72","company_contact_page","21","LEAD-0203","Yourprivatechef","https://order.yourprivatechef.com.au/items/category/dessert?returnurl=%2fquote%2frequest","1","","contact_link","https://order.yourprivatechef.com.au/items/item/portuguese-custard-tart-box-contains-nuts?returnurl=%2fitems%2fcategory%2fdessert%3freturnurl%3d%252fquote%252frequest","","Medium","Review linked page for contact/form/KP details."
"72","company_contact_page","21","LEAD-0203","Yourprivatechef","https://order.yourprivatechef.com.au/items/category/dessert?returnurl=%2fquote%2frequest","1","","contact_link","https://order.yourprivatechef.com.au/items/item/scone-collection-traditional-lemonade-scones-served-with-jam-and-whipped-cream?returnurl=%2fitems%2fcategory%2fdessert%3freturnurl%3d%252fquote%252frequest","","Medium","Review linked page for contact/form/KP details."
"72","company_contact_page","21","LEAD-0203","Yourprivatechef","https://order.yourprivatechef.com.au/items/category/dessert?returnurl=%2fquote%2frequest","1","","contact_link","https://order.yourprivatechef.com.au/items/item/seasonal-fruit-platter-select-one-size?returnurl=%2fitems%2fcategory%2fdessert%3freturnurl%3d%252fquote%252frequest","","Medium","Review linked page for contact/form/KP details."
"72","company_contact_page","21","LEAD-0203","Yourprivatechef","https://order.yourprivatechef.com.au/items/category/dessert?returnurl=%2fquote%2frequest","1","","contact_link","https://order.yourprivatechef.com.au/items/item/the-mixed-pastry-box-collection?returnurl=%2fitems%2fcategory%2fdessert%3freturnurl%3d%252fquote%252frequest","","Medium","Review linked page for contact/form/KP details."
"72","company_contact_page","21","LEAD-0203","Yourprivatechef","https://order.yourprivatechef.com.au/items/category/dessert?returnurl=%2fquote%2frequest","1","","contact_link","https://order.yourprivatechef.com.au/items/item/vegan-gourmet-dessert-box-gfdf-6-piece?returnurl=%2fitems%2fcategory%2fdessert%3freturnurl%3d%252fquote%252frequest","","Medium","Review linked page for contact/form/KP details."
"72","company_contact_page","21","LEAD-0203","Yourprivatechef","https://order.yourprivatechef.com.au/items/category/dessert?returnurl=%2fquote%2frequest","1","","contact_link","https://order.yourprivatechef.com.au/items/item/vegan-lamington-gluten-and-dairy-friendly?returnurl=%2fitems%2fcategory%2fdessert%3freturnurl%3d%252fquote%252frequest","","Medium","Review linked page for contact/form/KP details."
"72","company_contact_page","21","LEAD-0203","Yourprivatechef","https://order.yourprivatechef.com.au/items/category/dessert?returnurl=%2fquote%2frequest","1","","contact_link","https://order.yourprivatechef.com.au/items/item/vegan-mud-cake-gluten-and-dairy-friendly?returnurl=%2fitems%2fcategory%2fdessert%3freturnurl%3d%252fquote%252frequest","","Medium","Review linked page for contact/form/KP details."
"72","company_contact_page","21","LEAD-0203","Yourprivatechef","https://order.yourprivatechef.com.au/quote/request","9","https://order.yourprivatechef.com.au/items/category/bowl-food-for-canape-events | https://order.yourprivatechef.com.au/items/category/dessert?returnurl=%2fquote%2frequest","contact_link","https://order.yourprivatechef.com.au/page/contact-us","Contact Us","Medium","Review linked page for contact/form/KP details."
"72","company_contact_page","21","LEAD-0203","Yourprivatechef","https://order.yourprivatechef.com.au/quote/request","6","https://order.yourprivatechef.com.au/items/category/bowl-food-for-canape-events | https://order.yourprivatechef.com.au/items/category/dessert?returnurl=%2fquote%2frequest","contact_link","https://order.yourprivatechef.com.au/page/quote-request","Get Quote","Medium","Review linked page for contact/form/KP details."
"72","events_or_functions_contact","21","LEAD-0203","Yourprivatechef","https://order.yourprivatechef.com.au/quote/request","7","https://order.yourprivatechef.com.au/items/category/bowl-food-for-canape-events | https://order.yourprivatechef.com.au/items/category/dessert?returnurl=%2fquote%2frequest","contact_link","https://order.yourprivatechef.com.au/items/category/bowl-food-for-canape-events","Bowl Food for canape events","Medium","Review linked page for contact/form/KP details."
"72","events_or_functions_contact","21","LEAD-0203","Yourprivatechef","https://order.yourprivatechef.com.au/items/category/bowl-food-for-canape-events","1","","contact_link","https://order.yourprivatechef.com.au/items/item/bowl-food-apricot-chicken-w-steamed-rice-gf?returnurl=%2fitems%2fcategory%2fbowl-food-for-canape-events","","Medium","Review linked page for contact/form/KP details."
"72","events_or_functions_contact","21","LEAD-0203","Yourprivatechef","https://order.yourprivatechef.com.au/items/category/bowl-food-for-canape-events","1","","contact_link","https://order.yourprivatechef.com.au/items/item/bowl-food-beef-bolognese-sauce-with-penne-pasta?returnurl=%2fitems%2fcategory%2fbowl-food-for-canape-events","","Medium","Review linked page for contact/form/KP details."
"72","events_or_functions_contact","21","LEAD-0203","Yourprivatechef","https://order.yourprivatechef.com.au/items/category/bowl-food-for-canape-events","1","","contact_link","https://order.yourprivatechef.com.au/items/item/bowl-food-beef-meatballs-in-a-tomato-basil-napoli-w-penne-pasta?returnurl=%2fitems%2fcategory%2fbowl-food-for-canape-events","","Medium","Review linked page for contact/form/KP details."
"72","events_or_functions_contact","21","LEAD-0203","Yourprivatechef","https://order.yourprivatechef.com.au/items/category/bowl-food-for-canape-events","1","","contact_link","https://order.yourprivatechef.com.au/items/item/bowl-food-butter-chicken-w-rice?returnurl=%2fitems%2fcategory%2fbowl-food-for-canape-events","","Medium","Review linked page for contact/form/KP details."
"72","events_or_functions_contact","21","LEAD-0203","Yourprivatechef","https://order.yourprivatechef.com.au/items/category/bowl-food-for-canape-events","1","","contact_link","https://order.yourprivatechef.com.au/items/item/bowl-food-button-mushroom-and-porcini-risotto-gfv?returnurl=%2fitems%2fcategory%2fbowl-food-for-canape-events","","Medium","Review linked page for contact/form/KP details."
"72","events_or_functions_contact","21","LEAD-0203","Yourprivatechef","https://order.yourprivatechef.com.au/items/category/bowl-food-for-canape-events","1","","contact_link","https://order.yourprivatechef.com.au/items/item/bowl-food-chicken-cacciatore-w-rice-gf?returnurl=%2fitems%2fcategory%2fbowl-food-for-canape-events","","Medium","Review linked page for contact/form/KP details."
"72","events_or_functions_contact","21","LEAD-0203","Yourprivatechef","https://order.yourprivatechef.com.au/items/category/bowl-food-for-canape-events","1","","contact_link","https://order.yourprivatechef.com.au/items/item/bowl-food-european-beef-ragu-w-rice-gf?returnurl=%2fitems%2fcategory%2fbowl-food-for-canape-events","","Medium","Review linked page for contact/form/KP details."
"72","events_or_functions_contact","21","LEAD-0203","Yourprivatechef","https://order.yourprivatechef.com.au/items/category/bowl-food-for-canape-events","1","","contact_link","https://order.yourprivatechef.com.au/items/item/bowl-food-felafel-2-with-middle-eastern-shaved-cabbage-salad-with-sumac-chilli-tahini-yoghurt-v-gf?returnurl=%2fitems%2fcategory%2fbowl-food-for-canape-events","","Medium","Review linked page for contact/form/KP details."
"72","events_or_functions_contact","21","LEAD-0203","Yourprivatechef","https://order.yourprivatechef.com.au/items/category/bowl-food-for-canape-events","1","","contact_link","https://order.yourprivatechef.com.au/items/item/bowl-food-italian-homemade-gnocchi-with-napoli?returnurl=%2fitems%2fcategory%2fbowl-food-for-canape-events","","Medium","Review linked page for contact/form/KP details."
"72","events_or_functions_contact","21","LEAD-0203","Yourprivatechef","https://order.yourprivatechef.com.au/items/category/bowl-food-for-canape-events","1","","contact_link","https://order.yourprivatechef.com.au/items/item/bowl-food-karaage-chicken-fried-japanese-sake-marinated-chicken-bits-dill-aioli-and-vietnamese-slaw-gf?returnurl=%2fitems%2fcategory%2fbowl-food-for-canape-events","","Medium","Review linked page for contact/form/KP details."
"72","events_or_functions_contact","21","LEAD-0203","Yourprivatechef","https://order.yourprivatechef.com.au/items/category/bowl-food-for-canape-events","1","","contact_link","https://order.yourprivatechef.com.au/items/item/bowl-food-malaysian-beef-curry-w-rice-gf?returnurl=%2fitems%2fcategory%2fbowl-food-for-canape-events","","Medium","Review linked page for contact/form/KP details."
"72","events_or_functions_contact","21","LEAD-0203","Yourprivatechef","https://order.yourprivatechef.com.au/items/category/bowl-food-for-canape-events","1","","contact_link","https://order.yourprivatechef.com.au/items/item/bowl-food-mini-lamb-souvlaki-mixed-leaf-tzatziki-and-diced-tomato?returnurl=%2fitems%2fcategory%2fbowl-food-for-canape-events","","Medium","Review linked page for contact/form/KP details."
"72","events_or_functions_contact","21","LEAD-0203","Yourprivatechef","https://order.yourprivatechef.com.au/items/category/bowl-food-for-canape-events","1","","contact_link","https://order.yourprivatechef.com.au/items/item/bowl-food-moroccan-vegetable-tagine-w-steamed-rice-vegangf?returnurl=%2fitems%2fcategory%2fbowl-food-for-canape-events","","Medium","Review linked page for contact/form/KP details."
"72","events_or_functions_contact","21","LEAD-0203","Yourprivatechef","https://order.yourprivatechef.com.au/items/category/bowl-food-for-canape-events","1","","contact_link","https://order.yourprivatechef.com.au/items/item/bowl-food-paella-with-chicken-and-chorizo?returnurl=%2fitems%2fcategory%2fbowl-food-for-canape-events","","Medium","Review linked page for contact/form/KP details."
"72","events_or_functions_contact","21","LEAD-0203","Yourprivatechef","https://order.yourprivatechef.com.au/items/category/bowl-food-for-canape-events","1","","contact_link","https://order.yourprivatechef.com.au/items/item/bowl-food-spiced-lamb-curry-with-sweet-potato-platter-w-rice?returnurl=%2fitems%2fcategory%2fbowl-food-for-canape-events","","Medium","Review linked page for contact/form/KP details."
"72","events_or_functions_contact","21","LEAD-0203","Yourprivatechef","https://order.yourprivatechef.com.au/items/category/bowl-food-for-canape-events","1","","contact_link","https://order.yourprivatechef.com.au/items/item/bowl-food-taco-with-pulled-beef-shredded-cheddar-jalapenos-smokey-salsa?returnurl=%2fitems%2fcategory%2fbowl-food-for-canape-events","","Medium","Review linked page for contact/form/KP details."
"72","events_or_functions_contact","21","LEAD-0203","Yourprivatechef","https://order.yourprivatechef.com.au/items/category/bowl-food-for-canape-events","1","","contact_link","https://order.yourprivatechef.com.au/items/item/bowl-food-tacos-with-black-beans-brown-rice-salsa-jalapeno-vegan-gf-v?returnurl=%2fitems%2fcategory%2fbowl-food-for-canape-events","","Medium","Review linked page for contact/form/KP details."
"72","events_or_functions_contact","21","LEAD-0203","Yourprivatechef","https://order.yourprivatechef.com.au/items/category/bowl-food-for-canape-events","1","","contact_link","https://order.yourprivatechef.com.au/items/item/bowl-food-tacos-with-panko-chicken-spiced-slaw-salsa-and-cheese?returnurl=%2fitems%2fcategory%2fbowl-food-for-canape-events","","Medium","Review linked page for contact/form/KP details."
"50","kp_context_hint","21","LEAD-0203","Yourprivatechef","https://order.yourprivatechef.com.au/quote/request","3","https://order.yourprivatechef.com.au/items/category/bowl-food-for-canape-events | https://order.yourprivatechef.com.au/items/category/dessert?returnurl=%2fquote%2frequest","role_context","events","g Asian Inspired Asian Themed Platters Canapes Finger Food Platters Canapé Packages Single Canapes Bowl Food for canape events Grazing Menus Buffet Food Stations BBQ Packages BBQ Platters Hot Buffet Packages Cold Buffet Packages Buffet Platters Salad Platters Mediterranean Pasta Curry Casseroles Mex","Low","Use as a page-level KP hint; confirm person name/title before saving."
"50","kp_context_hint","21","LEAD-0203","Yourprivatechef","https://order.yourprivatechef.com.au/items/category/bowl-food-for-canape-events","1","","role_context","team","ktail events, served in ceramic bowl with bamboo fork</p> $13.00 per bowl (min 25 bowls) BOWL FOOD - Apricot Chicken w Steamed Rice (gf) A perfect substantial stand up menu item for cocktail events, served in ceramic bowl with bamboo fork <p>A perfect substantial stand up menu item for cocktail even","Low","Use as a page-level KP hint; confirm person name/title before saving."
"13","technical_status","21","LEAD-0203","Yourprivatechef","https://order.yourprivatechef.com.au/items/category/bowl-food-for-canape-events","1","","fetch_status","https://order.yourprivatechef.com.au/items/category/bowl-food-for-canape-events","","High","Fetch status: 200. Use only if page fetched successfully."
"13","technical_status","21","LEAD-0203","Yourprivatechef","https://order.yourprivatechef.com.au/items/category/dessert?returnurl=%2fquote%2frequest","1","","fetch_status","https://order.yourprivatechef.com.au/items/category/dessert?returnurl=%2fquote%2frequest","","High","Fetch status: 200. Use only if page fetched successfully."
"13","technical_status","21","LEAD-0203","Yourprivatechef","https://order.yourprivatechef.com.au/quote/request","1","","fetch_status","https://order.yourprivatechef.com.au/quote/request","","High","Fetch status: 200. Use only if page fetched successfully."
"102","official_form_candidate","22","LEAD-0204","Barbellaccino","https://www.barbellaccino.com.au/franchising","1","","contact_form","https://www.barbellaccino.com.au/franchising","contact_form form method=unknown action=current page Thanks! Message sent. Send","High","Official page contains a form; save as company_contact_form_url only if it is a contact/enquiry form, not only a booking widget."
"88","team_or_about_page","22","LEAD-0204","Barbellaccino","https://www.barbellaccino.com.au/franchising","6","https://www.barbellaccino.com.au | https://www.barbellaccino.com.au/about-us","team_link","https://www.barbellaccino.com.au/about-us","https://www.barbellaccino.com.au/about-us","Medium","Review linked page for contact/form/KP details."
"72","company_contact_page","22","LEAD-0204","Barbellaccino","https://www.barbellaccino.com.au/franchising","3","https://www.barbellaccino.com.au | https://www.barbellaccino.com.au/about-us","contact_link","https://www.barbellaccino.com.au","Contact","Medium","Review linked page for contact/form/KP details."
"60","kp_context_hint","22","LEAD-0204","Barbellaccino","https://www.barbellaccino.com.au/about-us","1","","role_context","founder","ee and food, store design, marketing, operating systems, staff recruitment and more. Join us in this great industry Our Founder I’ve spent 20 years of my life in the café industry taking part in everything it takes to bring delicious tasting premium coffee to coffee lovers. Coffee is a living dynami","Low","Use as a page-level KP hint; confirm person name/title before saving."
"60","kp_context_hint","22","LEAD-0204","Barbellaccino","https://www.barbellaccino.com.au/franchising","1","","role_context","owner","arketing Levy is charged Diverse and flexible food model Turnkey store design and build We aim for fully supported cafe owners selling high profit in demand products in premium locations. Time you secured your future? ​ Campbelltown - Deposit Taken Minto - Deposit Taken Penrith Chatswood Lake Macqua","Low","Use as a page-level KP hint; confirm person name/title before saving."
"60","kp_context_hint","22","LEAD-0204","Barbellaccino","https://www.barbellaccino.com.au/about-us","1","","role_context","staff","great"". ​ Bar Bellaccino combines all of our experience in coffee and food, store design, marketing, operating systems, staff recruitment and more. Join us in this great industry Our Founder I’ve spent 20 years of my life in the café industry taking part in everything it takes to bring delicious tas","Low","Use as a page-level KP hint; confirm person name/title before saving."
"50","kp_context_hint","22","LEAD-0204","Barbellaccino","https://www.barbellaccino.com.au/franchising","2","https://www.barbellaccino.com.au/about-us","role_context","people","ave you always wanted to operate your own cafe?​ Would you like to be part of a growing franchise system? ​ Do you love people? Do you want to learn about coffee and food? Available Locations No Prior experience required Full upfront training and ongoing support is provided Low fees - very simple an","Low","Use as a page-level KP hint; confirm person name/title before saving."
"13","technical_status","22","LEAD-0204","Barbellaccino","https://www.barbellaccino.com.au","1","","fetch_status","https://www.barbellaccino.com.au","","High","Fetch status: 200. Use only if page fetched successfully."
"13","technical_status","22","LEAD-0204","Barbellaccino","https://www.barbellaccino.com.au/about-us","1","","fetch_status","https://www.barbellaccino.com.au/about-us","","High","Fetch status: 200. Use only if page fetched successfully."
"13","technical_status","22","LEAD-0204","Barbellaccino","https://www.barbellaccino.com.au/franchising","1","","fetch_status","https://www.barbellaccino.com.au/franchising","","High","Fetch status: 200. Use only if page fetched successfully."
"102","official_form_candidate","23","AU-0253","Georges on Waymouth | Mediterranean Restaurant Adelaide","https://georgesonwaymouth.com.au/contact/","1","","contact_form","https://georgesonwaymouth.com.au/contact/#wpcf7-f47-p14-o1","contact_form form method=post action=/contact/#wpcf7-f47-p14-o1 Δ","High","Official page contains a form; save as company_contact_form_url only if it is a contact/enquiry form, not only a booking widget."
"72","company_contact_page","23","AU-0253","Georges on Waymouth | Mediterranean Restaurant Adelaide","https://georgesonwaymouth.com.au","3","https://georgesonwaymouth.com.au/contact/ | https://georgesonwaymouth.com.au/events/","contact_link","https://georgesonwaymouth.com.au/contact/","Contact","Medium","Review linked page for contact/form/KP details."
"72","events_or_functions_contact","23","AU-0253","Georges on Waymouth | Mediterranean Restaurant Adelaide","https://georgesonwaymouth.com.au","3","https://georgesonwaymouth.com.au/contact/ | https://georgesonwaymouth.com.au/events/","contact_link","https://georgesonwaymouth.com.au/events/","Valentines Dinner","Medium","Review linked page for contact/form/KP details."
"72","events_or_functions_contact","23","AU-0253","Georges on Waymouth | Mediterranean Restaurant Adelaide","https://georgesonwaymouth.com.au","3","https://georgesonwaymouth.com.au/contact/ | https://georgesonwaymouth.com.au/events/","contact_link","https://georgesonwaymouth.com.au/functions/","Functions","Medium","Review linked page for contact/form/KP details."
"50","kp_context_hint","23","AU-0253","Georges on Waymouth | Mediterranean Restaurant Adelaide","https://georgesonwaymouth.com.au","3","https://georgesonwaymouth.com.au/contact/ | https://georgesonwaymouth.com.au/events/","role_context","events","pm-6pm or 8.30pm onwards Open Monday’s for group bookings, please contact us to arrange Private dining rooms available, events are our specialty for up to 70 guests Please call us on (08) 82116960 or email enquiries to info@georgesonwaymouth.com.au BYO wine permitted, maximum 3 bottles (750ml) per b","Low","Use as a page-level KP hint; confirm person name/title before saving."
"13","technical_status","23","AU-0253","Georges on Waymouth | Mediterranean Restaurant Adelaide","https://georgesonwaymouth.com.au","1","","fetch_status","https://georgesonwaymouth.com.au","OK","High","Fetch status: 200. Use only if page fetched successfully."
"13","technical_status","23","AU-0253","Georges on Waymouth | Mediterranean Restaurant Adelaide","https://georgesonwaymouth.com.au/contact/","1","","fetch_status","https://georgesonwaymouth.com.au/contact/","OK","High","Fetch status: 200. Use only if page fetched successfully."
"13","technical_status","23","AU-0253","Georges on Waymouth | Mediterranean Restaurant Adelaide","https://georgesonwaymouth.com.au/events/","1","","fetch_status","https://georgesonwaymouth.com.au/events/","OK","High","Fetch status: 200. Use only if page fetched successfully."
"94","phone_candidate","24","AU-0258","La Vie Hospitality Group – The Life and Soul of Hospitality.","https://laviehospitalitygroup.com","3","https://www.laviehospitalitygroup.com/#lead | https://www.laviehospitalitygroup.com/about-us-2/","phone","+61 29167 6666","Chief Financial Officer 1106 Level 11, 100 William street, Woolloomooloo, Sydney NSW 2011 +61 29167 6666 contactus@laviehospitalitygroup.com GLOBAL PRIVACY STATEMENT TERMS AND CONDITIONS © Copyr","Medium","Review whether this is company or person phone before saving."
"89","possible_key_person","24","AU-0258","La Vie Hospitality Group – The Life and Soul of Hospitality.","https://laviehospitalitygroup.com","2","https://www.laviehospitalitygroup.com/#lead","key_person_name","Alliance College Paro","operations: o 5-star hotels and resorts throughout Australia. Alliance College Paro Procurement Group Paro Procurement Group begin its initial operations providing traditional FF&E an","Medium","Person name found near 'operations' role. Verify person/company fit before saving to contacts."
"89","possible_key_person","24","AU-0258","La Vie Hospitality Group – The Life and Soul of Hospitality.","https://laviehospitalitygroup.com","3","https://www.laviehospitalitygroup.com/#lead | https://www.laviehospitalitygroup.com/about-us-2/","key_person_name","Education Building","procurement: UT NEWS CONTACT Hotels & Resorts Asset Management Education Building Management Hospitality Services Procurement HOTELS & RESORTS Welcome To the life & Soul of hospital","Medium","Person name found near 'procurement' role. Verify person/company fit before saving to contacts."
"89","possible_key_person","24","AU-0258","La Vie Hospitality Group – The Life and Soul of Hospitality.","https://laviehospitalitygroup.com","3","https://www.laviehospitalitygroup.com/#lead | https://www.laviehospitalitygroup.com/about-us-2/","key_person_name","Hospitality Services","procurement: ts Asset Management Education Building Management Hospitality Services Procurement HOTELS & RESORTS Welcome To the life & Soul of hospitality ASSET MANAGEMENT EDUCATION B","Medium","Person name found near 'procurement' role. Verify person/company fit before saving to contacts."
"89","possible_key_person","24","AU-0258","La Vie Hospitality Group – The Life and Soul of Hospitality.","https://www.laviehospitalitygroup.com/about-us-2/","1","","key_person_name","Jerry Xu","founder: leading Hospitality powerhouse across the region. Jerry Xu Founder and CEO Welcome to the life and soul of hospitality. La Vie Hospitality Group is the first","Medium","Person name found near 'founder' role. Verify person/company fit before saving to contacts."
"89","possible_key_person","24","AU-0258","La Vie Hospitality Group – The Life and Soul of Hospitality.","https://laviehospitalitygroup.com","2","https://www.laviehospitalitygroup.com/#lead","key_person_name","Leadwell Asset","management: g those underdevelopment. La Vie Hotels & Resorts Leadwell Asset Management Advisory with a difference. We believe in putting people first – our clients, our employ","Medium","Person name found near 'management' role. Verify person/company fit before saving to contacts."
"89","possible_key_person","24","AU-0258","La Vie Hospitality Group – The Life and Soul of Hospitality.","https://laviehospitalitygroup.com","2","https://www.laviehospitalitygroup.com/#lead","key_person_name","Marion Building","management: f and build a team that is a part of your family. Marion Building Management Marion Building Management has over 20 years of service experience across a variety of i","Medium","Person name found near 'management' role. Verify person/company fit before saving to contacts."
"89","possible_key_person","24","AU-0258","La Vie Hospitality Group – The Life and Soul of Hospitality.","https://laviehospitalitygroup.com","3","https://www.laviehospitalitygroup.com/#lead | https://www.laviehospitalitygroup.com/about-us-2/","key_person_name","Resorts Asset","procurement: pitality Group × HOME ABOUT NEWS CONTACT Hotels & Resorts Asset Management Education Building Management Hospitality Services Procurement About Us Welcome to the l","Medium","Person name found near 'procurement' role. Verify person/company fit before saving to contacts."
"89","possible_key_person","24","AU-0258","La Vie Hospitality Group – The Life and Soul of Hospitality.","https://laviehospitalitygroup.com","2","https://www.laviehospitalitygroup.com/#lead","key_person_name","Resorts Leadwell Asset","management: including those underdevelopment. La Vie Hotels & Resorts Leadwell Asset Management Advisory with a difference. We believe in putting people first – our clients, our employ","Medium","Person name found near 'management' role. Verify person/company fit before saving to contacts."
"88","team_or_about_page","24","AU-0258","La Vie Hospitality Group – The Life and Soul of Hospitality.","https://laviehospitalitygroup.com","4","https://www.laviehospitalitygroup.com/#lead","team_link","https://www.laviehospitalitygroup.com/#lead","BUILDING MANAGEMENT","Medium","Review linked page for contact/form/KP details."
"88","team_or_about_page","24","AU-0258","La Vie Hospitality Group – The Life and Soul of Hospitality.","https://laviehospitalitygroup.com","3","https://www.laviehospitalitygroup.com/#lead | https://www.laviehospitalitygroup.com/about-us-2/","team_link","https://www.laviehospitalitygroup.com/about-us-2/","ABOUT","Medium","Review linked page for contact/form/KP details."
"72","company_contact_page","24","AU-0258","La Vie Hospitality Group – The Life and Soul of Hospitality.","https://laviehospitalitygroup.com","3","https://www.laviehospitalitygroup.com/#lead | https://www.laviehospitalitygroup.com/about-us-2/","contact_link","https://www.laviehospitalitygroup.com/contact-us-2/","CONTACT","Medium","Review linked page for contact/form/KP details."
"60","kp_context_hint","24","AU-0258","La Vie Hospitality Group – The Life and Soul of Hospitality.","https://www.laviehospitalitygroup.com/about-us-2/","1","","role_context","ceo","we look forward to continuing our journey as the leading Hospitality powerhouse across the region. Jerry Xu Founder and CEO Welcome to the life and soul of hospitality. La Vie Hospitality Group is the first Australian hospitality group to launch a fully integrated offering that provides a one-stop s","Low","Use as a page-level KP hint; confirm person name/title before saving."
"60","kp_context_hint","24","AU-0258","La Vie Hospitality Group – The Life and Soul of Hospitality.","https://www.laviehospitalitygroup.com/about-us-2/","1","","role_context","chief executive","erhouse across the region. Jerry Xu Founder and CEO LEADERSHIP TEAM Craig Bond- Managing Director, Jerry XU – Founder & Chief Executive Officer, Priscilla Tran – Chief Financial Officer 1106 Level 11, 100 William street, Woolloomooloo, Sydney NSW 2011 +61 29167 6666 contactus@laviehospitalitygroup.c","Low","Use as a page-level KP hint; confirm person name/title before saving."
"60","kp_context_hint","24","AU-0258","La Vie Hospitality Group – The Life and Soul of Hospitality.","https://www.laviehospitalitygroup.com/about-us-2/","1","","role_context","director","as the leading Hospitality powerhouse across the region. Jerry Xu Founder and CEO LEADERSHIP TEAM Craig Bond- Managing Director, Jerry XU – Founder & Chief Executive Officer, Priscilla Tran – Chief Financial Officer 1106 Level 11, 100 William street, Woolloomooloo, Sydney NSW 2011 +61 29167 6666 co","Low","Use as a page-level KP hint; confirm person name/title before saving."
"60","kp_context_hint","24","AU-0258","La Vie Hospitality Group – The Life and Soul of Hospitality.","https://www.laviehospitalitygroup.com/about-us-2/","1","","role_context","founder","olders, and we look forward to continuing our journey as the leading Hospitality powerhouse across the region. Jerry Xu Founder and CEO Welcome to the life and soul of hospitality. La Vie Hospitality Group is the first Australian hospitality group to launch a fully integrated offering that provides","Low","Use as a page-level KP hint; confirm person name/title before saving."
"60","kp_context_hint","24","AU-0258","La Vie Hospitality Group – The Life and Soul of Hospitality.","https://www.laviehospitalitygroup.com/about-us-2/","1","","role_context","leadership","ook forward to continuing our journey as the leading Hospitality powerhouse across the region. Jerry Xu Founder and CEO LEADERSHIP TEAM Craig Bond- Managing Director, Jerry XU – Founder & Chief Executive Officer, Priscilla Tran – Chief Financial Officer 1106 Level 11, 100 William street, Woolloomool","Low","Use as a page-level KP hint; confirm person name/title before saving."
"60","kp_context_hint","24","AU-0258","La Vie Hospitality Group – The Life and Soul of Hospitality.","https://www.laviehospitalitygroup.com/about-us-2/","1","","role_context","managing director","r journey as the leading Hospitality powerhouse across the region. Jerry Xu Founder and CEO LEADERSHIP TEAM Craig Bond- Managing Director, Jerry XU – Founder & Chief Executive Officer, Priscilla Tran – Chief Financial Officer 1106 Level 11, 100 William street, Woolloomooloo, Sydney NSW 2011 +61 2916","Low","Use as a page-level KP hint; confirm person name/title before saving."
"60","kp_context_hint","24","AU-0258","La Vie Hospitality Group – The Life and Soul of Hospitality.","https://laviehospitalitygroup.com","3","https://www.laviehospitalitygroup.com/#lead | https://www.laviehospitalitygroup.com/about-us-2/","role_context","owner","s of our partners, colleagues, and shareholders. Our Businesses La Vie Hotels & Resorts La Vie Hotels and Resorts is an owner centric independent hotel management company that offers a tailor-made, cohesive and strategic approach in response to our clients’ real estate objectives within Hospitality.","Low","Use as a page-level KP hint; confirm person name/title before saving."
"50","kp_context_hint","24","AU-0258","La Vie Hospitality Group – The Life and Soul of Hospitality.","https://laviehospitalitygroup.com","2","https://www.laviehospitalitygroup.com/#lead","role_context","events","ailored service that meets the needs of your workplace. From full-service catering management, housekeeping, and ad hoc events we let you control the costs while we deliver the service. With over 20 years’ experience in corporate catering, food service, hospitality management and events we pride our","Low","Use as a page-level KP hint; confirm person name/title before saving."
"50","kp_context_hint","24","AU-0258","La Vie Hospitality Group – The Life and Soul of Hospitality.","https://laviehospitalitygroup.com","3","https://www.laviehospitalitygroup.com/#lead | https://www.laviehospitalitygroup.com/about-us-2/","role_context","management","About Lavie Hospitality Group - An International Hospitality Group × HOME ABOUT NEWS CONTACT Hotels & Resorts Asset Management Education Building Management Hospitality Services Procurement About Us Welcome to the life and soul of hospitality. La Vie Hospitality Group is the first Australian hos","Low","Use as a page-level KP hint; confirm person name/title before saving."
"50","kp_context_hint","24","AU-0258","La Vie Hospitality Group – The Life and Soul of Hospitality.","https://laviehospitalitygroup.com","2","https://www.laviehospitalitygroup.com/#lead","role_context","operations","tels and resorts throughout Australia. Alliance College Paro Procurement Group Paro Procurement Group begin its initial operations providing traditional FF&E and OS&E procurement consultancy services under the Global Procurement Management (GPM) banner back in 2013. In 2022, after working through so","Low","Use as a page-level KP hint; confirm person name/title before saving."
"50","kp_context_hint","24","AU-0258","La Vie Hospitality Group – The Life and Soul of Hospitality.","https://laviehospitalitygroup.com","3","https://www.laviehospitalitygroup.com/#lead | https://www.laviehospitalitygroup.com/about-us-2/","role_context","people","e underdevelopment. La Vie Hotels & Resorts Leadwell Asset Management Advisory with a difference. We believe in putting people first – our clients, our employees and our guests are at the forefront of our service. Our team is deeply passionate about understanding the needs of our clients and believe","Low","Use as a page-level KP hint; confirm person name/title before saving."
"50","kp_context_hint","24","AU-0258","La Vie Hospitality Group – The Life and Soul of Hospitality.","https://laviehospitalitygroup.com","3","https://www.laviehospitalitygroup.com/#lead | https://www.laviehospitalitygroup.com/about-us-2/","role_context","procurement","itality. × HOME ABOUT NEWS CONTACT Hotels & Resorts Asset Management Education Building Management Hospitality Services Procurement HOTELS & RESORTS Welcome To the life & Soul of hospitality ASSET MANAGEMENT EDUCATION BUILDING MANAGEMENT HOSPITALITY SERVICES PROCUREMENT La Vie Hospitality Group is t","Low","Use as a page-level KP hint; confirm person name/title before saving."
"50","kp_context_hint","24","AU-0258","La Vie Hospitality Group – The Life and Soul of Hospitality.","https://laviehospitalitygroup.com","2","https://www.laviehospitalitygroup.com/#lead","role_context","staff","Services creates collaboration in the workplace through innovative food solutions, experienced management, and flexible staffing options. Our Focus on the work-life dynamic allows us to deliver tailored service that meets the needs of your workplace. From full-service catering management, housekeepi","Low","Use as a page-level KP hint; confirm person name/title before saving."
"50","kp_context_hint","24","AU-0258","La Vie Hospitality Group – The Life and Soul of Hospitality.","https://laviehospitalitygroup.com","3","https://www.laviehospitalitygroup.com/#lead | https://www.laviehospitalitygroup.com/about-us-2/","role_context","team","ality. We are the region’s leader in third party hotel management partnering with major international hotel brands. Our team of industry professionals are committed to delivering unprecedented comprehensive Hotel Management solutions by incorporating expert knowledge, experience, and passion across","Low","Use as a page-level KP hint; confirm person name/title before saving."
"13","technical_status","24","AU-0258","La Vie Hospitality Group – The Life and Soul of Hospitality.","https://laviehospitalitygroup.com","2","https://www.laviehospitalitygroup.com/#lead","fetch_status","https://laviehospitalitygroup.com","","High","Fetch status: 200. Use only if page fetched successfully."
"13","technical_status","24","AU-0258","La Vie Hospitality Group – The Life and Soul of Hospitality.","https://www.laviehospitalitygroup.com/about-us-2/","1","","fetch_status","https://www.laviehospitalitygroup.com/about-us-2/","","High","Fetch status: 200. Use only if page fetched successfully."
"102","official_form_candidate","25","AU-0268","Yarra Hotel Group | Hotel Developers | Melbourne","https://yarrahotelgroup.com.au/get-in-touch-today/","1","","contact_form","https://yarrahotelgroup.com.au/get-in-touch-today/#gf_1","contact_form form method=post action=/get-in-touch-today/#gf_1 LinkedIn This field is for validation purposes and should be left unchanged. Full Name * Phone * Email * Subject Message","High","Official page contains a form; save as company_contact_form_url only if it is a contact/enquiry form, not only a booking widget."
"88","team_or_about_page","25","AU-0268","Yarra Hotel Group | Hotel Developers | Melbourne","https://yarrahotelgroup.com.au","9","https://yarrahotelgroup.com.au/about-us/ | https://yarrahotelgroup.com.au/get-in-touch-today/","team_link","https://yarrahotelgroup.com.au/about-us/","We are hotel and serviced apartment developers based in Melbourne, Victoria who create luxury living of the highest standard.","Medium","Review linked page for contact/form/KP details."
"88","team_or_about_page","25","AU-0268","Yarra Hotel Group | Hotel Developers | Melbourne","https://yarrahotelgroup.com.au/about-us/","1","","team_link","https://yarrahotelgroup.com.au/projects/","Read more about our work…","Medium","Review linked page for contact/form/KP details."
"72","company_contact_page","25","AU-0268","Yarra Hotel Group | Hotel Developers | Melbourne","https://yarrahotelgroup.com.au","3","https://yarrahotelgroup.com.au/about-us/ | https://yarrahotelgroup.com.au/get-in-touch-today/","contact_link","https://yarrahotelgroup.com.au/get-in-touch-today/","Contact","Medium","Review linked page for contact/form/KP details."
"50","kp_context_hint","25","AU-0268","Yarra Hotel Group | Hotel Developers | Melbourne","https://yarrahotelgroup.com.au","2","https://yarrahotelgroup.com.au/about-us/","role_context","operations","reate luxury living of the highest standard. Read more about us. With extensive experience in both developing and hotel operations, we combine the highest quality, function and smart design with five-star service. We work with the best industry experts to bring you beautifully-made luxury hotels and","Low","Use as a page-level KP hint; confirm person name/title before saving."
"50","kp_context_hint","25","AU-0268","Yarra Hotel Group | Hotel Developers | Melbourne","https://yarrahotelgroup.com.au","3","https://yarrahotelgroup.com.au/about-us/ | https://yarrahotelgroup.com.au/get-in-touch-today/","role_context","projects","Get in touch today | Yarra Hotel Group | Hotel Developers info@yarrahotelgroup.com.au Home About Current Projects Future Projects In The Media Contact Select Page Business Details 8 Youngs Place Carlton, VIC 3053 info@yarrahotelgroup.com.au LinkedIn This field is for validation purpos","Low","Use as a page-level KP hint; confirm person name/title before saving."
"50","kp_context_hint","25","AU-0268","Yarra Hotel Group | Hotel Developers | Melbourne","https://yarrahotelgroup.com.au","2","https://yarrahotelgroup.com.au/about-us/","role_context","team","tifully-made luxury hotels and serviced apartments of all shapes and sizes. See our work… Urban & Commercial Design Our team of design, development and operational experts are based in Melbourne and working nationally. Useful Links Home About Current Projects Future Projects In The Media Contact Inf","Low","Use as a page-level KP hint; confirm person name/title before saving."
"13","technical_status","25","AU-0268","Yarra Hotel Group | Hotel Developers | Melbourne","https://yarrahotelgroup.com.au","1","","fetch_status","https://yarrahotelgroup.com.au","","High","Fetch status: 200. Use only if page fetched successfully."
"13","technical_status","25","AU-0268","Yarra Hotel Group | Hotel Developers | Melbourne","https://yarrahotelgroup.com.au/about-us/","1","","fetch_status","https://yarrahotelgroup.com.au/about-us/","","High","Fetch status: 200. Use only if page fetched successfully."
"13","technical_status","25","AU-0268","Yarra Hotel Group | Hotel Developers | Melbourne","https://yarrahotelgroup.com.au/get-in-touch-today/","1","","fetch_status","https://yarrahotelgroup.com.au/get-in-touch-today/","","High","Fetch status: 200. Use only if page fetched successfully."
"94","phone_candidate","26","AU-0270","Oaks Hotels, Resorts &amp; Suites","https://oakshotels.com","6","https://www.oakshotels.com/en/about-oaks | https://www.oakshotels.com/en/contact-oaks-hotels","phone","+61 7 2100 0577","Oaks signatures to this spot (good things take time) Check us out! Any questions? Call us +61 7 2100 0577 Send us an email [email protected] Follow Us Facebook Youtube Instagram Twitter eGift Car","Medium","Review whether this is company or person phone before saving."
"88","team_or_about_page","26","AU-0270","Oaks Hotels, Resorts &amp; Suites","https://oakshotels.com","3","https://www.oakshotels.com/en/about-oaks | https://www.oakshotels.com/en/contact-oaks-hotels","team_link","https://www.oakshotels.com/en/about-oaks","About Oaks","Medium","Review linked page for contact/form/KP details."
"76","booking_form_candidate","26","AU-0270","Oaks Hotels, Resorts &amp; Suites","https://www.oakshotels.com/en/contact-oaks-hotels","1","","contact_form","https://www.oakshotels.com/en/contact-oaks-hotels#email","booking_form form method=post action=/en/contact-oaks-hotels#email Contact us form What should we call you? Select Mr. Mrs. Ms. Dr. First name * Last name * Email address * Where are you based? Select country/region Afghanistan Åland Islands Albania Algeria American Samoa Andorra Angola Anguilla Antarctica Antigua and Barbuda Argentina Armenia Aruba Australia Austria Azerbaijan Bahamas Bahrain Bangladesh Barbados Belarus Belgium Belize Benin Bermuda Bhutan Bolivia Bonaire Bosnia and Herzegovina ","High","Official page contains a form; save as company_contact_form_url only if it is a contact/enquiry form, not only a booking widget."
"72","company_contact_page","26","AU-0270","Oaks Hotels, Resorts &amp; Suites","https://www.oakshotels.com/en/contact-oaks-hotels","1","","contact_link","https://www.oakshotels.com/en/al-najada-doha-hotel-apartments-by-oaks/contact","Contact us","Medium","Review linked page for contact/form/KP details."
"72","company_contact_page","26","AU-0270","Oaks Hotels, Resorts &amp; Suites","https://www.oakshotels.com/en/contact-oaks-hotels","1","","contact_link","https://www.oakshotels.com/en/auckland-harbour-suites/contact","Contact us","Medium","Review linked page for contact/form/KP details."
"72","company_contact_page","26","AU-0270","Oaks Hotels, Resorts &amp; Suites","https://oakshotels.com","7","https://www.oakshotels.com/en/about-oaks | https://www.oakshotels.com/en/contact-oaks-hotels","contact_link","https://www.oakshotels.com/en/contact-oaks-hotels","PLACES TO STAY","Medium","Review linked page for contact/form/KP details."
"72","company_contact_page","26","AU-0270","Oaks Hotels, Resorts &amp; Suites","https://www.oakshotels.com/en/contact-oaks-hotels","1","","contact_link","https://www.oakshotels.com/en/contact-oaks-hotels/franchise","Franchise Opportunity","Medium","Review linked page for contact/form/KP details."
"72","company_contact_page","26","AU-0270","Oaks Hotels, Resorts &amp; Suites","https://www.oakshotels.com/en/contact-oaks-hotels","1","","contact_link","https://www.oakshotels.com/en/contact-oaks-hotels/general-enquiry","General Enquiries","Medium","Review linked page for contact/form/KP details."
"72","company_contact_page","26","AU-0270","Oaks Hotels, Resorts &amp; Suites","https://www.oakshotels.com/en/contact-oaks-hotels","1","","contact_link","https://www.oakshotels.com/en/contact-oaks-hotels/invest-with-oaks","Invest with Oaks","Medium","Review linked page for contact/form/KP details."
"72","company_contact_page","26","AU-0270","Oaks Hotels, Resorts &amp; Suites","https://www.oakshotels.com/en/contact-oaks-hotels","1","","contact_link","https://www.oakshotels.com/en/contact-oaks-hotels/public-relations-and-media","Public Relations & Media","Medium","Review linked page for contact/form/KP details."
"72","company_contact_page","26","AU-0270","Oaks Hotels, Resorts &amp; Suites","https://www.oakshotels.com/en/contact-oaks-hotels","1","","contact_link","https://www.oakshotels.com/en/istay-precinct/contact","Contact us","Medium","Review linked page for contact/form/KP details."
"72","company_contact_page","26","AU-0270","Oaks Hotels, Resorts &amp; Suites","https://oakshotels.com","6","https://www.oakshotels.com/en/about-oaks | https://www.oakshotels.com/en/contact-oaks-hotels","contact_link","https://www.oakshotels.com/en/my-booking","/en/my-booking","Medium","Review linked page for contact/form/KP details."
"72","company_contact_page","26","AU-0270","Oaks Hotels, Resorts &amp; Suites","https://www.oakshotels.com/en/contact-oaks-hotels","1","","contact_link","https://www.oakshotels.com/en/oaks-212-margaret/contact","Contact us","Medium","Review linked page for contact/form/KP details."
"72","company_contact_page","26","AU-0270","Oaks Hotels, Resorts &amp; Suites","https://www.oakshotels.com/en/contact-oaks-hotels","1","","contact_link","https://www.oakshotels.com/en/oaks-aspire/contact","Contact us","Medium","Review linked page for contact/form/KP details."
"72","company_contact_page","26","AU-0270","Oaks Hotels, Resorts &amp; Suites","https://www.oakshotels.com/en/contact-oaks-hotels","1","","contact_link","https://www.oakshotels.com/en/oaks-auckland-hotel/contact","Contact us","Medium","Review linked page for contact/form/KP details."
"72","company_contact_page","26","AU-0270","Oaks Hotels, Resorts &amp; Suites","https://www.oakshotels.com/en/contact-oaks-hotels","1","","contact_link","https://www.oakshotels.com/en/oaks-aurora-tower/contact","Contact us","Medium","Review linked page for contact/form/KP details."
"72","company_contact_page","26","AU-0270","Oaks Hotels, Resorts &amp; Suites","https://www.oakshotels.com/en/contact-oaks-hotels","1","","contact_link","https://www.oakshotels.com/en/oaks-broome/contact","Contact us","Medium","Review linked page for contact/form/KP details."
"72","company_contact_page","26","AU-0270","Oaks Hotels, Resorts &amp; Suites","https://www.oakshotels.com/en/contact-oaks-hotels","1","","contact_link","https://www.oakshotels.com/en/oaks-cable-beach-sanctuary/contact","Contact us","Medium","Review linked page for contact/form/KP details."
"72","company_contact_page","26","AU-0270","Oaks Hotels, Resorts &amp; Suites","https://www.oakshotels.com/en/contact-oaks-hotels","1","","contact_link","https://www.oakshotels.com/en/oaks-cairns-hotel/contact","Contact us","Medium","Review linked page for contact/form/KP details."
"72","company_contact_page","26","AU-0270","Oaks Hotels, Resorts &amp; Suites","https://www.oakshotels.com/en/contact-oaks-hotels","1","","contact_link","https://www.oakshotels.com/en/oaks-calypso-plaza/contact","Contact us","Medium","Review linked page for contact/form/KP details."
"72","company_contact_page","26","AU-0270","Oaks Hotels, Resorts &amp; Suites","https://www.oakshotels.com/en/contact-oaks-hotels","1","","contact_link","https://www.oakshotels.com/en/oaks-carlyle/contact","Contact us","Medium","Review linked page for contact/form/KP details."
"72","company_contact_page","26","AU-0270","Oaks Hotels, Resorts &amp; Suites","https://www.oakshotels.com/en/contact-oaks-hotels","1","","contact_link","https://www.oakshotels.com/en/oaks-casino-towers/contact","Contact us","Medium","Review linked page for contact/form/KP details."
"72","company_contact_page","26","AU-0270","Oaks Hotels, Resorts &amp; Suites","https://www.oakshotels.com/en/contact-oaks-hotels","1","","contact_link","https://www.oakshotels.com/en/oaks-charlotte-towers/contact","Contact us","Medium","Review linked page for contact/form/KP details."
"72","company_contact_page","26","AU-0270","Oaks Hotels, Resorts &amp; Suites","https://www.oakshotels.com/en/contact-oaks-hotels","1","","contact_link","https://www.oakshotels.com/en/oaks-chengdu/contact","Contact us","Medium","Review linked page for contact/form/KP details."
"72","company_contact_page","26","AU-0270","Oaks Hotels, Resorts &amp; Suites","https://www.oakshotels.com/en/contact-oaks-hotels","1","","contact_link","https://www.oakshotels.com/en/oaks-club-resort/contact","Contact us","Medium","Review linked page for contact/form/KP details."
"72","company_contact_page","26","AU-0270","Oaks Hotels, Resorts &amp; Suites","https://www.oakshotels.com/en/contact-oaks-hotels","1","","contact_link","https://www.oakshotels.com/en/oaks-cypress-lakes-resort/contact","Contact us","Medium","Review linked page for contact/form/KP details."
"72","company_contact_page","26","AU-0270","Oaks Hotels, Resorts &amp; Suites","https://www.oakshotels.com/en/contact-oaks-hotels","1","","contact_link","https://www.oakshotels.com/en/oaks-elan-darwin/contact","Contact us","Medium","Review linked page for contact/form/KP details."
"72","company_contact_page","26","AU-0270","Oaks Hotels, Resorts &amp; Suites","https://www.oakshotels.com/en/contact-oaks-hotels","1","","contact_link","https://www.oakshotels.com/en/oaks-embassy/contact","Contact us","Medium","Review linked page for contact/form/KP details."
"72","company_contact_page","26","AU-0270","Oaks Hotels, Resorts &amp; Suites","https://www.oakshotels.com/en/contact-oaks-hotels","1","","contact_link","https://www.oakshotels.com/en/oaks-felix/contact","Contact us","Medium","Review linked page for contact/form/KP details."
"72","company_contact_page","26","AU-0270","Oaks Hotels, Resorts &amp; Suites","https://www.oakshotels.com/en/contact-oaks-hotels","1","","contact_link","https://www.oakshotels.com/en/oaks-festival-towers/contact","Contact us","Medium","Review linked page for contact/form/KP details."
"72","company_contact_page","26","AU-0270","Oaks Hotels, Resorts &amp; Suites","https://www.oakshotels.com/en/contact-oaks-hotels","1","","contact_link","https://www.oakshotels.com/en/oaks-gateway-suites/contact","Contact us","Medium","Review linked page for contact/form/KP details."
"72","company_contact_page","26","AU-0270","Oaks Hotels, Resorts &amp; Suites","https://www.oakshotels.com/en/contact-oaks-hotels","1","","contact_link","https://www.oakshotels.com/en/oaks-gold-coast-hotel/contact","Contact us","Medium","Review linked page for contact/form/KP details."
"72","company_contact_page","26","AU-0270","Oaks Hotels, Resorts &amp; Suites","https://www.oakshotels.com/en/contact-oaks-hotels","1","","contact_link","https://www.oakshotels.com/en/oaks-goldsbrough-apartments/contact","Contact us","Medium","Review linked page for contact/form/KP details."
"72","company_contact_page","26","AU-0270","Oaks Hotels, Resorts &amp; Suites","https://www.oakshotels.com/en/contact-oaks-hotels","1","","contact_link","https://www.oakshotels.com/en/oaks-grand-gladstone/contact","Contact us","Medium","Review linked page for contact/form/KP details."
"72","company_contact_page","26","AU-0270","Oaks Hotels, Resorts &amp; Suites","https://www.oakshotels.com/en/contact-oaks-hotels","1","","contact_link","https://www.oakshotels.com/en/oaks-hervey-bay-resort-and-spa/contact","Contact us","Medium","Review linked page for contact/form/KP details."
"72","company_contact_page","26","AU-0270","Oaks Hotels, Resorts &amp; Suites","https://www.oakshotels.com/en/contact-oaks-hotels","1","","contact_link","https://www.oakshotels.com/en/oaks-horizons/contact","Contact us","Medium","Review linked page for contact/form/KP details."
"72","company_contact_page","26","AU-0270","Oaks Hotels, Resorts &amp; Suites","https://www.oakshotels.com/en/contact-oaks-hotels","1","","contact_link","https://www.oakshotels.com/en/oaks-hyde-park-plaza/contact","Contact us","Medium","Review linked page for contact/form/KP details."
"72","company_contact_page","26","AU-0270","Oaks Hotels, Resorts &amp; Suites","https://www.oakshotels.com/en/contact-oaks-hotels","1","","contact_link","https://www.oakshotels.com/en/oaks-ibn-battuta-gate-dubai/contact","Contact us","Medium","Review linked page for contact/form/KP details."
"72","company_contact_page","26","AU-0270","Oaks Hotels, Resorts &amp; Suites","https://www.oakshotels.com/en/contact-oaks-hotels","1","","contact_link","https://www.oakshotels.com/en/oaks-lake-crackenback-resort/contact","Contact us","Medium","Review linked page for contact/form/KP details."
"72","company_contact_page","26","AU-0270","Oaks Hotels, Resorts &amp; Suites","https://www.oakshotels.com/en/contact-oaks-hotels","1","","contact_link","https://www.oakshotels.com/en/oaks-lexicon/contact","Contact us","Medium","Review linked page for contact/form/KP details."
"72","company_contact_page","26","AU-0270","Oaks Hotels, Resorts &amp; Suites","https://www.oakshotels.com/en/contact-oaks-hotels","1","","contact_link","https://www.oakshotels.com/en/oaks-liberty-towers/contact","Contact us","Medium","Review linked page for contact/form/KP details."
"72","company_contact_page","26","AU-0270","Oaks Hotels, Resorts &amp; Suites","https://www.oakshotels.com/en/contact-oaks-hotels","1","","contact_link","https://www.oakshotels.com/en/oaks-liwa-executive-suites/contact","Contact us","Medium","Review linked page for contact/form/KP details."
"72","company_contact_page","26","AU-0270","Oaks Hotels, Resorts &amp; Suites","https://www.oakshotels.com/en/contact-oaks-hotels","1","","contact_link","https://www.oakshotels.com/en/oaks-liwa-heights/contact","Contact us","Medium","Review linked page for contact/form/KP details."
"72","company_contact_page","26","AU-0270","Oaks Hotels, Resorts &amp; Suites","https://www.oakshotels.com/en/contact-oaks-hotels","1","","contact_link","https://www.oakshotels.com/en/oaks-lure/contact","Contact us","Medium","Review linked page for contact/form/KP details."
"72","company_contact_page","26","AU-0270","Oaks Hotels, Resorts &amp; Suites","https://www.oakshotels.com/en/contact-oaks-hotels","1","","contact_link","https://www.oakshotels.com/en/oaks-melbourne-flemington-suites/contact","Contact us","Medium","Review linked page for contact/form/KP details."
"72","company_contact_page","26","AU-0270","Oaks Hotels, Resorts &amp; Suites","https://www.oakshotels.com/en/contact-oaks-hotels","1","","contact_link","https://www.oakshotels.com/en/oaks-melbourne-st-kilda-road-hotel/contact","Contact us","Medium","Review linked page for contact/form/KP details."
"72","company_contact_page","26","AU-0270","Oaks Hotels, Resorts &amp; Suites","https://www.oakshotels.com/en/contact-oaks-hotels","1","","contact_link","https://www.oakshotels.com/en/oaks-mews/contact","Contact us","Medium","Review linked page for contact/form/KP details."
"72","company_contact_page","26","AU-0270","Oaks Hotels, Resorts &amp; Suites","https://www.oakshotels.com/en/contact-oaks-hotels","1","","contact_link","https://www.oakshotels.com/en/oaks-middlemount/contact","Contact us","Medium","Review linked page for contact/form/KP details."
"72","company_contact_page","26","AU-0270","Oaks Hotels, Resorts &amp; Suites","https://www.oakshotels.com/en/contact-oaks-hotels","1","","contact_link","https://www.oakshotels.com/en/oaks-mon-komo/contact","Contact us","Medium","Review linked page for contact/form/KP details."
"72","company_contact_page","26","AU-0270","Oaks Hotels, Resorts &amp; Suites","https://www.oakshotels.com/en/contact-oaks-hotels","1","","contact_link","https://www.oakshotels.com/en/oaks-moranbah/contact","Contact us","Medium","Review linked page for contact/form/KP details."
"72","company_contact_page","26","AU-0270","Oaks Hotels, Resorts &amp; Suites","https://www.oakshotels.com/en/contact-oaks-hotels","1","","contact_link","https://www.oakshotels.com/en/oaks-oasis-resort/contact","Contact us","Medium","Review linked page for contact/form/KP details."
"72","company_contact_page","26","AU-0270","Oaks Hotels, Resorts &amp; Suites","https://www.oakshotels.com/en/contact-oaks-hotels","1","","contact_link","https://www.oakshotels.com/en/oaks-on-castlereagh/contact","Contact us","Medium","Review linked page for contact/form/KP details."
"72","company_contact_page","26","AU-0270","Oaks Hotels, Resorts &amp; Suites","https://www.oakshotels.com/en/contact-oaks-hotels","1","","contact_link","https://www.oakshotels.com/en/oaks-on-collins/contact","Contact us","Medium","Review linked page for contact/form/KP details."
"72","company_contact_page","26","AU-0270","Oaks Hotels, Resorts &amp; Suites","https://www.oakshotels.com/en/contact-oaks-hotels","1","","contact_link","https://www.oakshotels.com/en/oaks-on-market/contact","Contact us","Medium","Review linked page for contact/form/KP details."
"72","company_contact_page","26","AU-0270","Oaks Hotels, Resorts &amp; Suites","https://www.oakshotels.com/en/contact-oaks-hotels","1","","contact_link","https://www.oakshotels.com/en/oaks-on-william/contact","Contact us","Medium","Review linked page for contact/form/KP details."
"72","company_contact_page","26","AU-0270","Oaks Hotels, Resorts &amp; Suites","https://www.oakshotels.com/en/contact-oaks-hotels","1","","contact_link","https://www.oakshotels.com/en/oaks-pacific-blue-resort/contact","Contact us","Medium","Review linked page for contact/form/KP details."
"72","company_contact_page","26","AU-0270","Oaks Hotels, Resorts &amp; Suites","https://www.oakshotels.com/en/contact-oaks-hotels","1","","contact_link","https://www.oakshotels.com/en/oaks-perth-hotel/contact","Contact us","Medium","Review linked page for contact/form/KP details."
"72","company_contact_page","26","AU-0270","Oaks Hotels, Resorts &amp; Suites","https://www.oakshotels.com/en/contact-oaks-hotels","1","","contact_link","https://www.oakshotels.com/en/oaks-plaza-pier/contact","Contact us","Medium","Review linked page for contact/form/KP details."
"72","company_contact_page","26","AU-0270","Oaks Hotels, Resorts &amp; Suites","https://www.oakshotels.com/en/contact-oaks-hotels","1","","contact_link","https://www.oakshotels.com/en/oaks-r-suites-geelong/contact","Contact us","Medium","Review linked page for contact/form/KP details."
"72","company_contact_page","26","AU-0270","Oaks Hotels, Resorts &amp; Suites","https://www.oakshotels.com/en/contact-oaks-hotels","1","","contact_link","https://www.oakshotels.com/en/oaks-resort-port-douglas/contact","Contact us","Medium","Review linked page for contact/form/KP details."
"72","company_contact_page","26","AU-0270","Oaks Hotels, Resorts &amp; Suites","https://www.oakshotels.com/en/contact-oaks-hotels","1","","contact_link","https://www.oakshotels.com/en/oaks-river-city/contact","Contact us","Medium","Review linked page for contact/form/KP details."
"72","company_contact_page","26","AU-0270","Oaks Hotels, Resorts &amp; Suites","https://www.oakshotels.com/en/contact-oaks-hotels","1","","contact_link","https://www.oakshotels.com/en/oaks-rivermarque/contact","Contact us","Medium","Review linked page for contact/form/KP details."
"72","company_contact_page","26","AU-0270","Oaks Hotels, Resorts &amp; Suites","https://www.oakshotels.com/en/contact-oaks-hotels","1","","contact_link","https://www.oakshotels.com/en/oaks-santai-resort-casuarina/contact","Contact us","Medium","Review linked page for contact/form/KP details."
"72","company_contact_page","26","AU-0270","Oaks Hotels, Resorts &amp; Suites","https://www.oakshotels.com/en/contact-oaks-hotels","1","","contact_link","https://www.oakshotels.com/en/oaks-seaforth-resort/contact","Contact us","Medium","Review linked page for contact/form/KP details."
"72","company_contact_page","26","AU-0270","Oaks Hotels, Resorts &amp; Suites","https://www.oakshotels.com/en/contact-oaks-hotels","1","","contact_link","https://www.oakshotels.com/en/oaks-shores/contact","Contact us","Medium","Review linked page for contact/form/KP details."
"72","company_contact_page","26","AU-0270","Oaks Hotels, Resorts &amp; Suites","https://www.oakshotels.com/en/contact-oaks-hotels","1","","contact_link","https://www.oakshotels.com/en/oaks-south-yarra/contact","Contact us","Medium","Review linked page for contact/form/KP details."
"72","company_contact_page","26","AU-0270","Oaks Hotels, Resorts &amp; Suites","https://www.oakshotels.com/en/contact-oaks-hotels","1","","contact_link","https://www.oakshotels.com/en/oaks-southbank/contact","Contact us","Medium","Review linked page for contact/form/KP details."
"72","company_contact_page","26","AU-0270","Oaks Hotels, Resorts &amp; Suites","https://www.oakshotels.com/en/contact-oaks-hotels","1","","contact_link","https://www.oakshotels.com/en/oaks-sydney-north-ryde-suites/contact","Contact us","Medium","Review linked page for contact/form/KP details."
"72","company_contact_page","26","AU-0270","Oaks Hotels, Resorts &amp; Suites","https://www.oakshotels.com/en/contact-oaks-hotels","1","","contact_link","https://www.oakshotels.com/en/oaks-toowoomba-hotel/contact","Contact us","Medium","Review linked page for contact/form/KP details."
"72","company_contact_page","26","AU-0270","Oaks Hotels, Resorts &amp; Suites","https://www.oakshotels.com/en/contact-oaks-hotels","1","","contact_link","https://www.oakshotels.com/en/oaks-townsville-hotel/contact","Contact us","Medium","Review linked page for contact/form/KP details."
"72","company_contact_page","26","AU-0270","Oaks Hotels, Resorts &amp; Suites","https://www.oakshotels.com/en/contact-oaks-hotels","1","","contact_link","https://www.oakshotels.com/en/oaks-vue-suites-geelong/contact","Contact us","Medium","Review linked page for contact/form/KP details."
"72","company_contact_page","26","AU-0270","Oaks Hotels, Resorts &amp; Suites","https://www.oakshotels.com/en/contact-oaks-hotels","1","","contact_link","https://www.oakshotels.com/en/oaks-waterfront-resort/contact","Contact us","Medium","Review linked page for contact/form/KP details."
"72","company_contact_page","26","AU-0270","Oaks Hotels, Resorts &amp; Suites","https://www.oakshotels.com/en/contact-oaks-hotels","1","","contact_link","https://www.oakshotels.com/en/oaks-wellington-hotel/contact","Contact us","Medium","Review linked page for contact/form/KP details."
"72","company_contact_page","26","AU-0270","Oaks Hotels, Resorts &amp; Suites","https://www.oakshotels.com/en/contact-oaks-hotels","1","","contact_link","https://www.oakshotels.com/en/oaks-woolloongabba/contact","Contact us","Medium","Review linked page for contact/form/KP details."
"72","company_contact_page","26","AU-0270","Oaks Hotels, Resorts &amp; Suites","https://www.oakshotels.com/en/contact-oaks-hotels","1","","contact_link","https://www.oakshotels.com/en/the-milton-brisbane/contact","Contact us","Medium","Review linked page for contact/form/KP details."
"72","company_contact_page","26","AU-0270","Oaks Hotels, Resorts &amp; Suites","https://www.oakshotels.com/en/contact-oaks-hotels","1","","contact_link","https://www.oakshotels.com/en/wrap-on-southbank/contact","Contact us","Medium","Review linked page for contact/form/KP details."
"72","events_or_functions_contact","26","AU-0270","Oaks Hotels, Resorts &amp; Suites","https://www.oakshotels.com/en/contact-oaks-hotels","1","","contact_link","https://www.oakshotels.com/en/contact-oaks-hotels/meetings-events-weddings","Meetings, Events & Weddings","Medium","Review linked page for contact/form/KP details."
"72","events_or_functions_contact","26","AU-0270","Oaks Hotels, Resorts &amp; Suites","https://oakshotels.com","7","https://www.oakshotels.com/en/about-oaks | https://www.oakshotels.com/en/contact-oaks-hotels","contact_link","https://www.oakshotels.com/en/meetings-events","Meetings & Events","Medium","Review linked page for contact/form/KP details."
"66","supplier_or_procurement_page","26","AU-0270","Oaks Hotels, Resorts &amp; Suites","https://oakshotels.com","3","https://www.oakshotels.com/en/about-oaks | https://www.oakshotels.com/en/contact-oaks-hotels","supplier_link","https://www.oakshotels.com/en/partnership","Partners","Medium","Review linked page for contact/form/KP details."
"50","kp_context_hint","26","AU-0270","Oaks Hotels, Resorts &amp; Suites","https://oakshotels.com","3","https://www.oakshotels.com/en/about-oaks | https://www.oakshotels.com/en/contact-oaks-hotels","role_context","events","Heights Oaks Ibn Battuta Gate Hotel Dubai View All Hotels & Resorts Loyalty Offers Business Travel Long Stay Meetings & Events Weddings Dining Experiences Contact Australia Adelaide iStay Precinct Adelaide Oaks Adelaide Embassy Suites Oaks Adelaide Horizons Suites Brisbane Oaks Brisbane Aurora Suite","Low","Use as a page-level KP hint; confirm person name/title before saving."
"50","kp_context_hint","26","AU-0270","Oaks Hotels, Resorts &amp; Suites","https://www.oakshotels.com/en/contact-oaks-hotels","1","","role_context","management","ion across multiple jurisdictions in order to perform our customer service obligations to you, such as the creation and management of reservations in our properties, in response to a contractual relationship between you and us, such as a hotel booking or service inquiries. By continuing, you agree t","Low","Use as a page-level KP hint; confirm person name/title before saving."
"50","kp_context_hint","26","AU-0270","Oaks Hotels, Resorts &amp; Suites","https://www.oakshotels.com/en/about-oaks","1","","role_context","people","e we think we've created something special that deserves sharing a little wider. So we asked ourselves: if we want more people to know and love Oaks around the world, what do we need to build that captures us at our best? The answer? An experience that's joyful, grounded, and offers a unique perspec","Low","Use as a page-level KP hint; confirm person name/title before saving."
"50","kp_context_hint","26","AU-0270","Oaks Hotels, Resorts &amp; Suites","https://oakshotels.com","2","https://www.oakshotels.com/en/about-oaks","role_context","team","e moment you walk in. Because we believe hospitality's pretty simple - we're all just people helping people, right? Our team make you feel seen and heard, not just processed through the lobby. They’re also just as obsessed with travel as you are, they know the perfect sunset spot, or the winery that","Low","Use as a page-level KP hint; confirm person name/title before saving."
"13","technical_status","26","AU-0270","Oaks Hotels, Resorts &amp; Suites","https://oakshotels.com","1","","fetch_status","https://oakshotels.com","","High","Fetch status: 200. Use only if page fetched successfully."
"13","technical_status","26","AU-0270","Oaks Hotels, Resorts &amp; Suites","https://www.oakshotels.com/en/about-oaks","1","","fetch_status","https://www.oakshotels.com/en/about-oaks","","High","Fetch status: 200. Use only if page fetched successfully."
"13","technical_status","26","AU-0270","Oaks Hotels, Resorts &amp; Suites","https://www.oakshotels.com/en/contact-oaks-hotels","1","","fetch_status","https://www.oakshotels.com/en/contact-oaks-hotels","","High","Fetch status: 200. Use only if page fetched successfully."
"102","official_form_candidate","27","AU-0272","Trilogy Hotels | Independent Hotel Management Company","https://trilogyhotels.com.au","2","https://trilogyhotels.com.au/","contact_form","https://trilogyhotels.com.au/","contact_form form method=post action=/ Please enable JavaScript in your browser to complete this form. Please enable JavaScript in your browser to complete this form. Speak With Us Fill-out the form and our team will be in touch. First Name * Last Name * Company * Email * Phone (Optional) Any questions you may have for the team? (optional) Submit","High","Official page contains a form; save as company_contact_form_url only if it is a contact/enquiry form, not only a booking widget."
"102","official_form_candidate","27","AU-0272","Trilogy Hotels | Independent Hotel Management Company","https://trilogyhotels.com.au/about-us/","1","","contact_form","https://trilogyhotels.com.au/all-about-trilogy-hotels/","contact_form form method=post action=/all-about-trilogy-hotels/ Please enable JavaScript in your browser to complete this form. Please enable JavaScript in your browser to complete this form. Speak With Us Fill-out the form and our team will be in touch. First Name * Last Name * Company * Email * Phone (Optional) Any questions you may have for the team? (optional) Submit","High","Official page contains a form; save as company_contact_form_url only if it is a contact/enquiry form, not only a booking widget."
"89","possible_key_person","27","AU-0272","Trilogy Hotels | Independent Hotel Management Company","https://trilogyhotels.com.au/about-us/","1","","key_person_name","Do Asset","procurement: Receive a commission from a procurement contract Do Asset Management Have any opaque fees or charges Operational services Trilogy Hotels' leadership team is","Medium","Person name found near 'procurement' role. Verify person/company fit before saving to contacts."
"89","possible_key_person","27","AU-0272","Trilogy Hotels | Independent Hotel Management Company","https://trilogyhotels.com.au","2","https://trilogyhotels.com.au/","key_person_name","Scott Boyes","chief executive: and throughout Asia. Meet the team Meet the team Scott Boyes Chief Executive Officer One of the most respected and accomplished hoteliers in the Australian mark","Medium","Person name found near 'chief executive' role. Verify person/company fit before saving to contacts."
"89","possible_key_person","27","AU-0272","Trilogy Hotels | Independent Hotel Management Company","https://trilogyhotels.com.au","2","https://trilogyhotels.com.au/","key_person_name","Trilogy Hotels","management: Trilogy Hotels | Independent Hotel Management Company Subscribe Subscribe Speak with us Speak with us About us How","Medium","Person name found near 'management' role. Verify person/company fit before saving to contacts."
"88","team_or_about_page","27","AU-0272","Trilogy Hotels | Independent Hotel Management Company","https://trilogyhotels.com.au","2","https://trilogyhotels.com.au/","team_link","https://trilogyhotels.com.au/about-us/","","Medium","Review linked page for contact/form/KP details."
"88","team_or_about_page","27","AU-0272","Trilogy Hotels | Independent Hotel Management Company","https://trilogyhotels.com.au","6","https://trilogyhotels.com.au/ | https://trilogyhotels.com.au/about-us/","team_link","https://trilogyhotels.com.au/all-about-trilogy-hotels/","https://trilogyhotels.com.au/all-about-trilogy-hotels/","Medium","Review linked page for contact/form/KP details."
"88","team_or_about_page","27","AU-0272","Trilogy Hotels | Independent Hotel Management Company","https://trilogyhotels.com.au","9","https://trilogyhotels.com.au/ | https://trilogyhotels.com.au/about-us/","team_link","https://trilogyhotels.com.au/meet-the-team/","https://trilogyhotels.com.au/meet-the-team/","Medium","Review linked page for contact/form/KP details."
"72","company_contact_page","27","AU-0272","Trilogy Hotels | Independent Hotel Management Company","https://trilogyhotels.com.au","2","https://trilogyhotels.com.au/","contact_link","https://trilogyhotels.com.au/#","Contact us","Medium","Review linked page for contact/form/KP details."
"72","company_contact_page","27","AU-0272","Trilogy Hotels | Independent Hotel Management Company","https://trilogyhotels.com.au/about-us/","1","","contact_link","https://trilogyhotels.com.au/all-about-trilogy-hotels/#","Contact us","Medium","Review linked page for contact/form/KP details."
"70","company_linkedin","27","AU-0272","Trilogy Hotels | Independent Hotel Management Company","https://trilogyhotels.com.au","3","https://trilogyhotels.com.au/ | https://trilogyhotels.com.au/about-us/","company_linkedin_url","https://www.linkedin.com/company/trilogy-hotels/","https://www.linkedin.com/company/trilogy-hotels/","Low","Use as a manual LinkedIn review URL; do not treat as verified direct contact until person/company fit is confirmed."
"60","kp_context_hint","27","AU-0272","Trilogy Hotels | Independent Hotel Management Company","https://trilogyhotels.com.au","2","https://trilogyhotels.com.au/","role_context","founder","eholders owner, team and guest, to achieve operational efficiency and performance excellence. See hotels See hotels Our Founders Between them, the three founders of Trilogy Hotels have an unmatched combination of experience in the tourism and hospitality industry in Australia and throughout Asia. Me","Low","Use as a page-level KP hint; confirm person name/title before saving."
"60","kp_context_hint","27","AU-0272","Trilogy Hotels | Independent Hotel Management Company","https://trilogyhotels.com.au","3","https://trilogyhotels.com.au/ | https://trilogyhotels.com.au/about-us/","role_context","operations","e to manage hotels. Period. We are just as much about what we aren’t, as what we are. Our focus on hotel management and operations gives us an alignment of interest and clarity of purpose in partnership with Owners, Guests and Teams that you won’t find anywhere else. We Manage all facets of operatin","Low","Use as a page-level KP hint; confirm person name/title before saving."
"60","kp_context_hint","27","AU-0272","Trilogy Hotels | Independent Hotel Management Company","https://trilogyhotels.com.au","3","https://trilogyhotels.com.au/ | https://trilogyhotels.com.au/about-us/","role_context","owner","ged. It is within these walls that we can truly harness our potential to impact the lives of our three key stakeholders Owners, Guests, and Team. About Us About Us Owners Investing in a hotel is a substantial commitment. We support owners in the investment journey through Partnership and Performance","Low","Use as a page-level KP hint; confirm person name/title before saving."
"50","kp_context_hint","27","AU-0272","Trilogy Hotels | Independent Hotel Management Company","https://trilogyhotels.com.au","2","https://trilogyhotels.com.au/","role_context","chief executive","ience in the tourism and hospitality industry in Australia and throughout Asia. Meet the team Meet the team Scott Boyes Chief Executive Officer One of the most respected and accomplished hoteliers in the Australian market. Scott most recently served at Accor as SVP of Operations, Pacific North, wher","Low","Use as a page-level KP hint; confirm person name/title before saving."
"50","kp_context_hint","27","AU-0272","Trilogy Hotels | Independent Hotel Management Company","https://trilogyhotels.com.au/about-us/","1","","role_context","culinary","nt, expense reduction & procurement Accounting & financial reporting Recruitment, retention & training Food, beverage & culinary Design, technical services & ESG Multi-site clustering Building management & mixed-use development Wellness, day spa & recreation facilities management Learn more Learn mo","Low","Use as a page-level KP hint; confirm person name/title before saving."
"50","kp_context_hint","27","AU-0272","Trilogy Hotels | Independent Hotel Management Company","https://trilogyhotels.com.au","3","https://trilogyhotels.com.au/ | https://trilogyhotels.com.au/about-us/","role_context","leadership","d to our wonderful colleagues in the visitor economy and service industry, Grant Alchin and Scott Boyes chat all things leadership and hotels. Learn more Learn more We are unwavering in our commitment to exceed expectations, create memorable moments, build lasting relationships, and transform lives.","Low","Use as a page-level KP hint; confirm person name/title before saving."
"50","kp_context_hint","27","AU-0272","Trilogy Hotels | Independent Hotel Management Company","https://trilogyhotels.com.au","3","https://trilogyhotels.com.au/ | https://trilogyhotels.com.au/about-us/","role_context","management","About Trilogy Hotels | Independent Hotel Management Australia Subscribe Subscribe Speak with us Speak with us About us How it works Our services Hotels we manage Meet the team Press and industry insights A Room With A Vie","Low","Use as a page-level KP hint; confirm person name/title before saving."
"50","kp_context_hint","27","AU-0272","Trilogy Hotels | Independent Hotel Management Company","https://trilogyhotels.com.au/about-us/","1","","role_context","procurement","cets of operating a hotel We don’t Own a brand Own a hotel Receive commissions from a brand Receive a commission from a procurement contract Do Asset Management Have any opaque fees or charges Operational services Trilogy Hotels' leadership team is the best in the business – seasoned leaders who pro","Low","Use as a page-level KP hint; confirm person name/title before saving."
"50","kp_context_hint","27","AU-0272","Trilogy Hotels | Independent Hotel Management Company","https://trilogyhotels.com.au","3","https://trilogyhotels.com.au/ | https://trilogyhotels.com.au/about-us/","role_context","team","nt Company Subscribe Subscribe Speak with us Speak with us About us How it works Our services Hotels we manage Meet the team Press and industry insights A Room With A View podcast Close Please enable JavaScript in your browser to complete this form. Please enable JavaScript in your browser to comple","Low","Use as a page-level KP hint; confirm person name/title before saving."
"13","technical_status","27","AU-0272","Trilogy Hotels | Independent Hotel Management Company","https://trilogyhotels.com.au","2","https://trilogyhotels.com.au/","fetch_status","https://trilogyhotels.com.au","","High","Fetch status: 200. Use only if page fetched successfully."
"13","technical_status","27","AU-0272","Trilogy Hotels | Independent Hotel Management Company","https://trilogyhotels.com.au/about-us/","1","","fetch_status","https://trilogyhotels.com.au/about-us/","","High","Fetch status: 200. Use only if page fetched successfully."
"88","team_or_about_page","28","AU-0274","OUR PEOPLE","https://welcomehospitality.com.au","8","https://www.welcomehospitality.com.au/# | https://www.welcomehospitality.com.au/about-us","team_link","https://www.welcomehospitality.com.au/about-us","LEARN MORE","Medium","Review linked page for contact/form/KP details."
"88","team_or_about_page","28","AU-0274","OUR PEOPLE","https://welcomehospitality.com.au","6","https://www.welcomehospitality.com.au/# | https://www.welcomehospitality.com.au/about-us","team_link","https://www.welcomehospitality.com.au/our-people","Our People","Medium","Review linked page for contact/form/KP details."
"72","company_contact_page","28","AU-0274","OUR PEOPLE","https://welcomehospitality.com.au","2","https://www.welcomehospitality.com.au/#","contact_link","https://www.welcomehospitality.com.au/#","BOOK NOW","Medium","Review linked page for contact/form/KP details."
"72","company_contact_page","28","AU-0274","OUR PEOPLE","https://www.welcomehospitality.com.au/about-us","1","","contact_link","https://www.welcomehospitality.com.au/about-us#","BOOK NOW","Medium","Review linked page for contact/form/KP details."
"72","company_contact_page","28","AU-0274","OUR PEOPLE","https://welcomehospitality.com.au","8","https://www.welcomehospitality.com.au/# | https://www.welcomehospitality.com.au/about-us","contact_link","https://www.welcomehospitality.com.au/contact-us","Contact Us","Medium","Review linked page for contact/form/KP details."
"60","kp_context_hint","28","AU-0274","OUR PEOPLE","https://welcomehospitality.com.au","2","https://www.welcomehospitality.com.au/#","role_context","owner","rgettable hospitality moments to neighbours and nomads see our venues Step into the world of Welcome Hospitality, proud owners and operators of some of your all-time favourite venues across Sydney and the mid-North Coast of NSW. Grounded in our local communities and with a keen eye for crafting uniq","Low","Use as a page-level KP hint; confirm person name/title before saving."
"50","kp_context_hint","28","AU-0274","OUR PEOPLE","https://www.welcomehospitality.com.au/about-us","1","","role_context","events","m summer nights, to milestone celebrations, and family gatherings. With live music, sports on big screens, and engaging events such as monthly magic shows and trivia led by flamboyant hosts, each venue invites you to create memories made from authentic Australian hospitality. Our Values While we val","Low","Use as a page-level KP hint; confirm person name/title before saving."
"50","kp_context_hint","28","AU-0274","OUR PEOPLE","https://welcomehospitality.com.au","3","https://www.welcomehospitality.com.au/# | https://www.welcomehospitality.com.au/about-us","role_context","management","iar and fresh. We are your go-to destination for memorable experiences you know you can trust. ‍ LEARN MORE Hospitality Management Looking for a steady hand to guide you through the dynamic world of hospitality management? Welcome Hospitality offers tailored solutions and a specialised advisory serv","Low","Use as a page-level KP hint; confirm person name/title before saving."
"50","kp_context_hint","28","AU-0274","OUR PEOPLE","https://welcomehospitality.com.au","3","https://www.welcomehospitality.com.au/# | https://www.welcomehospitality.com.au/about-us","role_context","people","Of Our Amazing Venues G06 / 38C Cumberland St, The Rocks Sydney NSW 2000 02 9030 5060 BOOK NOW About Us Our Venues Our People Careers Contact Us Gift Vouchers Menu Home About Us Our Venues Our People Careers Contact Us Gift Vouchers Close Serving up unforgettable hospitality moments to neighbours a","Low","Use as a page-level KP hint; confirm person name/title before saving."
"50","kp_context_hint","28","AU-0274","OUR PEOPLE","https://welcomehospitality.com.au","3","https://www.welcomehospitality.com.au/# | https://www.welcomehospitality.com.au/about-us","role_context","team","ome Hospitality is more than a management company; we're a community of passionate individuals who love what we do. Our team is a dynamic blend of youth and experience, combining fresh perspectives with time-tested values. We believe in the power of hospitality to bring people together and create un","Low","Use as a page-level KP hint; confirm person name/title before saving."
"13","technical_status","28","AU-0274","OUR PEOPLE","https://welcomehospitality.com.au","2","https://www.welcomehospitality.com.au/#","fetch_status","https://welcomehospitality.com.au","","High","Fetch status: 200. Use only if page fetched successfully."
"13","technical_status","28","AU-0274","OUR PEOPLE","https://www.welcomehospitality.com.au/about-us","1","","fetch_status","https://www.welcomehospitality.com.au/about-us","","High","Fetch status: 200. Use only if page fetched successfully."
"102","official_form_candidate","30","AU-0278","Reilly Group","https://reillygroup.com.au","2","","contact_form","https://reillygroup.com.au","contact_form form method=unknown action=current page First Name Last Name Email Subject Message Submit Thanks for submitting!","High","Official page contains a form; save as company_contact_form_url only if it is a contact/enquiry form, not only a booking widget."
"102","official_form_candidate","30","AU-0278","Reilly Group","https://www.reillygroup.com.au/about","1","","contact_form","https://www.reillygroup.com.au/about","contact_form form method=unknown action=current page First Name Last Name Email Subject Message Submit Thanks for submitting!","High","Official page contains a form; save as company_contact_form_url only if it is a contact/enquiry form, not only a booking widget."
"88","team_or_about_page","30","AU-0278","Reilly Group","https://reillygroup.com.au","3","https://www.reillygroup.com.au/about","team_link","https://www.reillygroup.com.au/about","https://www.reillygroup.com.au/about","Medium","Review linked page for contact/form/KP details."
"60","kp_context_hint","30","AU-0278","Reilly Group","https://www.reillygroup.com.au/about","1","","role_context","founder","d chance you’re going to be keen on somewhere to drink at the end of the day,” says Ray Reilly, certified pub-lover and founder of Reilly Group. “We want to create the kind of spaces those parents can bring the whole family and everyone’s properly catered for. “We also love our front-bar regulars wh","Low","Use as a page-level KP hint; confirm person name/title before saving."
"60","kp_context_hint","30","AU-0278","Reilly Group","https://reillygroup.com.au","3","https://www.reillygroup.com.au/about","role_context","owner","| Reilly Group top of page HOME VENUES ABOUT More Use tab to navigate through the menu items. Reilly Group / With proud owners at the helm of every Reilly Group venue, we know true pub hospitality goes beyond pouring a cracking cold beer (but, of course, that’s highly important too). About Reilly Gr","Low","Use as a page-level KP hint; confirm person name/title before saving."
"50","kp_context_hint","30","AU-0278","Reilly Group","https://www.reillygroup.com.au/about","1","","role_context","management","aims to give back to the people for whom a great pub is so vital. ABOUT With more than 25 years in hotel operation and management, Reilly Group has grown into a collective of like-minded people who aim to bring their pub guests exceptional service and have a little fun along the way. At the heart o","Low","Use as a page-level KP hint; confirm person name/title before saving."
"50","kp_context_hint","30","AU-0278","Reilly Group","https://www.reillygroup.com.au/about","1","","role_context","people","ues through thick and thin, and we want to cater to them too. A pub can – and should – be many different things to many people. When it’s run by honest hard-working people who listen to the community, it’s easy to make that happen.” Reilly Group aims to give back to the people for whom a great pub i","Low","Use as a page-level KP hint; confirm person name/title before saving."
"13","technical_status","30","AU-0278","Reilly Group","https://reillygroup.com.au","2","","fetch_status","https://reillygroup.com.au","","High","Fetch status: 200. Use only if page fetched successfully."
"13","technical_status","30","AU-0278","Reilly Group","https://www.reillygroup.com.au/about","1","","fetch_status","https://www.reillygroup.com.au/about","","High","Fetch status: 200. Use only if page fetched successfully."
"102","official_form_candidate","31","AU-0279","The Pub Group","https://www.thepubgroup.com.au/contact","1","","contact_form","https://www.thepubgroup.com.au/contact","contact_form form method=unknown action=current page First name * Last name Email * Phone Venue inquiring about How can we help you? Message * SUBMIT","High","Official page contains a form; save as company_contact_form_url only if it is a contact/enquiry form, not only a booking widget."
"98","phone_candidate","31","AU-0279","The Pub Group","https://thepubgroup.com.au","3","https://www.thepubgroup.com.au/contact | https://www.thepubgroup.com.au/functions","phone","+61267018400","","High","Tel link; save with source/confidence note and review again before outreach."
"72","company_contact_page","31","AU-0279","The Pub Group","https://thepubgroup.com.au","5","https://www.thepubgroup.com.au/contact | https://www.thepubgroup.com.au/functions","contact_link","https://www.thepubgroup.com.au/contact","https://www.thepubgroup.com.au/contact","Medium","Review linked page for contact/form/KP details."
"72","events_or_functions_contact","31","AU-0279","The Pub Group","https://thepubgroup.com.au","3","https://www.thepubgroup.com.au/contact | https://www.thepubgroup.com.au/functions","contact_link","https://www.thepubgroup.com.au/functions","https://www.thepubgroup.com.au/functions","Medium","Review linked page for contact/form/KP details."
"50","kp_context_hint","31","AU-0279","The Pub Group","https://www.thepubgroup.com.au/functions","1","","role_context","events","MOONSHINERS LONGYARD HOTEL FAMILY HOTEL IBIS STYLES FUNCTIONS CONTACT CAREERS COURTESY BUS PRIVACY POLICY FUNCTIONS AND EVENTS Looking for the perfect function space? From relaxed gatherings to milestone celebrations, TPG Hotels has the ideal setting for every occasion. Whether it’s a birthday, enga","Low","Use as a page-level KP hint; confirm person name/title before saving."
"50","kp_context_hint","31","AU-0279","The Pub Group","https://thepubgroup.com.au","1","","role_context","people","apital, we’re redefining Tamworth’s hospitality scene with fresh ideas, bold energy, and a genuine passion for bringing people together. ​ From large-scale, high-energy venues to relaxed, family-friendly locals, every venue offers something unique. Whether it’s live music, catching up for drinks wit","Low","Use as a page-level KP hint; confirm person name/title before saving."
"50","kp_context_hint","31","AU-0279","The Pub Group","https://thepubgroup.com.au","1","","role_context","team","ls, every venue offers something unique. Whether it’s live music, catching up for drinks with friends, cheering on your team, sharing great food with family, or celebrating life’s moments - The Pub Group has a place for you. OUR VENUES Step inside and feel right at home. The Pub is a true local gem","Low","Use as a page-level KP hint; confirm person name/title before saving."
"13","technical_status","31","AU-0279","The Pub Group","https://thepubgroup.com.au","1","","fetch_status","https://thepubgroup.com.au","","High","Fetch status: 200. Use only if page fetched successfully."
"13","technical_status","31","AU-0279","The Pub Group","https://www.thepubgroup.com.au/contact","1","","fetch_status","https://www.thepubgroup.com.au/contact","","High","Fetch status: 200. Use only if page fetched successfully."
"13","technical_status","31","AU-0279","The Pub Group","https://www.thepubgroup.com.au/functions","1","","fetch_status","https://www.thepubgroup.com.au/functions","","High","Fetch status: 200. Use only if page fetched successfully."
"102","official_form_candidate","32","AU-0280","GM Hotels Group | Australia","https://gmhotels.com.au","2","https://gmhotels.com.au/#","contact_form","https://gmhotels.com.au/#","contact_form form method=post action=# Name Email Message","High","Official page contains a form; save as company_contact_form_url only if it is a contact/enquiry form, not only a booking widget."
"102","official_form_candidate","32","AU-0280","GM Hotels Group | Australia","https://gmhotels.com.au/our-team.php","1","","contact_form","https://gmhotels.com.au/our-team.php#","contact_form form method=post action=# Name Email Message","High","Official page contains a form; save as company_contact_form_url only if it is a contact/enquiry form, not only a booking widget."
"94","phone_candidate","32","AU-0280","GM Hotels Group | Australia","https://gmhotels.com.au","2","https://gmhotels.com.au/#","phone","(07) 3200 3777","www.beachhousenambour.com.au/ The Meadowbrook Hotel 1-7 Logandowns Drive, Meadowbrook QLD (07) 3200 3777 The Meadowbrook Hotel is conveniently located on the corner of Loganlea Road and Logandow","Medium","Review whether this is company or person phone before saving."
"94","phone_candidate","32","AU-0280","GM Hotels Group | Australia","https://gmhotels.com.au","2","https://gmhotels.com.au/#","phone","(07) 3252 4136",".theredlionhotel.com.au The Elephant Hotel 230 Wickham Street, Fortitude Valley, QLD 4006 (07) 3252 4136 The Elephant Hotel was first opened as the Prince Consort Hotel in 1888. The hotel, refur","Medium","Review whether this is company or person phone before saving."
"94","phone_candidate","32","AU-0280","GM Hotels Group | Australia","https://gmhotels.com.au","2","https://gmhotels.com.au/#","phone","(07) 3391 5022","//glenelgpier.com.au Previous Venues The Norman Hotel 102 Ipswitch Road, Wooloongabba QLD (07) 3391 5022 Ultimately, it’s the hand-selected export quality steaks that are showcased in our meat c","Medium","Review whether this is company or person phone before saving."
"94","phone_candidate","32","AU-0280","GM Hotels Group | Australia","https://gmhotels.com.au","2","https://gmhotels.com.au/#","phone","(07) 3392 6762","s. https://www.meadowbrookhotel.com.au The Red Lion Hotel 215 Beaudesert Rd, Moorooka QLD (07) 3392 6762 Conveniently located just 8km from the CBD, The Red Lion Hotel is Mooorooka best kept lit","Medium","Review whether this is company or person phone before saving."
"94","phone_candidate","32","AU-0280","GM Hotels Group | Australia","https://gmhotels.com.au","2","https://gmhotels.com.au/#","phone","(08) 82215156","auran… https://www.christiesbeachhotel.com.au The Rosey 160 Hindley Street, Adelaide 5000 (08) 82215156 The Rosey, Recently known as ""The Rosemont Hotel"" has just undergone some renovations, an","Medium","Review whether this is company or person phone before saving."
"94","phone_candidate","32","AU-0280","GM Hotels Group | Australia","https://gmhotels.com.au","2","https://gmhotels.com.au/#","phone","(08) 8250 4144","s://www.stfranciswinery.com.au The Whitehorse Inn 887-889 Port Wakefield Road, Bolivar SA (08) 8250 4144 The Whitehorse Inn is located on Port Wakefield Road, Bolivar SA. situated on a large blo","Medium","Review whether this is company or person phone before saving."
"94","phone_candidate","32","AU-0280","GM Hotels Group | Australia","https://gmhotels.com.au","2","https://gmhotels.com.au/#","phone","(08) 8258 3333","fter by the Hotel. https://emuhotel.com.au The Brahma 1572 Main North Rd, Brahma Lodge SA (08) 8258 3333 The Lodge Hotel is a brand new, refurbished venue in Brahma Lodge, Northern Adelaide. Boa","Medium","Review whether this is company or person phone before saving."
"94","phone_candidate","32","AU-0280","GM Hotels Group | Australia","https://gmhotels.com.au","2","https://gmhotels.com.au/#","phone","(08) 8262 1143","alodgehotel.com.au The Cross Keys Corner of Port Wakefield & Montague Road, Cavan SA 5094 (08) 8262 1143 The Cross Keys Hotel, an iconic building located on the busy Port Wakefield and Montague","Medium","Review whether this is company or person phone before saving."
"94","phone_candidate","32","AU-0280","GM Hotels Group | Australia","https://gmhotels.com.au","2","https://gmhotels.com.au/#","phone","(08) 8264 2266","op https://www.crowninnhotel.com.au The Valley Inn 1210 Grand Junction Rd, Hope Valley SA (08) 8264 2266 The Valley Inn is located on Grand Junction Road, Hope Valley SA. The Valley Inn offers a","Medium","Review whether this is company or person phone before saving."
"94","phone_candidate","32","AU-0280","GM Hotels Group | Australia","https://gmhotels.com.au","2","https://gmhotels.com.au/#","phone","(08) 8322 2246","els Group Current Venues St Francis Winery 14 Bridge Street, Old Reynella South Australia (08) 8322 2246 The St. Francis Winery is located on Bath Street in Old Reynella SA. The Winery was built","Medium","Review whether this is company or person phone before saving."
"94","phone_candidate","32","AU-0280","GM Hotels Group | Australia","https://gmhotels.com.au","2","https://gmhotels.com.au/#","phone","(08) 8331 3098","f serv… https://crosskeys.com.au/ The Tower Hotel 621 Magill Road, Magill South Australia (08) 8331 3098 The Tower Hotel is located on Magill road, MAGILL SA. It is a classic and beautiful looki","Medium","Review whether this is company or person phone before saving."
"94","phone_candidate","32","AU-0280","GM Hotels Group | Australia","https://gmhotels.com.au","3","https://gmhotels.com.au/# | https://gmhotels.com.au/our-team.php","phone","(08) 8332 2322","ge Other ways to reach us Email info@gmhotels.com.au LinkedIn linkedin.com/gmhotels Phone (08) 8332 2322 Facebook facebook.com/gmhotels Mailing Address 621 Magill Road Magill, SA 5072 Australia","Medium","Review whether this is company or person phone before saving."
"94","phone_candidate","32","AU-0280","GM Hotels Group | Australia","https://gmhotels.com.au","2","https://gmhotels.com.au/#","phone","(08) 8337 5055",". https://www.thevalleyinn.com.au The Paradise Hotel 700 Lower North East Rd, Paradise SA (08) 8337 5055 The Paradise Hotel is located on Lower North East Road, Paradise SA. The Hotel has recent","Medium","Review whether this is company or person phone before saving."
"94","phone_candidate","32","AU-0280","GM Hotels Group | Australia","https://gmhotels.com.au","2","https://gmhotels.com.au/#","phone","(08) 8350 3108","ro, func… More https://thewhitehorseinn.com.au Pier Glenelg Holdfast Promenade Glenelg SA (08) 8350 3108 The Pier Glenelg is a great location for your next night out, to have a meal or just sit","Medium","Review whether this is company or person phone before saving."
"94","phone_candidate","32","AU-0280","GM Hotels Group | Australia","https://gmhotels.com.au","2","https://gmhotels.com.au/#","phone","(08) 8362 4657","Hotel cons… https://www.beachhotelseaford.com.au The Republic 120 Magill Road, Norwood SA (08) 8362 4657 Norwoods newest pub, Republic, is breaking the mold of what people expect in a suburban p","Medium","Review whether this is company or person phone before saving."
"94","phone_candidate","32","AU-0280","GM Hotels Group | Australia","https://gmhotels.com.au","2","https://gmhotels.com.au/#","phone","(08) 8381 1319","keep yo… https://www.republicnorwood.com.au The Crown Inn Old South Road, Old Reynella SA (08) 8381 1319 The Crown Inn Hotel is located on Old South Road in Old Reynella, South Australia. The Ho","Medium","Review whether this is company or person phone before saving."
"94","phone_candidate","32","AU-0280","GM Hotels Group | Australia","https://gmhotels.com.au","2","https://gmhotels.com.au/#","phone","(08) 8382 3122","urround soun… https://therosey.com.au The Emu Hotel 132 Main South Road, Morphett Vale SA (08) 8382 3122 The Emu Hotel is located on Main South Road, Morphettville SA. The Hotel is a very popula","Medium","Review whether this is company or person phone before saving."
"94","phone_candidate","32","AU-0280","GM Hotels Group | Australia","https://gmhotels.com.au","2","https://gmhotels.com.au/#","phone","(08) 8386 2211","r… https://www.towerhotel.net.au The Beach Hotel Commercial Road, Seaford South Australia (08) 8386 2211 The Beach Hotel is located on the corner of Commercial Road and Griffiths Drive, Seaford","Medium","Review whether this is company or person phone before saving."
"94","phone_candidate","32","AU-0280","GM Hotels Group | Australia","https://gmhotels.com.au","2","https://gmhotels.com.au/#","phone","07 3229 3522","Wickham St. https://www.elephanthotel.com.au/ Exchange Hotel 131 Edward Street, Brisbane 07 3229 3522 The Exchage Hotel is situated in the Brisbane CBD, the Exchange Hotel was built in 1863,","Medium","Review whether this is company or person phone before saving."
"94","phone_candidate","32","AU-0280","GM Hotels Group | Australia","https://gmhotels.com.au","2","https://gmhotels.com.au/#","phone","07 4125 5477","/www.stockexchangehotel.com.au Kondari Hotel 49-63 Elizabeth Street Hervey Bay, QLD, 4655 07 4125 5477 Set amongst 20 acres of lush tropical gardens, The Kondari Hotel offers you the perfect e","Medium","Review whether this is company or person phone before saving."
"94","phone_candidate","32","AU-0280","GM Hotels Group | Australia","https://gmhotels.com.au","2","https://gmhotels.com.au/#","phone","07 5441 1144","… https://www.normanhotel.com.au The Commercial Hotel 35 Currie Street, Nambour QLD 4560 07 5441 1144 Located in the heart of Currie Street in Nambour, Hotel Beach House Nambour is the perfec","Medium","Review whether this is company or person phone before saving."
"89","possible_key_person","32","AU-0280","GM Hotels Group | Australia","https://gmhotels.com.au/our-team.php","1","","key_person_name","Greg Maitland","ceo: ent Venues Previous Venues Press Contact Our Team Greg Maitland CEO Shane Gross Group Operations Manager Send us a message Name Email Message Other ways to reach u","Medium","Person name found near 'ceo' role. Verify person/company fit before saving to contacts."
"88","team_or_about_page","32","AU-0280","GM Hotels Group | Australia","https://gmhotels.com.au","2","https://gmhotels.com.au/#","team_link","https://gmhotels.com.au/#one","About","Medium","Review linked page for contact/form/KP details."
"88","team_or_about_page","32","AU-0280","GM Hotels Group | Australia","https://gmhotels.com.au/our-team.php","1","","team_link","https://gmhotels.com.au/index.php#one","About","Medium","Review linked page for contact/form/KP details."
"88","team_or_about_page","32","AU-0280","GM Hotels Group | Australia","https://gmhotels.com.au","3","https://gmhotels.com.au/# | https://gmhotels.com.au/our-team.php","team_link","https://gmhotels.com.au/our-team.php","Our Team","Medium","Review linked page for contact/form/KP details."
"72","company_contact_page","32","AU-0280","GM Hotels Group | Australia","https://gmhotels.com.au","4","https://gmhotels.com.au/#","contact_link","https://gmhotels.com.au/#contact","facebook.com/gmhotels","Medium","Review linked page for contact/form/KP details."
"72","company_contact_page","32","AU-0280","GM Hotels Group | Australia","https://gmhotels.com.au/our-team.php","2","","contact_link","https://gmhotels.com.au/our-team.php#contact","facebook.com/gmhotels","Medium","Review linked page for contact/form/KP details."
"60","kp_context_hint","32","AU-0280","GM Hotels Group | Australia","https://gmhotels.com.au/our-team.php","1","","role_context","operations","els Group Home About Our Team Current Venues Previous Venues Press Contact Our Team Greg Maitland CEO Shane Gross Group Operations Manager Send us a message Name Email Message Other ways to reach us Email info@gmhotels.com.au LinkedIn linkedin.com/gmhotels Phone (08) 8332 2322 Facebook facebook.com/","Low","Use as a page-level KP hint; confirm person name/title before saving."
"50","kp_context_hint","32","AU-0280","GM Hotels Group | Australia","https://gmhotels.com.au","3","https://gmhotels.com.au/# | https://gmhotels.com.au/our-team.php","role_context","ceo","portfolio with the acquisition of The Rosey in Adelaide CBD and also manage the iconic Republic Norwood. Greg Maitland, CEO of GM Hotels Group Current Venues St Francis Winery 14 Bridge Street, Old Reynella South Australia (08) 8322 2246 The St. Francis Winery is located on Bath Street in Old Reynel","Low","Use as a page-level KP hint; confirm person name/title before saving."
"50","kp_context_hint","32","AU-0280","GM Hotels Group | Australia","https://gmhotels.com.au","2","https://gmhotels.com.au/#","role_context","events","el include the open kitchen, enclosed beer garden, mega projector screens, multiple private function spaces and private events.Republic will keep yo… https://www.republicnorwood.com.au The Crown Inn Old South Road, Old Reynella SA (08) 8381 1319 The Crown Inn Hotel is located on Old South Road in Ol","Low","Use as a page-level KP hint; confirm person name/title before saving."
"50","kp_context_hint","32","AU-0280","GM Hotels Group | Australia","https://gmhotels.com.au","2","https://gmhotels.com.au/#","role_context","food and beverage","wing venue...The Rosey is a sophisticated, traditional sports bar that offers a bustling and warm atmosphere, excellent food and beverage, boasting large viewing screens, advanced surround soun… https://therosey.com.au The Emu Hotel 132 Main South Road, Morphett Vale SA (08) 8382 3122 The Emu Hotel","Low","Use as a page-level KP hint; confirm person name/title before saving."
"50","kp_context_hint","32","AU-0280","GM Hotels Group | Australia","https://gmhotels.com.au","2","https://gmhotels.com.au/#","role_context","management","rrent Venues Previous Venues Press Contact GM Hotels Group | Australia GM Hotels was formed in September 2015, We are a management team that is highly experienced with operating hotels. We currently manage Independent Pub Group which consists of 11 hotels, and 11 Retail Outlets Independent Pub Group","Low","Use as a page-level KP hint; confirm person name/title before saving."
"50","kp_context_hint","32","AU-0280","GM Hotels Group | Australia","https://gmhotels.com.au","2","https://gmhotels.com.au/#","role_context","people",".au The Republic 120 Magill Road, Norwood SA (08) 8362 4657 Norwoods newest pub, Republic, is breaking the mold of what people expect in a suburban pub, serving high quality, seasonal food and beverage menus, amongst a relaxed atmosphere. Key features of the hotel include the open kitchen, enclosed","Low","Use as a page-level KP hint; confirm person name/title before saving."
"50","kp_context_hint","32","AU-0280","GM Hotels Group | Australia","https://gmhotels.com.au","3","https://gmhotels.com.au/# | https://gmhotels.com.au/our-team.php","role_context","team","GM Hotels Group | Australia GM | Hotels Group Home About Our Team Current Venues Previous Venues Press Contact GM Hotels Group | Australia GM Hotels was formed in September 2015, We are a management team that is highly experienced with opera","Low","Use as a page-level KP hint; confirm person name/title before saving."
"13","technical_status","32","AU-0280","GM Hotels Group | Australia","https://gmhotels.com.au","2","https://gmhotels.com.au/#","fetch_status","https://gmhotels.com.au","","High","Fetch status: 200. Use only if page fetched successfully."
"13","technical_status","32","AU-0280","GM Hotels Group | Australia","https://gmhotels.com.au/our-team.php","1","","fetch_status","https://gmhotels.com.au/our-team.php","","High","Fetch status: 200. Use only if page fetched successfully."
"114","department_or_company_email","33","AU-0282","Laundy Hotels | Award-Winning Hospitality Group","https://laundy.com.au/contact","2","","email","info@laundy.com.au","eservations & Events: T: (02) 9044 6133 2/71 Longueville Road, Lane Cove, NSW 2066 Email: info@laundy.com.au Responsible Gambling Policy Whistleblower Policy Privacy Policy Image Social Media Facebo","High","Review whether this is company, department, or person email before saving."
"94","phone_candidate","33","AU-0282","Laundy Hotels | Award-Winning Hospitality Group","https://laundy.com.au/contact","2","","phone","(02) 9044 6133","724 0637 739 Hume Highway, Bass Hill NSW 2197 Customer Service, Reservations & Events: T: (02) 9044 6133 2/71 Longueville Road, Lane Cove, NSW 2066 Email: info@laundy.com.au Responsible Gambling","Medium","Review whether this is company or person phone before saving."
"88","team_or_about_page","33","AU-0282","Laundy Hotels | Award-Winning Hospitality Group","https://laundy.com.au","6","https://laundy.com.au/about-us | https://laundy.com.au/contact","team_link","https://laundy.com.au/about-us","ABOUT","Medium","Review linked page for contact/form/KP details."
"72","company_contact_page","33","AU-0282","Laundy Hotels | Award-Winning Hospitality Group","https://laundy.com.au","6","https://laundy.com.au/about-us | https://laundy.com.au/contact","contact_link","https://laundy.com.au/contact","CONTACT","Medium","Review linked page for contact/form/KP details."
"72","events_or_functions_contact","33","AU-0282","Laundy Hotels | Award-Winning Hospitality Group","https://laundy.com.au","3","https://laundy.com.au/about-us | https://laundy.com.au/contact","contact_link","https://laundy.com.au/corporate-functions","Corporate Functions","Medium","Review linked page for contact/form/KP details."
"72","events_or_functions_contact","33","AU-0282","Laundy Hotels | Award-Winning Hospitality Group","https://laundy.com.au","10","https://laundy.com.au/about-us | https://laundy.com.au/contact","contact_link","https://laundy.com.au/events-functions","EVENTS","Medium","Review linked page for contact/form/KP details."
"72","events_or_functions_contact","33","AU-0282","Laundy Hotels | Award-Winning Hospitality Group","https://laundy.com.au","3","https://laundy.com.au/about-us | https://laundy.com.au/contact","contact_link","https://laundy.com.au/events/end-of-financial-year","End Of Financial Year","Medium","Review linked page for contact/form/KP details."
"70","company_linkedin","33","AU-0282","Laundy Hotels | Award-Winning Hospitality Group","https://laundy.com.au","6","https://laundy.com.au/about-us | https://laundy.com.au/contact","company_linkedin_url","https://www.linkedin.com/company/laundy-hotels","LinkedIn","Low","Use as a manual LinkedIn review URL; do not treat as verified direct contact until person/company fit is confirmed."
"50","kp_context_hint","33","AU-0282","Laundy Hotels | Award-Winning Hospitality Group","https://laundy.com.au","3","https://laundy.com.au/about-us | https://laundy.com.au/contact","role_context","events","About Laundy Hotel | Laundy Family | Laundy Hotels Skip to main content Image VENUES EVENTS Conferences + Meetings Corporate Functions Social Celebrations Weddings End Of Financial Year Melbourne Cup WHAT'S ON ACCOMMODATION BOTTLE SHOPS GIFT VOUCHERS FAQs Secondary","Low","Use as a page-level KP hint; confirm person name/title before saving."
"50","kp_context_hint","33","AU-0282","Laundy Hotels | Award-Winning Hospitality Group","https://laundy.com.au/about-us","1","","role_context","staff","ruck – Arthur (Snr) died when the light plane he was piloting went down in Burrendong Dam, Wellington. He, along with 3 staff members, was killed. Arthur (Jnr) was thrust into control, left to run the family’s two hotels – The Twin Willows and the Hume Hotel, Yagoona. Arthur (Jnr) married Margaret P","Low","Use as a page-level KP hint; confirm person name/title before saving."
"50","kp_context_hint","33","AU-0282","Laundy Hotels | Award-Winning Hospitality Group","https://laundy.com.au","2","https://laundy.com.au/contact","role_context","team","asual Dining (West) 2023 Woolwich Pier Hotel Be Entertained Eat + Drink Work At Laundy With over 40 venues, we're a big team and actively recruiting. Apply Now Image Social Media Facebook LinkedIn Instagram Contact Head Office (02) 9724 0637 2/71 Longueville Road Lane Cove NSW 2066 Get directions Ma","Low","Use as a page-level KP hint; confirm person name/title before saving."
"13","technical_status","33","AU-0282","Laundy Hotels | Award-Winning Hospitality Group","https://laundy.com.au","1","","fetch_status","https://laundy.com.au","","High","Fetch status: 200. Use only if page fetched successfully."
"13","technical_status","33","AU-0282","Laundy Hotels | Award-Winning Hospitality Group","https://laundy.com.au/about-us","1","","fetch_status","https://laundy.com.au/about-us","","High","Fetch status: 200. Use only if page fetched successfully."
"13","technical_status","33","AU-0282","Laundy Hotels | Award-Winning Hospitality Group","https://laundy.com.au/contact","1","","fetch_status","https://laundy.com.au/contact","","High","Fetch status: 200. Use only if page fetched successfully."
"102","official_form_candidate","34","AU-0284","RMH Functions | Melbourne Venue","https://rmh.com.au","2","","contact_form","https://rmh.com.au","contact_form form method=post action=current page Name: Email: Phone: Message:","High","Official page contains a form; save as company_contact_form_url only if it is a contact/enquiry form, not only a booking widget."
"94","phone_candidate","34","AU-0284","RMH Functions | Melbourne Venue","https://rmh.com.au","9","https://www.rmh.com.au/book-a-table","phone","+61 3 9629 2400","EOY FUNCTIONS FIFA WC LIVE CONTACT US Make a Reservation Email : info@rmh.com.au Phone : +61 3 9629 2400 Address : 629 Bourke St, Melbourne VIC 3000, Australia VENUE Button FOOD & DRINK Articles","Medium","Review whether this is company or person phone before saving."
"89","possible_key_person","34","AU-0284","RMH Functions | Melbourne Venue","https://rmh.com.au","3","https://www.rmh.com.au/book-a-table","key_person_name","Bourke St Courtyard","unknown: rs, past, present, and emerging. The past year at Bourke St Courtyard has been full of enlightening and powerful experiences, as we deviated from our regular programming","Medium","Person name found near 'unknown' role. Verify person/company fit before saving to contacts."
"88","team_or_about_page","34","AU-0284","RMH Functions | Melbourne Venue","https://rmh.com.au","3","https://www.rmh.com.au/book-a-table","team_link","https://www.rmh.com.au/visit-us","ABOUT US","Medium","Review linked page for contact/form/KP details."
"76","booking_form_candidate","34","AU-0284","RMH Functions | Melbourne Venue","https://www.rmh.com.au/book-a-table","1","","contact_form","https://www.rmh.com.au/book-a-table","booking_form form method=post action=current page Name: Email: Phone: Booking Date: Time: Number of People: How did you hear about us: Facebook Instagram Google Other Notes:","High","Official page contains a form; save as company_contact_form_url only if it is a contact/enquiry form, not only a booking widget."
"72","company_contact_page","34","AU-0284","RMH Functions | Melbourne Venue","https://rmh.com.au","9","https://www.rmh.com.au/book-a-table","contact_link","https://www.rmh.com.au/book-a-table","Make a Reservation","Medium","Review linked page for contact/form/KP details."
"72","events_or_functions_contact","34","AU-0284","RMH Functions | Melbourne Venue","https://rmh.com.au","6","https://www.rmh.com.au/book-a-table","contact_link","https://www.rmh.com.au/christmas-functions","","Medium","Review linked page for contact/form/KP details."
"72","events_or_functions_contact","34","AU-0284","RMH Functions | Melbourne Venue","https://rmh.com.au","28","https://www.rmh.com.au/book-a-table","contact_link","https://www.rmh.com.au/functions","EOFY & EOY Functions - Function Pack - Venue Specifications","Medium","Review linked page for contact/form/KP details."
"72","events_or_functions_contact","34","AU-0284","RMH Functions | Melbourne Venue","https://rmh.com.au","12","https://www.rmh.com.au/book-a-table","contact_link","https://www.rmh.com.au/what-s-on#MARVELEVENTS","","Medium","Review linked page for contact/form/KP details."
"70","company_linkedin","34","AU-0284","RMH Functions | Melbourne Venue","https://rmh.com.au","6","https://www.rmh.com.au/book-a-table","company_linkedin_url","https://linkedin.com/company/the-royal-melbourne-hotel-pty-ltd","","Low","Use as a manual LinkedIn review URL; do not treat as verified direct contact until person/company fit is confirmed."
"60","kp_context_hint","34","AU-0284","RMH Functions | Melbourne Venue","https://rmh.com.au","3","https://www.rmh.com.au/book-a-table","role_context","owner","d at the venue by Michelle Mills from Wurundjeri Woi-wurrung Cultural Heritage Aboriginal Corporation – the traditional owners of the land that our venue sits upon. On Friday 10th December, we were joined by Wurundjeri Elder Uncle Ringo Terrick for a Welcome To Country. Both Michelle and Uncle Ringo","Low","Use as a page-level KP hint; confirm person name/title before saving."
"50","kp_context_hint","34","AU-0284","RMH Functions | Melbourne Venue","https://rmh.com.au","3","https://www.rmh.com.au/book-a-table","role_context","events","NGE FIND US FOOD & DRINK FOOD MENU DRINKS MENU FUNCTIONS FUNCTION PACK MAKE AN ENQUIRY WHAT'S ON WEEKLY SPECIALS MARVEL EVENTS EVENTS BOOK A TABLE SUBSCRIBE CONTACT EOY FUNCTIONS FIFA WC LIVE CONTACT US Make a Reservation Email : info@rmh.com.au Phone : +61 3 9629 2400 Address : 629 Bourke St, Melbo","Low","Use as a page-level KP hint; confirm person name/title before saving."
"50","kp_context_hint","34","AU-0284","RMH Functions | Melbourne Venue","https://rmh.com.au","3","https://www.rmh.com.au/book-a-table","role_context","people","h.com.au Phone: +61 3 9629 2400 Address: 629 Bourke St, Melbourne VIC 3000, Australia Site By WebsiteWise First Nations peoples are the traditional custodians of this land First Nations peoples are the traditional custodians of this land and we pay our respects to Elders, past, present, and emerging","Low","Use as a page-level KP hint; confirm person name/title before saving."
"50","kp_context_hint","34","AU-0284","RMH Functions | Melbourne Venue","https://rmh.com.au","3","https://www.rmh.com.au/book-a-table","role_context","team","tise throughout this journey, it was truly a pleasure to share these experiences with you. Love The Bourke St Courtyard Team (This statement was written with the support of the Wurundjeri Woi-wurrung Cultural Heritage Aboriginal Corporation. All content (written and visual) has been approved.) Share","Low","Use as a page-level KP hint; confirm person name/title before saving."
"13","technical_status","34","AU-0284","RMH Functions | Melbourne Venue","https://rmh.com.au","2","","fetch_status","https://rmh.com.au","","High","Fetch status: 200. Use only if page fetched successfully."
"13","technical_status","34","AU-0284","RMH Functions | Melbourne Venue","https://www.rmh.com.au/book-a-table","1","","fetch_status","https://www.rmh.com.au/book-a-table","","High","Fetch status: 200. Use only if page fetched successfully."
"98","phone_candidate","35","AU-0285","Venue | Legends Pub &amp; Bistro in Moonee Ponds | Legends","https://mvlegends.com.au","12","https://www.mvlegends.com.au/contact-us | https://www.mvlegends.com.au/functions","phone","03%209326%201277","03 9326 1277","High","Tel link; save with source/confidence note and review again before outreach."
"72","company_contact_page","35","AU-0285","Venue | Legends Pub &amp; Bistro in Moonee Ponds | Legends","https://www.mvlegends.com.au/functions","1","","contact_link","https://www.mvlegends.com.au/contact","","Medium","Review linked page for contact/form/KP details."
"72","company_contact_page","35","AU-0285","Venue | Legends Pub &amp; Bistro in Moonee Ponds | Legends","https://mvlegends.com.au","5","https://www.mvlegends.com.au/contact-us | https://www.mvlegends.com.au/functions","contact_link","https://www.mvlegends.com.au/contact-us","Contact","Medium","Review linked page for contact/form/KP details."
"72","events_or_functions_contact","35","AU-0285","Venue | Legends Pub &amp; Bistro in Moonee Ponds | Legends","https://mvlegends.com.au","4","https://www.mvlegends.com.au/contact-us | https://www.mvlegends.com.au/functions","contact_link","https://www.mvlegends.com.au/functions","Functions","Medium","Review linked page for contact/form/KP details."
"72","events_or_functions_contact","35","AU-0285","Venue | Legends Pub &amp; Bistro in Moonee Ponds | Legends","https://www.mvlegends.com.au/contact-us","1","","contact_link","https://www.mvlegends.com.au/terms-conditions","Functions Terms & Conditions","Medium","Review linked page for contact/form/KP details."
"72","events_or_functions_contact","35","AU-0285","Venue | Legends Pub &amp; Bistro in Moonee Ponds | Legends","https://mvlegends.com.au","1","","contact_link","https://www.mvlegends.com.au/whats-on","VIEW ALL EVENTS","Medium","Review linked page for contact/form/KP details."
"50","kp_context_hint","35","AU-0285","Venue | Legends Pub &amp; Bistro in Moonee Ponds | Legends","https://www.mvlegends.com.au/functions","1","","role_context","culinary","at the time of booking. COCKTAIL DINING SEATED DINING FOOD & BEVERAGE With exceptional cocktail and dining options, our culinary team have created a menu that accommodates all of your guests needs. We understand dietary requirements and will ensure all guests feel taken care of. ENQUIRE NOW Let us h","Low","Use as a page-level KP hint; confirm person name/title before saving."
"50","kp_context_hint","35","AU-0285","Venue | Legends Pub &amp; Bistro in Moonee Ponds | Legends","https://mvlegends.com.au","1","","role_context","events","city skyline. Taste the delicious food from our bistro, perfect for casual or corporate dining, large groups or private events. Enjoy the excitement of live sport, entertainment and a calendar brimming with exciting events. BOOK A TABLE New Car Park Now Open A new temporary car park providing 50 add","Low","Use as a page-level KP hint; confirm person name/title before saving."
"50","kp_context_hint","35","AU-0285","Venue | Legends Pub &amp; Bistro in Moonee Ponds | Legends","https://www.mvlegends.com.au/functions","1","","role_context","people","he Moonee Valley Racecourse through to the city skyline. With versatile and light-filled functions spaces for 30 to 300 people including breathtaking views from the balcony, we’ll make your event a special one. OUR FUNCTIONS SPACES DOWNLOAD BROCHURE THE TERRACE BALCONY A light-filled private oasis w","Low","Use as a page-level KP hint; confirm person name/title before saving."
"50","kp_context_hint","35","AU-0285","Venue | Legends Pub &amp; Bistro in Moonee Ponds | Legends","https://mvlegends.com.au","1","","role_context","staff","birthday celebration, a wedding reception, corporate event - or anything in between - our attention to detail, friendly staff and catering excellence will put you at ease and provide your guests with a wonderful time. With our all-weather balcony, your guests will be able to celebrate in style whate","Low","Use as a page-level KP hint; confirm person name/title before saving."
"50","kp_context_hint","35","AU-0285","Venue | Legends Pub &amp; Bistro in Moonee Ponds | Legends","https://www.mvlegends.com.au/functions","1","","role_context","team","me of booking. COCKTAIL DINING SEATED DINING FOOD & BEVERAGE With exceptional cocktail and dining options, our culinary team have created a menu that accommodates all of your guests needs. We understand dietary requirements and will ensure all guests feel taken care of. ENQUIRE NOW Let us help you p","Low","Use as a page-level KP hint; confirm person name/title before saving."
"13","technical_status","35","AU-0285","Venue | Legends Pub &amp; Bistro in Moonee Ponds | Legends","https://mvlegends.com.au","1","","fetch_status","https://mvlegends.com.au","","High","Fetch status: 200. Use only if page fetched successfully."
"13","technical_status","35","AU-0285","Venue | Legends Pub &amp; Bistro in Moonee Ponds | Legends","https://www.mvlegends.com.au/contact-us","1","","fetch_status","https://www.mvlegends.com.au/contact-us","","High","Fetch status: 200. Use only if page fetched successfully."
"13","technical_status","35","AU-0285","Venue | Legends Pub &amp; Bistro in Moonee Ponds | Legends","https://www.mvlegends.com.au/functions","1","","fetch_status","https://www.mvlegends.com.au/functions","","High","Fetch status: 200. Use only if page fetched successfully."
"114","department_or_company_email","37","AU-0287","PubCo Group","https://pubcogroup.com.au","2","","email","info@playersonlygon.com.au","r group ↓ CONTACT US Players on Lygon 192 - 200 Lygon Street, Carlton 3053 (03) 9663 8149 info@playersonlygon.com.au Or send us an enquiry now CONTACT US PUBCO HEAD OFFICE 23-29 Parker Street, Templestowe L","High","Review whether this is company, department, or person email before saving."
"108","company_email","37","AU-0287","PubCo Group","http://www.pubcogroup.com.au/contact-us","2","https://www.pubcogroup.com.au/contact-us/","email","contact@pubcogroup.com.au","S CONTACT CONTACT US Pubco Head Office 23-29 Parker Street, Templestowe Lower VIC 3107 E: contact@pubcogroup.com.au P: (03) 9851 4200 Office Hours Monday - Friday 8am - 4pm PUBCO HEAD OFFICE 23-29 Parker S","High","Review whether this is company, department, or person email before saving."
"94","phone_candidate","37","AU-0287","PubCo Group","https://pubcogroup.com.au","1","","phone","(03) 9663 8149","e to explore our group ↓ CONTACT US Players on Lygon 192 - 200 Lygon Street, Carlton 3053 (03) 9663 8149 info@playersonlygon.com.au Or send us an enquiry now CONTACT US PUBCO HEAD OFFICE 23-29 P","Medium","Review whether this is company or person phone before saving."
"72","company_contact_page","37","AU-0287","PubCo Group","https://pubcogroup.com.au","2","http://www.pubcogroup.com.au/contact-us","contact_link","http://www.pubcogroup.com.au/contact-us","CONTACT US","Medium","Review linked page for contact/form/KP details."
"72","company_contact_page","37","AU-0287","PubCo Group","https://pubcogroup.com.au","2","https://www.pubcogroup.com.au/contact-us/","contact_link","https://www.pubcogroup.com.au/contact-us/","CONTACT","Medium","Review linked page for contact/form/KP details."
"70","company_linkedin","37","AU-0287","PubCo Group","https://pubcogroup.com.au","3","http://www.pubcogroup.com.au/contact-us | https://www.pubcogroup.com.au/contact-us/","company_linkedin_url","https://www.linkedin.com/company/supreme-hotel-group-pty-ltd/","https://www.linkedin.com/company/supreme-hotel-group-pty-ltd/","Low","Use as a manual LinkedIn review URL; do not treat as verified direct contact until person/company fit is confirmed."
"50","kp_context_hint","37","AU-0287","PubCo Group","https://pubcogroup.com.au","1","","role_context","management","ndard of service. Please take care and thank you for your support through these challenging times. Regards, Pubco Group Management OUR VENUES Click on a venue to explore our group ↓ CONTACT US Players on Lygon 192 - 200 Lygon Street, Carlton 3053 (03) 9663 8149 info@playersonlygon.com.au Or send us","Low","Use as a page-level KP hint; confirm person name/title before saving."
"13","technical_status","37","AU-0287","PubCo Group","http://www.pubcogroup.com.au/contact-us","1","","fetch_status","http://www.pubcogroup.com.au/contact-us","","High","Fetch status: 200. Use only if page fetched successfully."
"13","technical_status","37","AU-0287","PubCo Group","https://pubcogroup.com.au","1","","fetch_status","https://pubcogroup.com.au","","High","Fetch status: 200. Use only if page fetched successfully."
"13","technical_status","37","AU-0287","PubCo Group","https://www.pubcogroup.com.au/contact-us/","1","","fetch_status","https://www.pubcogroup.com.au/contact-us/","","High","Fetch status: 200. Use only if page fetched successfully."
"102","official_form_candidate","38","AU-0289","Australia’s Trusted Corporate &amp; Event Caterers | Australian Catering Company","https://australiancateringcompany.com.au","2","","contact_form","https://australiancateringcompany.com.au","contact_form form method=post action=current page Name Email Phone Date Prefered Time No.of Guests Comments Send","High","Official page contains a form; save as company_contact_form_url only if it is a contact/enquiry form, not only a booking widget."
"98","phone_candidate","38","AU-0289","Australia’s Trusted Corporate &amp; Event Caterers | Australian Catering Company","https://australiancateringcompany.com.au","12","","phone","%20412514741","0412 514 741","High","Tel link; save with source/confidence note and review again before outreach."
"98","phone_candidate","38","AU-0289","Australia’s Trusted Corporate &amp; Event Caterers | Australian Catering Company","https://australiancateringcompany.com.au","4","","phone","0412514741%20","Call Jim :","High","Tel link; save with source/confidence note and review again before outreach."
"94","phone_candidate","38","AU-0289","Australia’s Trusted Corporate &amp; Event Caterers | Australian Catering Company","https://australiancateringcompany.com.au","4","","phone","0412 514 741","usted Corporate & Event Caterers | Australian Catering Company Skip to content Call Jim : 0412 514 741 info@australiancateringcompany.com.au Facebook About Us Services Contact Us About Us Serv","Medium","Review whether this is company or person phone before saving."
"89","possible_key_person","38","AU-0289","Australia’s Trusted Corporate &amp; Event Caterers | Australian Catering Company","https://australiancateringcompany.com.au","2","","key_person_name","Time Fully Trained","staff: Affordable Party Packages Authentic Flavour Every Time Fully Trained Staff Award winning wedding catering Pick up service available 0412 514 741 Gourmet-Grade Meats Sou","Medium","Person name found near 'staff' role. Verify person/company fit before saving to contacts."
"88","team_or_about_page","38","AU-0289","Australia’s Trusted Corporate &amp; Event Caterers | Australian Catering Company","https://australiancateringcompany.com.au","8","","team_link","https://australiancateringcompany.com.au/#about","About Us","Medium","Review linked page for contact/form/KP details."
"72","company_contact_page","38","AU-0289","Australia’s Trusted Corporate &amp; Event Caterers | Australian Catering Company","https://australiancateringcompany.com.au","16","","contact_link","https://australiancateringcompany.com.au/#contact","Contact Us","Medium","Review linked page for contact/form/KP details."
"50","kp_context_hint","38","AU-0289","Australia’s Trusted Corporate &amp; Event Caterers | Australian Catering Company","https://australiancateringcompany.com.au","2","","role_context","events","Meats Sourced from trusted suppliers and cooked to perfection. Premium Quality Equipment Clean, reliable and ideal for events of any size. Your Event, Our Experienced Team Friendly staff with years of expertise. Catering for Every Event Perfect for backyard parties, weddings, corporate functions &","Low","Use as a page-level KP hint; confirm person name/title before saving."
"50","kp_context_hint","38","AU-0289","Australia’s Trusted Corporate &amp; Event Caterers | Australian Catering Company","https://australiancateringcompany.com.au","2","","role_context","people","ing Company Cooked at our commercial premises and delivered hot to your location 0412 514 741 About Us Good Food Brings People Together At Australian Catering Company, we bring exceptional flavour and flawless service to every event. With premium meats, top-tier equipment and an experienced team pas","Low","Use as a page-level KP hint; confirm person name/title before saving."
"50","kp_context_hint","38","AU-0289","Australia’s Trusted Corporate &amp; Event Caterers | Australian Catering Company","https://australiancateringcompany.com.au","2","","role_context","staff","r corporate gathering into a memorable experience. Affordable Party Packages Authentic Flavour Every Time Fully Trained Staff Award winning wedding catering Pick up service available 0412 514 741 Gourmet-Grade Meats Sourced from trusted suppliers and cooked to perfection. Premium Quality Equipment C","Low","Use as a page-level KP hint; confirm person name/title before saving."
"50","kp_context_hint","38","AU-0289","Australia’s Trusted Corporate &amp; Event Caterers | Australian Catering Company","https://australiancateringcompany.com.au","2","","role_context","team","ring exceptional flavour and flawless service to every event. With premium meats, top-tier equipment and an experienced team passionate about great food, we help turn your backyard party, wedding, or corporate gathering into a memorable experience. Affordable Party Packages Authentic Flavour Every T","Low","Use as a page-level KP hint; confirm person name/title before saving."
"13","technical_status","38","AU-0289","Australia’s Trusted Corporate &amp; Event Caterers | Australian Catering Company","https://australiancateringcompany.com.au","2","","fetch_status","https://australiancateringcompany.com.au","","High","Fetch status: 200. Use only if page fetched successfully."
"13","technical_status","39","AU-0290","Corporate Catering with Australia's #1 Platform | EatFirst","https://eatfirst.com.au","1","","fetch_status","https://eatfirst.com.au","","High","Fetch status: 200. Use only if page fetched successfully."
"88","team_or_about_page","40","AU-0301","Corporate | Rydges Melbourne (CBD)","https://rydges.com","6","https://www.rydges.com/# | https://www.rydges.com/about-us/","team_link","https://www.rydges.com/about-us/","About Rydges","Medium","Review linked page for contact/form/KP details."
"88","team_or_about_page","40","AU-0301","Corporate | Rydges Melbourne (CBD)","https://www.rydges.com/about-us/","1","","team_link","https://www.rydges.com/about-us/covid-safe-plan/","we’ve got it sorted","Medium","Review linked page for contact/form/KP details."
"76","booking_form_candidate","40","AU-0301","Corporate | Rydges Melbourne (CBD)","https://rydges.com","2","https://www.rydges.com/#","contact_form","https://www.rydges.com/#","booking_form form method=unknown action=# Select Hotel × You need to select the location of your stay Book for day use Date range picker Dates - Select a minimum of 0 nights Rooms 1 Guests 2 Should have a minimum of 1 adult. I have a code Promo code Corporate ID Block Code Check rooms & rates Change location Cancel × × Room 1 Adults 2 Kids * 0","High","Official page contains a form; save as company_contact_form_url only if it is a contact/enquiry form, not only a booking widget."
"76","booking_form_candidate","40","AU-0301","Corporate | Rydges Melbourne (CBD)","https://www.rydges.com/about-us/","1","","contact_form","https://www.rydges.com/about-us/#","booking_form form method=unknown action=# Select Hotel × You need to select the location of your stay Book for day use Date range picker Dates - Select a minimum of 0 nights Rooms 1 Guests 2 Should have a minimum of 1 adult. I have a code Promo code Corporate ID Block Code Check rooms & rates Change location Cancel × × Room 1 Adults 2 Kids * 0","High","Official page contains a form; save as company_contact_form_url only if it is a contact/enquiry form, not only a booking widget."
"72","company_contact_page","40","AU-0301","Corporate | Rydges Melbourne (CBD)","https://rydges.com","6","https://www.rydges.com/# | https://www.rydges.com/about-us/","contact_link","https://www.rydges.com/cancel/","Cancel booking","Medium","Review linked page for contact/form/KP details."
"72","company_contact_page","40","AU-0301","Corporate | Rydges Melbourne (CBD)","https://rydges.com","6","https://www.rydges.com/# | https://www.rydges.com/about-us/","contact_link","https://www.rydges.com/contact/","Contact us","Medium","Review linked page for contact/form/KP details."
"72","events_or_functions_contact","40","AU-0301","Corporate | Rydges Melbourne (CBD)","https://rydges.com","6","https://www.rydges.com/# | https://www.rydges.com/about-us/","contact_link","https://www.rydges.com/meetings-events/","Host an event","Medium","Review linked page for contact/form/KP details."
"72","events_or_functions_contact","40","AU-0301","Corporate | Rydges Melbourne (CBD)","https://rydges.com","7","https://www.rydges.com/# | https://www.rydges.com/about-us/","contact_link","https://www.rydges.com/offers/meetings-events/wedding-venues/","Weddings","Medium","Review linked page for contact/form/KP details."
"72","events_or_functions_contact","40","AU-0301","Corporate | Rydges Melbourne (CBD)","https://rydges.com","4","https://www.rydges.com/#","contact_link","https://www.rydges.com/weekends-offers/search-results/?offer-type=Meetings+and+Events","","Medium","Review linked page for contact/form/KP details."
"50","kp_context_hint","40","AU-0301","Corporate | Rydges Melbourne (CBD)","https://rydges.com","2","https://www.rydges.com/#","role_context","events","new Victoria Cross Metro Station, 50m from the hotel. 1 /4 Promotions & Offers 73 Accommodation 91 Dining 70 Meetings & Events Weddings 228 All offers Accommodation Dining Meetings & Events Weddings All offers Host a celebration to remember with EVT. Whatever the reason, the season, or the occasion,","Low","Use as a page-level KP hint; confirm person name/title before saving."
"50","kp_context_hint","40","AU-0301","Corporate | Rydges Melbourne (CBD)","https://www.rydges.com/about-us/","1","","role_context","team","you back. You can rest assured that when it comes to the safety, wellbeing and security of our community of guests and team members, we’ve got it sorted . No strings attached. Free to join, membership is like friendship, with benefits. Best rate, always. Booking direct gets you a guaranteed 10%* di","Low","Use as a page-level KP hint; confirm person name/title before saving."
"13","technical_status","40","AU-0301","Corporate | Rydges Melbourne (CBD)","https://rydges.com","2","https://www.rydges.com/#","fetch_status","https://rydges.com","","High","Fetch status: 200. Use only if page fetched successfully."
"13","technical_status","40","AU-0301","Corporate | Rydges Melbourne (CBD)","https://www.rydges.com/about-us/","1","","fetch_status","https://www.rydges.com/about-us/","","High","Fetch status: 200. Use only if page fetched successfully."
