"priority_score","review_bucket","queue_rank","lead_id","company_name","source_url","source_count","additional_source_urls","candidate_type","candidate_value","candidate_context","confidence_suggestion","save_recommendation"
"72","company_contact_page","61","AU-0414","Explore Franchise Opportunities - Mad Mex","https://madmex.com.au","2","https://www.madmex.com.au/contact-us/","contact_link","https://www.madmex.com.au/contact-us/","https://www.madmex.com.au/contact-us/","Medium","Review linked page for contact/form/KP details."
"70","company_linkedin","61","AU-0414","Explore Franchise Opportunities - Mad Mex","https://madmex.com.au","3","https://www.madmex.com.au/contact-us/","company_linkedin_url","https://www.linkedin.com/company/mad-mex-au/","https://www.linkedin.com/company/mad-mex-au/","Low","Use as a manual LinkedIn review URL; do not treat as verified direct contact until person/company fit is confirmed."
"50","kp_context_hint","61","AU-0414","Explore Franchise Opportunities - Mad Mex","https://madmex.com.au","1","","role_context","crew","f the Grill Get the latest on what’s cooking at Mad Mex – new menu drops, fresh flavours and bold updates that keep our crew mad for it. From behind-the-scenes stories to big announcements, this is where the heat happens. GO TO BLOG Gallery Featured GET THE MAD MEX APP NOW Don't miss out! Download t","Low","Use as a page-level KP hint; confirm person name/title before saving."
"13","technical_status","61","AU-0414","Explore Franchise Opportunities - Mad Mex","https://madmex.com.au","1","","fetch_status","https://madmex.com.au","","High","Fetch status: 200. Use only if page fetched successfully."
"13","technical_status","61","AU-0414","Explore Franchise Opportunities - Mad Mex","https://www.madmex.com.au/contact-us/","1","","fetch_status","https://www.madmex.com.au/contact-us/","","High","Fetch status: 200. Use only if page fetched successfully."
"114","department_or_company_email","62","AU-0427","Restaurant — Mimosa Wines","https://mimosawines.com.au","3","","email","info@mimosawines.com.au","To Top Mimosa Wines, 2845 Tathra-Bermagui Road, Murrah, NSW, 2546, Australia 02 64940164 info@mimosawines.com.au","High","Review whether this is company, department, or person email before saving."
"13","technical_status","62","AU-0427","Restaurant — Mimosa Wines","https://mimosawines.com.au","1","","fetch_status","https://mimosawines.com.au","","High","Fetch status: 200. Use only if page fetched successfully."
"72","company_contact_page","63","AU-0429","Restaurant &amp; Wine Bar - Visit The Winery, Surry Hills NSW","https://thewinerysurryhills.com.au","1","","contact_link","https://thewinerysurryhills.com.au/bookings/","Make a booking","Medium","Review linked page for contact/form/KP details."
"72","company_contact_page","63","AU-0429","Restaurant &amp; Wine Bar - Visit The Winery, Surry Hills NSW","https://thewinerysurryhills.com.au","15","https://thewinerysurryhills.com.au/bookings/ | https://thewinerysurryhills.com.au/contact/","contact_link","https://thewinerysurryhills.com.au/contact/","Contact","Medium","Review linked page for contact/form/KP details."
"72","events_or_functions_contact","63","AU-0429","Restaurant &amp; Wine Bar - Visit The Winery, Surry Hills NSW","https://thewinerysurryhills.com.au","1","","contact_link","https://thewinerysurryhills.com.au/events/any-event-any-night/","Any Event Any Night","Medium","Review linked page for contact/form/KP details."
"72","events_or_functions_contact","63","AU-0429","Restaurant &amp; Wine Bar - Visit The Winery, Surry Hills NSW","https://thewinerysurryhills.com.au","1","","contact_link","https://thewinerysurryhills.com.au/events/boost-your-bar-tab/","Boost Your Bar Tab","Medium","Review linked page for contact/form/KP details."
"72","events_or_functions_contact","63","AU-0429","Restaurant &amp; Wine Bar - Visit The Winery, Surry Hills NSW","https://thewinerysurryhills.com.au","1","","contact_link","https://thewinerysurryhills.com.au/events/bottomless-steak-frites/","Bottomless Steak & Frites","Medium","Review linked page for contact/form/KP details."
"72","events_or_functions_contact","63","AU-0429","Restaurant &amp; Wine Bar - Visit The Winery, Surry Hills NSW","https://thewinerysurryhills.com.au","31","https://thewinerysurryhills.com.au/bookings/ | https://thewinerysurryhills.com.au/contact/","contact_link","https://thewinerysurryhills.com.au/events/bottomlessbrunch/","Bellini Disco Brunch","Medium","Review linked page for contact/form/KP details."
"72","events_or_functions_contact","63","AU-0429","Restaurant &amp; Wine Bar - Visit The Winery, Surry Hills NSW","https://thewinerysurryhills.com.au","1","","contact_link","https://thewinerysurryhills.com.au/events/bring-me-lunch/","Bring Me Lunch","Medium","Review linked page for contact/form/KP details."
"72","events_or_functions_contact","63","AU-0429","Restaurant &amp; Wine Bar - Visit The Winery, Surry Hills NSW","https://thewinerysurryhills.com.au","16","https://thewinerysurryhills.com.au/bookings/ | https://thewinerysurryhills.com.au/contact/","contact_link","https://thewinerysurryhills.com.au/events/celebrations-package/","Celebrations Package","Medium","Review linked page for contact/form/KP details."
"72","events_or_functions_contact","63","AU-0429","Restaurant &amp; Wine Bar - Visit The Winery, Surry Hills NSW","https://thewinerysurryhills.com.au","1","","contact_link","https://thewinerysurryhills.com.au/events/happy-hour/","Aperitivo Happy Hour","Medium","Review linked page for contact/form/KP details."
"72","events_or_functions_contact","63","AU-0429","Restaurant &amp; Wine Bar - Visit The Winery, Surry Hills NSW","https://thewinerysurryhills.com.au","16","https://thewinerysurryhills.com.au/bookings/ | https://thewinerysurryhills.com.au/contact/","contact_link","https://thewinerysurryhills.com.au/events/hens-parties/","Hens Party Package","Medium","Review linked page for contact/form/KP details."
"72","events_or_functions_contact","63","AU-0429","Restaurant &amp; Wine Bar - Visit The Winery, Surry Hills NSW","https://thewinerysurryhills.com.au","1","","contact_link","https://thewinerysurryhills.com.au/events/kings-birthday/","King’s Birthday Brunch","Medium","Review linked page for contact/form/KP details."
"72","events_or_functions_contact","63","AU-0429","Restaurant &amp; Wine Bar - Visit The Winery, Surry Hills NSW","https://thewinerysurryhills.com.au","1","","contact_link","https://thewinerysurryhills.com.au/events/local-heroes/","Local Heroes: Minus 18","Medium","Review linked page for contact/form/KP details."
"72","events_or_functions_contact","63","AU-0429","Restaurant &amp; Wine Bar - Visit The Winery, Surry Hills NSW","https://thewinerysurryhills.com.au","16","https://thewinerysurryhills.com.au/bookings/ | https://thewinerysurryhills.com.au/contact/","contact_link","https://thewinerysurryhills.com.au/events/sip-and-slay-drag-brunch/","Sip & Slay Drag Bottomless Brunch","Medium","Review linked page for contact/form/KP details."
"72","events_or_functions_contact","63","AU-0429","Restaurant &amp; Wine Bar - Visit The Winery, Surry Hills NSW","https://thewinerysurryhills.com.au","1","","contact_link","https://thewinerysurryhills.com.au/events/sunday-roast/","Sunday Roast","Medium","Review linked page for contact/form/KP details."
"72","events_or_functions_contact","63","AU-0429","Restaurant &amp; Wine Bar - Visit The Winery, Surry Hills NSW","https://thewinerysurryhills.com.au","1","","contact_link","https://thewinerysurryhills.com.au/events/sunday-social/","Sunday Social","Medium","Review linked page for contact/form/KP details."
"72","events_or_functions_contact","63","AU-0429","Restaurant &amp; Wine Bar - Visit The Winery, Surry Hills NSW","https://thewinerysurryhills.com.au","1","","contact_link","https://thewinerysurryhills.com.au/events/the-pass-loyalty-app/","The Pass – Loyalty App","Medium","Review linked page for contact/form/KP details."
"72","events_or_functions_contact","63","AU-0429","Restaurant &amp; Wine Bar - Visit The Winery, Surry Hills NSW","https://thewinerysurryhills.com.au","1","","contact_link","https://thewinerysurryhills.com.au/events/wine-flights/","Wine Flights & Wine Pairing","Medium","Review linked page for contact/form/KP details."
"72","events_or_functions_contact","63","AU-0429","Restaurant &amp; Wine Bar - Visit The Winery, Surry Hills NSW","https://thewinerysurryhills.com.au","31","https://thewinerysurryhills.com.au/bookings/ | https://thewinerysurryhills.com.au/contact/","contact_link","https://thewinerysurryhills.com.au/functions/","Functions","Medium","Review linked page for contact/form/KP details."
"50","kp_context_hint","63","AU-0429","Restaurant &amp; Wine Bar - Visit The Winery, Surry Hills NSW","https://thewinerysurryhills.com.au","3","https://thewinerysurryhills.com.au/bookings/ | https://thewinerysurryhills.com.au/contact/","role_context","people","ning menu built around fresh produce, layered flavours, and the kind of generous, perfect-for-sharing plates that bring people together. It’s the kind of spot where long lunches spill into evenings and every table feels like a little escape. Make a booking What’s on at The Winery, Surry Hills King’s","Low","Use as a page-level KP hint; confirm person name/title before saving."
"13","technical_status","63","AU-0429","Restaurant &amp; Wine Bar - Visit The Winery, Surry Hills NSW","https://thewinerysurryhills.com.au","1","","fetch_status","https://thewinerysurryhills.com.au","","High","Fetch status: 200. Use only if page fetched successfully."
"13","technical_status","63","AU-0429","Restaurant &amp; Wine Bar - Visit The Winery, Surry Hills NSW","https://thewinerysurryhills.com.au/bookings/","1","","fetch_status","https://thewinerysurryhills.com.au/bookings/","","High","Fetch status: 200. Use only if page fetched successfully."
"13","technical_status","63","AU-0429","Restaurant &amp; Wine Bar - Visit The Winery, Surry Hills NSW","https://thewinerysurryhills.com.au/contact/","1","","fetch_status","https://thewinerysurryhills.com.au/contact/","","High","Fetch status: 200. Use only if page fetched successfully."
"114","department_or_company_email","64","AU-0445","Southern Cross Motel Group - Regional Accommodation","https://southerncrossmotelgroup.com.au","3","https://southerncrossmotelgroup.com.au/about/ | https://southerncrossmotelgroup.com.au/about-us/our-locations/","email","reservations@southerncrossmotelgroup.com.au","n Cross, comfort is never far away. 💻 Learn more: southerncrossmotelgroup.com.au 📧 Email: reservations@southerncrossmotelgroup.com.au 📞 Call us: 1300 979 746 7 days ago View on Instagram | 1/7 @southerncrossmotelgroup • Fol","High","Review whether this is company, department, or person email before saving."
"108","company_email","64","AU-0445","Southern Cross Motel Group - Regional Accommodation","https://southerncrossmotelgroup.com.au","1","","email","scmg-logo@2x-inverted-300x85.png","jpg 1920 1850 admin https://southerncrossmotelgroup.com.au/wp-content/uploads/Assets/Logo/SCMG-Logo@2x-inverted-300x85.png admin 2026-05-25 14:58:44 2026-05-25 14:58:47 Get to Know Your Property Manager – Peter W","High","Review whether this is company, department, or person email before saving."
"89","possible_key_person","64","AU-0445","Southern Cross Motel Group - Regional Accommodation","https://southerncrossmotelgroup.com.au","3","https://southerncrossmotelgroup.com.au/about/ | https://southerncrossmotelgroup.com.au/about-us/our-locations/","key_person_name","Travel Bookings","events: ritory For Our Guests Our Restaurants Corporate & Travel Bookings Events & Conferences Weddings Our Company About Us FAQs Careers Contact Us Terms & Conditions Priva","Medium","Person name found near 'events' role. Verify person/company fit before saving to contacts."
"88","team_or_about_page","64","AU-0445","Southern Cross Motel Group - Regional Accommodation","https://southerncrossmotelgroup.com.au","3","https://southerncrossmotelgroup.com.au/about/ | https://southerncrossmotelgroup.com.au/about-us/our-locations/","team_link","https://southerncrossmotelgroup.com.au/about-us/our-locations/","5 motels in New South Wales","Medium","Review linked page for contact/form/KP details."
"88","team_or_about_page","64","AU-0445","Southern Cross Motel Group - Regional Accommodation","https://southerncrossmotelgroup.com.au","6","https://southerncrossmotelgroup.com.au/about/ | https://southerncrossmotelgroup.com.au/about-us/our-locations/","team_link","https://southerncrossmotelgroup.com.au/about/","https://southerncrossmotelgroup.com.au/about/","Medium","Review linked page for contact/form/KP details."
"72","company_contact_page","64","AU-0445","Southern Cross Motel Group - Regional Accommodation","https://southerncrossmotelgroup.com.au","8","https://southerncrossmotelgroup.com.au/about/ | https://southerncrossmotelgroup.com.au/about-us/our-locations/","contact_link","https://southerncrossmotelgroup.com.au/about/corporate-travel-group-bookings/","https://southerncrossmotelgroup.com.au/about/corporate-travel-group-bookings/","Medium","Review linked page for contact/form/KP details."
"72","company_contact_page","64","AU-0445","Southern Cross Motel Group - Regional Accommodation","https://southerncrossmotelgroup.com.au","6","https://southerncrossmotelgroup.com.au/about/ | https://southerncrossmotelgroup.com.au/about-us/our-locations/","contact_link","https://southerncrossmotelgroup.com.au/contact/","https://southerncrossmotelgroup.com.au/contact/","Medium","Review linked page for contact/form/KP details."
"72","events_or_functions_contact","64","AU-0445","Southern Cross Motel Group - Regional Accommodation","https://southerncrossmotelgroup.com.au","15","https://southerncrossmotelgroup.com.au/about/ | https://southerncrossmotelgroup.com.au/about-us/our-locations/","contact_link","https://southerncrossmotelgroup.com.au/events-and-conferences/","https://southerncrossmotelgroup.com.au/events-and-conferences/","Medium","Review linked page for contact/form/KP details."
"72","events_or_functions_contact","64","AU-0445","Southern Cross Motel Group - Regional Accommodation","https://southerncrossmotelgroup.com.au","3","https://southerncrossmotelgroup.com.au/about/ | https://southerncrossmotelgroup.com.au/about-us/our-locations/","contact_link","https://southerncrossmotelgroup.com.au/portfolio-item/mackay-accommodationwindmill-motel-and-events-centre/","https://southerncrossmotelgroup.com.au/portfolio-item/mackay-accommodationwindmill-motel-and-events-centre/","Medium","Review linked page for contact/form/KP details."
"70","company_linkedin","64","AU-0445","Southern Cross Motel Group - Regional Accommodation","https://southerncrossmotelgroup.com.au","5","https://southerncrossmotelgroup.com.au/about/ | https://southerncrossmotelgroup.com.au/about-us/our-locations/","company_linkedin_url","https://www.linkedin.com/company/southern-cross-motel-group","https://www.linkedin.com/company/southern-cross-motel-group","Low","Use as a manual LinkedIn review URL; do not treat as verified direct contact until person/company fit is confirmed."
"50","kp_context_hint","64","AU-0445","Southern Cross Motel Group - Regional Accommodation","https://southerncrossmotelgroup.com.au","1","","role_context","culinary","gs Delicious menu, great atmosphere Our Restaurants The Southern Cross Motel Group takes pride in offering a delightful culinary experience at all of their restaurants, catering to the diverse tastes of their individual guests. From casual dining options to fine dining experiences, the group’s resta","Low","Use as a page-level KP hint; confirm person name/title before saving."
"50","kp_context_hint","64","AU-0445","Southern Cross Motel Group - Regional Accommodation","https://southerncrossmotelgroup.com.au","3","https://southerncrossmotelgroup.com.au/about/ | https://southerncrossmotelgroup.com.au/about-us/our-locations/","role_context","events","ckhampton) Sugar Country Motor Inn (Bundaberg) Takalvan Motel (Bundaberg) The Palms Motel (Chinchilla) Windmill Motel & Events Centre (Mackay) NEW SOUTH WALES The Aberdeen Motel (Dubbo) Adelong Motel (Narrabri) Bowen Inn Motel (Lithgow) Parkes International Motor Inn (Parkes) Station Motel (Parkes)","Low","Use as a page-level KP hint; confirm person name/title before saving."
"50","kp_context_hint","64","AU-0445","Southern Cross Motel Group - Regional Accommodation","https://southerncrossmotelgroup.com.au/about/","2","https://southerncrossmotelgroup.com.au/about-us/our-locations/","role_context","operations","protect the environment while creating a sustainable experience for our guests and incorporate sustainability into our operations as much as possible by using solar energy, environmentally friendly soaps, shampoos and cleaning products throughout our properties, and will also be introducing drinkin","Low","Use as a page-level KP hint; confirm person name/title before saving."
"50","kp_context_hint","64","AU-0445","Southern Cross Motel Group - Regional Accommodation","https://southerncrossmotelgroup.com.au/about/","2","https://southerncrossmotelgroup.com.au/about-us/our-locations/","role_context","people","ality is about the friendly and generous entertainment of guests, visitors and strangers. We genuinely love meeting new people and being able to make your stay away from the comfort of your home, as relaxing as possible. Our Motel Locations We’re creating a network of high-quality motels and motor i","Low","Use as a page-level KP hint; confirm person name/title before saving."
"50","kp_context_hint","64","AU-0445","Southern Cross Motel Group - Regional Accommodation","https://southerncrossmotelgroup.com.au","1","","role_context","staff","s provide a productive environment for innovating discussions and presentations. Southern Cross Motel Group’s dedicated staff will ensure that technical setup, catering, and logistical arrangements are all seamlessly taken care of. Choosing a conference room at a Southern Cross Motel Group property","Low","Use as a page-level KP hint; confirm person name/title before saving."
"50","kp_context_hint","64","AU-0445","Southern Cross Motel Group - Regional Accommodation","https://southerncrossmotelgroup.com.au","3","https://southerncrossmotelgroup.com.au/about/ | https://southerncrossmotelgroup.com.au/about-us/our-locations/","role_context","team","ckdrop for your dream wedding, ensuring a memorable and enchanting experience for you and your guests. With a dedicated team of wedding professionals, we are committed to bringing your vision to life and creating an unforgettable celebration that reflects your unique love story. From intimate ceremo","Low","Use as a page-level KP hint; confirm person name/title before saving."
"13","technical_status","64","AU-0445","Southern Cross Motel Group - Regional Accommodation","https://southerncrossmotelgroup.com.au","1","","fetch_status","https://southerncrossmotelgroup.com.au","","High","Fetch status: 200. Use only if page fetched successfully."
"13","technical_status","64","AU-0445","Southern Cross Motel Group - Regional Accommodation","https://southerncrossmotelgroup.com.au/about-us/our-locations/","1","","fetch_status","https://southerncrossmotelgroup.com.au/about-us/our-locations/","","High","Fetch status: 200. Use only if page fetched successfully."
"13","technical_status","64","AU-0445","Southern Cross Motel Group - Regional Accommodation","https://southerncrossmotelgroup.com.au/about/","1","","fetch_status","https://southerncrossmotelgroup.com.au/about/","","High","Fetch status: 200. Use only if page fetched successfully."
"102","official_form_candidate","65","AU-0446","Australian Motel Group - Connecting Motels in CQ and Outback","https://australianmotelgroup.com.au/page_id-143/","1","","contact_form","https://australianmotelgroup.com.au/page_id-143/","contact_form form method=post action=../page_id-143/ Please enable JavaScript in your browser to complete this form. Name * Phone Number * Email * Message Website Submit","High","Official page contains a form; save as company_contact_form_url only if it is a contact/enquiry form, not only a booking widget."
"88","team_or_about_page","65","AU-0446","Australian Motel Group - Connecting Motels in CQ and Outback","https://australianmotelgroup.com.au","6","https://australianmotelgroup.com.au/page_id-141/ | https://australianmotelgroup.com.au/page_id-143/","team_link","https://australianmotelgroup.com.au/page_id-141/","About","Medium","Review linked page for contact/form/KP details."
"72","company_contact_page","65","AU-0446","Australian Motel Group - Connecting Motels in CQ and Outback","https://australianmotelgroup.com.au","6","https://australianmotelgroup.com.au/page_id-141/ | https://australianmotelgroup.com.au/page_id-143/","contact_link","https://australianmotelgroup.com.au/page_id-143/","Contact","Medium","Review linked page for contact/form/KP details."
"50","kp_context_hint","65","AU-0446","Australian Motel Group - Connecting Motels in CQ and Outback","https://australianmotelgroup.com.au/page_id-141/","1","","role_context","management","lackall Explorers Inn Emerald Contact About About Australian Motel Group WE ARE A GROUP OF PROFESSIONALS WITH EXTENSIVE MANAGEMENT BACKGROUNDS IN HOSPITALITY WITH A COMBINED 150 YEARS IN HOTELS, MOTELS, RESORTS, INTERNATIONAL KITCHENS, RESTAURANTS, CAFES, AND BARS. DURING COVID WE FOUND WHILE TRAVEL","Low","Use as a page-level KP hint; confirm person name/title before saving."
"50","kp_context_hint","65","AU-0446","Australian Motel Group - Connecting Motels in CQ and Outback","https://australianmotelgroup.com.au/page_id-141/","1","","role_context","staff","E MARKETPLACE FOR An INDUSTRY THAT WAS REBOUNDING FROM COVID BORDER CLOSURES AND LOCKDOWNS. SOLELY RELYING ON UNTRAINED STAFF, AND OFTEN OVERWORKED AND CONSTANTLY ABUSED MANAGEMENT (MANY THEMSELVES UNTRAINED) BY THEIR GUESTS NOT REALIZING THE REALITY OF THE DIFFICULTIES THE INDUSTRY IN GENERAL BUT M","Low","Use as a page-level KP hint; confirm person name/title before saving."
"13","technical_status","65","AU-0446","Australian Motel Group - Connecting Motels in CQ and Outback","https://australianmotelgroup.com.au","1","","fetch_status","https://australianmotelgroup.com.au","","High","Fetch status: 200. Use only if page fetched successfully."
"13","technical_status","65","AU-0446","Australian Motel Group - Connecting Motels in CQ and Outback","https://australianmotelgroup.com.au/page_id-141/","1","","fetch_status","https://australianmotelgroup.com.au/page_id-141/","","High","Fetch status: 200. Use only if page fetched successfully."
"13","technical_status","65","AU-0446","Australian Motel Group - Connecting Motels in CQ and Outback","https://australianmotelgroup.com.au/page_id-143/","1","","fetch_status","https://australianmotelgroup.com.au/page_id-143/","","High","Fetch status: 200. Use only if page fetched successfully."
"94","phone_candidate","66","AU-0448","Triguboff, followed by Salter Brothers as no.1 hotel owners","https://salterbrothers.com.au","7","https://salterbrothers.com.au/about/ | https://salterbrothers.com.au/about/our-boards/","phone","+61 3 9258 2100","ia Investor Portal Advisory Corporate & Strategic Advisory Mergers & Acquisitions Contact +61 3 9258 2100 2025 Copyright © Salter Brothers Privacy Policy | Legal Disclaimer Salter Brothers Asset","Medium","Review whether this is company or person phone before saving."
"89","possible_key_person","66","AU-0448","Triguboff, followed by Salter Brothers as no.1 hotel owners","https://salterbrothers.com.au/about/our-boards/","1","","key_person_name","Board Paul Salter","director: ealand (CAANZ). Salter Brothers Hotel Company Ltd Board Paul Salter Managing Director Full bio Paul is the Managing Director of Salter Brothers, Salter Brothers Hotel","Medium","Person name found near 'director' role. Verify person/company fit before saving to contacts."
"89","possible_key_person","66","AU-0448","Triguboff, followed by Salter Brothers as no.1 hotel owners","https://salterbrothers.com.au","1","","key_person_name","Causeway Asset","management: tion outcomes. Read more Salter Brothers acquires Causeway Asset Management, expanding its private credit business Salter Brothers is pleased to announce its acquis","Medium","Person name found near 'management' role. Verify person/company fit before saving to contacts."
"89","possible_key_person","66","AU-0448","Triguboff, followed by Salter Brothers as no.1 hotel owners","https://salterbrothers.com.au/about/our-boards/","1","","key_person_name","Chris Calvert","director: atives Industry Association Accreditation, PS146. Chris Calvert Director Full bio Chris is an Non-Executive Director of Salter Brothers Asset Management. He has 30","Medium","Person name found near 'director' role. Verify person/company fit before saving to contacts."
"89","possible_key_person","66","AU-0448","Triguboff, followed by Salter Brothers as no.1 hotel owners","https://salterbrothers.com.au/about/our-boards/","1","","key_person_name","George Boubouras","director: chieving Fellowship status in both organisations. George Boubouras Director & Investment Advisor Full bio George is a Director of Salter Brothers Asset Management and","Medium","Person name found near 'director' role. Verify person/company fit before saving to contacts."
"89","possible_key_person","66","AU-0448","Triguboff, followed by Salter Brothers as no.1 hotel owners","https://salterbrothers.com.au","3","https://salterbrothers.com.au/about/ | https://salterbrothers.com.au/about/our-boards/","key_person_name","Investors Funds","management: s ESG Ratings & Awards Our Boards Our Senior Team Investors Funds Management Property Funds Equity Funds Credit Funds Decarbonisation Salter Brothers Emerging Compan","Medium","Person name found near 'management' role. Verify person/company fit before saving to contacts."
"89","possible_key_person","66","AU-0448","Triguboff, followed by Salter Brothers as no.1 hotel owners","https://salterbrothers.com.au/about/our-boards/","1","","key_person_name","Marcos Marcou","director: holds FINRA Qualifications (Series 7, 24 and 63). Marcos Marcou Director Full bio Marcos has over 30 years’ experience in leading and advising on mergers and acqui","Medium","Person name found near 'director' role. Verify person/company fit before saving to contacts."
"89","possible_key_person","66","AU-0448","Triguboff, followed by Salter Brothers as no.1 hotel owners","https://salterbrothers.com.au/about/our-boards/","1","","key_person_name","Paua Wealth","management: nvestment Committee (IC) Chair at ESSSuper, IC at Paua Wealth Management, Advisory Board Chair at the International Centre for Financial Services, part-time lect","Medium","Person name found near 'management' role. Verify person/company fit before saving to contacts."
"89","possible_key_person","66","AU-0448","Triguboff, followed by Salter Brothers as no.1 hotel owners","https://salterbrothers.com.au/about/our-boards/","1","","key_person_name","Paul Salter","director: ves Advisor Levels 1 & 2 with Macquarie Equities. Paul Salter Managing Director Full bio Paul is the Managing Director of Salter Brothers, Salter Brothers Hotel","Medium","Person name found near 'director' role. Verify person/company fit before saving to contacts."
"89","possible_key_person","66","AU-0448","Triguboff, followed by Salter Brothers as no.1 hotel owners","https://salterbrothers.com.au/about/our-boards/","1","","key_person_name","Robert Salter","founder: tered accountant and has practiced for 20+ years. Robert Salter Director Full bio Robert is a Founder and the Chief Executive Officer of Salter Brothers and has ov","Medium","Person name found near 'founder' role. Verify person/company fit before saving to contacts."
"89","possible_key_person","66","AU-0448","Triguboff, followed by Salter Brothers as no.1 hotel owners","https://salterbrothers.com.au","3","https://salterbrothers.com.au/about/ | https://salterbrothers.com.au/about/our-boards/","key_person_name","Salter Brothers Asset","management: Salter Brothers Privacy Policy | Legal Disclaimer Salter Brothers Asset Management Pty Limited: ABN 33 119 833 760, AFSL 308971 is the trustee of all Salter Brothers Funds","Medium","Person name found near 'management' role. Verify person/company fit before saving to contacts."
"88","team_or_about_page","66","AU-0448","Triguboff, followed by Salter Brothers as no.1 hotel owners","https://salterbrothers.com.au","22","https://salterbrothers.com.au/about/ | https://salterbrothers.com.au/about/our-boards/","team_link","https://salterbrothers.com.au/about/","About Us","Medium","Review linked page for contact/form/KP details."
"88","team_or_about_page","66","AU-0448","Triguboff, followed by Salter Brothers as no.1 hotel owners","https://salterbrothers.com.au","9","https://salterbrothers.com.au/about/ | https://salterbrothers.com.au/about/our-boards/","team_link","https://salterbrothers.com.au/about/our-boards/","Our Boards","Medium","Review linked page for contact/form/KP details."
"88","team_or_about_page","66","AU-0448","Triguboff, followed by Salter Brothers as no.1 hotel owners","https://salterbrothers.com.au","9","https://salterbrothers.com.au/about/ | https://salterbrothers.com.au/about/our-boards/","team_link","https://salterbrothers.com.au/about/our-team/","Our Senior Team","Medium","Review linked page for contact/form/KP details."
"88","team_or_about_page","66","AU-0448","Triguboff, followed by Salter Brothers as no.1 hotel owners","https://salterbrothers.com.au","9","https://salterbrothers.com.au/about/ | https://salterbrothers.com.au/about/our-boards/","team_link","https://salterbrothers.com.au/funds-management/","Our Specialist Funds","Medium","Review linked page for contact/form/KP details."
"88","team_or_about_page","66","AU-0448","Triguboff, followed by Salter Brothers as no.1 hotel owners","https://salterbrothers.com.au","9","https://salterbrothers.com.au/about/ | https://salterbrothers.com.au/about/our-boards/","team_link","https://salterbrothers.com.au/funds-management/credit-funds/","Credit Funds","Medium","Review linked page for contact/form/KP details."
"88","team_or_about_page","66","AU-0448","Triguboff, followed by Salter Brothers as no.1 hotel owners","https://salterbrothers.com.au","7","https://salterbrothers.com.au/about/ | https://salterbrothers.com.au/about/our-boards/","team_link","https://salterbrothers.com.au/funds-management/emerging-companies/","Salter Brothers Emerging Companies Ltd","Medium","Review linked page for contact/form/KP details."
"88","team_or_about_page","66","AU-0448","Triguboff, followed by Salter Brothers as no.1 hotel owners","https://salterbrothers.com.au","10","https://salterbrothers.com.au/about/ | https://salterbrothers.com.au/about/our-boards/","team_link","https://salterbrothers.com.au/funds-management/immigration-investment/","Immigration Investment","Medium","Review linked page for contact/form/KP details."
"88","team_or_about_page","66","AU-0448","Triguboff, followed by Salter Brothers as no.1 hotel owners","https://salterbrothers.com.au","3","https://salterbrothers.com.au/about/ | https://salterbrothers.com.au/about/our-boards/","team_link","https://salterbrothers.com.au/funds-management/immigration-investment/significant-investor-visa-australia/","SIV Australia","Medium","Review linked page for contact/form/KP details."
"88","team_or_about_page","66","AU-0448","Triguboff, followed by Salter Brothers as no.1 hotel owners","https://salterbrothers.com.au","10","https://salterbrothers.com.au/about/ | https://salterbrothers.com.au/about/our-boards/","team_link","https://salterbrothers.com.au/funds-management/private-equity-funds/","Equity Funds","Medium","Review linked page for contact/form/KP details."
"88","team_or_about_page","66","AU-0448","Triguboff, followed by Salter Brothers as no.1 hotel owners","https://salterbrothers.com.au","10","https://salterbrothers.com.au/about/ | https://salterbrothers.com.au/about/our-boards/","team_link","https://salterbrothers.com.au/funds-management/property-funds/","Property Funds","Medium","Review linked page for contact/form/KP details."
"88","team_or_about_page","66","AU-0448","Triguboff, followed by Salter Brothers as no.1 hotel owners","https://salterbrothers.com.au","1","","team_link","https://salterbrothers.com.au/investors/","More about our investors","Medium","Review linked page for contact/form/KP details."
"88","team_or_about_page","66","AU-0448","Triguboff, followed by Salter Brothers as no.1 hotel owners","https://salterbrothers.com.au","1","","team_link","https://salterbrothers.com.au/salter-brothers-acquires-causeway-asset-management-expanding-its-private-credit-business/","","Medium","Review linked page for contact/form/KP details."
"72","company_contact_page","66","AU-0448","Triguboff, followed by Salter Brothers as no.1 hotel owners","https://salterbrothers.com.au","9","https://salterbrothers.com.au/about/ | https://salterbrothers.com.au/about/our-boards/","contact_link","https://salterbrothers.com.au/contact/","Contact","Medium","Review linked page for contact/form/KP details."
"70","company_linkedin","66","AU-0448","Triguboff, followed by Salter Brothers as no.1 hotel owners","https://salterbrothers.com.au","6","https://salterbrothers.com.au/about/ | https://salterbrothers.com.au/about/our-boards/","company_linkedin_url","https://au.linkedin.com/company/salter-brothers","https://au.linkedin.com/company/salter-brothers","Low","Use as a manual LinkedIn review URL; do not treat as verified direct contact until person/company fit is confirmed."
"70","company_linkedin","66","AU-0448","Triguboff, followed by Salter Brothers as no.1 hotel owners","https://salterbrothers.com.au/about/","1","","company_linkedin_url","https://www.linkedin.com/company/salter-brothers/jobs/","Learn more about our current opportunities","Low","Use as a manual LinkedIn review URL; do not treat as verified direct contact until person/company fit is confirmed."
"60","kp_context_hint","66","AU-0448","Triguboff, followed by Salter Brothers as no.1 hotel owners","https://salterbrothers.com.au","3","https://salterbrothers.com.au/about/ | https://salterbrothers.com.au/about/our-boards/","role_context","director","Our boards Salter Brothers Asset Management Board John Humphreys Chairman Full bio John is the Chairman of the Board of Directors of Salter Brothers Asset Management Pty Ltd. John established KPMG’s Australian consulting business and was Chairman of Consulting for Asia Pacific before leading the div","Low","Use as a page-level KP hint; confirm person name/title before saving."
"60","kp_context_hint","66","AU-0448","Triguboff, followed by Salter Brothers as no.1 hotel owners","https://salterbrothers.com.au","2","https://salterbrothers.com.au/about/our-boards/","role_context","founder","ment opportunities for high net worth and institutional investors seeking long term value. More about our investors Our Founders In 2014, following long careers in financial services, brothers Paul and Rob Salter established Salter Brothers with a shared vision for an investment and advisory busines","Low","Use as a page-level KP hint; confirm person name/title before saving."
"60","kp_context_hint","66","AU-0448","Triguboff, followed by Salter Brothers as no.1 hotel owners","https://salterbrothers.com.au/about/our-boards/","1","","role_context","managing director","ion Investment Funds. He has over 25 years’ experience as an Economist, Portfolio Manager, Chief Investment Officer and Managing Director (MD) across all asset classes, at various global and domestic firms including UBS, Equity Trustees, HSBC Asset Management and Macquarie Group. Additional current","Low","Use as a page-level KP hint; confirm person name/title before saving."
"60","kp_context_hint","66","AU-0448","Triguboff, followed by Salter Brothers as no.1 hotel owners","https://salterbrothers.com.au/about/our-boards/","1","","role_context","operations","ich was the largest owner of hotels in Australia. Matt was responsible for all areas of TAHL’s strategy, management and operations. The successful four year turnaround strategy culminated in TAHL’s sale as the then largest hotel property transaction in Australian history. Previous non-executive role","Low","Use as a page-level KP hint; confirm person name/title before saving."
"60","kp_context_hint","66","AU-0448","Triguboff, followed by Salter Brothers as no.1 hotel owners","https://salterbrothers.com.au/about/our-boards/","1","","role_context","owner","Melbourne and the Intercontinental at Rialto, refurbishing the Intercontinental in 2008. Lorenz is also involved in the ownership and management of the Mt Buller ski resort and co-owns the Merchant restaurant located in the Intercontinental. Equiset’s recent projects include the Sheraton in Little C","Low","Use as a page-level KP hint; confirm person name/title before saving."
"60","kp_context_hint","66","AU-0448","Triguboff, followed by Salter Brothers as no.1 hotel owners","https://salterbrothers.com.au/about/our-boards/","1","","role_context","projects","ement of the Mt Buller ski resort and co-owns the Merchant restaurant located in the Intercontinental. Equiset’s recent projects include the Sheraton in Little Collins St and construction of a pencil tower on the site of the former Phoenix Hotel. Matt Eady Non-Executive Director – Hotel Group Full b","Low","Use as a page-level KP hint; confirm person name/title before saving."
"50","kp_context_hint","66","AU-0448","Triguboff, followed by Salter Brothers as no.1 hotel owners","https://salterbrothers.com.au/about/our-boards/","1","","role_context","chief executive","en in leading Australian and overseas property groups in real estate investment and development. Chris is currently the Chief Executive Officer of the Bahrain Real Estate Investment (Edamah) B.S.C., the real estate arm of the Bahrain Sovereign Wealth Fund, and is responsible for the leadership and s","Low","Use as a page-level KP hint; confirm person name/title before saving."
"50","kp_context_hint","66","AU-0448","Triguboff, followed by Salter Brothers as no.1 hotel owners","https://salterbrothers.com.au/about/","1","","role_context","events","tes at any of our owned hotels . Our culture is sociable and inclusive, with a regular program of social activities and events. careers@salterbrothers.com.au or call +61 3 9258 2100 Learn more about our current opportunities Environmental, Social and Governance (ESG) At Salter Brothers, we believe t","Low","Use as a page-level KP hint; confirm person name/title before saving."
"50","kp_context_hint","66","AU-0448","Triguboff, followed by Salter Brothers as no.1 hotel owners","https://salterbrothers.com.au/about/our-boards/","1","","role_context","leadership","agement Executive Certificate from the AGSM at the University of New South Wales, Executive Certificate in Management & Leadership from Massachusetts Institute of Technology Sloan School of Management, Investment Decisions & Behavioural Finance Program at Harvard University, Kennedy School of Govern","Low","Use as a page-level KP hint; confirm person name/title before saving."
"50","kp_context_hint","66","AU-0448","Triguboff, followed by Salter Brothers as no.1 hotel owners","https://salterbrothers.com.au","3","https://salterbrothers.com.au/about/ | https://salterbrothers.com.au/about/our-boards/","role_context","management","re 2024) Salter Brothers Salter Brothers About About Us ESG Ratings & Awards Our Boards Our Senior Team Investors Funds Management Property Funds Equity Funds Credit Funds Decarbonisation Salter Brothers Emerging Companies Ltd Salter Brothers Tech Fund Immigration Investment Advisory Corporate & Str","Low","Use as a page-level KP hint; confirm person name/title before saving."
"50","kp_context_hint","66","AU-0448","Triguboff, followed by Salter Brothers as no.1 hotel owners","https://salterbrothers.com.au/about/","1","","role_context","people","anagement, property development, capital and advisory, equities, and finance. We are always on the lookout for talented people to join our business. If you would like to enquire about possible opportunities, please email us: We provide a range of financial and non-financial benefits including a heal","Low","Use as a page-level KP hint; confirm person name/title before saving."
"50","kp_context_hint","66","AU-0448","Triguboff, followed by Salter Brothers as no.1 hotel owners","https://salterbrothers.com.au","3","https://salterbrothers.com.au/about/ | https://salterbrothers.com.au/about/our-boards/","role_context","team","al Investor Portal (Pre 2024) Salter Brothers Salter Brothers About About Us ESG Ratings & Awards Our Boards Our Senior Team Investors Funds Management Property Funds Equity Funds Credit Funds Decarbonisation Salter Brothers Emerging Companies Ltd Salter Brothers Tech Fund Immigration Investment Adv","Low","Use as a page-level KP hint; confirm person name/title before saving."
"48","low_value_company_email","66","AU-0448","Triguboff, followed by Salter Brothers as no.1 hotel owners","https://salterbrothers.com.au/about/","1","","email","careers@salterbrothers.com.au","ulture is sociable and inclusive, with a regular program of social activities and events. careers@salterbrothers.com.au or call +61 3 9258 2100 Learn more about our current opportunities Environmental, Social","High","Review whether this is company, department, or person email before saving."
"13","technical_status","66","AU-0448","Triguboff, followed by Salter Brothers as no.1 hotel owners","https://salterbrothers.com.au","1","","fetch_status","https://salterbrothers.com.au","","High","Fetch status: 200. Use only if page fetched successfully."
"13","technical_status","66","AU-0448","Triguboff, followed by Salter Brothers as no.1 hotel owners","https://salterbrothers.com.au/about/","1","","fetch_status","https://salterbrothers.com.au/about/","","High","Fetch status: 200. Use only if page fetched successfully."
"13","technical_status","66","AU-0448","Triguboff, followed by Salter Brothers as no.1 hotel owners","https://salterbrothers.com.au/about/our-boards/","1","","fetch_status","https://salterbrothers.com.au/about/our-boards/","","High","Fetch status: 200. Use only if page fetched successfully."
"120","possible_person_email","67","AU-0451","How does a new(ish) restaurant group take over a place that’s  100 years old?","https://www.boothby.com.au/16-big-daytime-events-for-your-bartenders-weekender-calendar/","2","","email","drew.down@wgrant.com","ere: Latteria, 185 Hutt Street, Adelaide RSVPs essential as numbers are limited — contact drew.down@wgrant.com . 4:00pm — 7:00pm: Our People’s Portraits by Club Suntory Bartenders all have unique crea","High","Review whether this is company, department, or person email before saving."
"120","possible_person_email","67","AU-0451","How does a new(ish) restaurant group take over a place that’s  100 years old?","https://www.boothby.com.au/16-big-daytime-events-for-your-bartenders-weekender-calendar/","1","","email","jay.allan@vanguardluxurybrands.com",": Udaberri – 11-13 Leigh St, Adelaide RSVP: Contact Jay if you are interested in joining: Jay.Allan@vanguardluxurybrands.com 3:30pm - 5:00pm: Split the Gee’se Caretaker’s Martini Hour with Grey Goose The perfect ev","High","Review whether this is company, department, or person email before saving."
"108","company_email","67","AU-0451","How does a new(ish) restaurant group take over a place that’s  100 years old?","https://www.boothby.com.au/about/","2","","email","advertise@boothby.com.au","torial@boothby.com.au . For advertising enquiries and a media kit, please get in touch at advertise@boothby.com.au . About Sam Bygrave Sam Bygrave is the editor and founder of Boothby Media, where he writ","High","Review whether this is company, department, or person email before saving."
"108","company_email","67","AU-0451","How does a new(ish) restaurant group take over a place that’s  100 years old?","https://www.boothby.com.au/about/","2","","email","editorial@boothby.com.au","l let you know. If you’ve got an interesting take or a great story to tell, contact us at editorial@boothby.com.au . For advertising enquiries and a media kit, please get in touch at advertise@boothby.com","High","Review whether this is company, department, or person email before saving."
"108","company_email","67","AU-0451","How does a new(ish) restaurant group take over a place that’s  100 years old?","https://www.boothby.com.au/about/","2","","email","sam@boothby.com.au","erous panel discussions on the spirits and bar industries. You can reach Sam via email at sam@boothby.com.au . Facebook Bluesky Discord Github Instagram Linkedin Mastodon Pinterest Reddit Telegram T","High","Review whether this is company, department, or person email before saving."
"108","company_email","67","AU-0451","How does a new(ish) restaurant group take over a place that’s  100 years old?","https://www.boothby.com.au/16-big-daytime-events-for-your-bartenders-weekender-calendar/","1","","email","srainbow@spiritsplatform.com.au","ing with only 30 spots available. Where: Malt and Juniper, 18 Peel Street, Adelaide RSVP: srainbow@spiritsplatform.com.au 4:00pm — 6:00pm: Haus of Allies Haus of Allies is a community-led panel and networking ev","High","Review whether this is company, department, or person email before saving."
"108","possible_key_person_linkedin","67","AU-0451","How does a new(ish) restaurant group take over a place that’s  100 years old?","https://www.boothby.com.au/16-big-daytime-events-for-your-bartenders-weekender-calendar/","1","","key_person_linkedin_url","https://www.linkedin.com/shareArticle?mini=true&url=https://www.boothby.com.au/16-big-daytime-events-for-your-bartenders-weekender-calendar/&title=16%20big%20daytime%20events%20for%20your%20Bartenders%E2%80%99%20Weekender%20calendar&summary=16%20big%20daytime%20events%20for%20your%20Bartenders%E2%80%99%20Weekender%20calendar","{shareOpen = false}, 2000)"">","Medium","Use as a manual LinkedIn review URL; do not treat as verified direct contact until person/company fit is confirmed."
"89","possible_key_person","67","AU-0451","How does a new(ish) restaurant group take over a place that’s  100 years old?","https://www.boothby.com.au/16-big-daytime-events-for-your-bartenders-weekender-calendar/","1","","key_person_name","Cry Baby","crew: rits from the back bar with the spirit makers and Cry Baby crew on hand with plenty of suggestions along the way. Free event. Strictly trade-only. Limited to","Medium","Person name found near 'crew' role. Verify person/company fit before saving to contacts."
"89","possible_key_person","67","AU-0451","How does a new(ish) restaurant group take over a place that’s  100 years old?","https://www.boothby.com.au/16-big-daytime-events-for-your-bartenders-weekender-calendar/","1","","key_person_name","Never Never","unknown: — 1:30pm and 1:30pm — 4:30pm:The Scenic Route by Never Never There are two sessions for this great arrival event in Adelaide. Take The Scenic Route with Never N","Medium","Person name found near 'unknown' role. Verify person/company fit before saving to contacts."
"88","team_or_about_page","67","AU-0451","How does a new(ish) restaurant group take over a place that’s  100 years old?","https://boothby.com.au","15","https://www.boothby.com.au/16-big-daytime-events-for-your-bartenders-weekender-calendar/ | https://www.boothby.com.au/about/","team_link","https://www.boothby.com.au/about/","","Medium","Review linked page for contact/form/KP details."
"88","team_or_about_page","67","AU-0451","How does a new(ish) restaurant group take over a place that’s  100 years old?","https://boothby.com.au","7","https://www.boothby.com.au/16-big-daytime-events-for-your-bartenders-weekender-calendar/","team_link","https://www.boothby.com.au/all-about-snap-the-deadwax-dumpling-hot-dog-is-bar-food-we-love/","All about snap: the Deadwax dumpling hot dog is bar food we love","Medium","Review linked page for contact/form/KP details."
"72","company_contact_page","67","AU-0451","How does a new(ish) restaurant group take over a place that’s  100 years old?","https://boothby.com.au","6","https://www.boothby.com.au/16-big-daytime-events-for-your-bartenders-weekender-calendar/ | https://www.boothby.com.au/about/","contact_link","https://www.boothby.com.au/contact/","","Medium","Review linked page for contact/form/KP details."
"72","events_or_functions_contact","67","AU-0451","How does a new(ish) restaurant group take over a place that’s  100 years old?","https://boothby.com.au","3","","contact_link","https://www.boothby.com.au/16-big-daytime-events-for-your-bartenders-weekender-calendar/","16 big daytime events for your Bartenders’ Weekender calendar","Medium","Review linked page for contact/form/KP details."
"60","kp_context_hint","67","AU-0451","How does a new(ish) restaurant group take over a place that’s  100 years old?","https://boothby.com.au","3","https://www.boothby.com.au/16-big-daytime-events-for-your-bartenders-weekender-calendar/ | https://www.boothby.com.au/about/","role_context","founder","Martini are leading the way. By Sam Bygrave / 17 Apr 2026 Our writers See all Sam Bygrave Sam Bygrave is the editor and founder of Boothby Media, where he writes, shoots, and talks about bars, bartenders and drinks online and in Boothby’s quarterly print magazine. All articles Counter Meal All about","Low","Use as a page-level KP hint; confirm person name/title before saving."
"60","kp_context_hint","67","AU-0451","How does a new(ish) restaurant group take over a place that’s  100 years old?","https://boothby.com.au","2","https://www.boothby.com.au/16-big-daytime-events-for-your-bartenders-weekender-calendar/","role_context","owner","More from Sam Bygrave See all Counter Meal All about snap: the Deadwax dumpling hot dog is bar food we love Chef and co-owner Davyd Blacksmith on what makes for must-have eats at the bar. By Sam Bygrave / 1 Jun 2026 Singapore How Offtrack reaches new guests, a Native review, and more Can you guess h","Low","Use as a page-level KP hint; confirm person name/title before saving."
"60","kp_context_hint","67","AU-0451","How does a new(ish) restaurant group take over a place that’s  100 years old?","https://boothby.com.au","1","","role_context","staff","e: inside W Sydney’s Caffè Fernet Federico Malavenda talks to beverage and bars manager Barney Toy for more. By Boothby Staff / 21 May 2026 Brisbane How the new magazine menu at Savile Row comes together Jacob Cohen talks about the award-winning bar's latest accolade, it's monthly menu magazine, and","Low","Use as a page-level KP hint; confirm person name/title before saving."
"50","kp_context_hint","67","AU-0451","How does a new(ish) restaurant group take over a place that’s  100 years old?","https://www.boothby.com.au/16-big-daytime-events-for-your-bartenders-weekender-calendar/","1","","role_context","ceo","re. 4:00pm — 6:00pm: LARK Whisky – A New Dawn of Dark and Light Join Lark Master Distiller Chris Thomson and LARK’s new CEO Stuart Gregor in a world-first tasting of their new Signature portfolio, including the all-new DARK LARK, Devil’s Storm and Ruby Abyss, as well as a couple of single barrel whi","Low","Use as a page-level KP hint; confirm person name/title before saving."
"50","kp_context_hint","67","AU-0451","How does a new(ish) restaurant group take over a place that’s  100 years old?","https://www.boothby.com.au/16-big-daytime-events-for-your-bartenders-weekender-calendar/","1","","role_context","crew","r Scholarship alumni to a brunch, opening the weekend with amazing food, liquid and hospitality. A great chance for the crew to get to know each other and form a foundation before heading off into the weekend with a sense of community and pride. Gifts in tow. RSVP: Invite only 10:30am — 1:30pm and 1","Low","Use as a page-level KP hint; confirm person name/title before saving."
"50","kp_context_hint","67","AU-0451","How does a new(ish) restaurant group take over a place that’s  100 years old?","https://www.boothby.com.au/16-big-daytime-events-for-your-bartenders-weekender-calendar/","1","","role_context","culinary","d structured tasting. Hosted by Grant Shearon, Ocho Brand Ambassador, and Spanish-inspired tapas, the experience blends culinary expertise with Tequila Ocho’s distinctive terroir and craftsmanship. A refined celebration of agave, flavour, and artistry. Where: Udaberri – 11-13 Leigh St, Adelaide RSVP","Low","Use as a page-level KP hint; confirm person name/title before saving."
"50","kp_context_hint","67","AU-0451","How does a new(ish) restaurant group take over a place that’s  100 years old?","https://boothby.com.au","2","https://www.boothby.com.au/16-big-daytime-events-for-your-bartenders-weekender-calendar/","role_context","events","lacksmith on what makes for must-have eats at the bar. By Sam Bygrave / 1 Jun 2026 Bartenders' Weekender 16 big daytime events for your Bartenders’ Weekender calendar Before it gets dark, there’s a packed schedule of lunches, education and tastings to get to. By Sam Bygrave / 29 May 2026 Singapore H","Low","Use as a page-level KP hint; confirm person name/title before saving."
"50","kp_context_hint","67","AU-0451","How does a new(ish) restaurant group take over a place that’s  100 years old?","https://www.boothby.com.au/16-big-daytime-events-for-your-bartenders-weekender-calendar/","1","","role_context","leadership","eekender, the conversation will move beyond theory - offering honest, practical insights into career growth, wellbeing, leadership, burnout, and creating safer, more inclusive workplaces. Featuring industry professionals including Trish Brew, Eduardo Conde and Charlie Hunter, the panel reflects the","Low","Use as a page-level KP hint; confirm person name/title before saving."
"50","kp_context_hint","67","AU-0451","How does a new(ish) restaurant group take over a place that’s  100 years old?","https://boothby.com.au","3","https://www.boothby.com.au/16-big-daytime-events-for-your-bartenders-weekender-calendar/ | https://www.boothby.com.au/about/","role_context","people","00 Australia Awards Gala Tuesday 16 June Adelaide, South Australia The Drinks 100 Australia is a celebration of the 100 people who are shaping the drinks culture in Australia in 2026, presented by Bartenders’ Weekender and Boothby . See the Bartenders' Weekender timetable Bars Counter Meal All about","Low","Use as a page-level KP hint; confirm person name/title before saving."
"50","kp_context_hint","67","AU-0451","How does a new(ish) restaurant group take over a place that’s  100 years old?","https://www.boothby.com.au/16-big-daytime-events-for-your-bartenders-weekender-calendar/","1","","role_context","team","ith Never Never and start your Adelaide Bartenders’ Weekender off in the best possible way as guests of the Never Never team. After arriving at Adelaide Airport you will be collected by our friends from Strangelove and whisked to off to beautiful McLaren Vale to visit Australia’s best distillery bar","Low","Use as a page-level KP hint; confirm person name/title before saving."
"13","technical_status","67","AU-0451","How does a new(ish) restaurant group take over a place that’s  100 years old?","https://boothby.com.au","1","","fetch_status","https://boothby.com.au","","High","Fetch status: 200. Use only if page fetched successfully."
"13","technical_status","67","AU-0451","How does a new(ish) restaurant group take over a place that’s  100 years old?","https://www.boothby.com.au/16-big-daytime-events-for-your-bartenders-weekender-calendar/","1","","fetch_status","https://www.boothby.com.au/16-big-daytime-events-for-your-bartenders-weekender-calendar/","","High","Fetch status: 200. Use only if page fetched successfully."
"13","technical_status","67","AU-0451","How does a new(ish) restaurant group take over a place that’s  100 years old?","https://www.boothby.com.au/about/","1","","fetch_status","https://www.boothby.com.au/about/","","High","Fetch status: 200. Use only if page fetched successfully."
"102","official_form_candidate","68","AU-0452","Our Team — Umberto Group","https://umbertogroup.com.au","2","","contact_form","https://umbertogroup.com.au","contact_form form method=POST action=current page subscribe Sign up and keep up to date with all our latest news, special events and products! First Name Last Name Email Address Sign Up We respect your privacy and promise not to bombard you with too many emails. You may opt out at any time. Thank you!","High","Official page contains a form; save as company_contact_form_url only if it is a contact/enquiry form, not only a booking widget."
"88","team_or_about_page","68","AU-0452","Our Team — Umberto Group","https://umbertogroup.com.au","6","https://www.umbertogroup.com.au/contacts","team_link","https://www.umbertogroup.com.au/our-family","our team","Medium","Review linked page for contact/form/KP details."
"72","company_contact_page","68","AU-0452","Our Team — Umberto Group","https://umbertogroup.com.au","6","https://www.umbertogroup.com.au/contacts","contact_link","https://www.umbertogroup.com.au/contacts","contacts","Medium","Review linked page for contact/form/KP details."
"50","kp_context_hint","68","AU-0452","Our Team — Umberto Group","https://umbertogroup.com.au","2","","role_context","events","ar 917 high st, thornbury our community program subscribe Sign up and keep up to date with all our latest news, special events and products! First Name Last Name Email Address Sign Up We respect your privacy and promise not to bombard you with too many emails. You may opt out at any time. Thank you!","Low","Use as a page-level KP hint; confirm person name/title before saving."
"50","kp_context_hint","68","AU-0452","Our Team — Umberto Group","https://umbertogroup.com.au","3","https://www.umbertogroup.com.au/contacts","role_context","team","contacts — Umberto Group our story our team contacts our story our team contacts contacts For all media, business opportunities and general enquiries, please contact us via the form below. head office 917 High Street, T","Low","Use as a page-level KP hint; confirm person name/title before saving."
"13","technical_status","68","AU-0452","Our Team — Umberto Group","https://umbertogroup.com.au","2","","fetch_status","https://umbertogroup.com.au","","High","Fetch status: 200. Use only if page fetched successfully."
"13","technical_status","68","AU-0452","Our Team — Umberto Group","https://www.umbertogroup.com.au/contacts","1","","fetch_status","https://www.umbertogroup.com.au/contacts","","High","Fetch status: 200. Use only if page fetched successfully."
"108","company_email","69","AU-0454","Contact us – Lillywhite Hotel Group","https://lillywhitehotelgroup.com.au/contact-us/","9","","email","bohlebarn@lhgroup.com.au","us Bohle Barn Bruce Highway, (Cnr Shaw Road), Bohle, Via Townsville, Q 4818 07 4774 6322 bohlebarn@lhgroup.com.au SUN – THURS 10am – 2am, FRI – SAT 10am – 4am (Bar 2am / Gaming 4am) Visit our website Riv","High","Review whether this is company, department, or person email before saving."
"108","company_email","69","AU-0454","Contact us – Lillywhite Hotel Group","https://lillywhitehotelgroup.com.au/contact-us/","3","","email","bushlandbeachtav@lhgroup.com.au","hland Beach Tavern 70 Livistoia Close, Bushland Beach, Via Townsville, Q4818 07 4757 6700 bushlandbeachtav@lhgroup.com.au 10 am – 12 midnight – 7 days a week Visit our website Hotel Stuart 322 Stuart Drive, Wulg","High","Review whether this is company, department, or person email before saving."
"108","company_email","69","AU-0454","Contact us – Lillywhite Hotel Group","https://lillywhitehotelgroup.com.au/contact-us/","3","","email","riverviewtav@lhgroup.com.au","Riverview Tavern 247- 251 Riverside Boulevard, Douglas, Townsville, QLD 4814 07 4775 5005 riverviewtav@lhgroup.com.au 10 am – 1 am – 7 days per week Visit our website Bushland Beach Tavern 70 Livistoia Close","High","Review whether this is company, department, or person email before saving."
"108","company_email","69","AU-0454","Contact us – Lillywhite Hotel Group","https://lillywhitehotelgroup.com.au/contact-us/","3","","email","sovereigntav@lhgroup.com.au","isit our website Sovereign Tavern 180 Gill Street, Charters Towers, QLD 4820 07 4787 3077 sovereigntav@lhgroup.com.au Gaming and Bar: 10am -12pm 7 days Bistro: 11.30am – 2pm 7 days 5.30pm -8.30pm Sunday to T","High","Review whether this is company, department, or person email before saving."
"108","company_email","69","AU-0454","Contact us – Lillywhite Hotel Group","https://lillywhitehotelgroup.com.au/contact-us/","3","","email","stuarthotel@lhgroup.com.au","sit our website Hotel Stuart 322 Stuart Drive, Wulguru, Townsville, QLD 4814 07 4778 1804 stuarthotel@lhgroup.com.au 10am-12 midnight 7 days a week Visit our website Sovereign Tavern 180 Gill Street, Charte","High","Review whether this is company, department, or person email before saving."
"94","phone_candidate","69","AU-0454","Contact us – Lillywhite Hotel Group","https://lillywhitehotelgroup.com.au/contact-us/","1","","phone","07 4092 2588","n: 10am – 10pm 7 days Visit our website Graham Hotel 187 Byrnes Street, Mareeba, QLD 4880 07 4092 2588 grahamhotel@lhgroup.com.au 10am – 12 midnight – 7 days a week Visit our website Lilywhite","Medium","Review whether this is company or person phone before saving."
"94","phone_candidate","69","AU-0454","Contact us – Lillywhite Hotel Group","https://lillywhitehotelgroup.com.au/contact-us/","1","","phone","07 4774 5075","Group (Head Office) Hours: 7am – 4pm Mon – Fri PO Box 7591, Garbutt, Townsville, QLD 4818 07 4774 5075 The Lillywhite Hotel Group (LHGroup) is privately owned and operated by Reg & Ann Lillywh","Medium","Review whether this is company or person phone before saving."
"94","phone_candidate","69","AU-0454","Contact us – Lillywhite Hotel Group","https://lillywhitehotelgroup.com.au/contact-us/","1","","phone","07 4774 6322","Home Contact us Bohle Barn Bruce Highway, (Cnr Shaw Road), Bohle, Via Townsville, Q 4818 07 4774 6322 bohlebarn@lhgroup.com.au SUN – THURS 10am – 2am, FRI – SAT 10am – 4am (Bar 2am / Gaming 4","Medium","Review whether this is company or person phone before saving."
"94","phone_candidate","69","AU-0454","Contact us – Lillywhite Hotel Group","https://lillywhitehotelgroup.com.au/contact-us/","1","","phone","07 4775 5005","our website Riverview Tavern 247- 251 Riverside Boulevard, Douglas, Townsville, QLD 4814 07 4775 5005 riverviewtav@lhgroup.com.au 10 am – 1 am – 7 days per week Visit our website Bushland Bea","Medium","Review whether this is company or person phone before saving."
"94","phone_candidate","69","AU-0454","Contact us – Lillywhite Hotel Group","https://lillywhitehotelgroup.com.au/contact-us/","1","","phone","07 4778 1804","ays a week Visit our website Hotel Stuart 322 Stuart Drive, Wulguru, Townsville, QLD 4814 07 4778 1804 stuarthotel@lhgroup.com.au 10am-12 midnight 7 days a week Visit our website Sovereign Tav","Medium","Review whether this is company or person phone before saving."
"94","phone_candidate","69","AU-0454","Contact us – Lillywhite Hotel Group","https://lillywhitehotelgroup.com.au/contact-us/","1","","phone","07 4787 3077","days a week Visit our website Sovereign Tavern 180 Gill Street, Charters Towers, QLD 4820 07 4787 3077 sovereigntav@lhgroup.com.au Gaming and Bar: 10am -12pm 7 days Bistro: 11.30am – 2pm 7 day","Medium","Review whether this is company or person phone before saving."
"88","team_or_about_page","69","AU-0454","Contact us – Lillywhite Hotel Group","https://lillywhitehotelgroup.com.au","9","https://lillywhitehotelgroup.com.au/about-us/ | https://lillywhitehotelgroup.com.au/contact-us/","team_link","https://lillywhitehotelgroup.com.au/about-us/","https://lillywhitehotelgroup.com.au/about-us/","Medium","Review linked page for contact/form/KP details."
"72","company_contact_page","69","AU-0454","Contact us – Lillywhite Hotel Group","https://lillywhitehotelgroup.com.au","9","https://lillywhitehotelgroup.com.au/about-us/ | https://lillywhitehotelgroup.com.au/contact-us/","contact_link","https://lillywhitehotelgroup.com.au/contact-us/","https://lillywhitehotelgroup.com.au/contact-us/","Medium","Review linked page for contact/form/KP details."
"50","kp_context_hint","69","AU-0454","Contact us – Lillywhite Hotel Group","https://lillywhitehotelgroup.com.au/about-us/","1","","role_context","people","d and operated hotels since 1987 and has gradually built up its portfolio over the years. LHG employs approximately 265 people February 1987 –Purchased the Graham and Royal Hotels in Mareeba in partnership with Jim & Margaret Barlow. May 1988 –Purchased Bohle Barn Hotel, Townsville January 1989 –Sol","Low","Use as a page-level KP hint; confirm person name/title before saving."
"13","technical_status","69","AU-0454","Contact us – Lillywhite Hotel Group","https://lillywhitehotelgroup.com.au","1","","fetch_status","https://lillywhitehotelgroup.com.au","","High","Fetch status: 200. Use only if page fetched successfully."
"13","technical_status","69","AU-0454","Contact us – Lillywhite Hotel Group","https://lillywhitehotelgroup.com.au/about-us/","1","","fetch_status","https://lillywhitehotelgroup.com.au/about-us/","","High","Fetch status: 200. Use only if page fetched successfully."
"13","technical_status","69","AU-0454","Contact us – Lillywhite Hotel Group","https://lillywhitehotelgroup.com.au/contact-us/","1","","fetch_status","https://lillywhitehotelgroup.com.au/contact-us/","","High","Fetch status: 200. Use only if page fetched successfully."
"94","phone_candidate","70","AU-0455","Contact Us — MALONEY HOTELS","https://maloneyhotels.com.au","6","https://www.maloneyhotels.com.au/about-1 | https://www.maloneyhotels.com.au/about-us","phone","02 9267 6364","About Page Maloney Hotel Group Level 2, 127 Liverpool Street , Sydney NSW 2000, Australia 02 9267 6364 Hours Shark Hotel Building level 2,127 Liverpool Street, Sydney NSW 2000","Medium","Review whether this is company or person phone before saving."
"88","team_or_about_page","70","AU-0455","Contact Us — MALONEY HOTELS","https://maloneyhotels.com.au","6","https://www.maloneyhotels.com.au/about-1 | https://www.maloneyhotels.com.au/about-us","team_link","https://www.maloneyhotels.com.au/about-1","About","Medium","Review linked page for contact/form/KP details."
"88","team_or_about_page","70","AU-0455","Contact Us — MALONEY HOTELS","https://maloneyhotels.com.au","3","https://www.maloneyhotels.com.au/about-1 | https://www.maloneyhotels.com.au/about-us","team_link","https://www.maloneyhotels.com.au/about-us","OUR HOTELS","Medium","Review linked page for contact/form/KP details."
"88","team_or_about_page","70","AU-0455","Contact Us — MALONEY HOTELS","https://maloneyhotels.com.au","6","https://www.maloneyhotels.com.au/about-1 | https://www.maloneyhotels.com.au/about-us","team_link","https://www.maloneyhotels.com.au/hotelbondi","ABOUT US","Medium","Review linked page for contact/form/KP details."
"88","team_or_about_page","70","AU-0455","Contact Us — MALONEY HOTELS","https://maloneyhotels.com.au","8","https://www.maloneyhotels.com.au/about-1 | https://www.maloneyhotels.com.au/about-us","team_link","https://www.maloneyhotels.com.au/maloneyshotel-about","ABOUT US","Medium","Review linked page for contact/form/KP details."
"88","team_or_about_page","70","AU-0455","Contact Us — MALONEY HOTELS","https://maloneyhotels.com.au","6","https://www.maloneyhotels.com.au/about-1 | https://www.maloneyhotels.com.au/about-us","team_link","https://www.maloneyhotels.com.au/sanctuaryhotel","ABOUT US","Medium","Review linked page for contact/form/KP details."
"88","team_or_about_page","70","AU-0455","Contact Us — MALONEY HOTELS","https://maloneyhotels.com.au","6","https://www.maloneyhotels.com.au/about-1 | https://www.maloneyhotels.com.au/about-us","team_link","https://www.maloneyhotels.com.au/sharkhotel","ABOUT US","Medium","Review linked page for contact/form/KP details."
"88","team_or_about_page","70","AU-0455","Contact Us — MALONEY HOTELS","https://maloneyhotels.com.au","6","https://www.maloneyhotels.com.au/about-1 | https://www.maloneyhotels.com.au/about-us","team_link","https://www.maloneyhotels.com.au/space-nightclub","ABOUT US","Medium","Review linked page for contact/form/KP details."
"88","team_or_about_page","70","AU-0455","Contact Us — MALONEY HOTELS","https://maloneyhotels.com.au","6","https://www.maloneyhotels.com.au/about-1 | https://www.maloneyhotels.com.au/about-us","team_link","https://www.maloneyhotels.com.au/theclockhotel","ABOUT US","Medium","Review linked page for contact/form/KP details."
"72","company_contact_page","70","AU-0455","Contact Us — MALONEY HOTELS","https://maloneyhotels.com.au","6","https://www.maloneyhotels.com.au/about-1 | https://www.maloneyhotels.com.au/about-us","contact_link","https://www.maloneyhotels.com.au/contact","Contact","Medium","Review linked page for contact/form/KP details."
"72","events_or_functions_contact","70","AU-0455","Contact Us — MALONEY HOTELS","https://maloneyhotels.com.au","3","https://www.maloneyhotels.com.au/about-1 | https://www.maloneyhotels.com.au/about-us","contact_link","https://www.maloneyhotels.com.au/functions","FUNCTIONS","Medium","Review linked page for contact/form/KP details."
"72","events_or_functions_contact","70","AU-0455","Contact Us — MALONEY HOTELS","https://maloneyhotels.com.au","6","https://www.maloneyhotels.com.au/about-1 | https://www.maloneyhotels.com.au/about-us","contact_link","https://www.maloneyhotels.com.au/functions-events","Functions + Events","Medium","Review linked page for contact/form/KP details."
"72","events_or_functions_contact","70","AU-0455","Contact Us — MALONEY HOTELS","https://maloneyhotels.com.au","6","https://www.maloneyhotels.com.au/about-1 | https://www.maloneyhotels.com.au/about-us","contact_link","https://www.maloneyhotels.com.au/functions-events-1","functions + Events","Medium","Review linked page for contact/form/KP details."
"72","events_or_functions_contact","70","AU-0455","Contact Us — MALONEY HOTELS","https://maloneyhotels.com.au","6","https://www.maloneyhotels.com.au/about-1 | https://www.maloneyhotels.com.au/about-us","contact_link","https://www.maloneyhotels.com.au/functions-events-2","Functions + Events","Medium","Review linked page for contact/form/KP details."
"72","events_or_functions_contact","70","AU-0455","Contact Us — MALONEY HOTELS","https://maloneyhotels.com.au","6","https://www.maloneyhotels.com.au/about-1 | https://www.maloneyhotels.com.au/about-us","contact_link","https://www.maloneyhotels.com.au/functions-events-3","functions + Events","Medium","Review linked page for contact/form/KP details."
"72","events_or_functions_contact","70","AU-0455","Contact Us — MALONEY HOTELS","https://maloneyhotels.com.au","6","https://www.maloneyhotels.com.au/about-1 | https://www.maloneyhotels.com.au/about-us","contact_link","https://www.maloneyhotels.com.au/functions-events-5","Functions + Events","Medium","Review linked page for contact/form/KP details."
"72","events_or_functions_contact","70","AU-0455","Contact Us — MALONEY HOTELS","https://maloneyhotels.com.au","6","https://www.maloneyhotels.com.au/about-1 | https://www.maloneyhotels.com.au/about-us","contact_link","https://www.maloneyhotels.com.au/functions-pack-clock-1","FUNCTIONS PACK - CLOCK (QLD)","Medium","Review linked page for contact/form/KP details."
"72","events_or_functions_contact","70","AU-0455","Contact Us — MALONEY HOTELS","https://maloneyhotels.com.au","6","https://www.maloneyhotels.com.au/about-1 | https://www.maloneyhotels.com.au/about-us","contact_link","https://www.maloneyhotels.com.au/functions-pack-clock-1-1","functions + Events","Medium","Review linked page for contact/form/KP details."
"72","events_or_functions_contact","70","AU-0455","Contact Us — MALONEY HOTELS","https://maloneyhotels.com.au","6","https://www.maloneyhotels.com.au/about-1 | https://www.maloneyhotels.com.au/about-us","contact_link","https://www.maloneyhotels.com.au/functions-sydney","FUNCTIONS PACK - SYDNEY","Medium","Review linked page for contact/form/KP details."
"50","kp_context_hint","70","AU-0455","Contact Us — MALONEY HOTELS","https://maloneyhotels.com.au","3","https://www.maloneyhotels.com.au/about-1 | https://www.maloneyhotels.com.au/about-us","role_context","events","ers Privacy Policy RSA Back Event Spaces FUNCTIONS PACK - SYDNEY FUNCTIONS PACK - CLOCK (QLD) Back ABOUT US Functions + Events Accommodation What's On Drink + Dine Specials Back ABOUT US functions + Events WHAT'S ON Drink + Dine Specials Back ABOUT US Functions + Events What's On Drink + Dine Specia","Low","Use as a page-level KP hint; confirm person name/title before saving."
"13","technical_status","70","AU-0455","Contact Us — MALONEY HOTELS","https://maloneyhotels.com.au","1","","fetch_status","https://maloneyhotels.com.au","","High","Fetch status: 200. Use only if page fetched successfully."
"13","technical_status","70","AU-0455","Contact Us — MALONEY HOTELS","https://www.maloneyhotels.com.au/about-1","1","","fetch_status","https://www.maloneyhotels.com.au/about-1","","High","Fetch status: 200. Use only if page fetched successfully."
"13","technical_status","70","AU-0455","Contact Us — MALONEY HOTELS","https://www.maloneyhotels.com.au/about-us","1","","fetch_status","https://www.maloneyhotels.com.au/about-us","","High","Fetch status: 200. Use only if page fetched successfully."
"72","events_or_functions_contact","71","AU-0456","Contact Us | The Grace Hotel Sydney","https://gracehotel.com.au","2","https://www.gracehotel.com.au/meetings-events","contact_link","https://www.gracehotel.com.au/meetings-events","Find out more","Medium","Review linked page for contact/form/KP details."
"72","events_or_functions_contact","71","AU-0456","Contact Us | The Grace Hotel Sydney","https://www.gracehotel.com.au/meetings-events","1","","contact_link","https://www.gracehotel.com.au/meetings-events/meetings-events-request","Enquire Now","Medium","Review linked page for contact/form/KP details."
"50","kp_context_hint","71","AU-0456","Contact Us | The Grace Hotel Sydney","https://gracehotel.com.au","2","https://www.gracehotel.com.au/meetings-events","role_context","events","table king-sized bed plus two single beds and lots of natural light... Read more Loading Rates from Book Now Meetings & Events We’ll help you get it done right Find out more Room Offers Discover our current special rates and exclusive packages Find out more Dining Enjoy a variety of dining options a","Low","Use as a page-level KP hint; confirm person name/title before saving."
"13","technical_status","71","AU-0456","Contact Us | The Grace Hotel Sydney","https://gracehotel.com.au","1","","fetch_status","https://gracehotel.com.au","","High","Fetch status: 200. Use only if page fetched successfully."
"13","technical_status","71","AU-0456","Contact Us | The Grace Hotel Sydney","https://www.gracehotel.com.au/meetings-events","1","","fetch_status","https://www.gracehotel.com.au/meetings-events","","High","Fetch status: 200. Use only if page fetched successfully."
"114","department_or_company_email","72","AU-0457","Firebird — Commune Group","https://www.communegroup.com.au/bookings","1","","email","functions@communegroup.com.au","Enquire","High","Mailto link; save with source/confidence note and review again before outreach."
"102","official_form_candidate","72","AU-0457","Firebird — Commune Group","https://communegroup.com.au","2","","contact_form","https://communegroup.com.au","contact_form form method=POST action=current page Sign up with your email address to receive news, events and updates First Name Last Name Email Address Submit Thank you!","High","Official page contains a form; save as company_contact_form_url only if it is a contact/enquiry form, not only a booking widget."
"72","company_contact_page","72","AU-0457","Firebird — Commune Group","https://communegroup.com.au","5","https://www.communegroup.com.au/bookings","contact_link","https://www.communegroup.com.au/bookings","Book Online","Medium","Review linked page for contact/form/KP details."
"72","company_contact_page","72","AU-0457","Firebird — Commune Group","https://communegroup.com.au","6","https://www.communegroup.com.au/bookings","contact_link","https://www.communegroup.com.au/contact","Contact","Medium","Review linked page for contact/form/KP details."
"72","events_or_functions_contact","72","AU-0457","Firebird — Commune Group","https://communegroup.com.au","3","https://www.communegroup.com.au/bookings","contact_link","https://www.communegroup.com.au/functions","Functions","Medium","Review linked page for contact/form/KP details."
"70","company_linkedin","72","AU-0457","Firebird — Commune Group","https://communegroup.com.au","3","https://www.communegroup.com.au/bookings","company_linkedin_url","https://www.linkedin.com/company/commune-group","LinkedIn","Low","Use as a manual LinkedIn review URL; do not treat as verified direct contact until person/company fit is confirmed."
"60","kp_context_hint","72","AU-0457","Firebird — Commune Group","https://communegroup.com.au","3","https://www.communegroup.com.au/bookings","role_context","owner","nction Upgrade T&Cs COMMUNE GROUP ACKNOWLEDGES THE WURUNDJERI WOI WURRUNG PEOPLE OF THE KULIN NATION AS THE TRADITIONAL OWNERS OF THE LAND ON WHICH WE LIVE AND WORK AND PAY OUR RESPECTS TO ELDERS PAST, PRESENT AND FUTURE.","Low","Use as a page-level KP hint; confirm person name/title before saving."
"50","kp_context_hint","72","AU-0457","Firebird — Commune Group","https://communegroup.com.au","2","","role_context","events","5:30pm. Bookings recommended, walk-in’s welcome. SEE WHAT'S ON sign up Sign up with your email address to receive news, events and updates First Name Last Name Email Address Submit Thank you! Studio Amaro New Quarter Firebird Tokyo Tina Tokyo Private Hanoi Hannah Moonhouse Subscribe Contact Careers","Low","Use as a page-level KP hint; confirm person name/title before saving."
"50","kp_context_hint","72","AU-0457","Firebird — Commune Group","https://communegroup.com.au","3","https://www.communegroup.com.au/bookings","role_context","people","- $50 per person Set menu for sharing — a rotating protein, two sides, dessert, and a glass of wine each, (Based on two people). Every Tuesday night. SEE WHAT’S ON FISH NIGHT AT MOONHOUSE - EVERY WEDNESDAY Market fresh fish, two sides, all for $30 per person. Every Wednesday night at Moonhouse, from","Low","Use as a page-level KP hint; confirm person name/title before saving."
"50","kp_context_hint","72","AU-0457","Firebird — Commune Group","https://www.communegroup.com.au/bookings","1","","role_context","team","oup Melbourne Book online: we take bookings online for groups up to 14. for anything else please email our reservations team. see you soon. STUDIO AMARO MOONHOUSE New Quarter Firebird Tokyo Tina Tokyo Private HANOI HANNAH: VOL.II EXPRESS LANE Enquire Studio Amaro New Quarter Firebird Tokyo Tina Toky","Low","Use as a page-level KP hint; confirm person name/title before saving."
"13","technical_status","72","AU-0457","Firebird — Commune Group","https://communegroup.com.au","2","","fetch_status","https://communegroup.com.au","","High","Fetch status: 200. Use only if page fetched successfully."
"13","technical_status","72","AU-0457","Firebird — Commune Group","https://www.communegroup.com.au/bookings","1","","fetch_status","https://www.communegroup.com.au/bookings","","High","Fetch status: 200. Use only if page fetched successfully."
"94","phone_candidate","73","AU-0458","RG Restaurants | Essendon Fields","https://ef.com.au","3","https://ef.com.au/about-us/ | https://ef.com.au/about-us/community-engagement/","phone","+61 3 9948 9400","BSCRIBE TO OUR NEWSLETTER Close Newsletter Sign Up SUBSCRIBE TO OUR NEWSLETTER Contact Us +61 3 9948 9400 Essendon Fields HQ Level 2, 7 English Street ESSENDON FIELDS, VIC, 3041 Get in touch Priv","Medium","Review whether this is company or person phone before saving."
"89","possible_key_person","73","AU-0458","RG Restaurants | Essendon Fields","https://ef.com.au/about-us/community-engagement/","1","","key_person_name","Round One","projects: ediately surrounding suburbs. Find out more about Round One projects here , Round Two projects here and Round Three projects here . In 2024, to better address","Medium","Person name found near 'projects' role. Verify person/company fit before saving to contacts."
"89","possible_key_person","73","AU-0458","RG Restaurants | Essendon Fields","https://ef.com.au/about-us/community-engagement/","1","","key_person_name","Round Three","projects: d One projects here , Round Two projects here and Round Three projects here . In 2024, to better address community need and align with Essendon Fields values of","Medium","Person name found near 'projects' role. Verify person/company fit before saving to contacts."
"89","possible_key_person","73","AU-0458","RG Restaurants | Essendon Fields","https://ef.com.au/about-us/community-engagement/","1","","key_person_name","Round Two","projects: bs. Find out more about Round One projects here , Round Two projects here and Round Three projects here . In 2024, to better address community need and align w","Medium","Person name found near 'projects' role. Verify person/company fit before saving to contacts."
"89","possible_key_person","73","AU-0458","RG Restaurants | Essendon Fields","https://ef.com.au","3","https://ef.com.au/about-us/ | https://ef.com.au/about-us/community-engagement/","key_person_name","Textron Aviation","leadership: addition of Strathmore… Find out more Exclusive: Textron Aviation leadership previews new maintenance hangar at Essendon Fields March 11, 2026 Published on Australia","Medium","Person name found near 'leadership' role. Verify person/company fit before saving to contacts."
"89","possible_key_person","73","AU-0458","RG Restaurants | Essendon Fields","https://ef.com.au","3","https://ef.com.au/about-us/ | https://ef.com.au/about-us/community-engagement/","key_person_name","Tours Airways Museum","operations: rking & Transport Adventure Tours & Charters Golf Tours Airways Museum Operations Airport Operations Airside Identification Requirements Airside Access Emergency Services","Medium","Person name found near 'operations' role. Verify person/company fit before saving to contacts."
"88","team_or_about_page","73","AU-0458","RG Restaurants | Essendon Fields","https://ef.com.au","4","https://ef.com.au/about-us/ | https://ef.com.au/about-us/community-engagement/","team_link","https://ef.com.au/about-us/","LEARN MORE","Medium","Review linked page for contact/form/KP details."
"88","team_or_about_page","73","AU-0458","RG Restaurants | Essendon Fields","https://ef.com.au","5","https://ef.com.au/about-us/ | https://ef.com.au/about-us/community-engagement/","team_link","https://ef.com.au/about-us/community-engagement/","https://ef.com.au/about-us/community-engagement/","Medium","Review linked page for contact/form/KP details."
"88","team_or_about_page","73","AU-0458","RG Restaurants | Essendon Fields","https://ef.com.au/about-us/community-engagement/","1","","team_link","https://ef.com.au/about-us/fundraising/","APPLY NOW","Medium","Review linked page for contact/form/KP details."
"88","team_or_about_page","73","AU-0458","RG Restaurants | Essendon Fields","https://ef.com.au","5","https://ef.com.au/about-us/ | https://ef.com.au/about-us/community-engagement/","team_link","https://ef.com.au/about-us/history/","https://ef.com.au/about-us/history/","Medium","Review linked page for contact/form/KP details."
"88","team_or_about_page","73","AU-0458","RG Restaurants | Essendon Fields","https://ef.com.au","5","https://ef.com.au/about-us/ | https://ef.com.au/about-us/community-engagement/","team_link","https://ef.com.au/about-us/management-team/","https://ef.com.au/about-us/management-team/","Medium","Review linked page for contact/form/KP details."
"88","team_or_about_page","73","AU-0458","RG Restaurants | Essendon Fields","https://ef.com.au","5","https://ef.com.au/about-us/ | https://ef.com.au/about-us/community-engagement/","team_link","https://ef.com.au/about-us/master-plan/","https://ef.com.au/about-us/master-plan/","Medium","Review linked page for contact/form/KP details."
"88","team_or_about_page","73","AU-0458","RG Restaurants | Essendon Fields","https://ef.com.au","5","https://ef.com.au/about-us/ | https://ef.com.au/about-us/community-engagement/","team_link","https://ef.com.au/about-us/sustainability/","https://ef.com.au/about-us/sustainability/","Medium","Review linked page for contact/form/KP details."
"88","team_or_about_page","73","AU-0458","RG Restaurants | Essendon Fields","https://ef.com.au","5","https://ef.com.au/about-us/ | https://ef.com.au/about-us/community-engagement/","team_link","https://ef.com.au/about-us/vision-purpose/","https://ef.com.au/about-us/vision-purpose/","Medium","Review linked page for contact/form/KP details."
"88","team_or_about_page","73","AU-0458","RG Restaurants | Essendon Fields","https://ef.com.au","3","https://ef.com.au/about-us/ | https://ef.com.au/about-us/community-engagement/","team_link","https://ef.com.au/textron-hangar83-exclusive-behindthescenes/","Exclusive: Textron Aviation leadership previews new maintenance hangar at Essendon Fields","Medium","Review linked page for contact/form/KP details."
"72","company_contact_page","73","AU-0458","RG Restaurants | Essendon Fields","https://ef.com.au","1","","contact_link","https://ef.com.au/airport/regional-flights/","Book Now","Medium","Review linked page for contact/form/KP details."
"72","company_contact_page","73","AU-0458","RG Restaurants | Essendon Fields","https://ef.com.au","6","https://ef.com.au/about-us/ | https://ef.com.au/about-us/community-engagement/","contact_link","https://ef.com.au/contact/","Get in touch","Medium","Review linked page for contact/form/KP details."
"72","company_contact_page","73","AU-0458","RG Restaurants | Essendon Fields","https://ef.com.au","3","https://ef.com.au/about-us/ | https://ef.com.au/about-us/community-engagement/","contact_link","https://ef.com.au/contact/aircraft-noise/","Aircraft Noise","Medium","Review linked page for contact/form/KP details."
"72","company_contact_page","73","AU-0458","RG Restaurants | Essendon Fields","https://ef.com.au","3","https://ef.com.au/about-us/ | https://ef.com.au/about-us/community-engagement/","contact_link","https://ef.com.au/contact/filming-and-photography/","Filming & Photography","Medium","Review linked page for contact/form/KP details."
"72","company_contact_page","73","AU-0458","RG Restaurants | Essendon Fields","https://ef.com.au","4","https://ef.com.au/about-us/ | https://ef.com.au/about-us/community-engagement/","contact_link","https://ef.com.au/contact/getting-here/","GETTING TO EF AIRPORT","Medium","Review linked page for contact/form/KP details."
"72","events_or_functions_contact","73","AU-0458","RG Restaurants | Essendon Fields","https://ef.com.au","3","https://ef.com.au/about-us/ | https://ef.com.au/about-us/community-engagement/","contact_link","https://ef.com.au/explore/hospitality/hyatt-place-hotel/","Hyatt Place Hotel & Events","Medium","Review linked page for contact/form/KP details."
"70","company_linkedin","73","AU-0458","RG Restaurants | Essendon Fields","https://ef.com.au","3","https://ef.com.au/about-us/ | https://ef.com.au/about-us/community-engagement/","company_linkedin_url","https://www.linkedin.com/company/essendon-fields","https://www.linkedin.com/company/essendon-fields","Low","Use as a manual LinkedIn review URL; do not treat as verified direct contact until person/company fit is confirmed."
"70","company_linkedin","73","AU-0458","RG Restaurants | Essendon Fields","https://ef.com.au","6","https://ef.com.au/about-us/ | https://ef.com.au/about-us/community-engagement/","company_linkedin_url","https://www.linkedin.com/company/essendonfieldshq/","https://www.linkedin.com/company/essendonfieldshq/","Low","Use as a manual LinkedIn review URL; do not treat as verified direct contact until person/company fit is confirmed."
"60","kp_context_hint","73","AU-0458","RG Restaurants | Essendon Fields","https://ef.com.au","3","https://ef.com.au/about-us/ | https://ef.com.au/about-us/community-engagement/","role_context","director","rs & Charters Airways Museum Shopping & Retail Essendon Fields Central DFO Essendon & Homemaker Centre LaManna Business Directory Staff Benefits News What’s On ABOUT US History Management Team Community Engagement Sustainability Master Plan Vision & Purpose CONTACT US Getting Here Aircraft Noise Fil","Low","Use as a page-level KP hint; confirm person name/title before saving."
"60","kp_context_hint","73","AU-0458","RG Restaurants | Essendon Fields","https://ef.com.au","3","https://ef.com.au/about-us/ | https://ef.com.au/about-us/community-engagement/","role_context","management","ields Central DFO Essendon & Homemaker Centre LaManna Business Directory Staff Benefits News What’s On ABOUT US History Management Team Community Engagement Sustainability Master Plan Vision & Purpose CONTACT US Getting Here Aircraft Noise Filming & Photography Search Facebook Linkedin Instagram You","Low","Use as a page-level KP hint; confirm person name/title before saving."
"60","kp_context_hint","73","AU-0458","RG Restaurants | Essendon Fields","https://ef.com.au","3","https://ef.com.au/about-us/ | https://ef.com.au/about-us/community-engagement/","role_context","owner","n to Zeekr’s all‑electric lineup, advanced design philosophy and technology‑led approach, while providing a streamlined ownership experience from first enquiry… Find out more Suspension of regular passenger flights between Essendon Fields Airport and King Island. April 29, 2026 After more than 11 ye","Low","Use as a page-level KP hint; confirm person name/title before saving."
"60","kp_context_hint","73","AU-0458","RG Restaurants | Essendon Fields","https://ef.com.au","3","https://ef.com.au/about-us/ | https://ef.com.au/about-us/community-engagement/","role_context","staff","ers Airways Museum Shopping & Retail Essendon Fields Central DFO Essendon & Homemaker Centre LaManna Business Directory Staff Benefits News What’s On ABOUT US History Management Team Community Engagement Sustainability Master Plan Vision & Purpose CONTACT US Getting Here Aircraft Noise Filming & Pho","Low","Use as a page-level KP hint; confirm person name/title before saving."
"60","kp_context_hint","73","AU-0458","RG Restaurants | Essendon Fields","https://ef.com.au","3","https://ef.com.au/about-us/ | https://ef.com.au/about-us/community-engagement/","role_context","team","al DFO Essendon & Homemaker Centre LaManna Business Directory Staff Benefits News What’s On ABOUT US History Management Team Community Engagement Sustainability Master Plan Vision & Purpose CONTACT US Getting Here Aircraft Noise Filming & Photography Search Facebook Linkedin Instagram YouTube https:","Low","Use as a page-level KP hint; confirm person name/title before saving."
"50","kp_context_hint","73","AU-0458","RG Restaurants | Essendon Fields","https://ef.com.au","3","https://ef.com.au/about-us/ | https://ef.com.au/about-us/community-engagement/","role_context","events","hcare Beauty Services Hospitality & Leisure EF Central Dining iFLY Bounce Inc. Basq Essendon Fields Hyatt Place Hotel & Events The Landing Place Melbourne Mr McCracken Restaurant Adventure Tours & Charters Airways Museum Shopping & Retail Essendon Fields Central DFO Essendon & Homemaker Centre LaMan","Low","Use as a page-level KP hint; confirm person name/title before saving."
"50","kp_context_hint","73","AU-0458","RG Restaurants | Essendon Fields","https://ef.com.au","3","https://ef.com.au/about-us/ | https://ef.com.au/about-us/community-engagement/","role_context","leadership","upported the Airport West Juniors since 2018, and the addition of Strathmore… Find out more Exclusive: Textron Aviation leadership previews new maintenance hangar at Essendon Fields March 11, 2026 Published on Australian Aviation Tuesday 11 March 2026. Essendon Fields Airport recently welcomed senio","Low","Use as a page-level KP hint; confirm person name/title before saving."
"50","kp_context_hint","73","AU-0458","RG Restaurants | Essendon Fields","https://ef.com.au","3","https://ef.com.au/about-us/ | https://ef.com.au/about-us/community-engagement/","role_context","operations","ube Search AIRPORT Passengers Regional Flights Parking & Transport Adventure Tours & Charters Golf Tours Airways Museum Operations Airport Operations Airside Identification Requirements Airside Access Emergency Services AIRPORT Passengers Regional Flights Parking & Transport Adventure Tours & Charte","Low","Use as a page-level KP hint; confirm person name/title before saving."
"50","kp_context_hint","73","AU-0458","RG Restaurants | Essendon Fields","https://ef.com.au/about-us/community-engagement/","1","","role_context","people","porting community organisations, groups and individuals in our neighboring suburbs. We developed the program to support people who continue to make the local area a great place to live, work and play, and since its launch, over $200,000 in grants have been paid to organisations in our immediately su","Low","Use as a page-level KP hint; confirm person name/title before saving."
"50","kp_context_hint","73","AU-0458","RG Restaurants | Essendon Fields","https://ef.com.au","2","https://ef.com.au/about-us/community-engagement/","role_context","projects","UT MORE From community events to sales and special offers, there’s something for everyone. Building for the Future VIEW PROJECTS Delivering a world class aviation, employment and community precinct for Melbourne’s Northwest. Home Base for Heroes FIND OUT MORE Melbourne's emergency services air wings","Low","Use as a page-level KP hint; confirm person name/title before saving."
"13","technical_status","73","AU-0458","RG Restaurants | Essendon Fields","https://ef.com.au","1","","fetch_status","https://ef.com.au","","High","Fetch status: 200. Use only if page fetched successfully."
"13","technical_status","73","AU-0458","RG Restaurants | Essendon Fields","https://ef.com.au/about-us/","1","","fetch_status","https://ef.com.au/about-us/","","High","Fetch status: 200. Use only if page fetched successfully."
"13","technical_status","73","AU-0458","RG Restaurants | Essendon Fields","https://ef.com.au/about-us/community-engagement/","1","","fetch_status","https://ef.com.au/about-us/community-engagement/","","High","Fetch status: 200. Use only if page fetched successfully."
"102","official_form_candidate","74","AU-0459","Restaurant Group PLC (LON:RTN) - Share Price - Intelligent Investor","https://www.intelligentinvestor.com.au/etf/compare-top-performing-exchange-traded-funds","1","","contact_form","https://www.intelligentinvestor.com.au/etf/compare-top-performing-exchange-traded-funds","contact_form form method=post action=/etf/compare-top-performing-exchange-traded-funds Overview Fund Details Returns Asset Allocation Income Flows Volatility Code Security Name Geographic Focus Asset Class MER Market Cap ($m) Management Type InvestSMART Rating Yield 1Yr Return 1Yr Return 3Yr (p.a.) 28BB Betashares 2028 Fixed Term Corporate Bond Active ETF Australia Fixed Income & Cash 0.22% 6 Active ETF 4.1% 2.5% n/a 29BB Betashares 2029 Fixed Term Corporate Bond Active ETF Australia Fixed Incom","High","Official page contains a form; save as company_contact_form_url only if it is a contact/enquiry form, not only a booking widget."
"89","possible_key_person","74","AU-0459","Restaurant Group PLC (LON:RTN) - Share Price - Intelligent Investor","https://intelligentinvestor.com.au","2","https://www.intelligentinvestor.com.au/etf/compare-top-performing-exchange-traded-funds","key_person_name","Economics Weekend Briefing","ceo: stor Research Recommendations Ideas Lab Markets & Economics Weekend Briefing CEO Interviews Income Portfolio Growth Portfolio Ethical Portfolio Select Value Portfolio Investmen","Medium","Person name found near 'ceo' role. Verify person/company fit before saving to contacts."
"89","possible_key_person","74","AU-0459","Restaurant Group PLC (LON:RTN) - Share Price - Intelligent Investor","https://intelligentinvestor.com.au","2","https://www.intelligentinvestor.com.au/etf/compare-top-performing-exchange-traded-funds","key_person_name","Fund Article Archive","events: sights Top Performing Funds ASX ETFs Compare Your Fund Article Archive Events Investing Bootcamp Test Your Invest Smarts Quiz Fundlater How it works Investment Options Ho","Medium","Person name found near 'events' role. Verify person/company fit before saving to contacts."
"89","possible_key_person","74","AU-0459","Restaurant Group PLC (LON:RTN) - Share Price - Intelligent Investor","https://www.intelligentinvestor.com.au/etf/compare-top-performing-exchange-traded-funds","1","","key_person_name","Magellan Asset","management: AASF Airlie Australian Share Fund (Managed Fund) Magellan Asset Management Limited 31 May 2018 Active ETF Offers investors the opportunity to invest in a specialis","Medium","Person name found near 'management' role. Verify person/company fit before saving to contacts."
"89","possible_key_person","74","AU-0459","Restaurant Group PLC (LON:RTN) - Share Price - Intelligent Investor","https://www.intelligentinvestor.com.au/etf/compare-top-performing-exchange-traded-funds","1","","key_person_name","Schroder Investment","management: PH Schroder Global Equity Alpha Fund - Active ETF Schroder Investment Management Australia 4 Dec 2024 Active ETF The Fund is actively managed and invests in listed equit","Medium","Person name found near 'management' role. Verify person/company fit before saving to contacts."
"70","company_linkedin","74","AU-0459","Restaurant Group PLC (LON:RTN) - Share Price - Intelligent Investor","https://intelligentinvestor.com.au","2","https://www.intelligentinvestor.com.au/etf/compare-top-performing-exchange-traded-funds","company_linkedin_url","https://www.linkedin.com/company/investsmart-financial-services-pty-ltd/","","Low","Use as a manual LinkedIn review URL; do not treat as verified direct contact until person/company fit is confirmed."
"66","supplier_or_procurement_page","74","AU-0459","Restaurant Group PLC (LON:RTN) - Share Price - Intelligent Investor","https://intelligentinvestor.com.au","15","https://www.intelligentinvestor.com.au/etf/compare-top-performing-exchange-traded-funds","supplier_link","https://www.intelligentinvestor.com.au/etf/compare-top-performing-exchange-traded-funds","Exchange Traded Funds","Medium","Review linked page for contact/form/KP details."
"66","supplier_or_procurement_page","74","AU-0459","Restaurant Group PLC (LON:RTN) - Share Price - Intelligent Investor","https://www.intelligentinvestor.com.au/etf/compare-top-performing-exchange-traded-funds","1","","supplier_link","https://www.intelligentinvestor.com.au/etf/top-performing-exchange-traded-funds","Top ETFs","Medium","Review linked page for contact/form/KP details."
"66","supplier_or_procurement_page","74","AU-0459","Restaurant Group PLC (LON:RTN) - Share Price - Intelligent Investor","https://www.intelligentinvestor.com.au/etf/compare-top-performing-exchange-traded-funds","1","","supplier_link","https://www.intelligentinvestor.com.au/intelligent-investor-membership?returnUrl=%2Fetf%2Fcompare-top-performing-exchange-traded-funds","Log in","Medium","Review linked page for contact/form/KP details."
"60","kp_context_hint","74","AU-0459","Restaurant Group PLC (LON:RTN) - Share Price - Intelligent Investor","https://intelligentinvestor.com.au","2","https://www.intelligentinvestor.com.au/etf/compare-top-performing-exchange-traded-funds","role_context","director","ect Value Share Fund (ASX:IISV) Eureka Asset-backed Loan Fund InvestSMART Portfolios Tools Tools Share Prices Dividends Director Interests ASX Announcements Price-sensitive ASX Announcements Managed Funds Exchange Traded Funds Listed Investment Companies Hybrid Securities ASX 200 Pricing Experts Nat","Low","Use as a page-level KP hint; confirm person name/title before saving."
"50","kp_context_hint","74","AU-0459","Restaurant Group PLC (LON:RTN) - Share Price - Intelligent Investor","https://intelligentinvestor.com.au","2","https://www.intelligentinvestor.com.au/etf/compare-top-performing-exchange-traded-funds","role_context","ceo","Model Portfolios Income Portfolio Growth Portfolio Ethical Portfolio Select Value Portfolio Markets & Economics Latest CEO Interviews Weekend Briefing Talking Finance Market Watch Money Cafe Latest Recommendations Buy / Hold / Sell Ideas Lab Alerts Stock Take Podcasts The Big Read Weekly Review Spe","Low","Use as a page-level KP hint; confirm person name/title before saving."
"50","kp_context_hint","74","AU-0459","Restaurant Group PLC (LON:RTN) - Share Price - Intelligent Investor","https://intelligentinvestor.com.au","2","https://www.intelligentinvestor.com.au/etf/compare-top-performing-exchange-traded-funds","role_context","events","h Protection Investment Portfolios Capped fees Insights Top Performing Funds ASX ETFs Compare Your Fund Article Archive Events Investing Bootcamp Test Your Invest Smarts Quiz Fundlater How it works Investment Options How we invest Learning Centre Intelligent Investor Research Recommendations Ideas L","Low","Use as a page-level KP hint; confirm person name/title before saving."
"50","kp_context_hint","74","AU-0459","Restaurant Group PLC (LON:RTN) - Share Price - Intelligent Investor","https://intelligentinvestor.com.au","2","https://www.intelligentinvestor.com.au/etf/compare-top-performing-exchange-traded-funds","role_context","management","e - Australia Dollar Fixed Income - Fixed Term Fixed Income - Global Mixed Asset Property - Australia Property - Global Management Type All Active ETF ETF InvestSMART Rating Any 5 Stars 4 Stars & above 4 Stars 3 Stars & above 3 Stars 2 Stars & above 2 Stars 1 Star & Above 1 Star Unrated Yield 1Yr (%","Low","Use as a page-level KP hint; confirm person name/title before saving."
"50","kp_context_hint","74","AU-0459","Restaurant Group PLC (LON:RTN) - Share Price - Intelligent Investor","https://www.intelligentinvestor.com.au/etf/compare-top-performing-exchange-traded-funds","1","","role_context","operations","n) or companies that derive a significant proportion of their revenues or profits from Asia countries (excluding Japan) operations; or have significant proportion of their assets there. The Fund is actively managed. ASIA BetaShares Asia Technology Tigers ETF BetaShares Capital Ltd 18 Sep 2018 ETF Th","Low","Use as a page-level KP hint; confirm person name/title before saving."
"50","kp_context_hint","74","AU-0459","Restaurant Group PLC (LON:RTN) - Share Price - Intelligent Investor","https://www.intelligentinvestor.com.au/etf/compare-top-performing-exchange-traded-funds","1","","role_context","people","oin ETFs it is only a matter of time before they are approved on the ASX. Ron Hodge, InvestSMART CEO, foresees a lot of people making money, but they won't be the investors. What is an ETF? Exchange Traded Funds (ETFs) continue to grow in popularity with recent data showing $127 billion has been inv","Low","Use as a page-level KP hint; confirm person name/title before saving."
"50","kp_context_hint","74","AU-0459","Restaurant Group PLC (LON:RTN) - Share Price - Intelligent Investor","https://www.intelligentinvestor.com.au/etf/compare-top-performing-exchange-traded-funds","1","","role_context","team",". Airlie assesses companies in the investment universe on 4 key criteria: financial strength, quality of the management team, quality of the business & valuation. ACDC Global X Battery Tech & Lithium ETF ANZ ETFS Management (AUS) Ltd 30 Aug 2018 ETF The Fund will attempt to (before fees and expenses","Low","Use as a page-level KP hint; confirm person name/title before saving."
"13","technical_status","74","AU-0459","Restaurant Group PLC (LON:RTN) - Share Price - Intelligent Investor","https://intelligentinvestor.com.au","1","","fetch_status","https://intelligentinvestor.com.au","","High","Fetch status: 200. Use only if page fetched successfully."
"13","technical_status","74","AU-0459","Restaurant Group PLC (LON:RTN) - Share Price - Intelligent Investor","https://www.intelligentinvestor.com.au/etf/compare-top-performing-exchange-traded-funds","1","","fetch_status","https://www.intelligentinvestor.com.au/etf/compare-top-performing-exchange-traded-funds","","High","Fetch status: 200. Use only if page fetched successfully."
"108","possible_key_person_linkedin","75","AU-0460","Matthews Hospitality","https://www.matthewshospitality.com.au/our-team","1","","key_person_linkedin_url","https://www.linkedin.com/in/andrew-kemp-18038b55/","","Medium","Use as a manual LinkedIn review URL; do not treat as verified direct contact until person/company fit is confirmed."
"108","possible_key_person_linkedin","75","AU-0460","Matthews Hospitality","https://www.matthewshospitality.com.au/our-team","1","","key_person_linkedin_url","https://www.linkedin.com/in/brad-m-624b4916/","","Medium","Use as a manual LinkedIn review URL; do not treat as verified direct contact until person/company fit is confirmed."
"108","possible_key_person_linkedin","75","AU-0460","Matthews Hospitality","https://www.matthewshospitality.com.au/our-team","1","","key_person_linkedin_url","https://www.linkedin.com/in/graham-vasileff-88b5289/","","Medium","Use as a manual LinkedIn review URL; do not treat as verified direct contact until person/company fit is confirmed."
"108","possible_key_person_linkedin","75","AU-0460","Matthews Hospitality","https://www.matthewshospitality.com.au/our-team","1","","key_person_linkedin_url","https://www.linkedin.com/in/katysargent","","Medium","Use as a manual LinkedIn review URL; do not treat as verified direct contact until person/company fit is confirmed."
"108","possible_key_person_linkedin","75","AU-0460","Matthews Hospitality","https://www.matthewshospitality.com.au/our-team","1","","key_person_linkedin_url","https://www.linkedin.com/in/lee-cook-88170016b","","Medium","Use as a manual LinkedIn review URL; do not treat as verified direct contact until person/company fit is confirmed."
"108","possible_key_person_linkedin","75","AU-0460","Matthews Hospitality","https://www.matthewshospitality.com.au/our-team","1","","key_person_linkedin_url","https://www.linkedin.com/in/lisa-matthews-65a36325","","Medium","Use as a manual LinkedIn review URL; do not treat as verified direct contact until person/company fit is confirmed."
"108","possible_key_person_linkedin","75","AU-0460","Matthews Hospitality","https://www.matthewshospitality.com.au/our-team","1","","key_person_linkedin_url","https://www.linkedin.com/in/max-v-7488a0326/","","Medium","Use as a manual LinkedIn review URL; do not treat as verified direct contact until person/company fit is confirmed."
"108","possible_key_person_linkedin","75","AU-0460","Matthews Hospitality","https://www.matthewshospitality.com.au/our-team","1","","key_person_linkedin_url","https://www.linkedin.com/in/michael-lane-69072a38/","","Medium","Use as a manual LinkedIn review URL; do not treat as verified direct contact until person/company fit is confirmed."
"108","possible_key_person_linkedin","75","AU-0460","Matthews Hospitality","https://www.matthewshospitality.com.au/our-team","1","","key_person_linkedin_url","https://www.linkedin.com/in/naomi-dunn-3325211ba/","","Medium","Use as a manual LinkedIn review URL; do not treat as verified direct contact until person/company fit is confirmed."
"108","possible_key_person_linkedin","75","AU-0460","Matthews Hospitality","https://www.matthewshospitality.com.au/our-team","1","","key_person_linkedin_url","https://www.linkedin.com/in/simon-black-b8790157/","","Medium","Use as a manual LinkedIn review URL; do not treat as verified direct contact until person/company fit is confirmed."
"108","possible_key_person_linkedin","75","AU-0460","Matthews Hospitality","https://www.matthewshospitality.com.au/our-team","1","","key_person_linkedin_url","https://www.linkedin.com/in/thomas-vasileff-2a2a76139/","","Medium","Use as a manual LinkedIn review URL; do not treat as verified direct contact until person/company fit is confirmed."
"88","team_or_about_page","75","AU-0460","Matthews Hospitality","https://matthewshospitality.com.au","9","https://www.matthewshospitality.com.au/contact | https://www.matthewshospitality.com.au/our-team","team_link","https://www.matthewshospitality.com.au/our-team","Our team","Medium","Review linked page for contact/form/KP details."
"72","company_contact_page","75","AU-0460","Matthews Hospitality","https://matthewshospitality.com.au","9","https://www.matthewshospitality.com.au/contact | https://www.matthewshospitality.com.au/our-team","contact_link","https://www.matthewshospitality.com.au/contact","Contact","Medium","Review linked page for contact/form/KP details."
"60","kp_context_hint","75","AU-0460","Matthews Hospitality","https://www.matthewshospitality.com.au/our-team","1","","role_context","ceo","AHAM VASILEFF DIRECTOR MAX VASILEFF DIRECTOR TOM VASILEFF DIRECTOR COLLEEN MAIDMENT DIRECTOR EXECUTIVE TEAM ANDREW KEMP CEO LEE COOK GENERAL MANAGER OF HOSPITALITY KATY SARGENT MANAGER OF PEOPLE & CULTURE SIMON BLACK GENERAL MANAGER OF FINANCE CRISTIAN CARBONE KITCHEN OPERATIONS MANAGER NAOMI DUNN V","Low","Use as a page-level KP hint; confirm person name/title before saving."
"60","kp_context_hint","75","AU-0460","Matthews Hospitality","https://www.matthewshospitality.com.au/our-team","1","","role_context","director","ccommodation Our team Press Jobs Contact Open Menu Close Menu Venues Accommodation Our team Press Jobs Contact BOARD OF DIRECTORS MICHAEL LANE CHAIRPERSON LISA MATTHEWS DIRECTOR GRAHAM VASILEFF DIRECTOR MAX VASILEFF DIRECTOR TOM VASILEFF DIRECTOR COLLEEN MAIDMENT DIRECTOR EXECUTIVE TEAM ANDREW KEMP","Low","Use as a page-level KP hint; confirm person name/title before saving."
"60","kp_context_hint","75","AU-0460","Matthews Hospitality","https://www.matthewshospitality.com.au/our-team","1","","role_context","general manager","DIRECTOR MAX VASILEFF DIRECTOR TOM VASILEFF DIRECTOR COLLEEN MAIDMENT DIRECTOR EXECUTIVE TEAM ANDREW KEMP CEO LEE COOK GENERAL MANAGER OF HOSPITALITY KATY SARGENT MANAGER OF PEOPLE & CULTURE SIMON BLACK GENERAL MANAGER OF FINANCE CRISTIAN CARBONE KITCHEN OPERATIONS MANAGER NAOMI DUNN VENUE OPERATIO","Low","Use as a page-level KP hint; confirm person name/title before saving."
"60","kp_context_hint","75","AU-0460","Matthews Hospitality","https://www.matthewshospitality.com.au/our-team","1","","role_context","operations","OF HOSPITALITY KATY SARGENT MANAGER OF PEOPLE & CULTURE SIMON BLACK GENERAL MANAGER OF FINANCE CRISTIAN CARBONE KITCHEN OPERATIONS MANAGER NAOMI DUNN VENUE OPERATIONS MANAGER TRISTAN GUESS BEVERAGE OPERATIONS MANAGER GROUP PROJECT, IT & MAINTENANCE MANAGER BRAD MILLS First Floor, 67 Phillis St, Mayl","Low","Use as a page-level KP hint; confirm person name/title before saving."
"50","kp_context_hint","75","AU-0460","Matthews Hospitality","https://matthewshospitality.com.au","3","https://www.matthewshospitality.com.au/contact | https://www.matthewshospitality.com.au/our-team","role_context","people","OLLEEN MAIDMENT DIRECTOR EXECUTIVE TEAM ANDREW KEMP CEO LEE COOK GENERAL MANAGER OF HOSPITALITY KATY SARGENT MANAGER OF PEOPLE & CULTURE SIMON BLACK GENERAL MANAGER OF FINANCE CRISTIAN CARBONE KITCHEN OPERATIONS MANAGER NAOMI DUNN VENUE OPERATIONS MANAGER TRISTAN GUESS BEVERAGE OPERATIONS MANAGER GR","Low","Use as a page-level KP hint; confirm person name/title before saving."
"50","kp_context_hint","75","AU-0460","Matthews Hospitality","https://matthewshospitality.com.au","3","https://www.matthewshospitality.com.au/contact | https://www.matthewshospitality.com.au/our-team","role_context","team","Contact — Matthews Hospitality 0 Skip to Content Venues Accommodation Our team Press Jobs Contact Open Menu Close Menu Venues Accommodation Our team Press Jobs Contact Open Menu Close Menu Venues Accommodation Our team Press Jobs Contact GET IN TOUCH WE’","Low","Use as a page-level KP hint; confirm person name/title before saving."
"13","technical_status","75","AU-0460","Matthews Hospitality","https://matthewshospitality.com.au","1","","fetch_status","https://matthewshospitality.com.au","","High","Fetch status: 200. Use only if page fetched successfully."
"13","technical_status","75","AU-0460","Matthews Hospitality","https://www.matthewshospitality.com.au/contact","1","","fetch_status","https://www.matthewshospitality.com.au/contact","","High","Fetch status: 200. Use only if page fetched successfully."
"13","technical_status","75","AU-0460","Matthews Hospitality","https://www.matthewshospitality.com.au/our-team","1","","fetch_status","https://www.matthewshospitality.com.au/our-team","","High","Fetch status: 200. Use only if page fetched successfully."
"98","phone_candidate","76","AU-0461","Function & Event Venues For Corporate Events & Weddings","https://thefreshcollective.com.au","3","https://thefreshcollective.com.au/about-the-fresh-collective/ | https://thefreshcollective.com.au/catering/","phone","+61283993055","02 8399 3055","High","Tel link; save with source/confidence note and review again before outreach."
"88","team_or_about_page","76","AU-0461","Function & Event Venues For Corporate Events & Weddings","https://thefreshcollective.com.au","10","https://thefreshcollective.com.au/about-the-fresh-collective/ | https://thefreshcollective.com.au/catering/","team_link","https://thefreshcollective.com.au/about-the-fresh-collective/","About Fresh","Medium","Review linked page for contact/form/KP details."
"88","team_or_about_page","76","AU-0461","Function & Event Venues For Corporate Events & Weddings","https://thefreshcollective.com.au","7","https://thefreshcollective.com.au/about-the-fresh-collective/ | https://thefreshcollective.com.au/catering/","team_link","https://thefreshcollective.com.au/our-team/","The Team","Medium","Review linked page for contact/form/KP details."
"72","company_contact_page","76","AU-0461","Function & Event Venues For Corporate Events & Weddings","https://thefreshcollective.com.au","3","https://thefreshcollective.com.au/about-the-fresh-collective/ | https://thefreshcollective.com.au/catering/","contact_link","https://thefreshcollective.com.au/contact/","Contact","Medium","Review linked page for contact/form/KP details."
"72","company_contact_page","76","AU-0461","Function & Event Venues For Corporate Events & Weddings","https://thefreshcollective.com.au","15","https://thefreshcollective.com.au/about-the-fresh-collective/ | https://thefreshcollective.com.au/catering/","contact_link","https://thefreshcollective.com.au/enquiry/","Enquire","Medium","Review linked page for contact/form/KP details."
"72","events_or_functions_contact","76","AU-0461","Function & Event Venues For Corporate Events & Weddings","https://thefreshcollective.com.au","1","","contact_link","https://thefreshcollective.com.au/catering/","Catering and Events","Medium","Review linked page for contact/form/KP details."
"72","events_or_functions_contact","76","AU-0461","Function & Event Venues For Corporate Events & Weddings","https://thefreshcollective.com.au","6","https://thefreshcollective.com.au/about-the-fresh-collective/ | https://thefreshcollective.com.au/catering/","contact_link","https://thefreshcollective.com.au/catering/major-events/","Major Events","Medium","Review linked page for contact/form/KP details."
"72","events_or_functions_contact","76","AU-0461","Function & Event Venues For Corporate Events & Weddings","https://thefreshcollective.com.au","1","","contact_link","https://thefreshcollective.com.au/corporate-events/","Discover More","Medium","Review linked page for contact/form/KP details."
"72","events_or_functions_contact","76","AU-0461","Function & Event Venues For Corporate Events & Weddings","https://thefreshcollective.com.au","10","https://thefreshcollective.com.au/about-the-fresh-collective/ | https://thefreshcollective.com.au/catering/","contact_link","https://thefreshcollective.com.au/events/","EXPLORE ALL EVENTS","Medium","Review linked page for contact/form/KP details."
"72","events_or_functions_contact","76","AU-0461","Function & Event Venues For Corporate Events & Weddings","https://thefreshcollective.com.au","6","https://thefreshcollective.com.au/about-the-fresh-collective/ | https://thefreshcollective.com.au/catering/","contact_link","https://thefreshcollective.com.au/events/brisbane/","Brisbane","Medium","Review linked page for contact/form/KP details."
"72","events_or_functions_contact","76","AU-0461","Function & Event Venues For Corporate Events & Weddings","https://thefreshcollective.com.au","6","https://thefreshcollective.com.au/about-the-fresh-collective/ | https://thefreshcollective.com.au/catering/","contact_link","https://thefreshcollective.com.au/events/canberra/","Canberra","Medium","Review linked page for contact/form/KP details."
"72","events_or_functions_contact","76","AU-0461","Function & Event Venues For Corporate Events & Weddings","https://thefreshcollective.com.au","6","https://thefreshcollective.com.au/about-the-fresh-collective/ | https://thefreshcollective.com.au/catering/","contact_link","https://thefreshcollective.com.au/events/melbourne/","Melbourne","Medium","Review linked page for contact/form/KP details."
"72","events_or_functions_contact","76","AU-0461","Function & Event Venues For Corporate Events & Weddings","https://thefreshcollective.com.au","6","https://thefreshcollective.com.au/about-the-fresh-collective/ | https://thefreshcollective.com.au/catering/","contact_link","https://thefreshcollective.com.au/events/sydney/","Sydney","Medium","Review linked page for contact/form/KP details."
"70","company_linkedin","76","AU-0461","Function & Event Venues For Corporate Events & Weddings","https://thefreshcollective.com.au","3","https://thefreshcollective.com.au/about-the-fresh-collective/ | https://thefreshcollective.com.au/catering/","company_linkedin_url","https://www.linkedin.com/company/the-fresh-collective","LinkedIn","Low","Use as a manual LinkedIn review URL; do not treat as verified direct contact until person/company fit is confirmed."
"66","supplier_or_procurement_page","76","AU-0461","Function & Event Venues For Corporate Events & Weddings","https://thefreshcollective.com.au","12","https://thefreshcollective.com.au/about-the-fresh-collective/ | https://thefreshcollective.com.au/catering/","supplier_link","https://thefreshcollective.com.au/partners/","Chef Ambassadors","Medium","Review linked page for contact/form/KP details."
"66","supplier_or_procurement_page","76","AU-0461","Function & Event Venues For Corporate Events & Weddings","https://thefreshcollective.com.au","6","https://thefreshcollective.com.au/about-the-fresh-collective/ | https://thefreshcollective.com.au/catering/","supplier_link","https://thefreshcollective.com.au/suppliers/","Suppliers","Medium","Review linked page for contact/form/KP details."
"50","kp_context_hint","76","AU-0461","Function & Event Venues For Corporate Events & Weddings","https://thefreshcollective.com.au/catering/","1","","role_context","culinary","trained, in-house chefs craft menus that are contemporary, bold, and thoughtfully tailored to each event. Elevating our culinary approach even further, we partner with a range of celebrity chefs and brands including Chef Matt Moran. These partnerships allow us to offer unique event experiences and a","Low","Use as a page-level KP hint; confirm person name/title before saving."
"50","kp_context_hint","76","AU-0461","Function & Event Venues For Corporate Events & Weddings","https://thefreshcollective.com.au","3","https://thefreshcollective.com.au/about-the-fresh-collective/ | https://thefreshcollective.com.au/catering/","role_context","events","The Fresh Collective - Catering - The Fresh Collective Menu Close Venues Catering About Fresh Events Catering Venues DELIVERED Fresh Chef Ambassadors Careers Enquire About Fresh About Contract & Office Catering Major Events Partners Suppliers The Team Cafés All Cafés & Stor","Low","Use as a page-level KP hint; confirm person name/title before saving."
"50","kp_context_hint","76","AU-0461","Function & Event Venues For Corporate Events & Weddings","https://thefreshcollective.com.au","2","https://thefreshcollective.com.au/about-the-fresh-collective/","role_context","management","t services The Fresh Collective has broad experience of working in partnership with iconic brands providing operational management for a number of restaurant and bar concepts in Brisbane, Canberra, Melbourne and Sydney . The Fresh Collective currently manages a portfolio of restaurants and bars incl","Low","Use as a page-level KP hint; confirm person name/title before saving."
"50","kp_context_hint","76","AU-0461","Function & Event Venues For Corporate Events & Weddings","https://thefreshcollective.com.au","2","https://thefreshcollective.com.au/about-the-fresh-collective/","role_context","people","d Sydney. Catering and Events Restaurants and Bars Who We Are At The Fresh Collective, we create experiences that bring people together. For over 25 years, we’ve been passionate about exceptional dining and thoughtful event catering, making every occasion feel memorable and personal. Founded by Pete","Low","Use as a page-level KP hint; confirm person name/title before saving."
"50","kp_context_hint","76","AU-0461","Function & Event Venues For Corporate Events & Weddings","https://thefreshcollective.com.au","3","https://thefreshcollective.com.au/about-the-fresh-collective/ | https://thefreshcollective.com.au/catering/","role_context","staff","LL EVENTS Corporate Events From critical boardroom meetings and dynamic product launches to major client receptions and staff celebrations, your corporate function is an extension of your brand. We provide exceptional venues and full-service event management to ensure every detail aligns with your o","Low","Use as a page-level KP hint; confirm person name/title before saving."
"50","kp_context_hint","76","AU-0461","Function & Event Venues For Corporate Events & Weddings","https://thefreshcollective.com.au","3","https://thefreshcollective.com.au/about-the-fresh-collective/ | https://thefreshcollective.com.au/catering/","role_context","team","Fresh Chef Ambassadors Careers Enquire About Fresh About Contract & Office Catering Major Events Partners Suppliers The Team Cafés All Cafés & Stores &Sando ACMI Café + Bar Billabong Waterhole Café Muse KIOSK L'Americano Market Café Portrait Café The Gallery Café Catering All Catering Catering Brisb","Low","Use as a page-level KP hint; confirm person name/title before saving."
"13","technical_status","76","AU-0461","Function & Event Venues For Corporate Events & Weddings","https://thefreshcollective.com.au","1","","fetch_status","https://thefreshcollective.com.au","","High","Fetch status: 200. Use only if page fetched successfully."
"13","technical_status","76","AU-0461","Function & Event Venues For Corporate Events & Weddings","https://thefreshcollective.com.au/about-the-fresh-collective/","1","","fetch_status","https://thefreshcollective.com.au/about-the-fresh-collective/","","High","Fetch status: 200. Use only if page fetched successfully."
"13","technical_status","76","AU-0461","Function & Event Venues For Corporate Events & Weddings","https://thefreshcollective.com.au/catering/","1","","fetch_status","https://thefreshcollective.com.au/catering/","","High","Fetch status: 200. Use only if page fetched successfully."
"102","official_form_candidate","77","AU-0462","Function Rooms Adelaide | Venues for Parties & Events","https://eventscene.com.au","3","https://www.eventscene.com.au/ | https://www.eventscene.com.au//supplier-listing-category/event-styling-decorations-props-hire/","contact_form","https://www.eventscene.com.au/my-account/lost-password/?template=default","contact_form form method=post action=https://www.eventscene.com.au/my-account/lost-password/?template=default Username or Email Get New Password Cancel","High","Official page contains a form; save as company_contact_form_url only if it is a contact/enquiry form, not only a booking widget."
"102","official_form_candidate","77","AU-0462","Function Rooms Adelaide | Venues for Parties & Events","https://eventscene.com.au","6","https://www.eventscene.com.au/ | https://www.eventscene.com.au//supplier-listing-category/event-styling-decorations-props-hire/","contact_form","https://www.eventscene.com.au/wp-login.php?template=default","contact_form form method=post action=https://www.eventscene.com.au/wp-login.php?action=register&template=default Username Email address Only fill in if you are not human A password will be e-mailed to you. Register Already have an account? Log in","High","Official page contains a form; save as company_contact_form_url only if it is a contact/enquiry form, not only a booking widget."
"89","possible_key_person","77","AU-0462","Function Rooms Adelaide | Venues for Parties & Events","https://eventscene.com.au","3","https://www.eventscene.com.au/ | https://www.eventscene.com.au//supplier-listing-category/event-styling-decorations-props-hire/","key_person_name","Event Suppliers","director: e Birthday Party Venue Adelaide Function Venues & Event Suppliers Directory Venue Hire for Weddings, Parties & Private Dining Discover top venues for weddings birthd","Medium","Person name found near 'director' role. Verify person/company fit before saving to contacts."
"89","possible_key_person","77","AU-0462","Function Rooms Adelaide | Venues for Parties & Events","https://eventscene.com.au","3","https://www.eventscene.com.au/ | https://www.eventscene.com.au//supplier-listing-category/event-styling-decorations-props-hire/","key_person_name","Trusted Venue","director: es in Adelaide Hills Who We Are South Australia’s Trusted Venue Directory Since 2010 Our Story Event Scene has been connecting people with Adelaide’s best venues s","Medium","Person name found near 'director' role. Verify person/company fit before saving to contacts."
"72","events_or_functions_contact","77","AU-0462","Function Rooms Adelaide | Venues for Parties & Events","https://eventscene.com.au","3","https://www.eventscene.com.au/ | https://www.eventscene.com.au//supplier-listing-category/event-styling-decorations-props-hire/","contact_link","https://www.eventscene.com.au/","https://www.eventscene.com.au/","Medium","Review linked page for contact/form/KP details."
"72","events_or_functions_contact","77","AU-0462","Function Rooms Adelaide | Venues for Parties & Events","https://eventscene.com.au","3","https://www.eventscene.com.au/ | https://www.eventscene.com.au//supplier-listing-category/event-styling-decorations-props-hire/","contact_link","https://www.eventscene.com.au//supplier-listing-category/event-styling-decorations-props-hire/","furniture","Medium","Review linked page for contact/form/KP details."
"72","events_or_functions_contact","77","AU-0462","Function Rooms Adelaide | Venues for Parties & Events","https://eventscene.com.au","3","https://www.eventscene.com.au/ | https://www.eventscene.com.au//supplier-listing-category/event-styling-decorations-props-hire/","contact_link","https://www.eventscene.com.au/about-supplier-listings/","Add Supplier Listing","Medium","Review linked page for contact/form/KP details."
"72","events_or_functions_contact","77","AU-0462","Function Rooms Adelaide | Venues for Parties & Events","https://eventscene.com.au","3","https://www.eventscene.com.au/ | https://www.eventscene.com.au//supplier-listing-category/event-styling-decorations-props-hire/","contact_link","https://www.eventscene.com.au/about-us/","About Us","Medium","Review linked page for contact/form/KP details."
"72","events_or_functions_contact","77","AU-0462","Function Rooms Adelaide | Venues for Parties & Events","https://eventscene.com.au","3","https://www.eventscene.com.au/ | https://www.eventscene.com.au//supplier-listing-category/event-styling-decorations-props-hire/","contact_link","https://www.eventscene.com.au/about-venue-listings/","Add Venue Listing","Medium","Review linked page for contact/form/KP details."
"72","events_or_functions_contact","77","AU-0462","Function Rooms Adelaide | Venues for Parties & Events","https://eventscene.com.au","6","https://www.eventscene.com.au/ | https://www.eventscene.com.au//supplier-listing-category/event-styling-decorations-props-hire/","contact_link","https://www.eventscene.com.au/contact/","Contact Event Scene","Medium","Review linked page for contact/form/KP details."
"72","events_or_functions_contact","77","AU-0462","Function Rooms Adelaide | Venues for Parties & Events","https://eventscene.com.au","3","https://www.eventscene.com.au/ | https://www.eventscene.com.au//supplier-listing-category/event-styling-decorations-props-hire/","contact_link","https://www.eventscene.com.au/event-style-news/","News","Medium","Review linked page for contact/form/KP details."
"72","events_or_functions_contact","77","AU-0462","Function Rooms Adelaide | Venues for Parties & Events","https://eventscene.com.au","6","https://www.eventscene.com.au/ | https://www.eventscene.com.au//supplier-listing-category/event-styling-decorations-props-hire/","contact_link","https://www.eventscene.com.au/function-venues-adelaide-listings/100-military-rd-west-lakes-shore-5020-oar/","https://www.eventscene.com.au/function-venues-adelaide-listings/100-military-rd-west-lakes-shore-5020-oar/","Medium","Review linked page for contact/form/KP details."
"72","events_or_functions_contact","77","AU-0462","Function Rooms Adelaide | Venues for Parties & Events","https://eventscene.com.au","6","https://www.eventscene.com.au/ | https://www.eventscene.com.au//supplier-listing-category/event-styling-decorations-props-hire/","contact_link","https://www.eventscene.com.au/function-venues-adelaide-listings/128-rundle-mall-adelaide-hotel-richmond-3/","https://www.eventscene.com.au/function-venues-adelaide-listings/128-rundle-mall-adelaide-hotel-richmond-3/","Medium","Review linked page for contact/form/KP details."
"72","events_or_functions_contact","77","AU-0462","Function Rooms Adelaide | Venues for Parties & Events","https://eventscene.com.au","3","https://www.eventscene.com.au/ | https://www.eventscene.com.au//supplier-listing-category/event-styling-decorations-props-hire/","contact_link","https://www.eventscene.com.au/function-venues-adelaide-listings/136-greenhill-road-unley-whistle-flute/","https://www.eventscene.com.au/function-venues-adelaide-listings/136-greenhill-road-unley-whistle-flute/","Medium","Review linked page for contact/form/KP details."
"72","events_or_functions_contact","77","AU-0462","Function Rooms Adelaide | Venues for Parties & Events","https://eventscene.com.au","6","https://www.eventscene.com.au/ | https://www.eventscene.com.au//supplier-listing-category/event-styling-decorations-props-hire/","contact_link","https://www.eventscene.com.au/function-venues-adelaide-listings/161-oliver-rogers-road-outer-harbor-sa-5018-royal-south-australian-yacht-squadron/","https://www.eventscene.com.au/function-venues-adelaide-listings/161-oliver-rogers-road-outer-harbor-sa-5018-royal-south-australian-yacht-squadron/","Medium","Review linked page for contact/form/KP details."
"72","events_or_functions_contact","77","AU-0462","Function Rooms Adelaide | Venues for Parties & Events","https://eventscene.com.au","6","https://www.eventscene.com.au/ | https://www.eventscene.com.au//supplier-listing-category/event-styling-decorations-props-hire/","contact_link","https://www.eventscene.com.au/function-venues-adelaide-listings/209-glenosmond-road-frewville-coccobello-ristorante-pizzeria/","https://www.eventscene.com.au/function-venues-adelaide-listings/209-glenosmond-road-frewville-coccobello-ristorante-pizzeria/","Medium","Review linked page for contact/form/KP details."
"72","events_or_functions_contact","77","AU-0462","Function Rooms Adelaide | Venues for Parties & Events","https://eventscene.com.au","3","https://www.eventscene.com.au/ | https://www.eventscene.com.au//supplier-listing-category/event-styling-decorations-props-hire/","contact_link","https://www.eventscene.com.au/function-venues-adelaide-listings/226-south-terrace-adelaide-sa-5000-ela-at-hotel-alba/","https://www.eventscene.com.au/function-venues-adelaide-listings/226-south-terrace-adelaide-sa-5000-ela-at-hotel-alba/","Medium","Review linked page for contact/form/KP details."
"72","events_or_functions_contact","77","AU-0462","Function Rooms Adelaide | Venues for Parties & Events","https://eventscene.com.au","6","https://www.eventscene.com.au/ | https://www.eventscene.com.au//supplier-listing-category/event-styling-decorations-props-hire/","contact_link","https://www.eventscene.com.au/function-venues-adelaide-listings/288-north-terrace-adelaide-sa-5000-ayers-house-events-bar-dining/","https://www.eventscene.com.au/function-venues-adelaide-listings/288-north-terrace-adelaide-sa-5000-ayers-house-events-bar-dining/","Medium","Review linked page for contact/form/KP details."
"72","events_or_functions_contact","77","AU-0462","Function Rooms Adelaide | Venues for Parties & Events","https://eventscene.com.au","3","https://www.eventscene.com.au/ | https://www.eventscene.com.au//supplier-listing-category/event-styling-decorations-props-hire/","contact_link","https://www.eventscene.com.au/function-venues-adelaide-listings/55-frome-street-adelaide-sa-5000-majestic-roof-garden-hotel/","Explore Majestic Roof Garden Adelaide CBD","Medium","Review linked page for contact/form/KP details."
"72","events_or_functions_contact","77","AU-0462","Function Rooms Adelaide | Venues for Parties & Events","https://eventscene.com.au","6","https://www.eventscene.com.au/ | https://www.eventscene.com.au//supplier-listing-category/event-styling-decorations-props-hire/","contact_link","https://www.eventscene.com.au/function-venues-adelaide-listings/78-rundle-street-kent-town-seventy-eight-on-rundle/","https://www.eventscene.com.au/function-venues-adelaide-listings/78-rundle-street-kent-town-seventy-eight-on-rundle/","Medium","Review linked page for contact/form/KP details."
"72","events_or_functions_contact","77","AU-0462","Function Rooms Adelaide | Venues for Parties & Events","https://eventscene.com.au","3","https://www.eventscene.com.au/ | https://www.eventscene.com.au//supplier-listing-category/event-styling-decorations-props-hire/","contact_link","https://www.eventscene.com.au/function-venues-adelaide-listings/9-manton-st-hindmarsh-sa-5007-the-joiners/","https://www.eventscene.com.au/function-venues-adelaide-listings/9-manton-st-hindmarsh-sa-5007-the-joiners/","Medium","Review linked page for contact/form/KP details."
"72","events_or_functions_contact","77","AU-0462","Function Rooms Adelaide | Venues for Parties & Events","https://eventscene.com.au","3","https://www.eventscene.com.au/ | https://www.eventscene.com.au//supplier-listing-category/event-styling-decorations-props-hire/","contact_link","https://www.eventscene.com.au/function-venues-adelaide/","function venues across South Australia","Medium","Review linked page for contact/form/KP details."
"72","events_or_functions_contact","77","AU-0462","Function Rooms Adelaide | Venues for Parties & Events","https://eventscene.com.au","3","https://www.eventscene.com.au/ | https://www.eventscene.com.au//supplier-listing-category/event-styling-decorations-props-hire/","contact_link","https://www.eventscene.com.au/listing-category/adelaide-winery-wedding/","wineries","Medium","Review linked page for contact/form/KP details."
"72","events_or_functions_contact","77","AU-0462","Function Rooms Adelaide | Venues for Parties & Events","https://eventscene.com.au","6","https://www.eventscene.com.au/ | https://www.eventscene.com.au//supplier-listing-category/event-styling-decorations-props-hire/","contact_link","https://www.eventscene.com.au/listing-category/bars-with-function-rooms/","https://www.eventscene.com.au/listing-category/bars-with-function-rooms/","Medium","Review linked page for contact/form/KP details."
"72","events_or_functions_contact","77","AU-0462","Function Rooms Adelaide | Venues for Parties & Events","https://eventscene.com.au","3","https://www.eventscene.com.au/ | https://www.eventscene.com.au//supplier-listing-category/event-styling-decorations-props-hire/","contact_link","https://www.eventscene.com.au/listing-category/birthday-party-venues-adelaide/","birthday parties","Medium","Review linked page for contact/form/KP details."
"72","events_or_functions_contact","77","AU-0462","Function Rooms Adelaide | Venues for Parties & Events","https://eventscene.com.au","9","https://www.eventscene.com.au/ | https://www.eventscene.com.au//supplier-listing-category/event-styling-decorations-props-hire/","contact_link","https://www.eventscene.com.au/listing-category/birthday-party-venues/","https://www.eventscene.com.au/listing-category/birthday-party-venues/","Medium","Review linked page for contact/form/KP details."
"72","events_or_functions_contact","77","AU-0462","Function Rooms Adelaide | Venues for Parties & Events","https://eventscene.com.au","3","https://www.eventscene.com.au/ | https://www.eventscene.com.au//supplier-listing-category/event-styling-decorations-props-hire/","contact_link","https://www.eventscene.com.au/listing-category/boardroom-hire-adelaide/","https://www.eventscene.com.au/listing-category/boardroom-hire-adelaide/","Medium","Review linked page for contact/form/KP details."
"72","events_or_functions_contact","77","AU-0462","Function Rooms Adelaide | Venues for Parties & Events","https://eventscene.com.au","9","https://www.eventscene.com.au/ | https://www.eventscene.com.au//supplier-listing-category/event-styling-decorations-props-hire/","contact_link","https://www.eventscene.com.au/listing-category/budget-wedding-venues-adelaide/","Whistle & Flute Private Dining Rooms or Cocktail Functions","Medium","Review linked page for contact/form/KP details."
"72","events_or_functions_contact","77","AU-0462","Function Rooms Adelaide | Venues for Parties & Events","https://eventscene.com.au","6","https://www.eventscene.com.au/ | https://www.eventscene.com.au//supplier-listing-category/event-styling-decorations-props-hire/","contact_link","https://www.eventscene.com.au/listing-category/christmas-party-venues-adelaide/","https://www.eventscene.com.au/listing-category/christmas-party-venues-adelaide/","Medium","Review linked page for contact/form/KP details."
"72","events_or_functions_contact","77","AU-0462","Function Rooms Adelaide | Venues for Parties & Events","https://eventscene.com.au","3","https://www.eventscene.com.au/ | https://www.eventscene.com.au//supplier-listing-category/event-styling-decorations-props-hire/","contact_link","https://www.eventscene.com.au/listing-category/conference-centre-adelaide/","conference centres","Medium","Review linked page for contact/form/KP details."
"72","events_or_functions_contact","77","AU-0462","Function Rooms Adelaide | Venues for Parties & Events","https://eventscene.com.au","3","https://www.eventscene.com.au/ | https://www.eventscene.com.au//supplier-listing-category/event-styling-decorations-props-hire/","contact_link","https://www.eventscene.com.au/listing-category/corporate-function-venues-adelaide/","corporate events","Medium","Review linked page for contact/form/KP details."
"72","events_or_functions_contact","77","AU-0462","Function Rooms Adelaide | Venues for Parties & Events","https://eventscene.com.au","6","https://www.eventscene.com.au/ | https://www.eventscene.com.au//supplier-listing-category/event-styling-decorations-props-hire/","contact_link","https://www.eventscene.com.au/listing-category/function-rooms-adelaide-cbd/","https://www.eventscene.com.au/listing-category/function-rooms-adelaide-cbd/","Medium","Review linked page for contact/form/KP details."
"72","events_or_functions_contact","77","AU-0462","Function Rooms Adelaide | Venues for Parties & Events","https://eventscene.com.au","3","https://www.eventscene.com.au/ | https://www.eventscene.com.au//supplier-listing-category/event-styling-decorations-props-hire/","contact_link","https://www.eventscene.com.au/listing-category/function-venues-adelaide/","function venues","Medium","Review linked page for contact/form/KP details."
"72","events_or_functions_contact","77","AU-0462","Function Rooms Adelaide | Venues for Parties & Events","https://eventscene.com.au","3","https://www.eventscene.com.au/ | https://www.eventscene.com.au//supplier-listing-category/event-styling-decorations-props-hire/","contact_link","https://www.eventscene.com.au/listing-category/private-dining-adelaide-cbd/","https://www.eventscene.com.au/listing-category/private-dining-adelaide-cbd/","Medium","Review linked page for contact/form/KP details."
"72","events_or_functions_contact","77","AU-0462","Function Rooms Adelaide | Venues for Parties & Events","https://eventscene.com.au","9","https://www.eventscene.com.au/ | https://www.eventscene.com.au//supplier-listing-category/event-styling-decorations-props-hire/","contact_link","https://www.eventscene.com.au/listing-category/private-dining-rooms/","https://www.eventscene.com.au/listing-category/private-dining-rooms/","Medium","Review linked page for contact/form/KP details."
"72","events_or_functions_contact","77","AU-0462","Function Rooms Adelaide | Venues for Parties & Events","https://eventscene.com.au","3","https://www.eventscene.com.au/ | https://www.eventscene.com.au//supplier-listing-category/event-styling-decorations-props-hire/","contact_link","https://www.eventscene.com.au/listing-category/restaurants-with-private-function-rooms/","restaurants","Medium","Review linked page for contact/form/KP details."
"72","events_or_functions_contact","77","AU-0462","Function Rooms Adelaide | Venues for Parties & Events","https://eventscene.com.au","15","https://www.eventscene.com.au/ | https://www.eventscene.com.au//supplier-listing-category/event-styling-decorations-props-hire/","contact_link","https://www.eventscene.com.au/listing-category/unusual-wedding-venues-adelaide/","https://www.eventscene.com.au/listing-category/unusual-wedding-venues-adelaide/","Medium","Review linked page for contact/form/KP details."
"72","events_or_functions_contact","77","AU-0462","Function Rooms Adelaide | Venues for Parties & Events","https://eventscene.com.au","12","https://www.eventscene.com.au/ | https://www.eventscene.com.au//supplier-listing-category/event-styling-decorations-props-hire/","contact_link","https://www.eventscene.com.au/listing-category/wedding-venues-adelaide-south-australia/","https://www.eventscene.com.au/listing-category/wedding-venues-adelaide-south-australia/","Medium","Review linked page for contact/form/KP details."
"72","events_or_functions_contact","77","AU-0462","Function Rooms Adelaide | Venues for Parties & Events","https://eventscene.com.au","3","https://www.eventscene.com.au/ | https://www.eventscene.com.au//supplier-listing-category/event-styling-decorations-props-hire/","contact_link","https://www.eventscene.com.au/listing-category/wedding-venues-adelaide/","weddings","Medium","Review linked page for contact/form/KP details."
"72","events_or_functions_contact","77","AU-0462","Function Rooms Adelaide | Venues for Parties & Events","https://eventscene.com.au","9","https://www.eventscene.com.au/ | https://www.eventscene.com.au//supplier-listing-category/event-styling-decorations-props-hire/","contact_link","https://www.eventscene.com.au/login/","Supplier Log In","Medium","Review linked page for contact/form/KP details."
"72","events_or_functions_contact","77","AU-0462","Function Rooms Adelaide | Venues for Parties & Events","https://eventscene.com.au","3","https://www.eventscene.com.au/ | https://www.eventscene.com.au//supplier-listing-category/event-styling-decorations-props-hire/","contact_link","https://www.eventscene.com.au/my-account/lost-password/?template=default","Lost your password?","Medium","Review linked page for contact/form/KP details."
"72","events_or_functions_contact","77","AU-0462","Function Rooms Adelaide | Venues for Parties & Events","https://eventscene.com.au","3","https://www.eventscene.com.au/ | https://www.eventscene.com.au//supplier-listing-category/event-styling-decorations-props-hire/","contact_link","https://www.eventscene.com.au/supplier-categories/","Supplier Categories","Medium","Review linked page for contact/form/KP details."
"72","events_or_functions_contact","77","AU-0462","Function Rooms Adelaide | Venues for Parties & Events","https://eventscene.com.au","3","https://www.eventscene.com.au/ | https://www.eventscene.com.au//supplier-listing-category/event-styling-decorations-props-hire/","contact_link","https://www.eventscene.com.au/supplier-listing-category/flowers/","florists","Medium","Review linked page for contact/form/KP details."
"72","events_or_functions_contact","77","AU-0462","Function Rooms Adelaide | Venues for Parties & Events","https://eventscene.com.au","3","https://www.eventscene.com.au/ | https://www.eventscene.com.au//supplier-listing-category/event-styling-decorations-props-hire/","contact_link","https://www.eventscene.com.au/supplier-listing-category/live-musical-entertainment/","entertainers","Medium","Review linked page for contact/form/KP details."
"72","events_or_functions_contact","77","AU-0462","Function Rooms Adelaide | Venues for Parties & Events","https://eventscene.com.au","3","https://www.eventscene.com.au/ | https://www.eventscene.com.au//supplier-listing-category/event-styling-decorations-props-hire/","contact_link","https://www.eventscene.com.au/supplier-listing-category/photographers-adelaide/","photographers","Medium","Review linked page for contact/form/KP details."
"72","events_or_functions_contact","77","AU-0462","Function Rooms Adelaide | Venues for Parties & Events","https://eventscene.com.au","3","https://www.eventscene.com.au/ | https://www.eventscene.com.au//supplier-listing-category/event-styling-decorations-props-hire/","contact_link","https://www.eventscene.com.au/supplier-listing-category/portable-shelter-marquees-circus-tents-unique-structures/","marquee hire","Medium","Review linked page for contact/form/KP details."
"72","events_or_functions_contact","77","AU-0462","Function Rooms Adelaide | Venues for Parties & Events","https://eventscene.com.au","3","https://www.eventscene.com.au/ | https://www.eventscene.com.au//supplier-listing-category/event-styling-decorations-props-hire/","contact_link","https://www.eventscene.com.au/venue-categories-adelaide/","Explore Adelaide’s Top Event Venue Categories","Medium","Review linked page for contact/form/KP details."
"72","events_or_functions_contact","77","AU-0462","Function Rooms Adelaide | Venues for Parties & Events","https://eventscene.com.au","3","https://www.eventscene.com.au/ | https://www.eventscene.com.au//supplier-listing-category/event-styling-decorations-props-hire/","contact_link","https://www.eventscene.com.au/wp-login.php?action=register&template=default","Sign up","Medium","Review linked page for contact/form/KP details."
"66","supplier_or_procurement_page","77","AU-0462","Function Rooms Adelaide | Venues for Parties & Events","https://eventscene.com.au","3","https://www.eventscene.com.au/ | https://www.eventscene.com.au//supplier-listing-category/event-styling-decorations-props-hire/","supplier_link","https://www.eventscene.com.au/#","Add a Supplier","Medium","Review linked page for contact/form/KP details."
"66","supplier_or_procurement_page","77","AU-0462","Function Rooms Adelaide | Venues for Parties & Events","https://eventscene.com.au","9","https://www.eventscene.com.au/ | https://www.eventscene.com.au//supplier-listing-category/event-styling-decorations-props-hire/","supplier_link","https://www.eventscene.com.au/event-suppliers-adelaide-listings/","Browse Suppliers","Medium","Review linked page for contact/form/KP details."
"60","kp_context_hint","77","AU-0462","Function Rooms Adelaide | Venues for Parties & Events","https://eventscene.com.au","3","https://www.eventscene.com.au/ | https://www.eventscene.com.au//supplier-listing-category/event-styling-decorations-props-hire/","role_context","director","Hills wedding venues , beachfront locations near Adelaide, or intimate private dining rooms for small celebrations, our directory features wedding venues to suit every couple's vision and budget. Many venues offer flexible features like BYO options, all-inclusive packages, and guest accommodation. F","Low","Use as a page-level KP hint; confirm person name/title before saving."
"60","kp_context_hint","77","AU-0462","Function Rooms Adelaide | Venues for Parties & Events","https://eventscene.com.au","3","https://www.eventscene.com.au/ | https://www.eventscene.com.au//supplier-listing-category/event-styling-decorations-props-hire/","role_context","people","delaide Hills Who We Are South Australia’s Trusted Venue Directory Since 2010 Our Story Event Scene has been connecting people with Adelaide’s best venues since 2010. Over the years, it has helped thousands of locals and visitors discover function rooms Adelaide residents love - from stylish private","Low","Use as a page-level KP hint; confirm person name/title before saving."
"50","kp_context_hint","77","AU-0462","Function Rooms Adelaide | Venues for Parties & Events","https://eventscene.com.au","3","https://www.eventscene.com.au/ | https://www.eventscene.com.au//supplier-listing-category/event-styling-decorations-props-hire/","role_context","events","Function Rooms Adelaide | Venues for Parties & Events Skip to content Browse Venues Browse Venues Explore Adelaide’s Top Event Venue Categories Browse Suppliers Browse Suppliers Supplier Categories Offers News Log in Venue Log","Low","Use as a page-level KP hint; confirm person name/title before saving."
"50","kp_context_hint","77","AU-0462","Function Rooms Adelaide | Venues for Parties & Events","https://eventscene.com.au","3","https://www.eventscene.com.au/ | https://www.eventscene.com.au//supplier-listing-category/event-styling-decorations-props-hire/","role_context","management","e dining spaces to scenic wineries and waterfront venues. Founded by a local with a background in hospitality and event management, Event Scene was created to make it easier for people to find and book function venues across South Australia - without the stress or commission fees. Supporting South A","Low","Use as a page-level KP hint; confirm person name/title before saving."
"50","kp_context_hint","77","AU-0462","Function Rooms Adelaide | Venues for Parties & Events","https://eventscene.com.au","3","https://www.eventscene.com.au/ | https://www.eventscene.com.au//supplier-listing-category/event-styling-decorations-props-hire/","role_context","team","elaide CBD to large conference facilities in the Adelaide Hills, you'll find professional spaces suited to every event. Team Building, Training & Networking Venue Hire Discover venues suited to corporate training sessions, team-building days, networking events, and end-of-year functions. Many offer","Low","Use as a page-level KP hint; confirm person name/title before saving."
"13","technical_status","77","AU-0462","Function Rooms Adelaide | Venues for Parties & Events","https://eventscene.com.au","2","https://www.eventscene.com.au/","fetch_status","https://eventscene.com.au","","High","Fetch status: 200. Use only if page fetched successfully."
"13","technical_status","77","AU-0462","Function Rooms Adelaide | Venues for Parties & Events","https://www.eventscene.com.au//supplier-listing-category/event-styling-decorations-props-hire/","1","","fetch_status","https://www.eventscene.com.au//supplier-listing-category/event-styling-decorations-props-hire/","","High","Fetch status: 200. Use only if page fetched successfully."
"88","team_or_about_page","78","AU-0464","Hawkers Beer, White Bay Brewery join new beverage group - australianbartender.com.au","https://australianbartender.com.au","6","https://australianbartender.com.au/about/ | https://australianbartender.com.au/category/featured/events/","team_link","https://australianbartender.com.au/about/","About","Medium","Review linked page for contact/form/KP details."
"88","team_or_about_page","78","AU-0464","Hawkers Beer, White Bay Brewery join new beverage group - australianbartender.com.au","https://australianbartender.com.au","1","","team_link","https://australianbartender.com.au/category/featured/people/","People","Medium","Review linked page for contact/form/KP details."
"88","team_or_about_page","78","AU-0464","Hawkers Beer, White Bay Brewery join new beverage group - australianbartender.com.au","https://australianbartender.com.au","9","https://australianbartender.com.au/about/ | https://australianbartender.com.au/category/featured/events/","team_link","https://australianbartender.com.au/people/","People","Medium","Review linked page for contact/form/KP details."
"72","company_contact_page","78","AU-0464","Hawkers Beer, White Bay Brewery join new beverage group - australianbartender.com.au","https://australianbartender.com.au","6","https://australianbartender.com.au/about/ | https://australianbartender.com.au/category/featured/events/","contact_link","https://australianbartender.com.au/contact-us/","Contact Us","Medium","Review linked page for contact/form/KP details."
"72","events_or_functions_contact","78","AU-0464","Hawkers Beer, White Bay Brewery join new beverage group - australianbartender.com.au","https://australianbartender.com.au","16","https://australianbartender.com.au/category/featured/events/","contact_link","https://australianbartender.com.au/category/featured/events/","Events","Medium","Review linked page for contact/form/KP details."
"72","events_or_functions_contact","78","AU-0464","Hawkers Beer, White Bay Brewery join new beverage group - australianbartender.com.au","https://australianbartender.com.au","9","https://australianbartender.com.au/about/ | https://australianbartender.com.au/category/featured/events/","contact_link","https://australianbartender.com.au/category/featured/events/barshow/","Sydney Bar Week","Medium","Review linked page for contact/form/KP details."
"72","events_or_functions_contact","78","AU-0464","Hawkers Beer, White Bay Brewery join new beverage group - australianbartender.com.au","https://australianbartender.com.au","2","https://australianbartender.com.au/category/featured/events/","contact_link","https://australianbartender.com.au/category/featured/events/most-influential-list/","Most Influential List","Medium","Review linked page for contact/form/KP details."
"72","events_or_functions_contact","78","AU-0464","Hawkers Beer, White Bay Brewery join new beverage group - australianbartender.com.au","https://australianbartender.com.au","9","https://australianbartender.com.au/about/ | https://australianbartender.com.au/category/featured/events/","contact_link","https://australianbartender.com.au/events/","Events","Medium","Review linked page for contact/form/KP details."
"72","events_or_functions_contact","78","AU-0464","Hawkers Beer, White Bay Brewery join new beverage group - australianbartender.com.au","https://australianbartender.com.au/category/featured/events/","2","","contact_link","https://australianbartender.com.au/events/page/2/","https://australianbartender.com.au/events/page/2/","Medium","Review linked page for contact/form/KP details."
"72","events_or_functions_contact","78","AU-0464","Hawkers Beer, White Bay Brewery join new beverage group - australianbartender.com.au","https://australianbartender.com.au/category/featured/events/","1","","contact_link","https://australianbartender.com.au/events/page/3/","3","Medium","Review linked page for contact/form/KP details."
"72","events_or_functions_contact","78","AU-0464","Hawkers Beer, White Bay Brewery join new beverage group - australianbartender.com.au","https://australianbartender.com.au/category/featured/events/","1","","contact_link","https://australianbartender.com.au/events/page/79/","79","Medium","Review linked page for contact/form/KP details."
"50","kp_context_hint","78","AU-0464","Hawkers Beer, White Bay Brewery join new beverage group - australianbartender.com.au","https://australianbartender.com.au","1","","role_context","ceo","a Masterclasses 2026 Our Sponsors May 28, 2026 Featured , News , People 4 days ago MUCHO Group appoints Daisy Tulley as CEO Alexandra Zinghini May 28, 2026 Cocktail Lists , Featured , News , Venues 5 days ago Melbourne’s Bar Clara reworks signature cocktails for new winter menu Alexandra Zinghini Ma","Low","Use as a page-level KP hint; confirm person name/title before saving."
"50","kp_context_hint","78","AU-0464","Hawkers Beer, White Bay Brewery join new beverage group - australianbartender.com.au","https://australianbartender.com.au","3","https://australianbartender.com.au/about/ | https://australianbartender.com.au/category/featured/events/","role_context","events","m.au Recipes Recipes The Drinks List Bars Features Sydney Bar Week Bar Awards Bartender of the Year People Competitions Events The Business of Bars The Most Influential List Search for: Search for: Recipes Recipes The Drinks List Bars Features Sydney Bar Week Bar Awards Bartender of the Year People","Low","Use as a page-level KP hint; confirm person name/title before saving."
"50","kp_context_hint","78","AU-0464","Hawkers Beer, White Bay Brewery join new beverage group - australianbartender.com.au","https://australianbartender.com.au","3","https://australianbartender.com.au/about/ | https://australianbartender.com.au/category/featured/events/","role_context","people","stralianbartender.com.au Recipes Recipes The Drinks List Bars Features Sydney Bar Week Bar Awards Bartender of the Year People Competitions Events The Business of Bars The Most Influential List Search for: Search for: Recipes Recipes The Drinks List Bars Features Sydney Bar Week Bar Awards Bartender","Low","Use as a page-level KP hint; confirm person name/title before saving."
"13","technical_status","78","AU-0464","Hawkers Beer, White Bay Brewery join new beverage group - australianbartender.com.au","https://australianbartender.com.au","1","","fetch_status","https://australianbartender.com.au","","High","Fetch status: 200. Use only if page fetched successfully."
"13","technical_status","78","AU-0464","Hawkers Beer, White Bay Brewery join new beverage group - australianbartender.com.au","https://australianbartender.com.au/about/","1","","fetch_status","https://australianbartender.com.au/about/","","High","Fetch status: 200. Use only if page fetched successfully."
"13","technical_status","78","AU-0464","Hawkers Beer, White Bay Brewery join new beverage group - australianbartender.com.au","https://australianbartender.com.au/category/featured/events/","1","","fetch_status","https://australianbartender.com.au/category/featured/events/","","High","Fetch status: 200. Use only if page fetched successfully."
"94","phone_candidate","79","AU-0465","News - Bright Brewery | MountainCrafted Beer | Bright","https://brightbrewery.com.au","3","https://brightbrewery.com.au/about/ | https://brightbrewery.com.au/about/bright-elite/","phone","(03) 5755 1346","WFEST Read more Contact 121 Great Alpine Road Bright, Victoria, 3741 (03) 5755 1301 (Bar) (03) 5755 1346 (Office) Contact Us About Us Our Beer Visit Us Shop Now Work For Us Shipping Info Privacy","Medium","Review whether this is company or person phone before saving."
"88","team_or_about_page","79","AU-0465","News - Bright Brewery | MountainCrafted Beer | Bright","https://brightbrewery.com.au","15","https://brightbrewery.com.au/about/ | https://brightbrewery.com.au/about/bright-elite/","team_link","https://brightbrewery.com.au/about/","https://brightbrewery.com.au/about/","Medium","Review linked page for contact/form/KP details."
"88","team_or_about_page","79","AU-0465","News - Bright Brewery | MountainCrafted Beer | Bright","https://brightbrewery.com.au","6","https://brightbrewery.com.au/about/ | https://brightbrewery.com.au/about/bright-elite/","team_link","https://brightbrewery.com.au/about/bright-elite/","https://brightbrewery.com.au/about/bright-elite/","Medium","Review linked page for contact/form/KP details."
"88","team_or_about_page","79","AU-0465","News - Bright Brewery | MountainCrafted Beer | Bright","https://brightbrewery.com.au","9","https://brightbrewery.com.au/about/ | https://brightbrewery.com.au/about/bright-elite/","team_link","https://brightbrewery.com.au/about/jobs/","https://brightbrewery.com.au/about/jobs/","Medium","Review linked page for contact/form/KP details."
"88","team_or_about_page","79","AU-0465","News - Bright Brewery | MountainCrafted Beer | Bright","https://brightbrewery.com.au","6","https://brightbrewery.com.au/about/ | https://brightbrewery.com.au/about/bright-elite/","team_link","https://brightbrewery.com.au/about/sponsorship-and-donations/","https://brightbrewery.com.au/about/sponsorship-and-donations/","Medium","Review linked page for contact/form/KP details."
"72","company_contact_page","79","AU-0465","News - Bright Brewery | MountainCrafted Beer | Bright","https://brightbrewery.com.au","3","https://brightbrewery.com.au/about/ | https://brightbrewery.com.au/about/bright-elite/","contact_link","https://brightbrewery.com.au/about/contact-us/","Contact Us","Medium","Review linked page for contact/form/KP details."
"72","company_contact_page","79","AU-0465","News - Bright Brewery | MountainCrafted Beer | Bright","https://brightbrewery.com.au","18","https://brightbrewery.com.au/about/ | https://brightbrewery.com.au/about/bright-elite/","contact_link","https://brightbrewery.com.au/brewery/table-bookings/","https://brightbrewery.com.au/brewery/table-bookings/","Medium","Review linked page for contact/form/KP details."
"72","events_or_functions_contact","79","AU-0465","News - Bright Brewery | MountainCrafted Beer | Bright","https://brightbrewery.com.au","6","https://brightbrewery.com.au/about/ | https://brightbrewery.com.au/about/bright-elite/","contact_link","https://brightbrewery.com.au/functions-events/","https://brightbrewery.com.au/functions-events/","Medium","Review linked page for contact/form/KP details."
"60","kp_context_hint","79","AU-0465","News - Bright Brewery | MountainCrafted Beer | Bright","https://brightbrewery.com.au","3","https://brightbrewery.com.au/about/ | https://brightbrewery.com.au/about/bright-elite/","role_context","owner","nd wheelchair accessible from the Great Alpine Road. Location Acknowledgement of Country We acknowledge the traditional owners of country throughout Australia and acknowledge their continuing connection to land, waters and community. We pay our respects to the people, the cultures and the elders pas","Low","Use as a page-level KP hint; confirm person name/title before saving."
"50","kp_context_hint","79","AU-0465","News - Bright Brewery | MountainCrafted Beer | Bright","https://brightbrewery.com.au","3","https://brightbrewery.com.au/about/ | https://brightbrewery.com.au/about/bright-elite/","role_context","events","Qs Beer Our Beers Infinite Barrel Works Project Our Brewers Visit Table Bookings Menu Brewery Tours Functions What’s On Events Darker Days Community Keg News Locals’ Club Work with us Our Story Who we are Sponsorship Bright Elite Sustainability Solar Brewing Bright Beer Mail Join My Account Shop New","Low","Use as a page-level KP hint; confirm person name/title before saving."
"50","kp_context_hint","79","AU-0465","News - Bright Brewery | MountainCrafted Beer | Bright","https://brightbrewery.com.au","3","https://brightbrewery.com.au/about/ | https://brightbrewery.com.au/about/bright-elite/","role_context","people","enuine beer from natural ingredients, protecting our Alpine environment, and encouraging active lifestyles that connect people with the outdoors. Our values shape every decision, product, and experience we create. Contact 121 Great Alpine Road Bright, Victoria, 3741 (03) 5755 1301 (Bar) (03) 5755 13","Low","Use as a page-level KP hint; confirm person name/title before saving."
"50","kp_context_hint","79","AU-0465","News - Bright Brewery | MountainCrafted Beer | Bright","https://brightbrewery.com.au/about/bright-elite/","1","","role_context","staff","am, or Sammy 9.5 as she’s known (due to a frostbite incident on Mt Everest), is a Bright local, a beloved member of our staff as an Apprentice Chef in our kitchen team, an accomplished mountaineer with an Everest summit under her belt and her sights set on K2, and a keen MTBer, trail runner, and par","Low","Use as a page-level KP hint; confirm person name/title before saving."
"50","kp_context_hint","79","AU-0465","News - Bright Brewery | MountainCrafted Beer | Bright","https://brightbrewery.com.au/about/","2","https://brightbrewery.com.au/about/bright-elite/","role_context","team","Bright Brewery. What began as a tribute to her legacy has grown into an annual tradition, with approximately 80 female team members participating in Fred’s Brew Day since its inception. To read more about Fred’s Beer, head here. More Than Just Great Beer At Bright Brewery, our core values — authent","Low","Use as a page-level KP hint; confirm person name/title before saving."
"13","technical_status","79","AU-0465","News - Bright Brewery | MountainCrafted Beer | Bright","https://brightbrewery.com.au","1","","fetch_status","https://brightbrewery.com.au","","High","Fetch status: 200. Use only if page fetched successfully."
"13","technical_status","79","AU-0465","News - Bright Brewery | MountainCrafted Beer | Bright","https://brightbrewery.com.au/about/","1","","fetch_status","https://brightbrewery.com.au/about/","","High","Fetch status: 200. Use only if page fetched successfully."
"13","technical_status","79","AU-0465","News - Bright Brewery | MountainCrafted Beer | Bright","https://brightbrewery.com.au/about/bright-elite/","1","","fetch_status","https://brightbrewery.com.au/about/bright-elite/","","High","Fetch status: 200. Use only if page fetched successfully."
"94","phone_candidate","80","AU-0467","Tokyo Accommodation & Hotel Deals | Qantas Hotels","https://qantas.com.au","1","","phone","1300 668 885","you have a COVID travel credit? You can request a refund by calling our dedicated team on 1300 668 885. Read about Qantas travel credits Important information generic You must be a Qantas Freq","Medium","Review whether this is company or person phone before saving."
"50","kp_context_hint","80","AU-0467","Tokyo Accommodation & Hotel Deals | Qantas Hotels","https://qantas.com.au","1","","role_context","purchasing","booking via Manage Booking, Qantas App, My Account or your local Qantas Office subject to availability. All passengers purchasing Qantas Economy Plus accept the terms and conditions of purchasing Seat Selection. Qantas Economy Plus is now on sale across our A330 fleet. Available for travel later th","Low","Use as a page-level KP hint; confirm person name/title before saving."
"50","kp_context_hint","80","AU-0467","Tokyo Accommodation & Hotel Deals | Qantas Hotels","https://qantas.com.au","1","","role_context","team","style text-center top-aligned true Do you have a COVID travel credit? You can request a refund by calling our dedicated team on 1300 668 885. Read about Qantas travel credits Important information generic You must be a Qantas Frequent Flyer member to earn and redeem Qantas Points. A joining fee may","Low","Use as a page-level KP hint; confirm person name/title before saving."
"13","technical_status","80","AU-0467","Tokyo Accommodation & Hotel Deals | Qantas Hotels","https://qantas.com.au","1","","fetch_status","https://qantas.com.au","","High","Fetch status: 200. Use only if page fetched successfully."
