keyword_id,target_customer_type,country_or_region,city,keyword_pattern,example_search_query,search_intent,keyword_intent_type,priority_level,keyword_status,used_recently,last_used_at,next_allowed_at,cooldown_days,blocked_reason,manual_review_required,discovery_quality_score,contactability_score,total_runs,total_leads_collected,ready_to_contact_count,contact_found_count,duplicate_count,news_only_count,no_contact_count,relevance_ratio,notes,last_updated,change_note
KW-0001,Restaurant Owner,Australia,Australia,restaurant owner [city] new opening,restaurant owner Dubai new opening,Find restaurant owners who may be opening new locations,Discovery,High,Testing,Yes,2026-06-01 16:52,,14,,No,,,0,0,0,0,0,0,0,,"Good for finding furniture, tableware, lighting, and procurement needs",2026/5/8 18:11,Approved for Run 10 keyword discovery batch
KW-0002,Chain Restaurant,Australia,Australia,restaurant group [city] expansion,restaurant group London expansion,Find restaurant groups with possible expansion plans,Discovery,High,Testing,Yes,2026-05-25 18:58,,14,,No,,,0,0,0,0,0,0,0,,"Strong fit for standardized furniture, tableware, equipment, and procurement",2026/5/8 18:11,Approved for Run 10 keyword discovery batch
KW-0003,Chain Restaurant,Australia,Australia,multi-location restaurant company [city],multi-location restaurant company Toronto,Find companies operating more than one restaurant location,Discovery,High,Testing,Yes,2026-05-25 18:58,,14,,No,,,0,0,0,0,0,0,0,,Multiple locations may mean stronger purchasing potential,2026/5/8 18:11,Approved for Run 10 keyword discovery batch
KW-0004,Hotel Procurement,Australia,Australia,hotel procurement manager [city],hotel procurement manager Singapore,Find hotel purchasing or procurement contacts,Contact Finding,High,New,No,,,14,,No,,,0,0,0,0,0,0,0,,"Good fit for hotel restaurant, banquet, tableware, and procurement support",2026/5/8 18:11,Phase 1 keyword management fields added; no collection run executed.
KW-0005,Hotel Procurement,Australia,Australia,hotel purchasing manager [city],hotel purchasing manager Dubai,Find hotel buyers or purchasing managers,Contact Finding,High,New,No,,,14,,No,,,0,0,0,0,0,0,0,,"Look for hotel dining, F&B, and renovation signals",2026/5/8 18:11,Phase 1 keyword management fields added; no collection run executed.
KW-0006,Restaurant Fit-Out Company,Australia,Australia,restaurant fit-out company [city],restaurant fit-out company London,Find companies that build or renovate restaurant spaces,Supplier / Partner Finding,High,Paused,Yes,2026-05-29T16:03:50.431705,2026-06-12T16:03:50.431705,14,,No,0.0,0.0,8,0,0,0,0,0,0,,"Potential partner for furniture, lighting, kitchen equipment, and sourcing support",2026/5/8 18:11,Phase 1 keyword management fields added; no collection run executed.
KW-0007,Restaurant Design Company,Australia,Australia,restaurant design company [city],restaurant design company Singapore,Find design firms serving restaurant clients,Supplier / Partner Finding,High,New,No,,,14,,No,,,0,0,0,0,0,0,0,,"Good fit for custom furniture, lighting, tableware, and design support",2026/5/8 18:11,Phase 1 keyword management fields added; no collection run executed.
KW-0008,Hospitality Project Company,Australia,Australia,hospitality project management [city],hospitality project management Riyadh,Find companies managing hospitality projects,Supplier / Partner Finding,High,New,No,,,14,,No,,,0,0,0,0,0,0,0,,Good fit for one-stop procurement and project delivery,2026/5/8 18:11,Phase 1 keyword management fields added; no collection run executed.
KW-0009,New Restaurant Opening,Australia,Australia,new restaurant opening [city],new restaurant opening New York,Find restaurants that may need opening-stage purchasing,Project Signal Finding,High,New,No,,,7,,No,,,0,0,0,0,0,0,0,,"Useful for furniture, tableware, lighting, and kitchen equipment",2026/5/8 18:11,Phase 1 keyword management fields added; no collection run executed.
KW-0010,Restaurant Renovation Project,Australia,Australia,restaurant renovation [city],restaurant renovation London,Find renovation projects needing replacement products or design support,Project Signal Finding,Medium,New,No,,,7,,No,,,0,0,0,0,0,0,0,,Look for project announcements and contractor pages,2026/5/8 18:11,Phase 1 keyword management fields added; no collection run executed.
KW-0011,Restaurant Group,Australia,Australia,restaurant group [country] contact,restaurant group Australia contact,Find Australian restaurant group leads with public contact paths,Discovery,High,Testing,Yes,2026-05-22T11:14:06.898628,2026-06-05T11:14:06.898628,14,,No,4,4,2,7,6,6,0,0,0,0.86,Good for multi-location restaurant group discovery; strong contactability through official pages.,2026/5/8 18:38,Australia batch BATCH-AU-20260508-183856: keyword processed and usage fields updated.
KW-0012,Hotel Procurement,Australia,Australia,hotel procurement [country],hotel procurement Australia,Find Australian hotel procurement leads with public contact paths,Supplier / Partner Finding,High,Testing,Yes,2026-05-22T11:14:06.902191,2026-06-05T11:14:06.902191,14,,No,4,4,2,3,3,3,0,0,0,1,"Strong for procurement/project suppliers, but manual review needed for broad/generic sites.",2026/5/8 18:38,Australia batch BATCH-AU-20260508-183856: keyword processed and usage fields updated.
KW-0013,Restaurant Fit-Out Company,Australia,Australia,restaurant fit out company [country],restaurant fit out company Australia,Find Australian restaurant fit-out company leads with public contact paths,Supplier / Partner Finding,High,Testing,Yes,2026-05-22T11:14:06.912111,2026-06-05T11:14:06.912111,14,,No,3,4,2,1,1,1,0,0,0,1,"Useful, but this limited run stopped early because results overlapped with commercial kitchen/design queries.",2026/5/8 18:38,Australia batch BATCH-AU-20260508-183856: keyword processed and usage fields updated.
KW-0014,Hospitality Interior Design,Australia,Australia,hospitality interior design [country],hospitality interior design Australia,Find Australian hospitality interior design leads with public contact paths,Supplier / Partner Finding,High,Testing,Yes,2026-05-22T11:14:06.905116,2026-06-05T11:14:06.905116,14,,No,4,4,2,2,2,2,0,0,0,1,Good contactability via official studio contact pages and supplier/collaboration emails.,2026/5/8 18:38,Australia batch BATCH-AU-20260508-183856: keyword processed and usage fields updated.
KW-0015,Commercial Kitchen Project Company,Australia,Australia,commercial kitchen fit out [country],commercial kitchen fit out Australia,Find Australian commercial kitchen project company leads with public contact paths,Supplier / Partner Finding,High,Testing,Yes,2026-05-22T11:14:06.909312,2026-06-05T11:14:06.909312,14,,No,4,4,2,2,2,2,0,0,0,1,High contactability; yielded clear email and phone from official pages.,2026/5/8 18:38,Australia batch BATCH-AU-20260508-183856: keyword processed and usage fields updated.
KW-0016,Restaurant Fit-Out Company,Australia,Sydney,restaurant fit out company Sydney,restaurant fit out company Sydney,Find Australian restaurant fit-out company with official forms and KP signals,Supplier / Partner Finding,High,Testing,Yes,2026-05-25T16:33:42.633556,2026-06-08T16:33:42.633556,14,,No,1.2,4.0,2,5,4,4,0,0,0,1.00,High form hit rate; good KP/team-page yield.,2026-05-09 15:50,Australia follow-up BATCH-AU-FOLLOWUP-20260509-155054: city keyword processed.
KW-0017,Restaurant Fit-Out Company,Australia,Melbourne,restaurant fit out company Melbourne,restaurant fit out company Melbourne,Find Australian restaurant fit-out company with official forms and KP signals,Supplier / Partner Finding,High,Testing,Yes,2026-05-25T16:33:42.591356,2026-06-08T16:33:42.591356,14,,No,1.2,4.0,2,5,4,4,0,0,0,1.00,Very strong form yield; KP names often partial only.,2026-05-09 15:50,Australia follow-up BATCH-AU-FOLLOWUP-20260509-155054: city keyword processed.
KW-0018,Hospitality Interior Design,Australia,Brisbane,hospitality interior design Brisbane,hospitality interior design Brisbane,Find Australian hospitality interior design with official forms and KP signals,Supplier / Partner Finding,High,Testing,Yes,2026-05-25T16:33:42.643455,2026-06-08T16:33:42.643455,14,,No,0.5,2.5,2,2,1,1,0,0,0,1.00,Low volume but excellent direct key contact result.,2026-05-09 15:50,Australia follow-up BATCH-AU-FOLLOWUP-20260509-155054: city keyword processed.
KW-0019,Restaurant Design Company,Australia,Melbourne,restaurant design company Melbourne,restaurant design company Melbourne,Find Australian restaurant design company with official forms and KP signals,Supplier / Partner Finding,High,Testing,Yes,2026-05-25T16:35:36.850440,2026-06-08T16:35:36.850440,14,,No,1.0,3.8,2,4,3,3,0,0,0,1.00,Good for direct design principals and project forms.,2026-05-09 15:50,Australia follow-up BATCH-AU-FOLLOWUP-20260509-155054: city keyword processed.
KW-0020,Commercial Kitchen Project Company,Australia,Sydney/Melbourne,commercial kitchen fit out Sydney Melbourne,commercial kitchen fit out Sydney Melbourne,Find Australian commercial kitchen project company with official forms and KP signals,Supplier / Partner Finding,High,Testing,Yes,2026-05-25T16:33:42.623647,2026-06-08T16:33:42.623647,14,,No,1.0,3.8,2,4,3,3,0,0,0,1.00,"Strong direct email/form yield, limited named KP.",2026-05-09 15:50,Australia follow-up BATCH-AU-FOLLOWUP-20260509-155054: city keyword processed.
KW-0021,Hospitality Interior Design,Australia,Sydney,hospitality interior design Sydney contact director,hospitality interior design Sydney contact director,20-candidate form/KP test for Australia hospitality leads,Supplier / Partner Finding,High,Testing,Yes,2026-05-25T16:35:36.859502,2026-06-08T16:35:36.859502,14,,No,1.5,4.2,2,6,5,5,0,0,0,1.00,High KP yield from official home/about/team pages.,2026-05-09 16:14,Australia 20-candidate KP/form test BATCH-AU-KPFORM-20260509-161421: keyword processed.
KW-0022,Commercial Kitchen Project Company,Australia,Sydney/Melbourne,commercial kitchen fit out Sydney Melbourne quote enquiry,commercial kitchen fit out Sydney Melbourne quote enquiry,20-candidate form/KP test for Australia hospitality leads,Supplier / Partner Finding,High,Testing,Yes,2026-05-25T16:35:36.827107,2026-06-08T16:35:36.827107,14,,No,1.2,4.0,2,5,4,4,0,0,0,1.00,"Excellent form/phone yield, weaker named KP yield.",2026-05-09 16:14,Australia 20-candidate KP/form test BATCH-AU-KPFORM-20260509-161421: keyword processed.
KW-0023,Restaurant Fit-Out Company,Australia,Canberra,restaurant fit out Canberra contact quote,restaurant fit out Canberra contact quote,20-candidate form/KP test for Australia hospitality leads,Supplier / Partner Finding,High,Testing,Yes,2026-05-25T16:33:42.654947,2026-06-08T16:33:42.654947,14,,No,0.8,3.3,2,3,2,2,0,0,0,1.00,Strong form yield and one direct named mailbox.,2026-05-09 16:14,Australia 20-candidate KP/form test BATCH-AU-KPFORM-20260509-161421: keyword processed.
KW-0024,Hospitality Interior Design,Australia,Canberra/Queensland,hospitality interior design Canberra Gold Coast contact director,hospitality interior design Canberra Gold Coast contact director,20-candidate form/KP test for Australia hospitality leads,Supplier / Partner Finding,High,Testing,Yes,2026-05-25T16:33:42.677257,2026-06-08T16:33:42.677257,14,,No,1.2,4.0,2,5,4,4,0,0,0,1.00,Good KP yield across official pages and FAQs.,2026-05-09 16:14,Australia 20-candidate KP/form test BATCH-AU-KPFORM-20260509-161421: keyword processed.
KW-0025,Hotel Procurement,Australia,Australia,hotel procurement Australia FF&E contact,hotel procurement Australia FF&E contact,20-candidate form/KP test for Australia hospitality leads,Contact Finding,High,Paused,Yes,2026-05-25T16:35:36.889711,2026-06-08T16:35:36.889711,14,,No,1.5,4.2,2,6,5,5,0,0,0,1.00,Strong procurement/form yield; KP requires deeper official/API or manual platform review.,2026-05-09 16:14,Australia 20-candidate KP/form test BATCH-AU-KPFORM-20260509-161421: keyword processed.
KW-0026,Restaurant Group,Australia,Australia,restaurant group Australia contact head office,restaurant group Australia contact head office,Restaurant/hotel final-customer form collection and KP test,Discovery,High,Testing,Yes,2026-06-02 12:14,2026-06-08T16:33:42.602597,14,,No,2.2,4.4,2,9,8,8,0,0,0,1.00,Restaurant group contact forms are easy; KP varies by official team transparency.,2026-05-09 17:05,Restaurant/hotel form test BATCH-AU-RHFORM-20260509-170543: keyword processed.
KW-0027,Hotel Group,Australia,Australia,hotel group Australia contact official,hotel group Australia contact official,Restaurant/hotel final-customer form collection and KP test,Contact Finding,High,Testing,Yes,2026-06-02 12:14,2026-06-08T16:35:36.903269,14,,No,1.5,4.2,2,6,5,5,0,0,0,1.00,"Hotel groups expose forms and central emails, but procurement/F&B KP is difficult.",2026-05-09 17:05,Restaurant/hotel form test BATCH-AU-RHFORM-20260509-170543: keyword processed.
KW-0028,Hotel F&B Manager,Australia,Australia,hotel F&B manager Australia contact,hotel F&B manager Australia contact,Restaurant/hotel final-customer form collection and KP test,Decision Maker Finding,High,Testing,Yes,2026-05-25T16:33:42.612307,2026-06-08T16:33:42.612307,14,,No,0.8,3.3,2,3,2,2,0,0,0,1.00,Accor Table For gives named F&B roles; most hotel groups hide names.,2026-05-09 17:05,Restaurant/hotel form test BATCH-AU-RHFORM-20260509-170543: keyword processed.
KW-0029,Event Venue with F&B Spaces,Australia,Australia,hospitality group Australia supplier events contact,hospitality group Australia supplier events contact,Restaurant/hotel final-customer form collection and KP test,Contact Finding,High,Testing,Yes,2026-06-02 12:14,2026-06-08T16:35:36.815643,14,,No,1.0,3.8,2,4,3,3,0,0,0,1.00,Events/function pages expose useful routes but often not buying authority.,2026-05-09 17:05,Restaurant/hotel form test BATCH-AU-RHFORM-20260509-170543: keyword processed.
KW-0030,Multi-location Restaurant,Australia,Australia,multi location restaurant Australia contact head office,multi location restaurant Australia contact head office,Restaurant/hotel final-customer form collection and KP test,Discovery,High,Testing,Yes,2026-05-25T16:33:42.665414,2026-06-08T16:33:42.665414,14,,No,0.8,3.3,2,3,2,2,0,0,0,1.00,Multi-location restaurant groups have strong company contact but weak KP.,2026-05-09 17:05,Restaurant/hotel form test BATCH-AU-RHFORM-20260509-170543: keyword processed.
KW-0031,Restaurant Group,Australia,Australia,restaurant group Australia official contact expansion,restaurant group Australia official contact expansion,Restaurant/hotel final-customer sample expansion,Discovery,High,Testing,Yes,2026-06-02 12:14,2026-06-08T16:35:36.873843,14,,No,3.2,4.6,2,13,12,12,0,0,0,1.00,Used to add restaurant group final-customer sample leads for toolization threshold.,2026-05-11 16:00,BATCH-AU-RHSAMPLE-20260511-160000: keyword created for user-authorized AU restaurant/hotel sample expansion.
KW-0032,Hotel Group,Australia,Australia,hotel group Australia official contact expansion,hotel group Australia official contact expansion,Restaurant/hotel final-customer sample expansion,Contact Finding,High,Testing,Yes,2026-06-02 12:14,2026-06-08T16:33:42.580423,14,,No,1.2,4.0,2,5,4,4,0,0,0,1.00,Used to add hotel group final-customer sample leads for toolization threshold.,2026-05-11 16:00,BATCH-AU-RHSAMPLE-20260511-160000: keyword created for user-authorized AU restaurant/hotel sample expansion.
KW-0033,Hospitality Venue Group,Australia,Australia,hospitality venue group Australia official contact expansion,hospitality venue group Australia official contact expansion,Restaurant/hotel final-customer sample expansion,Discovery,High,Testing,Yes,2026-05-25T16:35:36.839456,2026-06-08T16:35:36.839456,14,,No,2.2,4.4,2,9,8,8,0,0,0,1.00,Used to add hospitality venue group sample leads for toolization threshold.,2026-05-11 16:00,BATCH-AU-RHSAMPLE-20260511-160000: keyword created for user-authorized AU restaurant/hotel sample expansion.
KW-0034,Multi-location Restaurant,Australia,Australia,Australia multi venue restaurant group official contact,Australia multi venue restaurant group official contact,Tavily discovery experiment for new AU final-customer candidates,Discovery,High,Testing,Yes,2026-06-02 11:43,2026-05-27,14,,No,,,0,0,0,0,0,0,0,,Experiment keyword for comparing Tavily-only and Tavily-plus-Scrapling workflows.,2026-05-13 14:45,Tavily discovery experiment keyword added; no source lead rows written yet.
KW-0035,Hospitality Venue Group,Australia,Australia,Australia hospitality group restaurants bars venues official,Australia hospitality group restaurants bars venues official,Tavily discovery experiment for hospitality venue groups,Discovery,High,Testing,Yes,2026-06-02 11:43,2026-05-27,14,,No,,,0,0,0,0,0,0,0,,Experiment keyword for comparing Tavily-only and Tavily-plus-Scrapling workflows.,2026-05-13 14:45,Tavily discovery experiment keyword added; no source lead rows written yet.
KW-0036,Hotel Group,Australia,Australia,Australia hotel group dining restaurants official contact,Australia hotel group dining restaurants official contact,Tavily discovery experiment for hotel dining/F&B targets,Discovery,High,Testing,Yes,2026-06-02 11:43,2026-05-27,14,,No,,,0,0,0,0,0,0,0,,Experiment keyword for comparing Tavily-only and Tavily-plus-Scrapling workflows.,2026-05-13 14:45,Tavily discovery experiment keyword added; no source lead rows written yet.
KW-0037,Restaurant Group,Australia,Australia,Sydney Melbourne restaurant group expansion official contact,Sydney Melbourne restaurant group expansion official contact,Tavily discovery experiment for restaurant expansion signals,Discovery,High,Testing,Yes,2026-06-01 16:52,2026-05-27,14,,No,,,0,0,0,0,0,0,0,,Experiment keyword for comparing Tavily-only and Tavily-plus-Scrapling workflows.,2026-05-13 14:45,Tavily discovery experiment keyword added; no source lead rows written yet.
KW-0038,Hotel F&B Operator,Australia,Australia,Australia boutique hotel group food beverage contact,Australia boutique hotel group food beverage contact,Tavily discovery experiment for boutique hotel F&B targets,Discovery,High,Testing,Yes,2026-06-01 16:52,2026-05-27,14,,No,,,0,0,0,0,0,0,0,,Experiment keyword for comparing Tavily-only and Tavily-plus-Scrapling workflows.,2026-05-13 14:45,Tavily discovery experiment keyword added; no source lead rows written yet.
KW-0039,restaurant group,Sydney,,restaurant group owner Sydney,,"Generator: template=T2, risk=medium",Discovery,high,Testing,Yes,2026-06-02 14:20,,14,,,,,0,0,0,0,,,,,,,Approved for Run 10 keyword discovery batch
KW-0040,restaurant group,Melbourne,,restaurant group owner Melbourne,,"Generator: template=T2, risk=medium",Discovery,high,Testing,Yes,2026-06-02 12:01,,14,,,,,0,0,0,0,,,,,,,Approved for Run 10 keyword discovery batch
KW-0041,restaurant group,Brisbane,,restaurant group owner Brisbane,,"Generator: template=T2, risk=medium",Discovery,high,Testing,Yes,2026-06-02 12:01,,14,,,,,0,0,0,0,,,,,,,Approved for Run 10 keyword discovery batch
KW-0042,restaurant group,Perth,,restaurant group owner Perth,,"Generator: template=T2, risk=medium",Discovery,high,Testing,Yes,2026-06-02 12:01,,14,,,,,0,0,0,0,,,,,,,Approved for Run 10 keyword discovery batch
KW-0043,restaurant group,Adelaide,,restaurant group owner Adelaide,,"Generator: template=T2, risk=medium",Discovery,high,Testing,Yes,2026-06-02 12:01,,14,,,,,0,0,0,0,,,,,,,Approved for Run 10 keyword discovery batch
KW-0044,restaurant group,Sydney,,"""owner"" ""restaurant group"" Sydney",,"Generator: template=T4, risk=medium",Discovery,high,Testing,Yes,2026-06-02 12:23,,14,,,,,0,0,0,0,,,,,,,Approved for Run 10 keyword discovery batch
KW-0045,restaurant group,Melbourne,,"""owner"" ""restaurant group"" Melbourne",,"Generator: template=T4, risk=medium",Discovery,high,Testing,Yes,2026-06-02 12:23,,14,,,,,0,0,0,0,,,,,,,Approved for Run 10 keyword discovery batch
KW-0046,restaurant group,Brisbane,,"""owner"" ""restaurant group"" Brisbane",,"Generator: template=T4, risk=medium",Discovery,high,Testing,Yes,2026-06-02 12:23,,14,,,,,0,0,0,0,,,,,,,Approved for Run 10 keyword discovery batch
KW-0047,restaurant group,Perth,,"""owner"" ""restaurant group"" Perth",,"Generator: template=T4, risk=medium",Discovery,high,Testing,Yes,2026-06-02 12:23,,14,,,,,0,0,0,0,,,,,,,Approved for Run 10 keyword discovery batch
KW-0048,restaurant group,Adelaide,,"""owner"" ""restaurant group"" Adelaide",,"Generator: template=T4, risk=medium",Discovery,high,Testing,Yes,2026-06-02 12:23,,14,,,,,0,0,0,0,,,,,,,Approved for Run 10 keyword discovery batch
KW-0049,restaurant group,Sydney,,site:.com.au restaurant group contact Sydney,,"Generator: template=T5, risk=medium",Discovery,medium,Testing,Yes,2026-06-01 15:10,,14,,,,,0,0,0,0,,,,,,,
KW-0050,restaurant group,Melbourne,,site:.com.au restaurant group contact Melbourne,,"Generator: template=T5, risk=medium",Discovery,medium,New,,,,14,,,,,0,0,0,0,,,,,,,
KW-0051,restaurant group,Brisbane,,site:.com.au restaurant group contact Brisbane,,"Generator: template=T5, risk=medium",Discovery,medium,New,,,,14,,,,,0,0,0,0,,,,,,,
KW-0052,restaurant group,Perth,,site:.com.au restaurant group contact Perth,,"Generator: template=T5, risk=medium",Discovery,medium,New,,,,14,,,,,0,0,0,0,,,,,,,
KW-0053,restaurant group,Adelaide,,site:.com.au restaurant group contact Adelaide,,"Generator: template=T5, risk=medium",Discovery,medium,New,,,,14,,,,,0,0,0,0,,,,,,,
KW-0054,restaurant group,Sydney,,owner restaurant group Sydney email OR phone OR contact,,"Generator: template=T9, risk=medium",Discovery,high,Testing,Yes,2026-06-01 16:59,,14,,,,,0,0,0,0,,,,,,,
KW-0055,restaurant group,Melbourne,,owner restaurant group Melbourne email OR phone OR contact,,"Generator: template=T9, risk=medium",Discovery,high,Testing,Yes,2026-06-01 16:59,,14,,,,,0,0,0,0,,,,,,,
KW-0056,restaurant group,Brisbane,,owner restaurant group Brisbane email OR phone OR contact,,"Generator: template=T9, risk=medium",Discovery,high,Testing,Yes,2026-06-01 16:59,,14,,,,,0,0,0,0,,,,,,,
KW-0057,restaurant group,Perth,,owner restaurant group Perth email OR phone OR contact,,"Generator: template=T9, risk=medium",Discovery,high,Testing,Yes,2026-06-01 16:59,,14,,,,,0,0,0,0,,,,,,,
KW-0058,restaurant group,Adelaide,,owner restaurant group Adelaide email OR phone OR contact,,"Generator: template=T9, risk=medium",Discovery,high,Testing,Yes,2026-06-01 17:09,,14,,,,,0,0,0,0,,,,,,,
KW-0059,restaurant group,Sydney,,restaurant group Sydney supplier contact,,"Generator: template=T11, risk=low",Discovery,high,Testing,Yes,2026-05-25 18:19,,14,,,,,0,0,0,0,,,,,,,
KW-0060,restaurant group,Melbourne,,restaurant group Melbourne supplier contact,,"Generator: template=T11, risk=low",Discovery,high,Testing,Yes,2026-05-25 18:19,,14,,,,,0,0,0,0,,,,,,,
KW-0061,restaurant group,Brisbane,,restaurant group Brisbane supplier contact,,"Generator: template=T11, risk=low",Discovery,high,Testing,Yes,2026-05-25 18:19,,14,,,,,0,0,0,0,,,,,,,
KW-0062,restaurant group,Perth,,restaurant group Perth supplier contact,,"Generator: template=T11, risk=low",Discovery,high,Testing,Yes,2026-05-28 14:35,,14,,,,,0,0,0,0,,,,,,,
KW-0063,restaurant group,Adelaide,,restaurant group Adelaide supplier contact,,"Generator: template=T11, risk=low",Discovery,high,Testing,Yes,2026-05-28 14:35,,14,,,,,0,0,0,0,,,,,,,
KW-0064,restaurant group,Sydney,,restaurant group Sydney procurement team,,"Generator: template=T12, risk=low",Discovery,high,Testing,Yes,2026-05-28 14:35,,14,,,,,0,0,0,0,,,,,,,
KW-0065,restaurant group,Melbourne,,restaurant group Melbourne procurement team,,"Generator: template=T12, risk=low",Discovery,high,Testing,Yes,2026-05-28 14:40,,14,,,,,0,0,0,0,,,,,,,
KW-0066,restaurant group,Brisbane,,restaurant group Brisbane procurement team,,"Generator: template=T12, risk=low",Discovery,high,Testing,Yes,2026-05-28 14:40,,14,,,,,0,0,0,0,,,,,,,
KW-0067,restaurant group,Perth,,restaurant group Perth procurement team,,"Generator: template=T12, risk=low",Discovery,high,Testing,Yes,2026-05-28 14:40,,14,,,,,0,0,0,0,,,,,,,
KW-0068,restaurant group,Adelaide,,restaurant group Adelaide procurement team,,"Generator: template=T12, risk=low",Discovery,high,Testing,Yes,2026-05-28 14:40,,14,,,,,0,0,0,0,,,,,,,
KW-0069,hotel group,Australia,,hotel group Australia contact,,"Generator: template=T1, risk=medium",Discovery,high,Testing,Yes,2026-06-01 17:19,,14,,,,,0,0,0,0,,,,,,,Approved for Run 10 keyword discovery batch
KW-0070,hotel group,Sydney,,hotel group Sydney contact,,"Generator: template=T1, risk=medium",Discovery,high,Testing,Yes,2026-06-01 17:19,,14,,,,,0,0,0,0,,,,,,,Approved for Run 10 keyword discovery batch
KW-0071,hotel group,Melbourne,,hotel group Melbourne contact,,"Generator: template=T1, risk=medium",Discovery,high,Testing,Yes,2026-05-28 14:43,,14,,,,,0,0,0,0,,,,,,,Approved for Run 10 keyword discovery batch
KW-0072,hotel group,Australia,,owner hotel group Australia email OR phone OR contact,,"Generator: template=T9, risk=medium",Discovery,high,Testing,Yes,2026-06-01 16:59,,14,,,,,0,0,0,0,,,,,,,
KW-0073,hotel group,Sydney,,owner hotel group Sydney email OR phone OR contact,,"Generator: template=T9, risk=medium",Discovery,high,Testing,Yes,2026-06-01 16:59,,14,,,,,0,0,0,0,,,,,,,
KW-0074,hotel group,Melbourne,,owner hotel group Melbourne email OR phone OR contact,,"Generator: template=T9, risk=medium",Discovery,high,Testing,Yes,2026-06-01 16:59,,14,,,,,0,0,0,0,,,,,,,
KW-0075,pub group,Australia,,pub group Australia contact,,"Generator: template=T1, risk=medium",Discovery,high,Testing,Yes,2026-06-02 14:20,,14,,,,,0,0,0,0,,,,,,,
KW-0076,pub group,Sydney,,pub group Sydney contact,,"Generator: template=T1, risk=medium",Discovery,high,Testing,Yes,2026-06-02 12:10,,14,,,,,0,0,0,0,,,,,,,
KW-0077,pub group,Melbourne,,pub group Melbourne contact,,"Generator: template=T1, risk=medium",Discovery,high,Testing,Yes,2026-06-02 12:10,,14,,,,,0,0,0,0,,,,,,,
KW-0078,pub group,Australia,,owner pub group Australia email OR phone OR contact,,"Generator: template=T9, risk=medium",Discovery,high,Testing,Yes,2026-06-02 15:00,,14,,,,,1,0,0,0,,,,,,,
KW-0079,pub group,Sydney,,owner pub group Sydney email OR phone OR contact,,"Generator: template=T9, risk=medium",Discovery,high,Testing,Yes,2026-06-02 15:00,,14,,,,,1,0,0,0,,,,,,,
KW-0080,pub group,Melbourne,,owner pub group Melbourne email OR phone OR contact,,"Generator: template=T9, risk=medium",Discovery,high,Testing,Yes,2026-06-02 15:00,,14,,,,,1,0,0,0,,,,,,,
KW-0081,catering company,Australia,,catering company Australia contact,,"Generator: template=T1, risk=medium",Discovery,high,Testing,Yes,2026-05-30 11:22,,14,,,,,0,0,0,0,,,,,,,
KW-0082,catering company,Sydney,,catering company Sydney contact,,"Generator: template=T1, risk=medium",Discovery,high,Testing,Yes,2026-05-30 11:22,,14,,,,,0,0,0,0,,,,,,,
KW-0083,catering company,Melbourne,,catering company Melbourne contact,,"Generator: template=T1, risk=medium",Discovery,high,Testing,Yes,2026-05-28 14:51,,14,,,,,0,0,0,0,,,,,,,
KW-0084,catering company,Australia,,owner catering company Australia email OR phone OR contact,,"Generator: template=T9, risk=medium",Discovery,high,Testing,Yes,2026-06-01 17:09,,14,,,,,0,0,0,0,,,,,,,
KW-0085,catering company,Sydney,,owner catering company Sydney email OR phone OR contact,,"Generator: template=T9, risk=medium",Discovery,high,Testing,Yes,2026-06-01 17:09,,14,,,,,0,0,0,0,,,,,,,
KW-0086,catering company,Melbourne,,owner catering company Melbourne email OR phone OR contact,,"Generator: template=T9, risk=medium",Discovery,high,Testing,Yes,2026-06-01 17:09,,14,,,,,0,0,0,0,,,,,,,
KW-0087,event venue,Australia,,event venue Australia contact,,"Generator: template=T1, risk=medium",Discovery,high,Testing,Yes,2026-05-30 11:22,,14,,,,,0,0,0,0,,,,,,,
KW-0088,event venue,Sydney,,event venue Sydney contact,,"Generator: template=T1, risk=medium",Discovery,high,Testing,Yes,2026-05-30 11:22,,14,,,,,0,0,0,0,,,,,,,
KW-0089,event venue,Melbourne,,event venue Melbourne contact,,"Generator: template=T1, risk=medium",Discovery,high,Testing,Yes,2026-05-28 14:51,,14,,,,,0,0,0,0,,,,,,,
KW-0090,event venue,Australia,,owner event venue Australia email OR phone OR contact,,"Generator: template=T9, risk=medium",Discovery,high,Testing,Yes,2026-06-01 17:09,,14,,,,,0,0,0,0,,,,,,,
KW-0091,event venue,Sydney,,owner event venue Sydney email OR phone OR contact,,"Generator: template=T9, risk=medium",Discovery,high,Testing,Yes,2026-06-01 17:09,,14,,,,,0,0,0,0,,,,,,,
KW-0092,event venue,Melbourne,,owner event venue Melbourne email OR phone OR contact,,"Generator: template=T9, risk=medium",Discovery,high,Testing,Yes,2026-06-01 17:09,,14,,,,,0,0,0,0,,,,,,,
KW-0093,hotel procurement manager,Australia,,hotel procurement manager Australia contact,,"Generator: template=T1, risk=medium",Discovery,high,Testing,Yes,2026-05-28 14:57,,14,,,,,0,0,0,0,,,,,,,
KW-0094,hotel procurement manager,Sydney,,hotel procurement manager Sydney contact,,"Generator: template=T1, risk=medium",Discovery,high,Testing,Yes,2026-05-28 14:57,,14,,,,,0,0,0,0,,,,,,,
KW-0095,hotel procurement manager,Melbourne,,hotel procurement manager Melbourne contact,,"Generator: template=T1, risk=medium",Discovery,high,Testing,Yes,2026-05-28 14:57,,14,,,,,0,0,0,0,,,,,,,
KW-0096,hotel procurement manager,Australia,,owner hotel procurement manager Australia email OR phone OR contact,,"Generator: template=T9, risk=medium",Discovery,high,Testing,Yes,2026-05-28 14:57,,14,,,,,0,0,0,0,,,,,,,
KW-0097,hotel procurement manager,Sydney,,owner hotel procurement manager Sydney email OR phone OR contact,,"Generator: template=T9, risk=medium",Discovery,high,Testing,Yes,2026-05-28 15:02,,14,,,,,0,0,0,0,,,,,,,
KW-0098,hotel procurement manager,Melbourne,,owner hotel procurement manager Melbourne email OR phone OR contact,,"Generator: template=T9, risk=medium",Discovery,high,Testing,Yes,2026-05-28 15:02,,14,,,,,0,0,0,0,,,,,,,
KW-0099,hospitality venue group,Australia,,hospitality venue group Australia contact,,"Generator: template=T1, risk=medium",Discovery,high,Testing,Yes,2026-06-02 14:20,,14,,,,,0,0,0,0,,,,,,,
KW-0100,hospitality venue group,Sydney,,hospitality venue group Sydney contact,,"Generator: template=T1, risk=medium",Discovery,high,Testing,Yes,2026-05-28 15:02,,14,,,,,0,0,0,0,,,,,,,
KW-0101,hospitality venue group,Melbourne,,hospitality venue group Melbourne contact,,"Generator: template=T1, risk=medium",Discovery,high,Testing,Yes,2026-05-28 15:02,,14,,,,,0,0,0,0,,,,,,,
KW-0102,hospitality venue group,Australia,,owner hospitality venue group Australia email OR phone OR contact,,"Generator: template=T9, risk=medium",Discovery,high,Testing,Yes,2026-06-01 17:19,,14,,,,,0,0,0,0,,,,,,,
KW-0103,hospitality venue group,Sydney,,owner hospitality venue group Sydney email OR phone OR contact,,"Generator: template=T9, risk=medium",Discovery,high,Testing,Yes,2026-06-01 17:19,,14,,,,,0,0,0,0,,,,,,,
KW-0104,hospitality venue group,Melbourne,,owner hospitality venue group Melbourne email OR phone OR contact,,"Generator: template=T9, risk=medium",Discovery,high,Testing,Yes,2026-06-01 17:19,,14,,,,,0,0,0,0,,,,,,,
KW-0105,restaurant equipment supplier,Australia,,restaurant equipment supplier Australia contact,,"Generator: template=T1, risk=medium",Discovery,high,Testing,Yes,2026-05-28 15:02,,14,,,,,0,0,0,0,,,,,,,
KW-0106,restaurant equipment supplier,Sydney,,restaurant equipment supplier Sydney contact,,"Generator: template=T1, risk=medium",Discovery,high,Testing,Yes,2026-05-28 15:02,2026-06-08T17:32:51.439568,14,,,0.5,0.0,1,1,0,0,,,,,,,
KW-0107,restaurant equipment supplier,Melbourne,,restaurant equipment supplier Melbourne contact,,"Generator: template=T1, risk=medium",Discovery,high,Paused,Yes,2026-05-29 15:46,,14,,,,,0,0,0,0,,,,,,,
KW-0108,restaurant equipment supplier,Australia,,owner restaurant equipment supplier Australia email OR phone OR contact,,"Generator: template=T9, risk=medium",Discovery,high,Paused,Yes,2026-05-29 15:46,,14,,,,,0,0,0,0,,,,,,,
KW-0109,restaurant equipment supplier,Sydney,,owner restaurant equipment supplier Sydney email OR phone OR contact,,"Generator: template=T9, risk=medium",Discovery,high,Paused,Yes,2026-05-29 15:46,,14,,,,,0,0,0,0,,,,,,,
KW-0110,restaurant equipment supplier,Melbourne,,owner restaurant equipment supplier Melbourne email OR phone OR contact,,"Generator: template=T9, risk=medium",Discovery,high,Paused,Yes,2026-05-29 15:46,,14,,,,,0,0,0,0,,,,,,,
KW-0111,hotel FF&E supplier,Australia,,hotel FF&E supplier Australia contact,,"Generator: template=T1, risk=medium",Discovery,high,Paused,Yes,2026-05-29 15:46,,14,,,,,0,0,0,0,,,,,,,
KW-0112,hotel FF&E supplier,Sydney,,hotel FF&E supplier Sydney contact,,"Generator: template=T1, risk=medium",Discovery,high,Paused,Yes,2026-06-01 15:23,,14,,,,,0,0,0,0,,,,,,,
KW-0113,hotel FF&E supplier,Melbourne,,hotel FF&E supplier Melbourne contact,,"Generator: template=T1, risk=medium",Discovery,high,Paused,Yes,2026-06-01 15:23,,14,,,,,0,0,0,0,,,,,,,
KW-0114,hotel FF&E supplier,Australia,,owner hotel FF&E supplier Australia email OR phone OR contact,,"Generator: template=T9, risk=medium",Discovery,high,Paused,Yes,2026-06-01 15:23,2026-06-12T16:05:51.635782,14,,,0.0,0.0,1,0,0,0,,,,,,,
KW-0115,hotel FF&E supplier,Sydney,,owner hotel FF&E supplier Sydney email OR phone OR contact,,"Generator: template=T9, risk=medium",Discovery,high,Paused,Yes,2026-06-01 15:23,2026-06-12T16:05:17.134679,14,,,0.0,0.0,1,0,0,0,,,,,,,
KW-0116,hotel FF&E supplier,Melbourne,,owner hotel FF&E supplier Melbourne email OR phone OR contact,,"Generator: template=T9, risk=medium",Discovery,high,Paused,Yes,2026-06-01 15:23,2026-06-12T16:04:24.079890,14,,,0.0,0.0,1,0,0,0,,,,,,,
KW-0117,brewery venue,Australia,,brewery venue Australia vendor application,,"Generator: template=T1, risk=low",Discovery,high,Testing,Yes,2026-05-25 18:52,,14,,,,,0,0,0,0,,,,,,,Approved for Run 10 keyword discovery batch
KW-0118,aged care food service,Australia,,aged care food service Australia tender,,"Generator: template=T1, risk=low",Discovery,high,Testing,Yes,2026-06-01 15:39,2026-06-12T16:06:16.962666,14,,,0.0,0.0,1,0,0,0,,,,,,,
KW-0119,corporate catering,Australia,,corporate catering Australia partnership enquiry,,"Generator: template=T1, risk=low",Discovery,high,Testing,Yes,2026-05-28 15:14,,14,,,,,0,0,0,0,,,,,,,
KW-0120,cafe chain,Australia,,cafe chain Australia directory,,"Generator: template=T1, risk=low",Discovery,high,Testing,Yes,2026-05-25 18:52,,14,,,,,0,0,0,0,,,,,,,Approved for Run 10 keyword discovery batch
KW-0121,food court operator,Australia,,food court operator Australia team page,,"Generator: template=T1, risk=low",Discovery,high,Testing,Yes,2026-05-28 15:52,,14,,,,,0,0,0,0,,,,,,,
KW-0122,winery restaurant,Australia,,winery restaurant Australia about us,,"Generator: template=T1, risk=low",Discovery,high,Testing,Yes,2026-05-25 18:58,,14,,,,,0,0,0,0,,,,,,,Approved for Run 10 keyword discovery batch
KW-0123,resort F&B,Australia,,resort F&B Australia leadership,,"Generator: template=T1, risk=low",Discovery,high,Testing,Yes,2026-05-28 15:14,,14,,,,,0,0,0,0,,,,,,,
KW-0124,hospitality recruitment,Sydney,,hospitality recruitment Sydney contact,,"Generator: template=T1, risk=low",Discovery,high,Testing,Yes,2026-05-28 15:14,,14,,,,,0,0,0,0,,,,,,,
KW-0125,restaurant renovation,Sydney,,restaurant renovation Sydney email,,"Generator: template=T1, risk=low",Discovery,high,Testing,Yes,2026-05-28 15:14,,14,,,,,0,0,0,0,,,,,,,
KW-0126,restaurant supply chain,Sydney,,restaurant supply chain Sydney tender,,"Generator: template=T1, risk=low",Discovery,high,Testing,Yes,2026-05-28 15:14,,14,,,,,0,0,0,0,,,,,,,
KW-0127,ghost kitchen operator,Sydney,,ghost kitchen operator Sydney partnership enquiry,,"Generator: template=T1, risk=low",Discovery,high,Testing,Yes,2026-05-28 15:14,,14,,,,,0,0,0,0,,,,,,,
KW-0128,hotel housekeeping supplier,Sydney,,hotel housekeeping supplier Sydney directory,,"Generator: template=T1, risk=low",Discovery,high,Testing,Yes,2026-06-01 15:39,2026-06-12T16:03:06.625103,14,,,0.0,0.0,1,0,0,0,,,,,,,
KW-0129,restaurant furniture supplier,Sydney,,restaurant furniture supplier Sydney about us,,"Generator: template=T1, risk=low",Discovery,high,Testing,Yes,2026-06-01 15:39,2026-06-12T16:06:06.834298,14,,,0.0,0.0,1,0,0,0,,,,,,,
KW-0130,commercial kitchen supplier,Sydney,,commercial kitchen supplier Sydney leadership,,"Generator: template=T1, risk=low",Discovery,high,Testing,Yes,2026-06-01 15:39,2026-06-12T16:03:14.889279,14,,,0.0,0.0,1,0,0,0,,,,,,,
KW-0131,hospitality technology supplier,Melbourne,,hospitality technology supplier Melbourne email,,"Generator: template=T1, risk=low",Discovery,high,Testing,Yes,2026-06-01 15:39,,14,,,,,0,0,0,0,,,,,,,
KW-0132,restaurant POS supplier,Melbourne,,restaurant POS supplier Melbourne phone,,"Generator: template=T1, risk=low",Discovery,high,Paused,,,,14,,,,,0,0,0,0,,,,,,,
KW-0133,bar equipment supplier,Melbourne,,bar equipment supplier Melbourne supplier registration,,"Generator: template=T1, risk=low",Discovery,high,Testing,Yes,2026-06-01 15:39,,14,,,,,0,0,0,0,,,,,,,
KW-0134,food packaging supplier,Melbourne,,food packaging supplier Melbourne become a supplier,,"Generator: template=T1, risk=low",Discovery,high,Testing,Yes,2026-06-01 15:39,2026-06-12T16:04:03.555133,14,,,0.0,0.0,1,0,0,0,,,,,,,
KW-0135,hotel amenities supplier,Melbourne,,hotel amenities supplier Melbourne vendor application,,"Generator: template=T1, risk=low",Discovery,high,Testing,Yes,2026-06-01 15:39,,14,,,,,0,0,0,0,,,,,,,
KW-0136,restaurant lighting supplier,Melbourne,,restaurant lighting supplier Melbourne procurement,,"Generator: template=T1, risk=low",Discovery,high,Testing,Yes,2026-06-01 15:39,,14,,,,,0,0,0,0,,,,,,,
KW-0137,hospitality linen supplier,Melbourne,,hospitality linen supplier Melbourne request a quote,,"Generator: template=T1, risk=low",Discovery,high,Testing,Yes,2026-06-01 15:39,2026-06-12T16:06:33.189294,14,,,0.0,0.0,1,0,0,0,,,,,,,
KW-0138,cloud kitchen,Melbourne,,cloud kitchen Melbourne tender,,"Generator: template=T1, risk=low",Discovery,high,Testing,Yes,2026-05-28 15:14,,14,,,,,0,0,0,0,,,,,,,
KW-0139,dark kitchen,Melbourne,,dark kitchen Melbourne partnership enquiry,,"Generator: template=T1, risk=low",Discovery,high,Testing,Yes,2026-05-28 15:14,,14,,,,,0,0,0,0,,,,,,,
KW-0140,food delivery platform,Melbourne,,food delivery platform Melbourne directory,,"Generator: template=T1, risk=low",Discovery,high,Testing,Yes,2026-06-02 15:31,,14,,,,,1,0,0,0,,,,,,,
KW-0141,restaurant franchise,Melbourne,,restaurant franchise Melbourne team page,,"Generator: template=T1, risk=low",Discovery,high,Testing,Yes,2026-05-28 15:14,,14,,,,,0,0,0,0,,,,,,,
KW-0142,hotel chain,Melbourne,,hotel chain Melbourne about us,,"Generator: template=T1, risk=low",Discovery,high,Testing,Yes,2026-05-28 15:14,,14,,,,,0,0,0,0,,,,,,,
KW-0143,brewery venue,Adelaide,,brewery venue owner Adelaide,,"Generator: template=T2, risk=medium",Discovery,high,Testing,Yes,2026-05-25 18:58,,14,,,,,0,0,0,0,,,,,,,Approved for Run 10 keyword discovery batch
KW-0144,aged care food service,Hobart,,aged care food service owner Hobart,,"Generator: template=T2, risk=medium",Discovery,high,Testing,Yes,2026-06-02 15:31,,14,,,,,1,0,0,0,,,,,,,
KW-0145,corporate catering,Darwin,,corporate catering owner Darwin,,"Generator: template=T2, risk=medium",Discovery,high,Testing,Yes,2026-06-02 15:31,,14,,,,,1,0,0,0,,,,,,,
KW-0146,cafe chain,Newcastle,,cafe chain owner Newcastle,,"Generator: template=T2, risk=medium",Discovery,high,Testing,Yes,2026-05-28 15:52,,14,,,,,0,0,0,0,,,,,,,
KW-0147,food court operator,Wollongong,,food court operator owner Wollongong,,"Generator: template=T2, risk=medium",Discovery,high,Testing,Yes,2026-05-28 15:52,,14,,,,,0,0,0,0,,,,,,,
KW-0148,winery restaurant,NSW,,winery restaurant owner NSW,,"Generator: template=T2, risk=medium",Discovery,high,Testing,Yes,2026-05-28 15:52,2026-06-11T14:30:22.309689,14,,,0.5,0.0,1,1,0,0,,,,,,,
KW-0149,resort F&B,VIC,,resort F&B owner VIC,,"Generator: template=T2, risk=medium",Discovery,high,Testing,Yes,2026-05-28 15:52,,14,,,,,0,0,0,0,,,,,,,
KW-0150,hospitality recruitment,QLD,,hospitality recruitment owner QLD,,"Generator: template=T2, risk=medium",Discovery,high,Testing,Yes,2026-06-02 15:31,2026-06-11T14:30:22.294216,14,,,0.5,0.0,2,1,0,0,,,,,,,
KW-0151,restaurant renovation,WA,,restaurant renovation owner WA,,"Generator: template=T2, risk=medium",Discovery,high,Testing,Yes,2026-06-02 15:31,,14,,,,,1,0,0,0,,,,,,,
KW-0152,restaurant supply chain,Launceston,,restaurant supply chain owner Launceston,,"Generator: template=T2, risk=medium",Discovery,high,Testing,Yes,2026-06-02 15:31,,14,,,,,1,0,0,0,,,,,,,
KW-0153,ghost kitchen operator,Alice Springs,,ghost kitchen operator owner Alice Springs,,"Generator: template=T2, risk=medium",Discovery,high,Testing,Yes,2026-06-02 15:31,2026-06-12T16:03:31.160652,14,,,0.0,0.0,2,0,0,0,,,,,,,
KW-0154,hotel housekeeping supplier,Mornington Peninsula,,hotel housekeeping supplier owner Mornington Peninsula,,"Generator: template=T2, risk=medium",Discovery,high,Testing,Yes,2026-06-02 15:31,2026-06-08T17:32:51.429407,14,,,0.5,0.0,2,1,0,0,,,,,,,
KW-0155,restaurant furniture supplier,Hunter Valley,,restaurant furniture supplier owner Hunter Valley,,"Generator: template=T2, risk=medium",Discovery,high,Testing,Yes,2026-06-02 15:31,,14,,,,,1,0,0,0,,,,,,,
KW-0156,commercial kitchen supplier,Byron Bay,,commercial kitchen supplier owner Byron Bay,,"Generator: template=T2, risk=medium",Discovery,high,Testing,Yes,2026-06-02 15:31,,14,,,,,1,0,0,0,,,,,,,
KW-0157,hospitality technology supplier,Port Douglas,,hospitality technology supplier owner Port Douglas,,"Generator: template=T2, risk=medium",Discovery,high,Testing,Yes,2026-06-02 17:18,,14,,,,,1,3,0,0,,,,,,,
KW-0158,restaurant POS supplier,Broome,,restaurant POS supplier owner Broome,,"Generator: template=T2, risk=medium",Discovery,high,Testing,Yes,2026-06-02 17:18,,14,,,,,1,3,0,0,,,,,,,
KW-0159,bar equipment supplier,Margaret River,,bar equipment supplier owner Margaret River,,"Generator: template=T2, risk=medium",Discovery,high,Testing,Yes,2026-06-02 17:18,2026-06-12T16:06:25.395057,14,,,0.0,0.0,2,3,0,0,,,,,,,
KW-0160,food packaging supplier,Yarra Valley,,food packaging supplier owner Yarra Valley,,"Generator: template=T2, risk=medium",Discovery,high,Testing,Yes,2026-06-02 17:18,,14,,,,,1,3,0,0,,,,,,,
KW-0161,hotel amenities supplier,McLaren Vale,,hotel amenities supplier owner McLaren Vale,,"Generator: template=T2, risk=medium",Discovery,high,Testing,Yes,2026-06-02 17:18,2026-06-12T16:06:21.281593,14,,,0.0,0.0,2,3,0,0,,,,,,,
KW-0162,restaurant lighting supplier,Australia,,restaurant lighting supplier director Australia,,"Generator: template=T2, risk=medium",Discovery,high,Testing,Yes,2026-06-02 18:41,,14,,,,,1,0,0,0,,,,,,,
KW-0163,hospitality linen supplier,Sydney,,hospitality linen supplier director Sydney,,"Generator: template=T2, risk=medium",Discovery,high,Testing,Yes,2026-06-02 18:41,,14,,,,,1,0,0,0,,,,,,,
KW-0164,cloud kitchen,Melbourne,,cloud kitchen director Melbourne,,"Generator: template=T2, risk=medium",Discovery,high,Testing,Yes,2026-06-02 18:41,2026-06-12T16:05:08.078861,14,,,0.0,0.0,2,0,0,0,,,,,,,
KW-0165,dark kitchen,Brisbane,,dark kitchen director Brisbane,,"Generator: template=T2, risk=medium",Discovery,high,Testing,Yes,2026-06-02 18:41,2026-06-12T16:01:03.876102,14,,,0.0,0.0,2,0,0,0,,,,,,,
KW-0166,food delivery platform,Perth,,food delivery platform director Perth,,"Generator: template=T2, risk=medium",Discovery,high,Testing,Yes,2026-06-02 18:41,,14,,,,,1,0,0,0,,,,,,,
KW-0167,restaurant franchise,Adelaide,,restaurant franchise director Adelaide,,"Generator: template=T2, risk=medium",Discovery,high,Testing,Yes,2026-06-02 22:04,2026-06-12T16:05:28.443643,14,,,0.0,0.0,2,1,0,0,,,,,,,
KW-0168,brewery venue,Adelaide,,group brewery venue head office Adelaide,,"Generator: template=T3, risk=low",Discovery,medium,New,,,,14,,,,,0,0,0,0,,,,,,,
KW-0169,aged care food service,Hobart,,group aged care food service head office Hobart,,"Generator: template=T3, risk=low",Discovery,medium,New,,,,14,,,,,0,0,0,0,,,,,,,
KW-0170,corporate catering,Darwin,,group corporate catering head office Darwin,,"Generator: template=T3, risk=low",Discovery,medium,New,,,,14,,,,,0,0,0,0,,,,,,,
KW-0171,cafe chain,Newcastle,,group cafe chain head office Newcastle,,"Generator: template=T3, risk=low",Discovery,medium,New,,,,14,,,,,0,0,0,0,,,,,,,
KW-0172,food court operator,Wollongong,,group food court operator head office Wollongong,,"Generator: template=T3, risk=low",Discovery,medium,New,,,,14,,,,,0,0,0,0,,,,,,,
KW-0173,winery restaurant,NSW,,group winery restaurant head office NSW,,"Generator: template=T3, risk=low",Discovery,medium,New,,,,14,,,,,0,0,0,0,,,,,,,
KW-0174,resort F&B,VIC,,group resort F&B head office VIC,,"Generator: template=T3, risk=low",Discovery,medium,New,,,,14,,,,,0,0,0,0,,,,,,,
KW-0175,hospitality recruitment,QLD,,group hospitality recruitment head office QLD,,"Generator: template=T3, risk=low",Discovery,medium,New,,,,14,,,,,0,0,0,0,,,,,,,
KW-0176,restaurant renovation,WA,,group restaurant renovation head office WA,,"Generator: template=T3, risk=low",Discovery,medium,New,,,,14,,,,,0,0,0,0,,,,,,,
KW-0177,restaurant supply chain,Launceston,,group restaurant supply chain head office Launceston,,"Generator: template=T3, risk=low",Discovery,medium,New,,,,14,,,,,0,0,0,0,,,,,,,
KW-0178,ghost kitchen operator,Alice Springs,,group ghost kitchen operator head office Alice Springs,,"Generator: template=T3, risk=low",Discovery,medium,New,,,,14,,,,,0,0,0,0,,,,,,,
KW-0179,hotel housekeeping supplier,Mornington Peninsula,,group hotel housekeeping supplier head office Mornington Peninsula,,"Generator: template=T3, risk=low",Discovery,medium,New,,,,14,,,,,0,0,0,0,,,,,,,
KW-0180,restaurant furniture supplier,Hunter Valley,,group restaurant furniture supplier head office Hunter Valley,,"Generator: template=T3, risk=low",Discovery,medium,New,,,,14,,,,,0,0,0,0,,,,,,,
KW-0181,commercial kitchen supplier,Byron Bay,,group commercial kitchen supplier head office Byron Bay,,"Generator: template=T3, risk=low",Discovery,medium,New,,,,14,,,,,0,0,0,0,,,,,,,
KW-0182,hospitality technology supplier,Port Douglas,,group hospitality technology supplier head office Port Douglas,,"Generator: template=T3, risk=low",Discovery,medium,New,,,,14,,,,,0,0,0,0,,,,,,,
KW-0183,restaurant POS supplier,Broome,,group restaurant POS supplier head office Broome,,"Generator: template=T3, risk=low",Discovery,medium,New,,,,14,,,,,0,0,0,0,,,,,,,
KW-0184,bar equipment supplier,Margaret River,,group bar equipment supplier head office Margaret River,,"Generator: template=T3, risk=low",Discovery,medium,New,,,,14,,,,,0,0,0,0,,,,,,,
KW-0185,food packaging supplier,Yarra Valley,,group food packaging supplier head office Yarra Valley,,"Generator: template=T3, risk=low",Discovery,medium,New,,,,14,,,,,0,0,0,0,,,,,,,
KW-0186,hotel amenities supplier,McLaren Vale,,group hotel amenities supplier head office McLaren Vale,,"Generator: template=T3, risk=low",Discovery,medium,New,,,,14,,,,,0,0,0,0,,,,,,,
KW-0187,restaurant lighting supplier,Australia,,holdings restaurant lighting supplier head office Australia,,"Generator: template=T3, risk=low",Discovery,medium,New,,,,14,,,,,0,0,0,0,,,,,,,
KW-0188,hospitality linen supplier,Sydney,,holdings hospitality linen supplier head office Sydney,,"Generator: template=T3, risk=low",Discovery,medium,New,,,,14,,,,,0,0,0,0,,,,,,,
KW-0189,cloud kitchen,Melbourne,,holdings cloud kitchen head office Melbourne,,"Generator: template=T3, risk=low",Discovery,medium,New,,,,14,,,,,0,0,0,0,,,,,,,
KW-0190,dark kitchen,Brisbane,,holdings dark kitchen head office Brisbane,,"Generator: template=T3, risk=low",Discovery,medium,New,,,,14,,,,,0,0,0,0,,,,,,,
KW-0191,food delivery platform,Perth,,holdings food delivery platform head office Perth,,"Generator: template=T3, risk=low",Discovery,medium,New,,,,14,,,,,0,0,0,0,,,,,,,
KW-0192,restaurant franchise,Adelaide,,holdings restaurant franchise head office Adelaide,,"Generator: template=T3, risk=low",Discovery,medium,New,,,,14,,,,,0,0,0,0,,,,,,,
KW-0193,brewery venue,Adelaide,,"""owner"" ""brewery venue"" Adelaide",,"Generator: template=T4, risk=medium",Discovery,high,Testing,Yes,2026-05-28 15:52,,14,,,,,0,0,0,0,,,,,,,
KW-0194,aged care food service,Hobart,,"""owner"" ""aged care food service"" Hobart",,"Generator: template=T4, risk=medium",Discovery,high,Testing,Yes,2026-06-02 22:04,,14,,,,,1,1,0,0,,,,,,,
KW-0195,corporate catering,Darwin,,"""owner"" ""corporate catering"" Darwin",,"Generator: template=T4, risk=medium",Discovery,high,Testing,Yes,2026-06-02 22:04,2026-06-12T16:05:44.216140,14,,,0.0,0.0,2,1,0,0,,,,,,,
KW-0196,cafe chain,Newcastle,,"""owner"" ""cafe chain"" Newcastle",,"Generator: template=T4, risk=medium",Discovery,high,Testing,Yes,2026-05-28 15:52,,14,,,,,0,0,0,0,,,,,,,
KW-0197,food court operator,Wollongong,,"""owner"" ""food court operator"" Wollongong",,"Generator: template=T4, risk=medium",Discovery,high,Testing,Yes,2026-06-02 22:04,2026-06-08T17:32:51.419954,14,,,0.5,0.0,2,2,0,0,,,,,,,
KW-0198,winery restaurant,NSW,,"""owner"" ""winery restaurant"" NSW",,"Generator: template=T4, risk=medium",Discovery,high,Testing,Yes,2026-05-28 15:52,,14,,,,,0,0,0,0,,,,,,,
KW-0199,resort F&B,VIC,,"""owner"" ""resort F&B"" VIC",,"Generator: template=T4, risk=medium",Discovery,high,Testing,Yes,2026-05-28 15:52,,14,,,,,0,0,0,0,,,,,,,
KW-0200,hospitality recruitment,QLD,,"""owner"" ""hospitality recruitment"" QLD",,"Generator: template=T4, risk=medium",Discovery,high,Testing,Yes,2026-06-02 22:04,,14,,,,,1,1,0,0,,,,,,,
KW-0201,restaurant renovation,WA,,"""owner"" ""restaurant renovation"" WA",,"Generator: template=T4, risk=medium",Discovery,high,Testing,Yes,2026-06-02 22:04,2026-06-08T17:32:51.408666,14,,,0.5,0.0,2,2,0,0,,,,,,,
KW-0202,restaurant supply chain,Launceston,,"""owner"" ""restaurant supply chain"" Launceston",,"Generator: template=T4, risk=medium",Discovery,high,Testing,Yes,2026-06-02 22:04,,14,,,,,1,1,0,0,,,,,,,
KW-0203,ghost kitchen operator,Alice Springs,,"""owner"" ""ghost kitchen operator"" Alice Springs",,"Generator: template=T4, risk=medium",Discovery,high,Testing,Yes,2026-06-02 22:04,,14,,,,,1,1,0,0,,,,,,,
KW-0204,hotel housekeeping supplier,Mornington Peninsula,,"""owner"" ""hotel housekeeping supplier"" Mornington Peninsula",,"Generator: template=T4, risk=medium",Discovery,high,Testing,Yes,2026-06-02 22:04,,14,,,,,1,1,0,0,,,,,,,
KW-0205,restaurant furniture supplier,Hunter Valley,,"""owner"" ""restaurant furniture supplier"" Hunter Valley",,"Generator: template=T4, risk=medium",Discovery,high,Testing,Yes,2026-06-02 22:04,,14,,,,,1,1,0,0,,,,,,,
KW-0206,commercial kitchen supplier,Byron Bay,,"""owner"" ""commercial kitchen supplier"" Byron Bay",,"Generator: template=T4, risk=medium",Discovery,high,Testing,Yes,2026-06-02 22:13,2026-06-12T16:04:46.431982,14,,,0.0,0.0,2,1,0,0,,,,,,,
KW-0207,hospitality technology supplier,Port Douglas,,"""owner"" ""hospitality technology supplier"" Port Douglas",,"Generator: template=T4, risk=medium",Discovery,high,Testing,Yes,2026-06-02 22:13,,14,,,,,1,1,0,0,,,,,,,
KW-0208,restaurant POS supplier,Broome,,"""owner"" ""restaurant POS supplier"" Broome",,"Generator: template=T4, risk=medium",Discovery,high,Testing,Yes,2026-06-02 22:13,2026-06-12T16:03:20.772244,14,,,0.0,0.0,2,1,0,0,,,,,,,
KW-0209,bar equipment supplier,Margaret River,,"""owner"" ""bar equipment supplier"" Margaret River",,"Generator: template=T4, risk=medium",Discovery,high,Testing,Yes,2026-06-02 22:13,,14,,,,,1,1,0,0,,,,,,,
KW-0210,food packaging supplier,Yarra Valley,,"""owner"" ""food packaging supplier"" Yarra Valley",,"Generator: template=T4, risk=medium",Discovery,high,Testing,Yes,2026-06-02 22:13,2026-06-12T16:05:30.171760,14,,,0.0,0.0,2,1,0,0,,,,,,,
KW-0211,hotel amenities supplier,McLaren Vale,,"""owner"" ""hotel amenities supplier"" McLaren Vale",,"Generator: template=T4, risk=medium",Discovery,high,Testing,Yes,2026-06-02 22:13,,14,,,,,1,1,0,0,,,,,,,
KW-0212,restaurant lighting supplier,Australia,,"""director"" ""restaurant lighting supplier"" Australia",,"Generator: template=T4, risk=medium",Discovery,high,Testing,Yes,2026-06-02 22:13,2026-06-08T16:35:36.917388,14,,,0.5,0.0,2,2,0,0,,,,,,,
KW-0213,hospitality linen supplier,Sydney,,"""director"" ""hospitality linen supplier"" Sydney",,"Generator: template=T4, risk=medium",Discovery,high,Testing,Yes,2026-06-02 22:13,,14,,,,,1,1,0,0,,,,,,,
KW-0214,cloud kitchen,Melbourne,,"""director"" ""cloud kitchen"" Melbourne",,"Generator: template=T4, risk=medium",Discovery,high,Testing,Yes,2026-06-02 22:13,2026-06-12T16:03:59.766666,14,,,0.0,0.0,2,1,0,0,,,,,,,
KW-0215,dark kitchen,Brisbane,,"""director"" ""dark kitchen"" Brisbane",,"Generator: template=T4, risk=medium",Discovery,high,Testing,Yes,2026-06-02 22:13,,14,,,,,1,1,0,0,,,,,,,
KW-0216,food delivery platform,Perth,,"""director"" ""food delivery platform"" Perth",,"Generator: template=T4, risk=medium",Discovery,high,Testing,Yes,2026-06-02 23:09,,14,,,,,1,0,0,0,,,,,,,
KW-0217,restaurant franchise,Adelaide,,"""director"" ""restaurant franchise"" Adelaide",,"Generator: template=T4, risk=medium",Discovery,high,Testing,Yes,2026-06-02 23:09,,14,,,,,1,0,0,0,,,,,,,
KW-0218,brewery venue,Adelaide,,site:.com.au brewery venue contact Adelaide,,"Generator: template=T5, risk=medium",Discovery,medium,New,,,,14,,,,,0,0,0,0,,,,,,,
KW-0219,aged care food service,Hobart,,site:.com.au aged care food service contact Hobart,,"Generator: template=T5, risk=medium",Discovery,medium,New,,,,14,,,,,0,0,0,0,,,,,,,
KW-0220,corporate catering,Darwin,,site:.com.au corporate catering contact Darwin,,"Generator: template=T5, risk=medium",Discovery,medium,New,,,,14,,,,,0,0,0,0,,,,,,,
KW-0221,cafe chain,Newcastle,,site:.com.au cafe chain contact Newcastle,,"Generator: template=T5, risk=medium",Discovery,medium,New,,,,14,,,,,0,0,0,0,,,,,,,
KW-0222,food court operator,Wollongong,,site:.com.au food court operator contact Wollongong,,"Generator: template=T5, risk=medium",Discovery,medium,New,,,,14,,,,,0,0,0,0,,,,,,,
KW-0223,winery restaurant,NSW,,site:.com.au winery restaurant contact NSW,,"Generator: template=T5, risk=medium",Discovery,medium,New,,,,14,,,,,0,0,0,0,,,,,,,
KW-0224,resort F&B,VIC,,site:.com.au resort F&B contact VIC,,"Generator: template=T5, risk=medium",Discovery,medium,New,,,,14,,,,,0,0,0,0,,,,,,,
KW-0225,hospitality recruitment,QLD,,site:.com.au hospitality recruitment contact QLD,,"Generator: template=T5, risk=medium",Discovery,medium,New,,,,14,,,,,0,0,0,0,,,,,,,
KW-0226,restaurant renovation,WA,,site:.com.au restaurant renovation contact WA,,"Generator: template=T5, risk=medium",Discovery,medium,New,,,,14,,,,,0,0,0,0,,,,,,,
KW-0227,restaurant supply chain,Launceston,,site:.com.au restaurant supply chain contact Launceston,,"Generator: template=T5, risk=medium",Discovery,medium,New,,,,14,,,,,0,0,0,0,,,,,,,
KW-0228,ghost kitchen operator,Alice Springs,,site:.com.au ghost kitchen operator contact Alice Springs,,"Generator: template=T5, risk=medium",Discovery,medium,New,,,,14,,,,,0,0,0,0,,,,,,,
KW-0229,hotel housekeeping supplier,Mornington Peninsula,,site:.com.au hotel housekeeping supplier contact Mornington Peninsula,,"Generator: template=T5, risk=medium",Discovery,medium,New,,,,14,,,,,0,0,0,0,,,,,,,
KW-0230,restaurant furniture supplier,Hunter Valley,,site:.com.au restaurant furniture supplier contact Hunter Valley,,"Generator: template=T5, risk=medium",Discovery,medium,New,,,,14,,,,,0,0,0,0,,,,,,,
KW-0231,commercial kitchen supplier,Byron Bay,,site:.com.au commercial kitchen supplier contact Byron Bay,,"Generator: template=T5, risk=medium",Discovery,medium,New,,,,14,,,,,0,0,0,0,,,,,,,
KW-0232,hospitality technology supplier,Port Douglas,,site:.com.au hospitality technology supplier contact Port Douglas,,"Generator: template=T5, risk=medium",Discovery,medium,New,,,,14,,,,,0,0,0,0,,,,,,,
KW-0233,restaurant POS supplier,Broome,,site:.com.au restaurant POS supplier contact Broome,,"Generator: template=T5, risk=medium",Discovery,medium,New,,,,14,,,,,0,0,0,0,,,,,,,
KW-0234,bar equipment supplier,Margaret River,,site:.com.au bar equipment supplier contact Margaret River,,"Generator: template=T5, risk=medium",Discovery,medium,New,,,,14,,,,,0,0,0,0,,,,,,,
KW-0235,food packaging supplier,Yarra Valley,,site:.com.au food packaging supplier contact Yarra Valley,,"Generator: template=T5, risk=medium",Discovery,medium,New,,,,14,,,,,0,0,0,0,,,,,,,
KW-0236,hotel amenities supplier,McLaren Vale,,site:.com.au hotel amenities supplier contact McLaren Vale,,"Generator: template=T5, risk=medium",Discovery,medium,New,,,,14,,,,,0,0,0,0,,,,,,,
KW-0237,restaurant lighting supplier,Australia,,site:.com.au restaurant lighting supplier email Australia,,"Generator: template=T5, risk=medium",Discovery,medium,New,,,,14,,,,,0,0,0,0,,,,,,,
KW-0238,hospitality linen supplier,Sydney,,site:.com.au hospitality linen supplier email Sydney,,"Generator: template=T5, risk=medium",Discovery,medium,New,,,,14,,,,,0,0,0,0,,,,,,,
KW-0239,cloud kitchen,Melbourne,,site:.com.au cloud kitchen email Melbourne,,"Generator: template=T5, risk=medium",Discovery,medium,New,,,,14,,,,,0,0,0,0,,,,,,,
KW-0240,dark kitchen,Brisbane,,site:.com.au dark kitchen email Brisbane,,"Generator: template=T5, risk=medium",Discovery,medium,New,,,,14,,,,,0,0,0,0,,,,,,,
KW-0241,food delivery platform,Perth,,site:.com.au food delivery platform email Perth,,"Generator: template=T5, risk=medium",Discovery,medium,New,,,,14,,,,,0,0,0,0,,,,,,,
KW-0242,restaurant franchise,Adelaide,,site:.com.au restaurant franchise email Adelaide,,"Generator: template=T5, risk=medium",Discovery,medium,New,,,,14,,,,,0,0,0,0,,,,,,,
KW-0243,brewery venue,Adelaide,,filetype:pdf brewery venue procurement Adelaide,,"Generator: template=T6, risk=low",Discovery,low,New,,,,14,,,,,0,0,0,0,,,,,,,
KW-0244,aged care food service,Hobart,,filetype:pdf aged care food service procurement Hobart,,"Generator: template=T6, risk=low",Discovery,low,New,,,,14,,,,,0,0,0,0,,,,,,,
KW-0245,corporate catering,Darwin,,filetype:pdf corporate catering procurement Darwin,,"Generator: template=T6, risk=low",Discovery,low,New,,,,14,,,,,0,0,0,0,,,,,,,
KW-0246,cafe chain,Newcastle,,filetype:pdf cafe chain procurement Newcastle,,"Generator: template=T6, risk=low",Discovery,low,New,,,,14,,,,,0,0,0,0,,,,,,,
KW-0247,food court operator,Wollongong,,filetype:pdf food court operator procurement Wollongong,,"Generator: template=T6, risk=low",Discovery,low,New,,,,14,,,,,0,0,0,0,,,,,,,
KW-0248,winery restaurant,NSW,,filetype:pdf winery restaurant procurement NSW,,"Generator: template=T6, risk=low",Discovery,low,New,,,,14,,,,,0,0,0,0,,,,,,,
KW-0249,resort F&B,VIC,,filetype:pdf resort F&B procurement VIC,,"Generator: template=T6, risk=low",Discovery,low,New,,,,14,,,,,0,0,0,0,,,,,,,
KW-0250,hospitality recruitment,QLD,,filetype:pdf hospitality recruitment procurement QLD,,"Generator: template=T6, risk=low",Discovery,low,New,,,,14,,,,,0,0,0,0,,,,,,,
KW-0251,restaurant renovation,WA,,filetype:pdf restaurant renovation procurement WA,,"Generator: template=T6, risk=low",Discovery,low,New,,,,14,,,,,0,0,0,0,,,,,,,
KW-0252,restaurant supply chain,Launceston,,filetype:pdf restaurant supply chain procurement Launceston,,"Generator: template=T6, risk=low",Discovery,low,New,,,,14,,,,,0,0,0,0,,,,,,,
KW-0253,ghost kitchen operator,Alice Springs,,filetype:pdf ghost kitchen operator procurement Alice Springs,,"Generator: template=T6, risk=low",Discovery,low,New,,,,14,,,,,0,0,0,0,,,,,,,
KW-0254,hotel housekeeping supplier,Mornington Peninsula,,filetype:pdf hotel housekeeping supplier procurement Mornington Peninsula,,"Generator: template=T6, risk=low",Discovery,low,New,,,,14,,,,,0,0,0,0,,,,,,,
KW-0255,restaurant furniture supplier,Hunter Valley,,filetype:pdf restaurant furniture supplier procurement Hunter Valley,,"Generator: template=T6, risk=low",Discovery,low,New,,,,14,,,,,0,0,0,0,,,,,,,
KW-0256,commercial kitchen supplier,Byron Bay,,filetype:pdf commercial kitchen supplier procurement Byron Bay,,"Generator: template=T6, risk=low",Discovery,low,New,,,,14,,,,,0,0,0,0,,,,,,,
KW-0257,hospitality technology supplier,Port Douglas,,filetype:pdf hospitality technology supplier procurement Port Douglas,,"Generator: template=T6, risk=low",Discovery,low,New,,,,14,,,,,0,0,0,0,,,,,,,
KW-0258,restaurant POS supplier,Broome,,filetype:pdf restaurant POS supplier procurement Broome,,"Generator: template=T6, risk=low",Discovery,low,New,,,,14,,,,,0,0,0,0,,,,,,,
KW-0259,bar equipment supplier,Margaret River,,filetype:pdf bar equipment supplier procurement Margaret River,,"Generator: template=T6, risk=low",Discovery,low,New,,,,14,,,,,0,0,0,0,,,,,,,
KW-0260,food packaging supplier,Yarra Valley,,filetype:pdf food packaging supplier procurement Yarra Valley,,"Generator: template=T6, risk=low",Discovery,low,New,,,,14,,,,,0,0,0,0,,,,,,,
KW-0261,hotel amenities supplier,McLaren Vale,,filetype:pdf hotel amenities supplier procurement McLaren Vale,,"Generator: template=T6, risk=low",Discovery,low,New,,,,14,,,,,0,0,0,0,,,,,,,
KW-0262,brewery venue,Adelaide,,"""new opening"" brewery venue Adelaide",,"Generator: template=T7, risk=medium",Discovery,high,Testing,Yes,2026-05-28 15:52,,14,,,,,0,0,0,0,,,,,,,
KW-0263,aged care food service,Hobart,,"""new opening"" aged care food service Hobart",,"Generator: template=T7, risk=medium",Discovery,high,Testing,Yes,2026-06-02 23:09,2026-06-12T16:06:41.711737,14,,,0.0,0.0,2,0,0,0,,,,,,,
KW-0264,corporate catering,Darwin,,"""new opening"" corporate catering Darwin",,"Generator: template=T7, risk=medium",Discovery,high,Testing,Yes,2026-06-02 23:09,2026-06-12T15:07:32.858774,14,,,0.0,0.0,2,0,0,0,,,,,,,
KW-0265,cafe chain,Newcastle,,"""new opening"" cafe chain Newcastle",,"Generator: template=T7, risk=medium",Discovery,high,Testing,Yes,2026-06-01 17:09,,14,,,,,0,0,0,0,,,,,,,
KW-0266,food court operator,Wollongong,,"""new opening"" food court operator Wollongong",,"Generator: template=T7, risk=medium",Discovery,high,Testing,Yes,2026-06-02 23:09,2026-06-12T16:03:23.285040,14,,,0.0,0.0,2,0,0,0,,,,,,,
KW-0267,winery restaurant,NSW,,"""new opening"" winery restaurant NSW",,"Generator: template=T7, risk=medium",Discovery,high,Testing,Yes,2026-06-01 17:09,2026-06-12T16:03:25.338430,14,,,0.0,0.0,1,0,0,0,,,,,,,
KW-0268,resort F&B,VIC,,"""new opening"" resort F&B VIC",,"Generator: template=T7, risk=medium",Discovery,high,Testing,Yes,2026-06-02 23:09,2026-06-12T16:05:47.980714,14,,,0.0,0.0,2,0,0,0,,,,,,,
KW-0269,hospitality recruitment,QLD,,"""new opening"" hospitality recruitment QLD",,"Generator: template=T7, risk=medium",Discovery,high,Testing,Yes,2026-06-02 23:09,2026-06-12T16:04:50.752361,14,,,0.0,0.0,2,0,0,0,,,,,,,
KW-0270,restaurant renovation,WA,,"""new opening"" restaurant renovation WA",,"Generator: template=T7, risk=medium",Discovery,high,Testing,Yes,2026-06-02 23:09,,14,,,,,1,0,0,0,,,,,,,
KW-0271,restaurant supply chain,Launceston,,"""new opening"" restaurant supply chain Launceston",,"Generator: template=T7, risk=medium",Discovery,high,Testing,Yes,2026-06-02 23:09,2026-06-12T15:59:46.151868,14,,,0.0,0.0,2,0,0,0,,,,,,,
KW-0272,ghost kitchen operator,Alice Springs,,"""new opening"" ghost kitchen operator Alice Springs",,"Generator: template=T7, risk=medium",Discovery,high,Testing,Yes,2026-06-02 23:09,,14,,,,,1,0,0,0,,,,,,,
KW-0273,hotel housekeeping supplier,Mornington Peninsula,,"""new opening"" hotel housekeeping supplier Mornington Peninsula",,"Generator: template=T7, risk=medium",Discovery,high,Testing,Yes,2026-06-03 08:42,,14,,,,,1,0,0,0,,,,,,,
KW-0274,restaurant furniture supplier,Hunter Valley,,"""new opening"" restaurant furniture supplier Hunter Valley",,"Generator: template=T7, risk=medium",Discovery,high,Testing,Yes,2026-06-03 08:42,2026-06-12T16:03:12.398854,14,,,0.0,0.0,2,0,0,0,,,,,,,
KW-0275,commercial kitchen supplier,Byron Bay,,"""new opening"" commercial kitchen supplier Byron Bay",,"Generator: template=T7, risk=medium",Discovery,high,Testing,Yes,2026-06-03 08:42,,14,,,,,1,0,0,0,,,,,,,
KW-0276,hospitality technology supplier,Port Douglas,,"""new opening"" hospitality technology supplier Port Douglas",,"Generator: template=T7, risk=medium",Discovery,high,Testing,Yes,2026-06-03 08:42,,14,,,,,1,0,0,0,,,,,,,
KW-0277,restaurant POS supplier,Broome,,"""new opening"" restaurant POS supplier Broome",,"Generator: template=T7, risk=medium",Discovery,high,Testing,Yes,2026-06-03 08:42,2026-06-12T16:03:18.959590,14,,,0.0,0.0,2,0,0,0,,,,,,,
KW-0278,bar equipment supplier,Margaret River,,"""new opening"" bar equipment supplier Margaret River",,"Generator: template=T7, risk=medium",Discovery,high,Testing,Yes,2026-06-03 08:42,,14,,,,,1,0,0,0,,,,,,,
KW-0279,food packaging supplier,Yarra Valley,,"""new opening"" food packaging supplier Yarra Valley",,"Generator: template=T7, risk=medium",Discovery,high,Testing,Yes,2026-06-03 08:42,,14,,,,,1,0,0,0,,,,,,,
KW-0280,hotel amenities supplier,McLaren Vale,,"""new opening"" hotel amenities supplier McLaren Vale",,"Generator: template=T7, risk=medium",Discovery,high,Testing,Yes,2026-06-03 08:42,2026-06-12T16:01:00.119881,14,,,0.0,0.0,2,0,0,0,,,,,,,
KW-0281,restaurant lighting supplier,Australia,,"""new venue"" restaurant lighting supplier Australia",,"Generator: template=T7, risk=medium",Discovery,high,Testing,Yes,2026-06-03 08:42,2026-06-12T15:05:55.977031,14,,,0.0,0.0,2,0,0,0,,,,,,,
KW-0282,hospitality linen supplier,Sydney,,"""new venue"" hospitality linen supplier Sydney",,"Generator: template=T7, risk=medium",Discovery,high,Testing,Yes,2026-06-03 08:42,,14,,,,,1,0,0,0,,,,,,,
KW-0283,cloud kitchen,Melbourne,,"""new venue"" cloud kitchen Melbourne",,"Generator: template=T7, risk=medium",Discovery,high,New,,,,14,,,,,0,0,0,0,,,,,,,
KW-0284,dark kitchen,Brisbane,,"""new venue"" dark kitchen Brisbane",,"Generator: template=T7, risk=medium",Discovery,high,New,,,,14,,,,,0,0,0,0,,,,,,,
KW-0285,food delivery platform,Perth,,"""new venue"" food delivery platform Perth",,"Generator: template=T7, risk=medium",Discovery,high,New,,,,14,,,,,0,0,0,0,,,,,,,
KW-0286,restaurant franchise,Adelaide,,"""new venue"" restaurant franchise Adelaide",,"Generator: template=T7, risk=medium",Discovery,high,New,Yes,2026-05-29T16:04:01.869689,2026-06-12T16:04:01.869689,14,,,0.0,0.0,1,0,0,0,,,,,,,
KW-0287,brewery venue,Australia,,brewery venue Australia new opening vendor application,,"Generator: template=T8, risk=medium",Discovery,medium,New,,,,14,,,,,0,0,0,0,,,,,,,
KW-0288,aged care food service,Australia,,aged care food service Australia new opening tender,,"Generator: template=T8, risk=medium",Discovery,medium,New,,,,14,,,,,0,0,0,0,,,,,,,
KW-0289,corporate catering,Australia,,corporate catering Australia new opening partnership enquiry,,"Generator: template=T8, risk=medium",Discovery,medium,New,,,,14,,,,,0,0,0,0,,,,,,,
KW-0290,cafe chain,Australia,,cafe chain Australia new opening directory,,"Generator: template=T8, risk=medium",Discovery,medium,New,,,,14,,,,,0,0,0,0,,,,,,,
KW-0291,food court operator,Australia,,food court operator Australia new opening team page,,"Generator: template=T8, risk=medium",Discovery,medium,New,,,,14,,,,,0,0,0,0,,,,,,,
KW-0292,winery restaurant,Australia,,winery restaurant Australia new opening about us,,"Generator: template=T8, risk=medium",Discovery,medium,New,,,,14,,,,,0,0,0,0,,,,,,,
KW-0293,resort F&B,Australia,,resort F&B Australia new opening leadership,,"Generator: template=T8, risk=medium",Discovery,medium,New,,,,14,,,,,0,0,0,0,,,,,,,
KW-0294,hospitality recruitment,Australia,,hospitality recruitment Australia new venue contact,,"Generator: template=T8, risk=medium",Discovery,medium,New,,,,14,,,,,0,0,0,0,,,,,,,
KW-0295,restaurant renovation,Australia,,restaurant renovation Australia new venue email,,"Generator: template=T8, risk=medium",Discovery,medium,New,,,,14,,,,,0,0,0,0,,,,,,,
KW-0296,restaurant supply chain,Australia,,restaurant supply chain Australia new venue tender,,"Generator: template=T8, risk=medium",Discovery,medium,New,,,,14,,,,,0,0,0,0,,,,,,,
KW-0297,ghost kitchen operator,Australia,,ghost kitchen operator Australia new venue partnership enquiry,,"Generator: template=T8, risk=medium",Discovery,medium,New,,,,14,,,,,0,0,0,0,,,,,,,
KW-0298,hotel housekeeping supplier,Australia,,hotel housekeeping supplier Australia new venue directory,,"Generator: template=T8, risk=medium",Discovery,medium,New,,,,14,,,,,0,0,0,0,,,,,,,
KW-0299,restaurant furniture supplier,Australia,,restaurant furniture supplier Australia new venue about us,,"Generator: template=T8, risk=medium",Discovery,medium,New,,,,14,,,,,0,0,0,0,,,,,,,
KW-0300,commercial kitchen supplier,Australia,,commercial kitchen supplier Australia new venue leadership,,"Generator: template=T8, risk=medium",Discovery,medium,New,,,,14,,,,,0,0,0,0,,,,,,,
KW-0301,hospitality technology supplier,Australia,,hospitality technology supplier Australia expansion email,,"Generator: template=T8, risk=medium",Discovery,medium,New,,,,14,,,,,0,0,0,0,,,,,,,
KW-0302,restaurant POS supplier,Australia,,restaurant POS supplier Australia expansion phone,,"Generator: template=T8, risk=medium",Discovery,medium,New,,,,14,,,,,0,0,0,0,,,,,,,
KW-0303,bar equipment supplier,Australia,,bar equipment supplier Australia expansion supplier registration,,"Generator: template=T8, risk=medium",Discovery,medium,New,,,,14,,,,,0,0,0,0,,,,,,,
KW-0304,food packaging supplier,Australia,,food packaging supplier Australia expansion become a supplier,,"Generator: template=T8, risk=medium",Discovery,medium,New,,,,14,,,,,0,0,0,0,,,,,,,
KW-0305,hotel amenities supplier,Australia,,hotel amenities supplier Australia expansion vendor application,,"Generator: template=T8, risk=medium",Discovery,medium,New,,,,14,,,,,0,0,0,0,,,,,,,
KW-0306,restaurant lighting supplier,Australia,,restaurant lighting supplier Australia expansion procurement,,"Generator: template=T8, risk=medium",Discovery,medium,New,,,,14,,,,,0,0,0,0,,,,,,,
KW-0307,hospitality linen supplier,Australia,,hospitality linen supplier Australia expansion request a quote,,"Generator: template=T8, risk=medium",Discovery,medium,New,,,,14,,,,,0,0,0,0,,,,,,,
KW-0308,cloud kitchen,Australia,,cloud kitchen Australia expansion tender,,"Generator: template=T8, risk=medium",Discovery,medium,New,,,,14,,,,,0,0,0,0,,,,,,,
KW-0309,dark kitchen,Australia,,dark kitchen Australia expansion partnership enquiry,,"Generator: template=T8, risk=medium",Discovery,medium,New,,,,14,,,,,0,0,0,0,,,,,,,
KW-0310,food delivery platform,Australia,,food delivery platform Australia expansion directory,,"Generator: template=T8, risk=medium",Discovery,medium,New,,,,14,,,,,0,0,0,0,,,,,,,
KW-0311,restaurant franchise,Australia,,restaurant franchise Australia expansion team page,,"Generator: template=T8, risk=medium",Discovery,medium,New,,,,14,,,,,0,0,0,0,,,,,,,
KW-0312,brewery venue,Adelaide,,owner brewery venue Adelaide email OR phone OR contact,,"Generator: template=T9, risk=medium",Discovery,high,New,Yes,2026-05-29T16:04:48.470041,2026-06-12T16:04:48.470041,14,,,0.0,0.0,1,0,0,0,,,,,,,
KW-0313,aged care food service,Hobart,,owner aged care food service Hobart email OR phone OR contact,,"Generator: template=T9, risk=medium",Discovery,high,New,Yes,2026-05-29T16:06:45.527238,2026-06-12T16:06:45.527238,14,,,0.0,0.0,1,0,0,0,,,,,,,
KW-0314,corporate catering,Darwin,,owner corporate catering Darwin email OR phone OR contact,,"Generator: template=T9, risk=medium",Discovery,high,New,Yes,2026-05-29T16:04:14.284766,2026-06-12T16:04:14.284766,14,,,0.0,0.0,1,0,0,0,,,,,,,
KW-0315,cafe chain,Newcastle,,owner cafe chain Newcastle email OR phone OR contact,,"Generator: template=T9, risk=medium",Discovery,high,Testing,Yes,2026-06-01 17:19,,14,,,,,0,0,0,0,,,,,,,
KW-0316,food court operator,Wollongong,,owner food court operator Wollongong email OR phone OR contact,,"Generator: template=T9, risk=medium",Discovery,high,New,Yes,2026-05-29T16:04:44.155695,2026-06-12T16:04:44.155695,14,,,0.0,0.0,1,0,0,0,,,,,,,
KW-0317,winery restaurant,NSW,,owner winery restaurant NSW email OR phone OR contact,,"Generator: template=T9, risk=medium",Discovery,high,New,Yes,2026-05-29T16:04:59.283391,2026-06-12T16:04:59.283391,14,,,0.0,0.0,1,0,0,0,,,,,,,
KW-0318,resort F&B,VIC,,owner resort F&B VIC email OR phone OR contact,,"Generator: template=T9, risk=medium",Discovery,high,New,Yes,2026-05-29T16:06:35.060953,2026-06-12T16:06:35.060953,14,,,0.0,0.0,1,0,0,0,,,,,,,
KW-0319,hospitality recruitment,QLD,,owner hospitality recruitment QLD email OR phone OR contact,,"Generator: template=T9, risk=medium",Discovery,high,New,,,,14,,,,,0,0,0,0,,,,,,,
KW-0320,restaurant renovation,WA,,owner restaurant renovation WA email OR phone OR contact,,"Generator: template=T9, risk=medium",Discovery,high,New,Yes,2026-05-29T15:59:38.202795,2026-06-12T15:59:38.202795,14,,,0.0,0.0,1,0,0,0,,,,,,,
KW-0321,restaurant supply chain,Launceston,,owner restaurant supply chain Launceston email OR phone OR contact,,"Generator: template=T9, risk=medium",Discovery,high,New,,,,14,,,,,0,0,0,0,,,,,,,
KW-0322,ghost kitchen operator,Alice Springs,,owner ghost kitchen operator Alice Springs email OR phone OR contact,,"Generator: template=T9, risk=medium",Discovery,high,New,Yes,2026-05-29T16:05:13.208844,2026-06-12T16:05:13.208844,14,,,0.0,0.0,1,0,0,0,,,,,,,
KW-0323,hotel housekeeping supplier,Mornington Peninsula,,owner hotel housekeeping supplier Mornington Peninsula email OR phone OR contact,,"Generator: template=T9, risk=medium",Discovery,high,New,Yes,2026-05-29T16:04:38.679891,2026-06-12T16:04:38.679891,14,,,0.0,0.0,1,0,0,0,,,,,,,
KW-0324,restaurant furniture supplier,Hunter Valley,,owner restaurant furniture supplier Hunter Valley email OR phone OR contact,,"Generator: template=T9, risk=medium",Discovery,high,New,Yes,2026-05-29T16:06:37.664180,2026-06-12T16:06:37.664180,14,,,0.0,0.0,1,0,0,0,,,,,,,
KW-0325,commercial kitchen supplier,Byron Bay,,owner commercial kitchen supplier Byron Bay email OR phone OR contact,,"Generator: template=T9, risk=medium",Discovery,high,New,Yes,2026-05-29T16:06:03.211182,2026-06-12T16:06:03.211182,14,,,0.0,0.0,1,0,0,0,,,,,,,
KW-0326,hospitality technology supplier,Port Douglas,,owner hospitality technology supplier Port Douglas email OR phone OR contact,,"Generator: template=T9, risk=medium",Discovery,high,New,,,,14,,,,,0,0,0,0,,,,,,,
KW-0327,restaurant POS supplier,Broome,,owner restaurant POS supplier Broome email OR phone OR contact,,"Generator: template=T9, risk=medium",Discovery,high,New,,,,14,,,,,0,0,0,0,,,,,,,
KW-0328,bar equipment supplier,Margaret River,,owner bar equipment supplier Margaret River email OR phone OR contact,,"Generator: template=T9, risk=medium",Discovery,high,New,Yes,2026-05-29T16:05:38.666032,2026-06-12T16:05:38.666032,14,,,0.0,0.0,1,0,0,0,,,,,,,
KW-0329,food packaging supplier,Yarra Valley,,owner food packaging supplier Yarra Valley email OR phone OR contact,,"Generator: template=T9, risk=medium",Discovery,high,New,Yes,2026-05-29T16:04:18.313110,2026-06-12T16:04:18.313110,14,,,0.0,0.0,1,0,0,0,,,,,,,
KW-0330,hotel amenities supplier,McLaren Vale,,owner hotel amenities supplier McLaren Vale email OR phone OR contact,,"Generator: template=T9, risk=medium",Discovery,high,New,,,,14,,,,,0,0,0,0,,,,,,,
KW-0331,restaurant lighting supplier,Australia,,director restaurant lighting supplier Australia email OR phone OR contact,,"Generator: template=T9, risk=medium",Discovery,high,New,,,,14,,,,,0,0,0,0,,,,,,,
KW-0332,hospitality linen supplier,Sydney,,director hospitality linen supplier Sydney email OR phone OR contact,,"Generator: template=T9, risk=medium",Discovery,high,New,Yes,2026-05-29T16:05:53.368271,2026-06-12T16:05:53.368271,14,,,0.0,0.0,1,0,0,0,,,,,,,
KW-0333,cloud kitchen,Melbourne,,director cloud kitchen Melbourne email OR phone OR contact,,"Generator: template=T9, risk=medium",Discovery,high,New,Yes,2026-05-29T16:06:29.517976,2026-06-12T16:06:29.517976,14,,,0.0,0.0,1,0,0,0,,,,,,,
KW-0334,dark kitchen,Brisbane,,director dark kitchen Brisbane email OR phone OR contact,,"Generator: template=T9, risk=medium",Discovery,high,New,,,,14,,,,,0,0,0,0,,,,,,,
KW-0335,food delivery platform,Perth,,director food delivery platform Perth email OR phone OR contact,,"Generator: template=T9, risk=medium",Discovery,high,New,Yes,2026-05-29T16:01:01.924816,2026-06-12T16:01:01.924816,14,,,0.0,0.0,1,0,0,0,,,,,,,
KW-0336,restaurant franchise,Adelaide,,director restaurant franchise Adelaide email OR phone OR contact,,"Generator: template=T9, risk=medium",Discovery,high,New,Yes,2026-05-29T16:05:21.164381,2026-06-12T16:05:21.164381,14,,,0.0,0.0,1,0,0,0,,,,,,,
KW-0337,hotel chain,Gold Coast,,director hotel chain Gold Coast email OR phone OR contact,,"Generator: template=T9, risk=medium",Discovery,high,New,Yes,2026-05-29T16:05:46.141552,2026-06-12T16:05:46.141552,14,,,0.0,0.0,1,0,0,0,,,,,,,
KW-0338,brewery venue,Australia,,"brewery venue Australia ""vendor application"" -jobs -careers",,"Generator: template=T10, risk=low",Discovery,medium,New,,,,14,,,,,0,0,0,0,,,,,,,
KW-0339,aged care food service,Australia,,"aged care food service Australia ""tender"" -jobs -careers",,"Generator: template=T10, risk=low",Discovery,medium,New,,,,14,,,,,0,0,0,0,,,,,,,
KW-0340,corporate catering,Australia,,"corporate catering Australia ""partnership enquiry"" -jobs -careers",,"Generator: template=T10, risk=low",Discovery,medium,New,,,,14,,,,,0,0,0,0,,,,,,,
KW-0341,cafe chain,Australia,,"cafe chain Australia ""directory"" -jobs -careers",,"Generator: template=T10, risk=low",Discovery,medium,New,,,,14,,,,,0,0,0,0,,,,,,,
KW-0342,food court operator,Australia,,"food court operator Australia ""team page"" -jobs -careers",,"Generator: template=T10, risk=low",Discovery,medium,New,,,,14,,,,,0,0,0,0,,,,,,,
KW-0343,winery restaurant,Australia,,"winery restaurant Australia ""about us"" -jobs -careers",,"Generator: template=T10, risk=low",Discovery,medium,New,,,,14,,,,,0,0,0,0,,,,,,,
KW-0344,resort F&B,Australia,,"resort F&B Australia ""leadership"" -jobs -careers",,"Generator: template=T10, risk=low",Discovery,medium,New,,,,14,,,,,0,0,0,0,,,,,,,
KW-0345,hospitality recruitment,Sydney,,"hospitality recruitment Sydney ""contact"" -jobs -careers",,"Generator: template=T10, risk=low",Discovery,medium,New,,,,14,,,,,0,0,0,0,,,,,,,
KW-0346,restaurant renovation,Sydney,,"restaurant renovation Sydney ""email"" -jobs -careers",,"Generator: template=T10, risk=low",Discovery,medium,New,,,,14,,,,,0,0,0,0,,,,,,,
KW-0347,restaurant supply chain,Sydney,,"restaurant supply chain Sydney ""tender"" -jobs -careers",,"Generator: template=T10, risk=low",Discovery,medium,New,,,,14,,,,,0,0,0,0,,,,,,,
KW-0348,ghost kitchen operator,Sydney,,"ghost kitchen operator Sydney ""partnership enquiry"" -jobs -careers",,"Generator: template=T10, risk=low",Discovery,medium,New,,,,14,,,,,0,0,0,0,,,,,,,
KW-0349,hotel housekeeping supplier,Sydney,,"hotel housekeeping supplier Sydney ""directory"" -jobs -careers",,"Generator: template=T10, risk=low",Discovery,medium,New,,,,14,,,,,0,0,0,0,,,,,,,
KW-0350,restaurant furniture supplier,Sydney,,"restaurant furniture supplier Sydney ""about us"" -jobs -careers",,"Generator: template=T10, risk=low",Discovery,medium,New,,,,14,,,,,0,0,0,0,,,,,,,
KW-0351,commercial kitchen supplier,Sydney,,"commercial kitchen supplier Sydney ""leadership"" -jobs -careers",,"Generator: template=T10, risk=low",Discovery,medium,New,,,,14,,,,,0,0,0,0,,,,,,,
KW-0352,hospitality technology supplier,Melbourne,,"hospitality technology supplier Melbourne ""email"" -jobs -careers",,"Generator: template=T10, risk=low",Discovery,medium,New,,,,14,,,,,0,0,0,0,,,,,,,
KW-0353,restaurant POS supplier,Melbourne,,"restaurant POS supplier Melbourne ""phone"" -jobs -careers",,"Generator: template=T10, risk=low",Discovery,medium,New,,,,14,,,,,0,0,0,0,,,,,,,
KW-0354,bar equipment supplier,Melbourne,,"bar equipment supplier Melbourne ""supplier registration"" -jobs -careers",,"Generator: template=T10, risk=low",Discovery,medium,New,,,,14,,,,,0,0,0,0,,,,,,,
KW-0355,food packaging supplier,Melbourne,,"food packaging supplier Melbourne ""become a supplier"" -jobs -careers",,"Generator: template=T10, risk=low",Discovery,medium,New,,,,14,,,,,0,0,0,0,,,,,,,
KW-0356,hotel amenities supplier,Melbourne,,"hotel amenities supplier Melbourne ""vendor application"" -jobs -careers",,"Generator: template=T10, risk=low",Discovery,medium,New,,,,14,,,,,0,0,0,0,,,,,,,
KW-0357,restaurant lighting supplier,Melbourne,,"restaurant lighting supplier Melbourne ""procurement"" -jobs -careers",,"Generator: template=T10, risk=low",Discovery,medium,New,,,,14,,,,,0,0,0,0,,,,,,,
KW-0358,hospitality linen supplier,Melbourne,,"hospitality linen supplier Melbourne ""request a quote"" -jobs -careers",,"Generator: template=T10, risk=low",Discovery,medium,New,,,,14,,,,,0,0,0,0,,,,,,,
KW-0359,cloud kitchen,Melbourne,,"cloud kitchen Melbourne ""tender"" -jobs -careers",,"Generator: template=T10, risk=low",Discovery,medium,New,,,,14,,,,,0,0,0,0,,,,,,,
KW-0360,dark kitchen,Melbourne,,"dark kitchen Melbourne ""partnership enquiry"" -jobs -careers",,"Generator: template=T10, risk=low",Discovery,medium,New,,,,14,,,,,0,0,0,0,,,,,,,
KW-0361,food delivery platform,Melbourne,,"food delivery platform Melbourne ""directory"" -jobs -careers",,"Generator: template=T10, risk=low",Discovery,medium,New,,,,14,,,,,0,0,0,0,,,,,,,
KW-0362,restaurant franchise,Melbourne,,"restaurant franchise Melbourne ""team page"" -jobs -careers",,"Generator: template=T10, risk=low",Discovery,medium,New,,,,14,,,,,0,0,0,0,,,,,,,
KW-0363,brewery venue,Adelaide,,brewery venue Adelaide supplier contact,,"Generator: template=T11, risk=low",Discovery,high,New,Yes,2026-05-29T16:04:30.234323,2026-06-12T16:04:30.234323,14,,,0.0,0.0,1,0,0,0,,,,,,,
KW-0364,aged care food service,Hobart,,aged care food service Hobart supplier contact,,"Generator: template=T11, risk=low",Discovery,high,New,,,,14,,,,,0,0,0,0,,,,,,,
KW-0365,corporate catering,Darwin,,corporate catering Darwin supplier contact,,"Generator: template=T11, risk=low",Discovery,high,New,,,,14,,,,,0,0,0,0,,,,,,,
KW-0366,cafe chain,Newcastle,,cafe chain Newcastle supplier contact,,"Generator: template=T11, risk=low",Discovery,high,New,,,,14,,,,,0,0,0,0,,,,,,,
KW-0367,food court operator,Wollongong,,food court operator Wollongong supplier contact,,"Generator: template=T11, risk=low",Discovery,high,New,Yes,2026-05-29T16:04:26.391410,2026-06-12T16:04:26.391410,14,,,0.0,0.0,1,0,0,0,,,,,,,
KW-0368,winery restaurant,NSW,,winery restaurant NSW supplier contact,,"Generator: template=T11, risk=low",Discovery,high,New,,,,14,,,,,0,0,0,0,,,,,,,
KW-0369,resort F&B,VIC,,resort F&B VIC supplier contact,,"Generator: template=T11, risk=low",Discovery,high,New,Yes,2026-05-25T16:35:36.930104,2026-06-08T16:35:36.930104,14,,,0.5,0.0,1,1,0,0,,,,,,,
KW-0370,hospitality recruitment,QLD,,hospitality recruitment QLD supplier contact,,"Generator: template=T11, risk=low",Discovery,high,New,Yes,2026-05-28T14:30:22.281297,2026-06-11T14:30:22.281297,14,,,0.5,0.0,1,1,0,0,,,,,,,
KW-0371,restaurant renovation,WA,,restaurant renovation WA supplier contact,,"Generator: template=T11, risk=low",Discovery,high,New,,,,14,,,,,0,0,0,0,,,,,,,
KW-0372,restaurant supply chain,Launceston,,restaurant supply chain Launceston supplier contact,,"Generator: template=T11, risk=low",Discovery,high,New,,,,14,,,,,0,0,0,0,,,,,,,
KW-0373,ghost kitchen operator,Alice Springs,,ghost kitchen operator Alice Springs supplier contact,,"Generator: template=T11, risk=low",Discovery,high,New,,,,14,,,,,0,0,0,0,,,,,,,
KW-0374,hotel housekeeping supplier,Mornington Peninsula,,hotel housekeeping supplier Mornington Peninsula supplier contact,,"Generator: template=T11, risk=low",Discovery,high,New,,,,14,,,,,0,0,0,0,,,,,,,
KW-0375,restaurant furniture supplier,Hunter Valley,,restaurant furniture supplier Hunter Valley supplier contact,,"Generator: template=T11, risk=low",Discovery,high,New,,,,14,,,,,0,0,0,0,,,,,,,
KW-0376,commercial kitchen supplier,Byron Bay,,commercial kitchen supplier Byron Bay supplier contact,,"Generator: template=T11, risk=low",Discovery,high,New,,,,14,,,,,0,0,0,0,,,,,,,
KW-0377,hospitality technology supplier,Port Douglas,,hospitality technology supplier Port Douglas supplier contact,,"Generator: template=T11, risk=low",Discovery,high,New,,,,14,,,,,0,0,0,0,,,,,,,
KW-0378,restaurant POS supplier,Broome,,restaurant POS supplier Broome supplier contact,,"Generator: template=T11, risk=low",Discovery,high,New,,,,14,,,,,0,0,0,0,,,,,,,
KW-0379,bar equipment supplier,Margaret River,,bar equipment supplier Margaret River supplier contact,,"Generator: template=T11, risk=low",Discovery,high,Paused,,,,14,,,,,0,0,0,0,,,,,,,
KW-0380,food packaging supplier,Yarra Valley,,food packaging supplier Yarra Valley supplier contact,,"Generator: template=T11, risk=low",Discovery,high,Paused,,,,14,,,,,0,0,0,0,,,,,,,
KW-0381,hotel amenities supplier,McLaren Vale,,hotel amenities supplier McLaren Vale supplier contact,,"Generator: template=T11, risk=low",Discovery,high,New,,,,14,,,,,0,0,0,0,,,,,,,
KW-0382,brewery venue,Adelaide,,brewery venue Adelaide procurement team,,"Generator: template=T12, risk=low",Discovery,high,New,,,,14,,,,,0,0,0,0,,,,,,,
KW-0383,aged care food service,Hobart,,aged care food service Hobart procurement team,,"Generator: template=T12, risk=low",Discovery,high,New,,,,14,,,,,0,0,0,0,,,,,,,
KW-0384,corporate catering,Darwin,,corporate catering Darwin procurement team,,"Generator: template=T12, risk=low",Discovery,high,New,,,,14,,,,,0,0,0,0,,,,,,,
KW-0385,cafe chain,Newcastle,,cafe chain Newcastle procurement team,,"Generator: template=T12, risk=low",Discovery,high,New,,,,14,,,,,0,0,0,0,,,,,,,
KW-0386,food court operator,Wollongong,,food court operator Wollongong procurement team,,"Generator: template=T12, risk=low",Discovery,high,New,Yes,2026-05-29T16:06:31.380340,2026-06-12T16:06:31.380340,14,,,0.0,0.0,1,0,0,0,,,,,,,
KW-0387,winery restaurant,NSW,,winery restaurant NSW procurement team,,"Generator: template=T12, risk=low",Discovery,high,New,,,,14,,,,,0,0,0,0,,,,,,,
KW-0388,resort F&B,VIC,,resort F&B VIC procurement team,,"Generator: template=T12, risk=low",Discovery,high,New,Yes,2026-05-29T16:04:16.658771,2026-06-12T16:04:16.658771,14,,,0.0,0.0,1,0,0,0,,,,,,,
KW-0389,hospitality recruitment,QLD,,hospitality recruitment QLD procurement team,,"Generator: template=T12, risk=low",Discovery,high,New,,,,14,,,,,0,0,0,0,,,,,,,
KW-0390,restaurant renovation,WA,,restaurant renovation WA procurement team,,"Generator: template=T12, risk=low",Discovery,high,New,,,,14,,,,,0,0,0,0,,,,,,,
KW-0391,restaurant supply chain,Launceston,,restaurant supply chain Launceston procurement team,,"Generator: template=T12, risk=low",Discovery,high,New,,,,14,,,,,0,0,0,0,,,,,,,
KW-0392,ghost kitchen operator,Alice Springs,,ghost kitchen operator Alice Springs procurement team,,"Generator: template=T12, risk=low",Discovery,high,New,,,,14,,,,,0,0,0,0,,,,,,,
KW-0393,hotel housekeeping supplier,Mornington Peninsula,,hotel housekeeping supplier Mornington Peninsula procurement team,,"Generator: template=T12, risk=low",Discovery,high,New,Yes,2026-05-29T16:06:18.875822,2026-06-12T16:06:18.875822,14,,,0.0,0.0,1,0,0,0,,,,,,,
KW-0394,restaurant furniture supplier,Hunter Valley,,restaurant furniture supplier Hunter Valley procurement team,,"Generator: template=T12, risk=low",Discovery,high,New,Yes,2026-05-28T14:30:22.268100,2026-06-11T14:30:22.268100,14,,,0.5,0.0,1,1,0,0,,,,,,,
KW-0395,commercial kitchen supplier,Byron Bay,,commercial kitchen supplier Byron Bay procurement team,,"Generator: template=T12, risk=low",Discovery,high,New,Yes,2026-05-29T16:05:22.964260,2026-06-12T16:05:22.964260,14,,,0.0,0.0,1,0,0,0,,,,,,,
KW-0396,hospitality technology supplier,Port Douglas,,hospitality technology supplier Port Douglas procurement team,,"Generator: template=T12, risk=low",Discovery,high,New,,,,14,,,,,0,0,0,0,,,,,,,
KW-0397,restaurant POS supplier,Broome,,restaurant POS supplier Broome procurement team,,"Generator: template=T12, risk=low",Discovery,high,New,,,,14,,,,,0,0,0,0,,,,,,,
KW-0398,bar equipment supplier,Margaret River,,bar equipment supplier Margaret River procurement team,,"Generator: template=T12, risk=low",Discovery,high,New,Yes,2026-05-29T16:05:34.026330,2026-06-12T16:05:34.026330,14,,,0.0,0.0,1,0,0,0,,,,,,,
KW-0399,food packaging supplier,Yarra Valley,,food packaging supplier Yarra Valley procurement team,,"Generator: template=T12, risk=low",Discovery,high,New,,,,14,,,,,0,0,0,0,,,,,,,
KW-0400,hotel amenities supplier,McLaren Vale,,hotel amenities supplier McLaren Vale procurement team,,"Generator: template=T12, risk=low",Discovery,high,New,Yes,2026-05-29T16:04:20.216040,2026-06-12T16:04:20.216040,14,,,0.0,0.0,1,0,0,0,,,,,,,
KW-0401,brewery venue,Adelaide,,brewery venue Adelaide purchasing department email,,"Generator: template=T13, risk=low",Discovery,high,New,Yes,2026-05-29T15:59:40.062875,2026-06-12T15:59:40.062875,14,,,0.0,0.0,1,0,0,0,,,,,,,
KW-0402,aged care food service,Hobart,,aged care food service Hobart purchasing department email,,"Generator: template=T13, risk=low",Discovery,high,New,,,,14,,,,,0,0,0,0,,,,,,,
KW-0403,corporate catering,Darwin,,corporate catering Darwin purchasing department email,,"Generator: template=T13, risk=low",Discovery,high,New,,,,14,,,,,0,0,0,0,,,,,,,
KW-0404,cafe chain,Newcastle,,cafe chain Newcastle purchasing department email,,"Generator: template=T13, risk=low",Discovery,high,New,Yes,2026-05-29T16:04:12.360616,2026-06-12T16:04:12.360616,14,,,0.0,0.0,1,0,0,0,,,,,,,
KW-0405,food court operator,Wollongong,,food court operator Wollongong purchasing department email,,"Generator: template=T13, risk=low",Discovery,high,New,,,,14,,,,,0,0,0,0,,,,,,,
KW-0406,winery restaurant,NSW,,winery restaurant NSW purchasing department email,,"Generator: template=T13, risk=low",Discovery,high,New,,,,14,,,,,0,0,0,0,,,,,,,
KW-0407,resort F&B,VIC,,resort F&B VIC purchasing department email,,"Generator: template=T13, risk=low",Discovery,high,New,Yes,2026-05-29T16:05:32.316816,2026-06-12T16:05:32.316816,14,,,0.0,0.0,1,0,0,0,,,,,,,
KW-0408,hospitality recruitment,QLD,,hospitality recruitment QLD purchasing department email,,"Generator: template=T13, risk=low",Discovery,high,New,Yes,2026-05-29T16:06:23.543788,2026-06-12T16:06:23.543788,14,,,0.0,0.0,1,0,0,0,,,,,,,
KW-0409,restaurant renovation,WA,,restaurant renovation WA purchasing department email,,"Generator: template=T13, risk=low",Discovery,high,New,Yes,2026-05-29T16:04:22.099862,2026-06-12T16:04:22.099862,14,,,0.0,0.0,1,0,0,0,,,,,,,
KW-0410,restaurant supply chain,Launceston,,restaurant supply chain Launceston purchasing department email,,"Generator: template=T13, risk=low",Discovery,high,New,Yes,2026-05-29T16:05:40.448828,2026-06-12T16:05:40.448828,14,,,0.0,0.0,1,0,0,0,,,,,,,
KW-0411,ghost kitchen operator,Alice Springs,,ghost kitchen operator Alice Springs purchasing department email,,"Generator: template=T13, risk=low",Discovery,high,New,,,,14,,,,,0,0,0,0,,,,,,,
KW-0412,hotel housekeeping supplier,Mornington Peninsula,,hotel housekeeping supplier Mornington Peninsula purchasing department email,,"Generator: template=T13, risk=low",Discovery,high,New,,,,14,,,,,0,0,0,0,,,,,,,
KW-0413,restaurant furniture supplier,Hunter Valley,,restaurant furniture supplier Hunter Valley purchasing department email,,"Generator: template=T13, risk=low",Discovery,high,New,Yes,2026-05-29T16:05:42.408723,2026-06-12T16:05:42.408723,14,,,0.0,0.0,1,0,0,0,,,,,,,
KW-0414,commercial kitchen supplier,Byron Bay,,commercial kitchen supplier Byron Bay purchasing department email,,"Generator: template=T13, risk=low",Discovery,high,New,Yes,2026-05-29T16:03:57.423951,2026-06-12T16:03:57.423951,14,,,0.0,0.0,1,0,0,0,,,,,,,
KW-0415,hospitality technology supplier,Port Douglas,,hospitality technology supplier Port Douglas purchasing department email,,"Generator: template=T13, risk=low",Discovery,high,New,Yes,2026-05-29T16:05:15.216370,2026-06-12T16:05:15.216370,14,,,0.0,0.0,1,0,0,0,,,,,,,
KW-0416,restaurant POS supplier,Broome,,restaurant POS supplier Broome purchasing department email,,"Generator: template=T13, risk=low",Discovery,high,New,Yes,2026-05-29T16:00:57.866994,2026-06-12T16:00:57.866994,14,,,0.0,0.0,1,0,0,0,,,,,,,
KW-0417,bar equipment supplier,Margaret River,,bar equipment supplier Margaret River purchasing department email,,"Generator: template=T13, risk=low",Discovery,high,New,,,,14,,,,,0,0,0,0,,,,,,,
KW-0418,food packaging supplier,Yarra Valley,,food packaging supplier Yarra Valley purchasing department email,,"Generator: template=T13, risk=low",Discovery,high,New,,,,14,,,,,0,0,0,0,,,,,,,
KW-0419,hotel amenities supplier,McLaren Vale,,hotel amenities supplier McLaren Vale purchasing department email,,"Generator: template=T13, risk=low",Discovery,high,New,Yes,2026-05-29T16:06:27.514853,2026-06-12T16:06:27.514853,14,,,0.0,0.0,1,0,0,0,,,,,,,
KW-0420,brewery venue,Australia,,brewery venue Australia acquisition supplier needed,,"Generator: template=T14, risk=medium",Discovery,high,New,Yes,2026-05-25T17:32:51.398524,2026-06-08T17:32:51.398524,14,,,0.5,0.0,1,1,0,0,,,,,,,
KW-0421,aged care food service,Australia,,aged care food service Australia now hiring supplier needed,,"Generator: template=T14, risk=medium",Discovery,high,New,,,,14,,,,,0,0,0,0,,,,,,,
KW-0422,corporate catering,Australia,,corporate catering Australia coming soon supplier needed,,"Generator: template=T14, risk=medium",Discovery,high,New,Yes,2026-05-29T16:01:05.975286,2026-06-12T16:01:05.975286,14,,,0.0,0.0,1,0,0,0,,,,,,,
KW-0423,cafe chain,Australia,,cafe chain Australia refurbishment supplier needed,,"Generator: template=T14, risk=medium",Discovery,high,New,,,,14,,,,,0,0,0,0,,,,,,,
KW-0424,food court operator,Australia,,food court operator Australia fit-out supplier needed,,"Generator: template=T14, risk=medium",Discovery,high,New,Yes,2026-05-29T16:05:06.148350,2026-06-12T16:05:06.148350,14,,,0.0,0.0,1,0,0,0,,,,,,,
KW-0425,winery restaurant,Australia,,winery restaurant Australia menu refresh supplier needed,,"Generator: template=T14, risk=medium",Discovery,high,New,Yes,2026-05-29T16:04:32.234787,2026-06-12T16:04:32.234787,14,,,0.0,0.0,1,0,0,0,,,,,,,
KW-0426,resort F&B,Australia,,resort F&B Australia seasonal hiring supplier needed,,"Generator: template=T14, risk=medium",Discovery,high,New,Yes,2026-05-29T16:05:49.824336,2026-06-12T16:05:49.824336,14,,,0.0,0.0,1,0,0,0,,,,,,,
KW-0427,hospitality recruitment,Australia,,hospitality recruitment Australia award winner supplier needed,,"Generator: template=T14, risk=medium",Discovery,high,New,,,,14,,,,,0,0,0,0,,,,,,,
KW-0428,restaurant renovation,Australia,,restaurant renovation Australia new head chef supplier needed,,"Generator: template=T14, risk=medium",Discovery,high,Paused,,,,14,,,,,0,0,0,0,,,,,,,
KW-0429,restaurant supply chain,Sydney,,restaurant supply chain Sydney new venue supplier needed,,"Generator: template=T14, risk=medium",Discovery,high,New,Yes,2026-05-29T15:06:06.760790,2026-06-12T15:06:06.760790,14,,,0.0,0.0,1,0,0,0,,,,,,,
KW-0430,ghost kitchen operator,Sydney,,ghost kitchen operator Sydney expansion supplier needed,,"Generator: template=T14, risk=medium",Discovery,high,New,,,,14,,,,,0,0,0,0,,,,,,,
KW-0431,hotel housekeeping supplier,Sydney,,hotel housekeeping supplier Sydney rebranding supplier needed,,"Generator: template=T14, risk=medium",Discovery,high,New,,,,14,,,,,0,0,0,0,,,,,,,
KW-0432,restaurant furniture supplier,Sydney,,restaurant furniture supplier Sydney acquisition supplier needed,,"Generator: template=T14, risk=medium",Discovery,high,New,Yes,2026-05-29T16:03:27.272617,2026-06-12T16:03:27.272617,14,,,0.0,0.0,1,0,0,0,,,,,,,
KW-0433,commercial kitchen supplier,Sydney,,commercial kitchen supplier Sydney renovation supplier needed,,"Generator: template=T14, risk=medium",Discovery,high,New,,,,14,,,,,0,0,0,0,,,,,,,
KW-0434,hospitality technology supplier,Sydney,,hospitality technology supplier Sydney now hiring supplier needed,,"Generator: template=T14, risk=medium",Discovery,high,New,,,,14,,,,,0,0,0,0,,,,,,,
KW-0435,restaurant POS supplier,Sydney,,restaurant POS supplier Sydney coming soon supplier needed,,"Generator: template=T14, risk=medium",Discovery,high,New,Yes,2026-05-29T16:05:26.643425,2026-06-12T16:05:26.643425,14,,,0.0,0.0,1,0,0,0,,,,,,,
KW-0436,bar equipment supplier,Sydney,,bar equipment supplier Sydney refurbishment supplier needed,,"Generator: template=T14, risk=medium",Discovery,high,New,,,,14,,,,,0,0,0,0,,,,,,,
KW-0437,food packaging supplier,Sydney,,food packaging supplier Sydney fit-out supplier needed,,"Generator: template=T14, risk=medium",Discovery,high,New,,,,14,,,,,0,0,0,0,,,,,,,
KW-0438,hotel amenities supplier,Sydney,,hotel amenities supplier Sydney menu refresh supplier needed,,"Generator: template=T14, risk=medium",Discovery,high,New,,,,14,,,,,0,0,0,0,,,,,,,
KW-0439,restaurant lighting supplier,Sydney,,restaurant lighting supplier Sydney seasonal hiring supplier needed,,"Generator: template=T14, risk=medium",Discovery,high,New,,,,14,,,,,0,0,0,0,,,,,,,
KW-0440,hospitality linen supplier,Sydney,,hospitality linen supplier Sydney award winner supplier needed,,"Generator: template=T14, risk=medium",Discovery,high,New,,,,14,,,,,0,0,0,0,,,,,,,
KW-0441,cloud kitchen,Sydney,,cloud kitchen Sydney new head chef supplier needed,,"Generator: template=T14, risk=medium",Discovery,high,New,,,,14,,,,,0,0,0,0,,,,,,,
KW-0442,dark kitchen,Sydney,,dark kitchen Sydney franchise opportunity supplier needed,,"Generator: template=T14, risk=medium",Discovery,high,New,,,,14,,,,,0,0,0,0,,,,,,,
KW-0443,food delivery platform,Sydney,,food delivery platform Sydney liquidation supplier needed,,"Generator: template=T14, risk=medium",Discovery,high,New,,,,14,,,,,0,0,0,0,,,,,,,
KW-0444,restaurant franchise,Sydney,,restaurant franchise Sydney reopening supplier needed,,"Generator: template=T14, risk=medium",Discovery,high,New,Yes,2026-05-29T16:05:03.072546,2026-06-12T16:05:03.072546,14,,,0.0,0.0,1,0,0,0,,,,,,,
KW-0445,brewery venue,Australia,,site:.com.au brewery venue Australia procurement manager,,"Generator: template=T15, risk=high",Discovery,medium,New,,,,14,,,,,0,0,0,0,,,,,,,
KW-0446,aged care food service,Australia,,site:.com.au aged care food service Australia F&B director,,"Generator: template=T15, risk=high",Discovery,medium,New,,,,14,,,,,0,0,0,0,,,,,,,
KW-0447,corporate catering,Australia,,site:.com.au corporate catering Australia purchasing manager,,"Generator: template=T15, risk=high",Discovery,medium,New,,,,14,,,,,0,0,0,0,,,,,,,
KW-0448,cafe chain,Australia,,site:.com.au cafe chain Australia venue manager,,"Generator: template=T15, risk=high",Discovery,medium,New,,,,14,,,,,0,0,0,0,,,,,,,
KW-0449,food court operator,Australia,,site:.com.au food court operator Australia group executive chef,,"Generator: template=T15, risk=high",Discovery,medium,New,,,,14,,,,,0,0,0,0,,,,,,,
KW-0450,winery restaurant,Australia,,site:.com.au winery restaurant Australia supply chain manager,,"Generator: template=T15, risk=high",Discovery,medium,New,,,,14,,,,,0,0,0,0,,,,,,,
KW-0451,resort F&B,Australia,,site:.com.au resort F&B Australia regional manager,,"Generator: template=T15, risk=high",Discovery,medium,New,,,,14,,,,,0,0,0,0,,,,,,,
KW-0452,hospitality recruitment,Australia,,site:.com.au hospitality recruitment Australia chief operating officer,,"Generator: template=T15, risk=high",Discovery,medium,New,,,,14,,,,,0,0,0,0,,,,,,,
KW-0453,restaurant renovation,Australia,,site:.com.au restaurant renovation Australia chief procurement officer,,"Generator: template=T15, risk=high",Discovery,medium,New,,,,14,,,,,0,0,0,0,,,,,,,
KW-0454,restaurant supply chain,Australia,,site:.com.au restaurant supply chain Australia food and beverage manager,,"Generator: template=T15, risk=high",Discovery,medium,New,,,,14,,,,,0,0,0,0,,,,,,,
KW-0455,ghost kitchen operator,Australia,,site:.com.au ghost kitchen operator Australia executive housekeeper,,"Generator: template=T15, risk=high",Discovery,medium,New,,,,14,,,,,0,0,0,0,,,,,,,
KW-0456,hotel housekeeping supplier,Australia,,site:.com.au hotel housekeeping supplier Australia maintenance manager,,"Generator: template=T15, risk=high",Discovery,medium,New,,,,14,,,,,0,0,0,0,,,,,,,
KW-0457,restaurant furniture supplier,Australia,,site:.com.au restaurant furniture supplier Australia interior designer,,"Generator: template=T15, risk=high",Discovery,medium,New,,,,14,,,,,0,0,0,0,,,,,,,
KW-0458,commercial kitchen supplier,Australia,,site:.com.au commercial kitchen supplier Australia architect,,"Generator: template=T15, risk=high",Discovery,medium,New,,,,14,,,,,0,0,0,0,,,,,,,
KW-0459,hospitality technology supplier,Australia,,site:.com.au hospitality technology supplier Australia FF&E coordinator,,"Generator: template=T15, risk=high",Discovery,medium,Paused,,,,14,,,,,0,0,0,0,,,,,,,
KW-0460,restaurant POS supplier,Sydney,,site:.com.au restaurant POS supplier Sydney owner,,"Generator: template=T15, risk=high",Discovery,medium,New,,,,14,,,,,0,0,0,0,,,,,,,
KW-0461,bar equipment supplier,Sydney,,site:.com.au bar equipment supplier Sydney director,,"Generator: template=T15, risk=high",Discovery,medium,New,,,,14,,,,,0,0,0,0,,,,,,,
KW-0462,food packaging supplier,Sydney,,site:.com.au food packaging supplier Sydney CEO,,"Generator: template=T15, risk=high",Discovery,medium,New,,,,14,,,,,0,0,0,0,,,,,,,
KW-0463,hotel amenities supplier,Sydney,,site:.com.au hotel amenities supplier Sydney founder,,"Generator: template=T15, risk=high",Discovery,medium,New,,,,14,,,,,0,0,0,0,,,,,,,
KW-0464,restaurant lighting supplier,Sydney,,site:.com.au restaurant lighting supplier Sydney general manager,,"Generator: template=T15, risk=high",Discovery,medium,New,,,,14,,,,,0,0,0,0,,,,,,,
KW-0465,hospitality linen supplier,Sydney,,site:.com.au hospitality linen supplier Sydney procurement manager,,"Generator: template=T15, risk=high",Discovery,medium,New,,,,14,,,,,0,0,0,0,,,,,,,
KW-0466,cloud kitchen,Sydney,,site:.com.au cloud kitchen Sydney operations manager,,"Generator: template=T15, risk=high",Discovery,medium,New,,,,14,,,,,0,0,0,0,,,,,,,
KW-0467,dark kitchen,Sydney,,site:.com.au dark kitchen Sydney head chef,,"Generator: template=T15, risk=high",Discovery,medium,New,,,,14,,,,,0,0,0,0,,,,,,,
KW-0468,food delivery platform,Sydney,,site:.com.au food delivery platform Sydney F&B director,,"Generator: template=T15, risk=high",Discovery,medium,New,,,,14,,,,,0,0,0,0,,,,,,,
KW-0469,restaurant franchise,Sydney,,site:.com.au restaurant franchise Sydney purchasing manager,,"Generator: template=T15, risk=high",Discovery,medium,New,,,,14,,,,,0,0,0,0,,,,,,,
KW-0470,motel group,Australia,,motel group Australia contact email,,"Generator: template=T1, risk=low",Discovery,high,Testing,Yes,2026-06-02 14:31,,14,,,,,0,0,0,0,,,,,,,
KW-0471,motel group,Australia,,motel group owner director Australia,,"Generator: template=T2, risk=low",Discovery,high,Testing,Yes,2026-05-28 15:52,,14,,,,,0,0,0,0,,,,,,,
KW-0472,motel group,Australia,,motel chain Australia procurement,,"Generator: template=T11, risk=low",Discovery,high,New,,,,14,,,,,0,0,0,0,,,,,,,
KW-0473,restaurant management company,Australia,,restaurant management company Australia contact,,"Generator: template=T1, risk=low",Discovery,high,Testing,Yes,2026-06-02 14:31,,14,,,,,0,0,0,0,,,,,,,
KW-0474,restaurant management company,Australia,,restaurant management company director Australia,,"Generator: template=T2, risk=low",Discovery,high,Testing,Yes,2026-06-02 14:31,,14,,,,,0,0,0,0,,,,,,,
KW-0475,hotel management company,Australia,,hotel management company Australia contact,,"Generator: template=T1, risk=low",Discovery,high,Testing,Yes,2026-06-02 14:31,,14,,,,,0,0,0,0,,,,,,,
KW-0476,hotel management company,Australia,,hotel management company procurement Australia,,"Generator: template=T12, risk=low",Discovery,high,New,,,,14,,,,,0,0,0,0,,,,,,,
KW-0477,hospital food service,Australia,,hospital food service Australia contact,,"Generator: template=T1, risk=low",Discovery,high,New,,,,14,,,,,0,0,0,0,,,,,,,
KW-0478,hospital food service,Australia,,hospital food service manager Australia email,,"Generator: template=T9, risk=medium",Discovery,high,New,Yes,2026-05-29T15:30:23.375769,2026-06-12T15:30:23.375769,14,,,0.0,0.0,1,0,0,0,,,,,,,
KW-0479,student accommodation food service,Australia,,student accommodation food service Australia,,"Generator: template=T1, risk=low",Discovery,high,Testing,Yes,2026-05-28 15:52,,14,,,,,0,0,0,0,,,,,,,
KW-0480,student accommodation food service,Australia,,student accommodation catering Australia contact,,"Generator: template=T11, risk=low",Discovery,high,Testing,Yes,2026-05-28 15:52,,14,,,,,0,0,0,0,,,,,,,
KW-0481,stadium catering,Australia,,stadium catering Australia contact,,"Generator: template=T1, risk=low",Discovery,high,New,,,,14,,,,,0,0,0,0,,,,,,,
KW-0482,stadium catering,Australia,,stadium catering manager Australia procurement,,"Generator: template=T9, risk=medium",Discovery,high,New,,,,14,,,,,0,0,0,0,,,,,,,
KW-0483,airline catering,Australia,,airline catering Australia supplier contact,,"Generator: template=T11, risk=low",Discovery,high,New,,,,14,,,,,0,0,0,0,,,,,,,
KW-0484,hospitality consulting firm,Australia,,hospitality consulting firm Australia contact,,"Generator: template=T1, risk=low",Discovery,high,New,,,,14,,,,,0,0,0,0,,,,,,,
KW-0485,hotel technology provider,Australia,,hotel technology provider Australia contact,,"Generator: template=T1, risk=low",Discovery,high,New,,,,14,,,,,0,0,0,0,,,,,,,
KW-0486,restaurant marketing agency,Australia,,restaurant marketing agency Australia contact,,"Generator: template=T1, risk=low",Discovery,high,New,,,,14,,,,,0,0,0,0,,,,,,,
KW-0487,restaurant group,Australia,,restaurant group Australia contact,,"Generator: template=T1, risk=low",Discovery,high,Testing,Yes,2026-06-02 14:31,,14,,,,,0,0,0,0,,,,,,,
KW-0488,restaurant owner,Australia,,restaurant owner Australia email,,"Generator: template=T1, risk=low",Discovery,high,Testing,Yes,2026-06-02 14:31,,14,,,,,0,0,0,0,,,,,,,
KW-0489,hotel group,Australia,,hotel group Australia phone,,"Generator: template=T1, risk=low",Discovery,high,Testing,Yes,2026-06-02 14:31,,14,,,,,0,0,0,0,,,,,,,
KW-0490,hotel F&B manager,Australia,,hotel F&B manager Australia supplier registration,,"Generator: template=T1, risk=low",Discovery,high,New,,,,14,,,,,0,0,0,0,,,,,,,
KW-0491,catering company,Australia,,catering company Australia procurement,,"Generator: template=T1, risk=low",Discovery,high,New,,,,14,,,,,0,0,0,0,,,,,,,
KW-0492,event venue,Australia,,event venue Australia request a quote,,"Generator: template=T1, risk=low",Discovery,high,New,Yes,2026-05-29T16:06:08.820092,2026-06-12T16:06:08.820092,14,,,0.0,0.0,1,0,0,0,,,,,,,
KW-0493,restaurant fit-out company,Sydney,,restaurant fit-out company Sydney phone,,"Generator: template=T1, risk=low",Discovery,high,New,Yes,2026-05-29T16:05:57.665878,2026-06-12T16:05:57.665878,14,,,0.0,0.0,1,0,0,0,,,,,,,
KW-0494,restaurant design company,Sydney,,restaurant design company Sydney supplier registration,,"Generator: template=T1, risk=low",Discovery,high,New,Yes,2026-05-29T16:05:55.593549,2026-06-12T16:05:55.593549,14,,,0.0,0.0,1,0,0,0,,,,,,,
KW-0495,multi-location restaurant,Sydney,,multi-location restaurant Sydney become a supplier,,"Generator: template=T1, risk=low",Discovery,high,New,Yes,2026-05-29T16:04:55.370059,2026-06-12T16:04:55.370059,14,,,0.0,0.0,1,0,0,0,,,,,,,
KW-0496,hospitality venue group,Sydney,,hospitality venue group Sydney vendor application,,"Generator: template=T1, risk=low",Discovery,high,New,Yes,2026-05-29T16:05:59.593365,2026-06-12T16:05:59.593365,14,,,0.0,0.0,1,0,0,0,,,,,,,
KW-0497,hotel procurement manager,Sydney,,hotel procurement manager Sydney procurement,,"Generator: template=T1, risk=low",Discovery,high,New,,,,14,,,,,0,0,0,0,,,,,,,
KW-0498,new restaurant opening,Sydney,,new restaurant opening Sydney request a quote,,"Generator: template=T1, risk=low",Discovery,high,New,,,,14,,,,,0,0,0,0,,,,,,,
KW-0499,restaurant equipment supplier,Sydney,,restaurant equipment supplier Sydney team page,,"Generator: template=T1, risk=low",Discovery,high,New,Yes,2026-05-29T16:03:55.454143,2026-06-12T16:03:55.454143,14,,,0.0,0.0,1,0,0,0,,,,,,,
KW-0500,restaurant group,Australia,,restaurant group owner Australia,,"Generator: template=T2, risk=medium",Discovery,high,New,,,,14,,,,,0,0,0,0,,,,,,,
KW-0501,restaurant owner,Sydney,,restaurant owner owner Sydney,,"Generator: template=T2, risk=medium",Discovery,high,New,,,,14,,,,,0,0,0,0,,,,,,,
KW-0502,hotel group,Melbourne,,hotel group owner Melbourne,,"Generator: template=T2, risk=medium",Discovery,high,Testing,Yes,2026-06-02 14:31,,14,,,,,0,0,0,0,,,,,,,
KW-0503,hotel F&B manager,Brisbane,,hotel F&B manager owner Brisbane,,"Generator: template=T2, risk=medium",Discovery,high,New,,,,14,,,,,0,0,0,0,,,,,,,
KW-0504,pub group,Perth,,pub group owner Perth,,"Generator: template=T2, risk=medium",Discovery,high,New,Yes,2026-05-28T14:30:22.326512,2026-06-11T14:30:22.326512,14,,,0.5,0.0,1,1,0,0,,,,,,,
KW-0505,catering company,Gold Coast,,catering company owner Gold Coast,,"Generator: template=T2, risk=medium",Discovery,high,Testing,Yes,2026-06-02 14:31,,14,,,,,0,0,0,0,,,,,,,
KW-0506,event venue,Canberra,,event venue owner Canberra,,"Generator: template=T2, risk=medium",Discovery,high,New,,,,14,,,,,0,0,0,0,,,,,,,
KW-0507,restaurant fit-out company,SA,,restaurant fit-out company owner SA,,"Generator: template=T2, risk=medium",Discovery,high,New,Yes,2026-05-29T16:03:16.787411,2026-06-12T16:03:16.787411,14,,,0.0,0.0,1,0,0,0,,,,,,,
KW-0508,restaurant design company,Sunshine Coast,,restaurant design company owner Sunshine Coast,,"Generator: template=T2, risk=medium",Discovery,high,Paused,,,,14,,,,,0,0,0,0,,,,,,,
KW-0509,multi-location restaurant,Geelong,,multi-location restaurant owner Geelong,,"Generator: template=T2, risk=medium",Discovery,high,New,,,,14,,,,,0,0,0,0,,,,,,,
KW-0510,hospitality venue group,Townsville,,hospitality venue group owner Townsville,,"Generator: template=T2, risk=medium",Discovery,high,New,Yes,2026-05-29T16:04:05.475456,2026-06-12T16:04:05.475456,14,,,0.0,0.0,1,0,0,0,,,,,,,
KW-0511,hotel procurement manager,Cairns,,hotel procurement manager owner Cairns,,"Generator: template=T2, risk=medium",Discovery,high,New,,,,14,,,,,0,0,0,0,,,,,,,
KW-0512,new restaurant opening,Toowoomba,,new restaurant opening owner Toowoomba,,"Generator: template=T2, risk=medium",Discovery,high,New,Yes,2026-05-29T16:06:05.059046,2026-06-12T16:06:05.059046,14,,,0.0,0.0,1,0,0,0,,,,,,,
KW-0513,restaurant equipment supplier,Barossa Valley,,restaurant equipment supplier owner Barossa Valley,,"Generator: template=T2, risk=medium",Discovery,high,New,,,,14,,,,,0,0,0,0,,,,,,,
KW-0514,hotel FF&E supplier,Noosa,,hotel FF&E supplier owner Noosa,,"Generator: template=T2, risk=medium",Discovery,high,Paused,,,,14,,,,,0,0,0,0,,,,,,,
KW-0515,restaurant group,Australia,,group restaurant group head office Australia,,"Generator: template=T3, risk=low",Discovery,medium,New,,,,14,,,,,0,0,0,0,,,,,,,
KW-0516,restaurant owner,Sydney,,group restaurant owner head office Sydney,,"Generator: template=T3, risk=low",Discovery,medium,New,,,,14,,,,,0,0,0,0,,,,,,,
KW-0517,hotel group,Melbourne,,group hotel group head office Melbourne,,"Generator: template=T3, risk=low",Discovery,medium,New,,,,14,,,,,0,0,0,0,,,,,,,
KW-0518,hotel F&B manager,Brisbane,,group hotel F&B manager head office Brisbane,,"Generator: template=T3, risk=low",Discovery,medium,New,,,,14,,,,,0,0,0,0,,,,,,,
KW-0519,pub group,Perth,,group pub group head office Perth,,"Generator: template=T3, risk=low",Discovery,medium,New,,,,14,,,,,0,0,0,0,,,,,,,
KW-0520,catering company,Gold Coast,,group catering company head office Gold Coast,,"Generator: template=T3, risk=low",Discovery,medium,New,,,,14,,,,,0,0,0,0,,,,,,,
KW-0521,event venue,Canberra,,group event venue head office Canberra,,"Generator: template=T3, risk=low",Discovery,medium,New,,,,14,,,,,0,0,0,0,,,,,,,
KW-0522,restaurant fit-out company,SA,,group restaurant fit-out company head office SA,,"Generator: template=T3, risk=low",Discovery,medium,New,,,,14,,,,,0,0,0,0,,,,,,,
KW-0523,restaurant design company,Sunshine Coast,,group restaurant design company head office Sunshine Coast,,"Generator: template=T3, risk=low",Discovery,medium,New,,,,14,,,,,0,0,0,0,,,,,,,
KW-0524,multi-location restaurant,Geelong,,group multi-location restaurant head office Geelong,,"Generator: template=T3, risk=low",Discovery,medium,New,,,,14,,,,,0,0,0,0,,,,,,,
KW-0525,hospitality venue group,Townsville,,group hospitality venue group head office Townsville,,"Generator: template=T3, risk=low",Discovery,medium,New,,,,14,,,,,0,0,0,0,,,,,,,
KW-0526,hotel procurement manager,Cairns,,group hotel procurement manager head office Cairns,,"Generator: template=T3, risk=low",Discovery,medium,New,,,,14,,,,,0,0,0,0,,,,,,,
KW-0527,new restaurant opening,Toowoomba,,group new restaurant opening head office Toowoomba,,"Generator: template=T3, risk=low",Discovery,medium,New,,,,14,,,,,0,0,0,0,,,,,,,
KW-0528,restaurant equipment supplier,Barossa Valley,,group restaurant equipment supplier head office Barossa Valley,,"Generator: template=T3, risk=low",Discovery,medium,New,,,,14,,,,,0,0,0,0,,,,,,,
KW-0529,hotel FF&E supplier,Noosa,,group hotel FF&E supplier head office Noosa,,"Generator: template=T3, risk=low",Discovery,medium,Paused,,,,14,,,,,0,0,0,0,,,,,,,
KW-0530,restaurant group,Australia,,"""owner"" ""restaurant group"" Australia",,"Generator: template=T4, risk=medium",Discovery,high,Testing,Yes,2026-06-02 14:31,,14,,,,,0,0,0,0,,,,,,,
KW-0531,restaurant owner,Sydney,,"""owner"" ""restaurant owner"" Sydney",,"Generator: template=T4, risk=medium",Discovery,high,New,Yes,2026-05-29T16:04:08.486282,2026-06-12T16:04:08.486282,14,,,0.0,0.0,1,0,0,0,,,,,,,
KW-0532,hotel group,Melbourne,,"""owner"" ""hotel group"" Melbourne",,"Generator: template=T4, risk=medium",Discovery,high,New,,,,14,,,,,0,0,0,0,,,,,,,
KW-0533,hotel F&B manager,Brisbane,,"""owner"" ""hotel F&B manager"" Brisbane",,"Generator: template=T4, risk=medium",Discovery,high,Testing,Yes,2026-06-02 14:22,,14,,,,,0,0,0,0,,,,,,,
KW-0534,pub group,Perth,,"""owner"" ""pub group"" Perth",,"Generator: template=T4, risk=medium",Discovery,high,New,,,,14,,,,,0,0,0,0,,,,,,,
KW-0535,catering company,Gold Coast,,"""owner"" ""catering company"" Gold Coast",,"Generator: template=T4, risk=medium",Discovery,high,New,,,,14,,,,,0,0,0,0,,,,,,,
KW-0536,event venue,Canberra,,"""owner"" ""event venue"" Canberra",,"Generator: template=T4, risk=medium",Discovery,high,New,Yes,2026-05-29T16:06:39.577139,2026-06-12T16:06:39.577139,14,,,0.0,0.0,1,0,0,0,,,,,,,
KW-0537,restaurant fit-out company,SA,,"""owner"" ""restaurant fit-out company"" SA",,"Generator: template=T4, risk=medium",Discovery,high,New,,,,14,,,,,0,0,0,0,,,,,,,
KW-0538,restaurant design company,Sunshine Coast,,"""owner"" ""restaurant design company"" Sunshine Coast",,"Generator: template=T4, risk=medium",Discovery,high,New,,,,14,,,,,0,0,0,0,,,,,,,
KW-0539,multi-location restaurant,Geelong,,"""owner"" ""multi-location restaurant"" Geelong",,"Generator: template=T4, risk=medium",Discovery,high,New,Yes,2026-05-29T16:04:40.460534,2026-06-12T16:04:40.460534,14,,,0.0,0.0,1,0,0,0,,,,,,,
KW-0540,hospitality venue group,Townsville,,"""owner"" ""hospitality venue group"" Townsville",,"Generator: template=T4, risk=medium",Discovery,high,New,,,,14,,,,,0,0,0,0,,,,,,,
KW-0541,hotel procurement manager,Cairns,,"""owner"" ""hotel procurement manager"" Cairns",,"Generator: template=T4, risk=medium",Discovery,high,New,,,,14,,,,,0,0,0,0,,,,,,,
KW-0542,new restaurant opening,Toowoomba,,"""owner"" ""new restaurant opening"" Toowoomba",,"Generator: template=T4, risk=medium",Discovery,high,New,,,,14,,,,,0,0,0,0,,,,,,,
KW-0543,restaurant equipment supplier,Barossa Valley,,"""owner"" ""restaurant equipment supplier"" Barossa Valley",,"Generator: template=T4, risk=medium",Discovery,high,New,,,,14,,,,,0,0,0,0,,,,,,,
KW-0544,hotel FF&E supplier,Noosa,,"""owner"" ""hotel FF&E supplier"" Noosa",,"Generator: template=T4, risk=medium",Discovery,high,Paused,,,,14,,,,,0,0,0,0,,,,,,,
KW-0545,restaurant group,Australia,,site:.com.au restaurant group contact Australia,,"Generator: template=T5, risk=medium",Discovery,medium,New,,,,14,,,,,0,0,0,0,,,,,,,
KW-0546,restaurant owner,Sydney,,site:.com.au restaurant owner contact Sydney,,"Generator: template=T5, risk=medium",Discovery,medium,New,,,,14,,,,,0,0,0,0,,,,,,,
KW-0547,hotel group,Melbourne,,site:.com.au hotel group contact Melbourne,,"Generator: template=T5, risk=medium",Discovery,medium,New,,,,14,,,,,0,0,0,0,,,,,,,
KW-0548,hotel F&B manager,Brisbane,,site:.com.au hotel F&B manager contact Brisbane,,"Generator: template=T5, risk=medium",Discovery,medium,New,,,,14,,,,,0,0,0,0,,,,,,,
KW-0549,pub group,Perth,,site:.com.au pub group contact Perth,,"Generator: template=T5, risk=medium",Discovery,medium,New,,,,14,,,,,0,0,0,0,,,,,,,
KW-0550,catering company,Gold Coast,,site:.com.au catering company contact Gold Coast,,"Generator: template=T5, risk=medium",Discovery,medium,New,,,,14,,,,,0,0,0,0,,,,,,,
KW-0551,event venue,Canberra,,site:.com.au event venue contact Canberra,,"Generator: template=T5, risk=medium",Discovery,medium,New,,,,14,,,,,0,0,0,0,,,,,,,
KW-0552,restaurant fit-out company,SA,,site:.com.au restaurant fit-out company contact SA,,"Generator: template=T5, risk=medium",Discovery,medium,New,,,,14,,,,,0,0,0,0,,,,,,,
KW-0553,restaurant design company,Sunshine Coast,,site:.com.au restaurant design company contact Sunshine Coast,,"Generator: template=T5, risk=medium",Discovery,medium,New,,,,14,,,,,0,0,0,0,,,,,,,
KW-0554,multi-location restaurant,Geelong,,site:.com.au multi-location restaurant contact Geelong,,"Generator: template=T5, risk=medium",Discovery,medium,New,,,,14,,,,,0,0,0,0,,,,,,,
KW-0555,hospitality venue group,Townsville,,site:.com.au hospitality venue group contact Townsville,,"Generator: template=T5, risk=medium",Discovery,medium,New,,,,14,,,,,0,0,0,0,,,,,,,
KW-0556,hotel procurement manager,Cairns,,site:.com.au hotel procurement manager contact Cairns,,"Generator: template=T5, risk=medium",Discovery,medium,New,,,,14,,,,,0,0,0,0,,,,,,,
KW-0557,new restaurant opening,Toowoomba,,site:.com.au new restaurant opening contact Toowoomba,,"Generator: template=T5, risk=medium",Discovery,medium,New,,,,14,,,,,0,0,0,0,,,,,,,
KW-0558,restaurant equipment supplier,Barossa Valley,,site:.com.au restaurant equipment supplier contact Barossa Valley,,"Generator: template=T5, risk=medium",Discovery,medium,New,,,,14,,,,,0,0,0,0,,,,,,,
KW-0559,hotel FF&E supplier,Noosa,,site:.com.au hotel FF&E supplier contact Noosa,,"Generator: template=T5, risk=medium",Discovery,medium,Paused,,,,14,,,,,0,0,0,0,,,,,,,
KW-0560,restaurant group,Australia,,filetype:pdf restaurant group procurement Australia,,"Generator: template=T6, risk=low",Discovery,low,New,,,,14,,,,,0,0,0,0,,,,,,,
KW-0561,restaurant owner,Sydney,,filetype:pdf restaurant owner procurement Sydney,,"Generator: template=T6, risk=low",Discovery,low,New,,,,14,,,,,0,0,0,0,,,,,,,
KW-0562,hotel group,Melbourne,,filetype:pdf hotel group procurement Melbourne,,"Generator: template=T6, risk=low",Discovery,low,New,,,,14,,,,,0,0,0,0,,,,,,,
KW-0563,hotel F&B manager,Brisbane,,filetype:pdf hotel F&B manager procurement Brisbane,,"Generator: template=T6, risk=low",Discovery,low,New,,,,14,,,,,0,0,0,0,,,,,,,
KW-0564,pub group,Perth,,filetype:pdf pub group procurement Perth,,"Generator: template=T6, risk=low",Discovery,low,New,,,,14,,,,,0,0,0,0,,,,,,,
KW-0565,catering company,Gold Coast,,filetype:pdf catering company procurement Gold Coast,,"Generator: template=T6, risk=low",Discovery,low,New,,,,14,,,,,0,0,0,0,,,,,,,
KW-0566,event venue,Canberra,,filetype:pdf event venue procurement Canberra,,"Generator: template=T6, risk=low",Discovery,low,New,,,,14,,,,,0,0,0,0,,,,,,,
KW-0567,restaurant fit-out company,SA,,filetype:pdf restaurant fit-out company procurement SA,,"Generator: template=T6, risk=low",Discovery,low,New,,,,14,,,,,0,0,0,0,,,,,,,
KW-0568,restaurant design company,Sunshine Coast,,filetype:pdf restaurant design company procurement Sunshine Coast,,"Generator: template=T6, risk=low",Discovery,low,New,,,,14,,,,,0,0,0,0,,,,,,,
KW-0569,multi-location restaurant,Geelong,,filetype:pdf multi-location restaurant procurement Geelong,,"Generator: template=T6, risk=low",Discovery,low,New,,,,14,,,,,0,0,0,0,,,,,,,
KW-0570,hospitality venue group,Townsville,,filetype:pdf hospitality venue group procurement Townsville,,"Generator: template=T6, risk=low",Discovery,low,New,,,,14,,,,,0,0,0,0,,,,,,,
KW-0571,hotel procurement manager,Cairns,,filetype:pdf hotel procurement manager procurement Cairns,,"Generator: template=T6, risk=low",Discovery,low,New,,,,14,,,,,0,0,0,0,,,,,,,
KW-0572,new restaurant opening,Toowoomba,,filetype:pdf new restaurant opening procurement Toowoomba,,"Generator: template=T6, risk=low",Discovery,low,New,,,,14,,,,,0,0,0,0,,,,,,,
KW-0573,restaurant equipment supplier,Barossa Valley,,filetype:pdf restaurant equipment supplier procurement Barossa Valley,,"Generator: template=T6, risk=low",Discovery,low,New,,,,14,,,,,0,0,0,0,,,,,,,
KW-0574,hotel FF&E supplier,Noosa,,filetype:pdf hotel FF&E supplier procurement Noosa,,"Generator: template=T6, risk=low",Discovery,low,Paused,,,,14,,,,,0,0,0,0,,,,,,,
KW-0575,restaurant group,Australia,,"""new opening"" restaurant group Australia",,"Generator: template=T7, risk=medium",Discovery,high,New,,,,14,,,,,0,0,0,0,,,,,,,
KW-0576,restaurant owner,Sydney,,"""new opening"" restaurant owner Sydney",,"Generator: template=T7, risk=medium",Discovery,high,New,Yes,2026-05-29T16:03:53.649546,2026-06-12T16:03:53.649546,14,,,0.0,0.0,1,0,0,0,,,,,,,
KW-0577,hotel group,Melbourne,,"""new opening"" hotel group Melbourne",,"Generator: template=T7, risk=medium",Discovery,high,New,Yes,2026-05-29T16:05:01.297490,2026-06-12T16:05:01.297490,14,,,0.0,0.0,1,0,0,0,,,,,,,
KW-0578,hotel F&B manager,Brisbane,,"""new opening"" hotel F&B manager Brisbane",,"Generator: template=T7, risk=medium",Discovery,high,New,Yes,2026-05-29T16:06:12.871004,2026-06-12T16:06:12.871004,14,,,0.0,0.0,1,0,0,0,,,,,,,
KW-0579,pub group,Perth,,"""new opening"" pub group Perth",,"Generator: template=T7, risk=medium",Discovery,high,New,Yes,2026-05-29T16:04:53.453736,2026-06-12T16:04:53.453736,14,,,0.0,0.0,1,0,0,0,,,,,,,
KW-0580,catering company,Gold Coast,,"""new opening"" catering company Gold Coast",,"Generator: template=T7, risk=medium",Discovery,high,New,,,,14,,,,,0,0,0,0,,,,,,,
KW-0581,event venue,Canberra,,"""new opening"" event venue Canberra",,"Generator: template=T7, risk=medium",Discovery,high,New,Yes,2026-05-29T16:05:24.689560,2026-06-12T16:05:24.689560,14,,,0.0,0.0,1,0,0,0,,,,,,,
KW-0582,restaurant fit-out company,SA,,"""new opening"" restaurant fit-out company SA",,"Generator: template=T7, risk=medium",Discovery,high,New,Yes,2026-05-29T16:04:42.240484,2026-06-12T16:04:42.240484,14,,,0.0,0.0,1,0,0,0,,,,,,,
KW-0583,restaurant design company,Sunshine Coast,,"""new opening"" restaurant design company Sunshine Coast",,"Generator: template=T7, risk=medium",Discovery,high,New,Yes,2026-05-29T16:03:08.588771,2026-06-12T16:03:08.588771,14,,,0.0,0.0,1,0,0,0,,,,,,,
KW-0584,multi-location restaurant,Geelong,,"""new opening"" multi-location restaurant Geelong",,"Generator: template=T7, risk=medium",Discovery,high,New,Yes,2026-05-29T16:04:36.027981,2026-06-12T16:04:36.027981,14,,,0.0,0.0,1,0,0,0,,,,,,,
KW-0585,hospitality venue group,Townsville,,"""new opening"" hospitality venue group Townsville",,"Generator: template=T7, risk=medium",Discovery,high,New,,,,14,,,,,0,0,0,0,,,,,,,
KW-0586,hotel procurement manager,Cairns,,"""new opening"" hotel procurement manager Cairns",,"Generator: template=T7, risk=medium",Discovery,high,Testing,Yes,2026-06-02 14:22,,14,,,,,0,0,0,0,,,,,,,
KW-0587,new restaurant opening,Toowoomba,,"""new opening"" new restaurant opening Toowoomba",,"Generator: template=T7, risk=medium",Discovery,high,New,,,,14,,,,,0,0,0,0,,,,,,,
KW-0588,restaurant equipment supplier,Barossa Valley,,"""new opening"" restaurant equipment supplier Barossa Valley",,"Generator: template=T7, risk=medium",Discovery,high,New,,,,14,,,,,0,0,0,0,,,,,,,
KW-0589,hotel FF&E supplier,Noosa,,"""new opening"" hotel FF&E supplier Noosa",,"Generator: template=T7, risk=medium",Discovery,high,Paused,,,,14,,,,,0,0,0,0,,,,,,,
KW-0590,restaurant group,Australia,,restaurant group Australia new opening contact,,"Generator: template=T8, risk=medium",Discovery,medium,New,,,,14,,,,,0,0,0,0,,,,,,,
KW-0591,restaurant owner,Australia,,restaurant owner Australia new opening email,,"Generator: template=T8, risk=medium",Discovery,medium,New,,,,14,,,,,0,0,0,0,,,,,,,
KW-0592,hotel group,Australia,,hotel group Australia new opening phone,,"Generator: template=T8, risk=medium",Discovery,medium,New,,,,14,,,,,0,0,0,0,,,,,,,
KW-0593,hotel F&B manager,Australia,,hotel F&B manager Australia new opening supplier registration,,"Generator: template=T8, risk=medium",Discovery,medium,New,,,,14,,,,,0,0,0,0,,,,,,,
KW-0594,pub group,Australia,,pub group Australia new opening become a supplier,,"Generator: template=T8, risk=medium",Discovery,medium,New,,,,14,,,,,0,0,0,0,,,,,,,
KW-0595,catering company,Australia,,catering company Australia new opening procurement,,"Generator: template=T8, risk=medium",Discovery,medium,New,,,,14,,,,,0,0,0,0,,,,,,,
KW-0596,event venue,Australia,,event venue Australia new opening request a quote,,"Generator: template=T8, risk=medium",Discovery,medium,New,,,,14,,,,,0,0,0,0,,,,,,,
KW-0597,multi-location restaurant,Australia,,multi-location restaurant Australia new venue become a supplier,,"Generator: template=T8, risk=medium",Discovery,medium,New,,,,14,,,,,0,0,0,0,,,,,,,
KW-0598,hospitality venue group,Australia,,hospitality venue group Australia new venue vendor application,,"Generator: template=T8, risk=medium",Discovery,medium,New,,,,14,,,,,0,0,0,0,,,,,,,
KW-0599,hotel procurement manager,Australia,,hotel procurement manager Australia new venue procurement,,"Generator: template=T8, risk=medium",Discovery,medium,New,,,,14,,,,,0,0,0,0,,,,,,,
KW-0600,restaurant group,Australia,,"restaurant group Australia ""contact"" -jobs -careers",,"Generator: template=T10, risk=low",Discovery,medium,New,,,,14,,,,,0,0,0,0,,,,,,,
KW-0601,restaurant owner,Australia,,"restaurant owner Australia ""email"" -jobs -careers",,"Generator: template=T10, risk=low",Discovery,medium,New,,,,14,,,,,0,0,0,0,,,,,,,
KW-0602,hotel group,Australia,,"hotel group Australia ""phone"" -jobs -careers",,"Generator: template=T10, risk=low",Discovery,medium,New,,,,14,,,,,0,0,0,0,,,,,,,
KW-0603,pub group,Australia,,"pub group Australia ""become a supplier"" -jobs -careers",,"Generator: template=T10, risk=low",Discovery,medium,New,,,,14,,,,,0,0,0,0,,,,,,,
KW-0604,catering company,Australia,,"catering company Australia ""procurement"" -jobs -careers",,"Generator: template=T10, risk=low",Discovery,medium,New,,,,14,,,,,0,0,0,0,,,,,,,
KW-0605,event venue,Australia,,"event venue Australia ""request a quote"" -jobs -careers",,"Generator: template=T10, risk=low",Discovery,medium,New,,,,14,,,,,0,0,0,0,,,,,,,
KW-0606,multi-location restaurant,Sydney,,"multi-location restaurant Sydney ""become a supplier"" -jobs -careers",,"Generator: template=T10, risk=low",Discovery,medium,New,,,,14,,,,,0,0,0,0,,,,,,,
KW-0607,hospitality venue group,Sydney,,"hospitality venue group Sydney ""vendor application"" -jobs -careers",,"Generator: template=T10, risk=low",Discovery,medium,New,,,,14,,,,,0,0,0,0,,,,,,,
KW-0608,restaurant group,Australia,,restaurant group Australia supplier contact,,"Generator: template=T11, risk=low",Discovery,high,New,,,,14,,,,,0,0,0,0,,,,,,,
KW-0609,restaurant owner,Sydney,,restaurant owner Sydney supplier contact,,"Generator: template=T11, risk=low",Discovery,high,New,,,,14,,,,,0,0,0,0,,,,,,,
KW-0610,hotel group,Melbourne,,hotel group Melbourne supplier contact,,"Generator: template=T11, risk=low",Discovery,high,New,Yes,2026-05-29T16:06:15.081345,2026-06-12T16:06:15.081345,14,,,0.0,0.0,1,0,0,0,,,,,,,
KW-0611,pub group,Perth,,pub group Perth supplier contact,,"Generator: template=T11, risk=low",Discovery,high,New,Yes,2026-05-29T16:06:01.563467,2026-06-12T16:06:01.563467,14,,,0.0,0.0,1,0,0,0,,,,,,,
KW-0612,brewery venue,Adelaide,,restaurant equipment supplier Australia new venue team page,,"Generator: template=T11, risk=low",Discovery,high,New,,,,14,,,,,0,0,0,0,,,,,,,
KW-0613,aged care food service,Hobart,,hotel FF&E supplier Australia expansion contact,,"Generator: template=T11, risk=low",Discovery,high,Paused,,,,14,,,,,0,0,0,0,,,,,,,
KW-0614,restaurant supply chain,Launceston,,owner hotel F&B manager Brisbane email OR phone OR contact,,"Generator: template=T11, risk=low",Discovery,high,Testing,Yes,2026-06-01 17:19,,14,,,,,0,0,0,0,,,,,,,
KW-0615,ghost kitchen operator,Alice Springs,,owner pub group Perth email OR phone OR contact,,"Generator: template=T11, risk=low",Discovery,high,Testing,Yes,2026-06-01 17:19,,14,,,,,0,0,0,0,,,,,,,
KW-0616,restaurant furniture supplier,Hunter Valley,,owner event venue Canberra email OR phone OR contact,,"Generator: template=T11, risk=low",Discovery,high,New,,,,14,,,,,0,0,0,0,,,,,,,
KW-0617,brewery venue,Adelaide,,owner hotel procurement manager Cairns email OR phone OR contact,,"Generator: template=T12, risk=low",Discovery,high,New,Yes,2026-05-29T16:05:10.831498,2026-06-12T16:05:10.831498,14,,,0.0,0.0,1,0,0,0,,,,,,,
KW-0618,cafe chain,Newcastle,,owner restaurant equipment supplier Barossa Valley email OR phone OR contact,,"Generator: template=T12, risk=low",Discovery,high,New,Yes,2026-05-29T16:06:10.943048,2026-06-12T16:06:10.943048,14,,,0.0,0.0,1,0,0,0,,,,,,,
KW-0619,resort F&B,VIC,,owner hotel FF&E supplier Noosa email OR phone OR contact,,"Generator: template=T12, risk=low",Discovery,high,Paused,Yes,2026-05-29T15:59:44.064344,2026-06-12T15:59:44.064344,14,,,0.0,0.0,1,0,0,0,,,,,,,
KW-0620,hospitality technology supplier,Port Douglas,,"hotel F&B manager Australia ""supplier registration"" -jobs -careers",,"Generator: template=T12, risk=low",Discovery,high,New,Yes,2026-05-29T16:04:57.241697,2026-06-12T16:04:57.241697,14,,,0.0,0.0,1,0,0,0,,,,,,,
KW-0621,aged care food service,Hobart,,"restaurant fit-out company Sydney ""phone"" -jobs -careers",,"Generator: template=T13, risk=low",Discovery,high,New,Yes,2026-05-29T16:04:10.286947,2026-06-12T16:04:10.286947,14,,,0.0,0.0,1,0,0,0,,,,,,,
KW-0622,corporate catering,Darwin,,"restaurant design company Sydney ""supplier registration"" -jobs -careers",,"Generator: template=T13, risk=low",Discovery,high,New,Yes,2026-05-29T16:03:10.471248,2026-06-12T16:03:10.471248,14,,,0.0,0.0,1,0,0,0,,,,,,,
KW-0623,winery restaurant,NSW,,"hotel procurement manager Sydney ""procurement"" -jobs -careers",,"Generator: template=T13, risk=low",Discovery,high,New,,,,14,,,,,0,0,0,0,,,,,,,
KW-0624,resort F&B,VIC,,"new restaurant opening Sydney ""request a quote"" -jobs -careers",,"Generator: template=T13, risk=low",Discovery,high,New,,,,14,,,,,0,0,0,0,,,,,,,
KW-0625,restaurant group,Australia,,restaurant group Australia procurement team,,"Generator: template=T12, risk=low",Discovery,high,New,,,,14,,,,,0,0,0,0,,,,,,,
KW-0626,restaurant group,Australia,,restaurant group Australia purchasing department email,,"Generator: template=T13, risk=low",Discovery,high,New,Yes,2026-05-29T16:03:33.043593,2026-06-12T16:03:33.043593,14,,,0.0,0.0,1,0,0,0,,,,,,,
KW-0627,hotel group,Australia,,hotel group Australia supplier contact,,"Generator: template=T11, risk=low",Discovery,high,New,,,,14,,,,,0,0,0,0,,,,,,,
KW-0628,hotel group,Australia,,hotel group Australia procurement team,,"Generator: template=T12, risk=low",Discovery,high,New,,,,14,,,,,0,0,0,0,,,,,,,
KW-0629,hotel group,Australia,,hotel group Australia purchasing department email,,"Generator: template=T13, risk=low",Discovery,high,New,Yes,2026-05-29T16:05:36.267761,2026-06-12T16:05:36.267761,14,,,0.0,0.0,1,0,0,0,,,,,,,
KW-0630,restaurant group,Australia,,owner restaurant group Australia email OR phone OR contact,,"Generator: template=T9, risk=medium",Discovery,high,New,,,,14,,,,,0,0,0,0,,,,,,,
KW-0631,restaurant group,Australia,,restaurant group Australia new opening supplier needed,,"Generator: template=T14, risk=medium",Discovery,high,New,,,,14,,,,,0,0,0,0,,,,,,,
KW-0632,hotel F&B manager,Australia,,hotel F&B manager Australia supplier contact,,"Generator: template=T11, risk=low",Discovery,high,New,Yes,2026-05-29T15:59:41.945185,2026-06-12T15:59:41.945185,14,,,0.0,0.0,1,0,0,0,,,,,,,
KW-0633,hotel F&B manager,Australia,,hotel F&B manager Australia procurement team,,"Generator: template=T12, risk=low",Discovery,high,New,,,,14,,,,,0,0,0,0,,,,,,,
KW-0634,hotel F&B manager,Australia,,hotel F&B manager Australia purchasing department email,,"Generator: template=T13, risk=low",Discovery,high,New,,,,14,,,,,0,0,0,0,,,,,,,
KW-0635,hotel group,Australia,,hotel group owner Australia,,"Generator: template=T2, risk=medium",Discovery,high,New,,,,14,,,,,0,0,0,0,,,,,,,
KW-0636,hotel group,Australia,,"""owner"" ""hotel group"" Australia",,"Generator: template=T4, risk=medium",Discovery,high,New,Yes,2026-05-29T16:05:19.274119,2026-06-12T16:05:19.274119,14,,,0.0,0.0,1,0,0,0,,,,,,,
KW-0637,hotel group,Australia,,"""new opening"" hotel group Australia",,"Generator: template=T7, risk=medium",Discovery,high,New,,,,14,,,,,0,0,0,0,,,,,,,
KW-0638,hotel group,Australia,,hotel group Australia new opening supplier needed,,"Generator: template=T14, risk=medium",Discovery,high,New,Yes,2026-05-29T16:04:34.257860,2026-06-12T16:04:34.257860,14,,,0.0,0.0,1,0,0,0,,,,,,,
KW-0639,hotel F&B manager,Australia,,hotel F&B manager owner Australia,,"Generator: template=T2, risk=medium",Discovery,high,New,Yes,2026-05-29T16:03:29.131549,2026-06-12T16:03:29.131549,14,,,0.0,0.0,1,0,0,0,,,,,,,
KW-0640,hotel F&B manager,Australia,,"""owner"" ""hotel F&B manager"" Australia",,"Generator: template=T4, risk=medium",Discovery,high,New,,,,14,,,,,0,0,0,0,,,,,,,
KW-0641,hotel F&B manager,Australia,,"""new opening"" hotel F&B manager Australia",,"Generator: template=T7, risk=medium",Discovery,high,New,,,,14,,,,,0,0,0,0,,,,,,,
KW-0642,hotel F&B manager,Australia,,owner hotel F&B manager Australia email OR phone OR contact,,"Generator: template=T9, risk=medium",Discovery,high,New,Yes,2026-05-29T16:06:43.562252,2026-06-12T16:06:43.562252,14,,,0.0,0.0,1,0,0,0,,,,,,,
KW-0643,hotel F&B manager,Australia,,hotel F&B manager Australia new opening supplier needed,,"Generator: template=T14, risk=medium",Discovery,high,New,,,,14,,,,,0,0,0,0,,,,,,,
KW-0700,,Australia,,restaurant group,,discover companies,Discovery,high,Testing,Yes,2026-05-30 17:39,,14,,,,,,,,,,,,,,,
KW-0701,,Australia,,hotel group,,discover companies,Discovery,high,Testing,Yes,2026-05-30 17:39,,14,,,,,,,,,,,,,,,
KW-0702,,Australia,,pub group,,discover companies,Discovery,high,Testing,Yes,2026-05-30 17:39,,14,,,,,,,,,,,,,,,
KW-0703,,Australia,,brewery group,,discover companies,Discovery,high,Testing,Yes,2026-05-30 17:45,,14,,,,,,,,,,,,,,,
KW-0704,,Australia,,winery restaurant,,discover companies,Discovery,high,Testing,Yes,2026-05-30 17:39,,14,,,,,,,,,,,,,,,
KW-0705,,Australia,,catering company,,discover companies,Discovery,high,Testing,Yes,2026-05-30 17:39,,14,,,,,,,,,,,,,,,
KW-0706,,Australia,,event venue,,discover companies,Discovery,high,Testing,Yes,2026-05-30 17:39,,14,,,,,,,,,,,,,,,
KW-0707,,Australia,,hotel,,discover companies,Discovery,high,Testing,Yes,2026-05-30 17:45,,14,,,,,,,,,,,,,,,
KW-0708,,Australia,,restaurant,,discover companies,Discovery,high,Testing,Yes,2026-05-30 17:45,,14,,,,,,,,,,,,,,,
KW-0709,,Australia,,pub,,discover companies,Discovery,high,Testing,Yes,2026-05-30 17:45,,14,,,,,,,,,,,,,,,
KW-0710,,Australia,,brewery,,discover companies,Discovery,high,Testing,Yes,2026-05-30 17:45,,14,,,,,,,,,,,,,,,
KW-0711,,Australia,,winery,,discover companies,Discovery,high,Testing,Yes,2026-05-30 17:45,,14,,,,,,,,,,,,,,,
KW-0712,,Australia,,gastropub,,discover companies,Discovery,high,Testing,Yes,2026-05-30 17:45,,14,,,,,,,,,,,,,,,
KW-0713,,Australia,,cocktail bar,,discover companies,Discovery,high,Testing,Yes,2026-05-30 17:45,,14,,,,,,,,,,,,,,,
KW-0714,,Australia,,wine bar,,discover companies,Discovery,high,Testing,Yes,2026-05-30 17:45,,14,,,,,,,,,,,,,,,
KW-0715,restaurant owner,Australia,,restaurant owner Australia contact,,"Generator: template=T1, risk=low",Discovery,high,New,,,,14,,,,,0,0,0,0,,,,,,,
KW-0716,brewery venue,Australia,,brewery venue Australia contact,,"Generator: template=T1, risk=low",Discovery,high,New,,,,14,,,,,0,0,0,0,,,,,,,
KW-0717,aged care food service,Australia,,aged care food service Australia contact,,"Generator: template=T1, risk=low",Discovery,high,New,,,,14,,,,,0,0,0,0,,,,,,,
KW-0718,corporate catering,Australia,,corporate catering Australia contact,,"Generator: template=T1, risk=low",Discovery,high,New,,,,14,,,,,0,0,0,0,,,,,,,
KW-0719,cafe chain,Australia,,cafe chain Australia contact,,"Generator: template=T1, risk=low",Discovery,high,New,,,,14,,,,,0,0,0,0,,,,,,,
KW-0720,food court operator,Australia,,food court operator Australia contact,,"Generator: template=T1, risk=low",Discovery,high,New,,,,14,,,,,0,0,0,0,,,,,,,
KW-0721,winery restaurant,Australia,,winery restaurant Australia contact,,"Generator: template=T1, risk=low",Discovery,high,New,,,,14,,,,,0,0,0,0,,,,,,,
KW-0722,restaurant owner,Australia,,restaurant owner Australia supplier contact,,"Generator: template=T11, risk=low",Discovery,high,New,,,,14,,,,,0,0,0,0,,,,,,,
KW-0723,pub group,Australia,,pub group Australia supplier contact,,"Generator: template=T11, risk=low",Discovery,high,New,,,,14,,,,,0,0,0,0,,,,,,,
KW-0724,brewery venue,Australia,,brewery venue Australia supplier contact,,"Generator: template=T11, risk=low",Discovery,high,New,,,,14,,,,,0,0,0,0,,,,,,,
KW-0725,catering company,Australia,,catering company Australia supplier contact,,"Generator: template=T11, risk=low",Discovery,high,New,,,,14,,,,,0,0,0,0,,,,,,,
KW-0726,event venue,Australia,,event venue Australia supplier contact,,"Generator: template=T11, risk=low",Discovery,high,New,,,,14,,,,,0,0,0,0,,,,,,,
KW-0727,aged care food service,Australia,,aged care food service Australia supplier contact,,"Generator: template=T11, risk=low",Discovery,high,New,,,,14,,,,,0,0,0,0,,,,,,,
KW-0728,corporate catering,Australia,,corporate catering Australia supplier contact,,"Generator: template=T11, risk=low",Discovery,high,New,,,,14,,,,,0,0,0,0,,,,,,,
KW-0729,cafe chain,Australia,,cafe chain Australia supplier contact,,"Generator: template=T11, risk=low",Discovery,high,New,,,,14,,,,,0,0,0,0,,,,,,,
KW-0730,food court operator,Australia,,food court operator Australia supplier contact,,"Generator: template=T11, risk=low",Discovery,high,New,,,,14,,,,,0,0,0,0,,,,,,,
KW-0731,winery restaurant,Australia,,winery restaurant Australia supplier contact,,"Generator: template=T11, risk=low",Discovery,high,New,,,,14,,,,,0,0,0,0,,,,,,,
KW-0732,restaurant owner,Australia,,restaurant owner Australia procurement team,,"Generator: template=T12, risk=low",Discovery,high,New,,,,14,,,,,0,0,0,0,,,,,,,
KW-0733,pub group,Australia,,pub group Australia procurement team,,"Generator: template=T12, risk=low",Discovery,high,New,,,,14,,,,,0,0,0,0,,,,,,,
KW-0734,brewery venue,Australia,,brewery venue Australia procurement team,,"Generator: template=T12, risk=low",Discovery,high,New,,,,14,,,,,0,0,0,0,,,,,,,
KW-0735,catering company,Australia,,catering company Australia procurement team,,"Generator: template=T12, risk=low",Discovery,high,New,,,,14,,,,,0,0,0,0,,,,,,,
KW-0736,event venue,Australia,,event venue Australia procurement team,,"Generator: template=T12, risk=low",Discovery,high,New,,,,14,,,,,0,0,0,0,,,,,,,
KW-0737,aged care food service,Australia,,aged care food service Australia procurement team,,"Generator: template=T12, risk=low",Discovery,high,New,,,,14,,,,,0,0,0,0,,,,,,,
KW-0738,corporate catering,Australia,,corporate catering Australia procurement team,,"Generator: template=T12, risk=low",Discovery,high,New,,,,14,,,,,0,0,0,0,,,,,,,
KW-0739,cafe chain,Australia,,cafe chain Australia procurement team,,"Generator: template=T12, risk=low",Discovery,high,New,,,,14,,,,,0,0,0,0,,,,,,,
KW-0740,food court operator,Australia,,food court operator Australia procurement team,,"Generator: template=T12, risk=low",Discovery,high,New,,,,14,,,,,0,0,0,0,,,,,,,
KW-0741,winery restaurant,Australia,,winery restaurant Australia procurement team,,"Generator: template=T12, risk=low",Discovery,high,New,,,,14,,,,,0,0,0,0,,,,,,,
KW-0742,restaurant owner,Australia,,restaurant owner Australia purchasing department email,,"Generator: template=T13, risk=low",Discovery,high,New,,,,14,,,,,0,0,0,0,,,,,,,
KW-0743,pub group,Australia,,pub group Australia purchasing department email,,"Generator: template=T13, risk=low",Discovery,high,New,,,,14,,,,,0,0,0,0,,,,,,,
KW-0744,brewery venue,Australia,,brewery venue Australia purchasing department email,,"Generator: template=T13, risk=low",Discovery,high,New,,,,14,,,,,0,0,0,0,,,,,,,
KW-0745,catering company,Australia,,catering company Australia purchasing department email,,"Generator: template=T13, risk=low",Discovery,high,New,,,,14,,,,,0,0,0,0,,,,,,,
KW-0746,event venue,Australia,,event venue Australia purchasing department email,,"Generator: template=T13, risk=low",Discovery,high,New,,,,14,,,,,0,0,0,0,,,,,,,
KW-0747,aged care food service,Australia,,aged care food service Australia purchasing department email,,"Generator: template=T13, risk=low",Discovery,high,New,,,,14,,,,,0,0,0,0,,,,,,,
KW-0748,corporate catering,Australia,,corporate catering Australia purchasing department email,,"Generator: template=T13, risk=low",Discovery,high,New,,,,14,,,,,0,0,0,0,,,,,,,
KW-0749,cafe chain,Australia,,cafe chain Australia purchasing department email,,"Generator: template=T13, risk=low",Discovery,high,New,,,,14,,,,,0,0,0,0,,,,,,,
KW-0750,food court operator,Australia,,food court operator Australia purchasing department email,,"Generator: template=T13, risk=low",Discovery,high,New,,,,14,,,,,0,0,0,0,,,,,,,
KW-0751,winery restaurant,Australia,,winery restaurant Australia purchasing department email,,"Generator: template=T13, risk=low",Discovery,high,New,,,,14,,,,,0,0,0,0,,,,,,,
KW-0752,restaurant owner,Australia,,restaurant owner owner Australia,,"Generator: template=T2, risk=medium",Discovery,high,New,,,,14,,,,,0,0,0,0,,,,,,,
KW-0753,pub group,Australia,,pub group owner Australia,,"Generator: template=T2, risk=medium",Discovery,high,New,,,,14,,,,,0,0,0,0,,,,,,,
KW-0754,brewery venue,Australia,,brewery venue owner Australia,,"Generator: template=T2, risk=medium",Discovery,high,New,,,,14,,,,,0,0,0,0,,,,,,,
KW-0755,catering company,Australia,,catering company owner Australia,,"Generator: template=T2, risk=medium",Discovery,high,New,,,,14,,,,,0,0,0,0,,,,,,,
KW-0756,event venue,Australia,,event venue owner Australia,,"Generator: template=T2, risk=medium",Discovery,high,New,,,,14,,,,,0,0,0,0,,,,,,,
KW-0757,aged care food service,Australia,,aged care food service owner Australia,,"Generator: template=T2, risk=medium",Discovery,high,New,,,,14,,,,,0,0,0,0,,,,,,,
KW-0758,corporate catering,Australia,,corporate catering owner Australia,,"Generator: template=T2, risk=medium",Discovery,high,New,,,,14,,,,,0,0,0,0,,,,,,,
KW-0759,cafe chain,Australia,,cafe chain owner Australia,,"Generator: template=T2, risk=medium",Discovery,high,New,,,,14,,,,,0,0,0,0,,,,,,,
KW-0760,food court operator,Australia,,food court operator owner Australia,,"Generator: template=T2, risk=medium",Discovery,high,New,,,,14,,,,,0,0,0,0,,,,,,,
KW-0761,winery restaurant,Australia,,winery restaurant owner Australia,,"Generator: template=T2, risk=medium",Discovery,high,New,,,,14,,,,,0,0,0,0,,,,,,,
KW-0762,restaurant owner,Australia,,"""owner"" ""restaurant owner"" Australia",,"Generator: template=T4, risk=medium",Discovery,high,New,,,,14,,,,,0,0,0,0,,,,,,,
KW-0763,pub group,Australia,,"""owner"" ""pub group"" Australia",,"Generator: template=T4, risk=medium",Discovery,high,New,,,,14,,,,,0,0,0,0,,,,,,,
KW-0764,brewery venue,Australia,,"""owner"" ""brewery venue"" Australia",,"Generator: template=T4, risk=medium",Discovery,high,New,,,,14,,,,,0,0,0,0,,,,,,,
KW-0765,catering company,Australia,,"""owner"" ""catering company"" Australia",,"Generator: template=T4, risk=medium",Discovery,high,New,,,,14,,,,,0,0,0,0,,,,,,,
KW-0766,event venue,Australia,,"""owner"" ""event venue"" Australia",,"Generator: template=T4, risk=medium",Discovery,high,New,,,,14,,,,,0,0,0,0,,,,,,,
KW-0767,aged care food service,Australia,,"""owner"" ""aged care food service"" Australia",,"Generator: template=T4, risk=medium",Discovery,high,New,,,,14,,,,,0,0,0,0,,,,,,,
KW-0768,corporate catering,Australia,,"""owner"" ""corporate catering"" Australia",,"Generator: template=T4, risk=medium",Discovery,high,New,,,,14,,,,,0,0,0,0,,,,,,,
KW-0769,cafe chain,Australia,,"""owner"" ""cafe chain"" Australia",,"Generator: template=T4, risk=medium",Discovery,high,New,,,,14,,,,,0,0,0,0,,,,,,,
KW-0770,food court operator,Australia,,"""owner"" ""food court operator"" Australia",,"Generator: template=T4, risk=medium",Discovery,high,New,,,,14,,,,,0,0,0,0,,,,,,,
KW-0771,winery restaurant,Australia,,"""owner"" ""winery restaurant"" Australia",,"Generator: template=T4, risk=medium",Discovery,high,New,,,,14,,,,,0,0,0,0,,,,,,,
KW-0772,restaurant owner,Australia,,"""new opening"" restaurant owner Australia",,"Generator: template=T7, risk=medium",Discovery,high,New,,,,14,,,,,0,0,0,0,,,,,,,
KW-0773,pub group,Australia,,"""new opening"" pub group Australia",,"Generator: template=T7, risk=medium",Discovery,high,New,,,,14,,,,,0,0,0,0,,,,,,,
KW-0774,brewery venue,Australia,,"""new opening"" brewery venue Australia",,"Generator: template=T7, risk=medium",Discovery,high,New,,,,14,,,,,0,0,0,0,,,,,,,
KW-0775,catering company,Australia,,"""new opening"" catering company Australia",,"Generator: template=T7, risk=medium",Discovery,high,New,,,,14,,,,,0,0,0,0,,,,,,,
KW-0776,event venue,Australia,,"""new opening"" event venue Australia",,"Generator: template=T7, risk=medium",Discovery,high,New,,,,14,,,,,0,0,0,0,,,,,,,
KW-0777,aged care food service,Australia,,"""new opening"" aged care food service Australia",,"Generator: template=T7, risk=medium",Discovery,high,New,,,,14,,,,,0,0,0,0,,,,,,,
KW-0778,corporate catering,Australia,,"""new opening"" corporate catering Australia",,"Generator: template=T7, risk=medium",Discovery,high,New,,,,14,,,,,0,0,0,0,,,,,,,
KW-0779,cafe chain,Australia,,"""new opening"" cafe chain Australia",,"Generator: template=T7, risk=medium",Discovery,high,New,,,,14,,,,,0,0,0,0,,,,,,,
KW-0780,food court operator,Australia,,"""new opening"" food court operator Australia",,"Generator: template=T7, risk=medium",Discovery,high,New,,,,14,,,,,0,0,0,0,,,,,,,
KW-0781,winery restaurant,Australia,,"""new opening"" winery restaurant Australia",,"Generator: template=T7, risk=medium",Discovery,high,New,,,,14,,,,,0,0,0,0,,,,,,,
KW-0782,restaurant owner,Australia,,owner restaurant owner Australia email OR phone OR contact,,"Generator: template=T9, risk=medium",Discovery,high,New,,,,14,,,,,0,0,0,0,,,,,,,
KW-0783,brewery venue,Australia,,owner brewery venue Australia email OR phone OR contact,,"Generator: template=T9, risk=medium",Discovery,high,New,,,,14,,,,,0,0,0,0,,,,,,,
KW-0784,aged care food service,Australia,,owner aged care food service Australia email OR phone OR contact,,"Generator: template=T9, risk=medium",Discovery,high,New,,,,14,,,,,0,0,0,0,,,,,,,
KW-0785,corporate catering,Australia,,owner corporate catering Australia email OR phone OR contact,,"Generator: template=T9, risk=medium",Discovery,high,New,,,,14,,,,,0,0,0,0,,,,,,,
KW-0786,cafe chain,Australia,,owner cafe chain Australia email OR phone OR contact,,"Generator: template=T9, risk=medium",Discovery,high,New,,,,14,,,,,0,0,0,0,,,,,,,
KW-0787,food court operator,Australia,,owner food court operator Australia email OR phone OR contact,,"Generator: template=T9, risk=medium",Discovery,high,New,,,,14,,,,,0,0,0,0,,,,,,,
KW-0788,winery restaurant,Australia,,owner winery restaurant Australia email OR phone OR contact,,"Generator: template=T9, risk=medium",Discovery,high,New,,,,14,,,,,0,0,0,0,,,,,,,
KW-0789,restaurant owner,Australia,,restaurant owner Australia new opening supplier needed,,"Generator: template=T14, risk=medium",Discovery,high,New,,,,14,,,,,0,0,0,0,,,,,,,
KW-0790,pub group,Australia,,pub group Australia new opening supplier needed,,"Generator: template=T14, risk=medium",Discovery,high,New,,,,14,,,,,0,0,0,0,,,,,,,
KW-0791,brewery venue,Australia,,brewery venue Australia new opening supplier needed,,"Generator: template=T14, risk=medium",Discovery,high,New,,,,14,,,,,0,0,0,0,,,,,,,
KW-0792,catering company,Australia,,catering company Australia new opening supplier needed,,"Generator: template=T14, risk=medium",Discovery,high,New,,,,14,,,,,0,0,0,0,,,,,,,
KW-0793,event venue,Australia,,event venue Australia new opening supplier needed,,"Generator: template=T14, risk=medium",Discovery,high,New,,,,14,,,,,0,0,0,0,,,,,,,
KW-0794,aged care food service,Australia,,aged care food service Australia new opening supplier needed,,"Generator: template=T14, risk=medium",Discovery,high,New,,,,14,,,,,0,0,0,0,,,,,,,
KW-0795,corporate catering,Australia,,corporate catering Australia new opening supplier needed,,"Generator: template=T14, risk=medium",Discovery,high,New,,,,14,,,,,0,0,0,0,,,,,,,
KW-0796,cafe chain,Australia,,cafe chain Australia new opening supplier needed,,"Generator: template=T14, risk=medium",Discovery,high,New,,,,14,,,,,0,0,0,0,,,,,,,
KW-0797,food court operator,Australia,,food court operator Australia new opening supplier needed,,"Generator: template=T14, risk=medium",Discovery,high,New,,,,14,,,,,0,0,0,0,,,,,,,
KW-0798,winery restaurant,Australia,,winery restaurant Australia new opening supplier needed,,"Generator: template=T14, risk=medium",Discovery,high,New,,,,14,,,,,0,0,0,0,,,,,,,
KW-0799,hotel group,Australia,,group hotel group head office Australia,,"Generator: template=T3, risk=low",Discovery,medium,New,,,,14,,,,,0,0,0,0,,,,,,,
KW-0800,hotel group,Australia,,"hotel group Australia ""contact"" -jobs -careers",,"Generator: template=T10, risk=low",Discovery,medium,New,,,,14,,,,,0,0,0,0,,,,,,,
KW-0801,restaurant group,Australia,,site:.com.au restaurant group Australia owner,,"Generator: template=T15, risk=high",Discovery,medium,New,,,,14,,,,,0,0,0,0,,,,,,,
KW-0802,hotel F&B manager,Australia,,group hotel F&B manager head office Australia,,"Generator: template=T3, risk=low",Discovery,medium,New,,,,14,,,,,0,0,0,0,,,,,,,
KW-0803,hotel F&B manager,Australia,,"hotel F&B manager Australia ""contact"" -jobs -careers",,"Generator: template=T10, risk=low",Discovery,medium,New,,,,14,,,,,0,0,0,0,,,,,,,
KW-0804,resort F&B,Australia,,resort F&B Australia contact,,"Generator: template=T1, risk=low",Discovery,high,New,,,,14,,,,,0,0,0,0,,,,,,,
KW-0805,hospitality recruitment,Australia,,hospitality recruitment Australia contact,,"Generator: template=T1, risk=low",Discovery,high,New,,,,14,,,,,0,0,0,0,,,,,,,
KW-0806,restaurant renovation,Australia,,restaurant renovation Australia contact,,"Generator: template=T1, risk=low",Discovery,high,New,,,,14,,,,,0,0,0,0,,,,,,,
KW-0807,restaurant fit-out company,Australia,,restaurant fit-out company Australia contact,,"Generator: template=T1, risk=low",Discovery,high,New,,,,14,,,,,0,0,0,0,,,,,,,
KW-0808,resort F&B,Australia,,resort F&B owner Australia,,"Generator: template=T2, risk=medium",Discovery,high,New,,,,14,,,,,0,0,0,0,,,,,,,
KW-0809,hospitality recruitment,Australia,,hospitality recruitment owner Australia,,"Generator: template=T2, risk=medium",Discovery,high,New,,,,14,,,,,0,0,0,0,,,,,,,
KW-0810,restaurant renovation,Australia,,restaurant renovation owner Australia,,"Generator: template=T2, risk=medium",Discovery,high,New,,,,14,,,,,0,0,0,0,,,,,,,
KW-0811,restaurant fit-out company,Australia,,restaurant fit-out company owner Australia,,"Generator: template=T2, risk=medium",Discovery,high,New,,,,14,,,,,0,0,0,0,,,,,,,
KW-0812,restaurant owner,Australia,,group restaurant owner head office Australia,,"Generator: template=T3, risk=low",Discovery,medium,New,,,,14,,,,,0,0,0,0,,,,,,,
KW-0813,pub group,Australia,,group pub group head office Australia,,"Generator: template=T3, risk=low",Discovery,medium,New,,,,14,,,,,0,0,0,0,,,,,,,
KW-0814,brewery venue,Australia,,group brewery venue head office Australia,,"Generator: template=T3, risk=low",Discovery,medium,New,,,,14,,,,,0,0,0,0,,,,,,,
KW-0815,restaurant group,Australia,,Australian Hotels Association restaurant group Australia,,"Generator: template=T16, risk=low",Discovery,high,Testing,Yes,2026-06-02 18:42,,14,,,,,1,0,0,0,,,,,,,
KW-0816,restaurant owner,Australia,,Australian Hotels Association restaurant owner Australia,,"Generator: template=T16, risk=low",Discovery,high,Testing,Yes,2026-06-02 18:42,,14,,,,,1,0,0,0,,,,,,,
KW-0817,hotel group,Australia,,Australian Hotels Association hotel group Australia,,"Generator: template=T16, risk=low",Discovery,high,Testing,Yes,2026-06-02 18:42,,14,,,,,1,0,0,0,,,,,,,
KW-0818,hotel F&B manager,Australia,,Australian Hotels Association hotel F&B manager Australia,,"Generator: template=T16, risk=low",Discovery,high,Testing,Yes,2026-06-02 22:09,,14,,,,,1,0,0,0,,,,,,,
KW-0819,,Australia,,Australian Hotels Association member Australia contact,,"Generator: template=T17, risk=low",Discovery,high,Testing,Yes,2026-06-02 22:04,,14,,,,,1,0,0,0,,,,,,,
KW-0820,,Sydney,,Australian Hotels Association member Sydney contact,,"Generator: template=T17, risk=low",Discovery,high,Testing,Yes,2026-06-02 22:04,,14,,,,,1,0,0,0,,,,,,,
KW-0821,,Melbourne,,Australian Hotels Association member Melbourne contact,,"Generator: template=T17, risk=low",Discovery,high,Testing,Yes,2026-06-02 22:04,,14,,,,,1,0,0,0,,,,,,,
KW-0822,,Brisbane,,Australian Hotels Association member Brisbane contact,,"Generator: template=T17, risk=low",Discovery,high,Testing,Yes,2026-06-02 22:09,,14,,,,,1,0,0,0,,,,,,,
KW-0823,,Australia,,wine bar Australia owner OR director OR manager,,"Generator: template=T18, risk=low",Discovery,high,Testing,Yes,2026-06-02 18:43,,14,,,,,1,0,0,0,,,,,,,
KW-0824,,Sydney,,wine bar Sydney owner OR director OR manager,,"Generator: template=T18, risk=low",Discovery,high,Testing,Yes,2026-06-02 18:43,,14,,,,,1,0,0,0,,,,,,,
KW-0825,,Melbourne,,wine bar Melbourne owner OR director OR manager,,"Generator: template=T18, risk=low",Discovery,high,Testing,Yes,2026-06-02 18:43,,14,,,,,1,0,0,0,,,,,,,
KW-0826,,Brisbane,,wine bar Brisbane owner OR director OR manager,,"Generator: template=T18, risk=low",Discovery,high,Testing,Yes,2026-06-02 18:54,,14,,,,,1,10,0,0,,,,,,,
KW-0827,restaurant group,Australia,,restaurant group Australia member directory,,"Generator: template=T19, risk=low",Discovery,medium,Testing,Yes,2026-06-02 18:43,,14,,,,,1,1,0,0,,,,,,,
KW-0828,restaurant owner,Australia,,restaurant owner Australia member directory,,"Generator: template=T19, risk=low",Discovery,medium,Testing,Yes,2026-06-02 18:43,,14,,,,,1,1,0,0,,,,,,,
KW-0829,hotel group,Australia,,hotel group Australia member directory,,"Generator: template=T19, risk=low",Discovery,medium,Testing,Yes,2026-06-02 18:43,,14,,,,,1,1,0,0,,,,,,,
KW-0830,hotel F&B manager,Australia,,hotel F&B manager Australia member directory,,"Generator: template=T19, risk=low",Discovery,medium,New,,,,14,,,,,0,0,0,0,,,,,,,
KW-0831,,Australia,,wine bar Australia contact email phone,,"Generator: template=T20, risk=low",Discovery,high,Testing,Yes,2026-06-02 18:54,,14,,,,,1,10,0,0,,,,,,,
KW-0832,,Sydney,,wine bar Sydney contact email phone,,"Generator: template=T20, risk=low",Discovery,high,Testing,Yes,2026-06-02 18:54,,14,,,,,1,10,0,0,,,,,,,
KW-0833,,Melbourne,,wine bar Melbourne contact email phone,,"Generator: template=T20, risk=low",Discovery,high,New,,,,14,,,,,0,0,0,0,,,,,,,
KW-0834,,Brisbane,,wine bar Brisbane contact email phone,,"Generator: template=T20, risk=low",Discovery,high,New,,,,14,,,,,0,0,0,0,,,,,,,
KW-0835,,Australia,,Australian Hotels Association accredited wine bar Australia,,"Generator: template=T21, risk=low",Discovery,high,New,,,,14,,,,,0,0,0,0,,,,,,,
KW-0836,,Sydney,,Australian Hotels Association accredited wine bar Sydney,,"Generator: template=T21, risk=low",Discovery,high,New,,,,14,,,,,0,0,0,0,,,,,,,
KW-0837,,Melbourne,,Australian Hotels Association accredited wine bar Melbourne,,"Generator: template=T21, risk=low",Discovery,high,New,,,,14,,,,,0,0,0,0,,,,,,,
KW-0838,,Brisbane,,Australian Hotels Association accredited wine bar Brisbane,,"Generator: template=T21, risk=low",Discovery,high,New,,,,14,,,,,0,0,0,0,,,,,,,
KW-0839,,Australia,,"""wine bar"" ""Australia"" -jobs -careers -seek",,"Generator: template=T22, risk=low",Discovery,medium,New,,,,14,,,,,0,0,0,0,,,,,,,
KW-0840,,Sydney,,"""wine bar"" ""Sydney"" -jobs -careers -seek",,"Generator: template=T22, risk=low",Discovery,medium,New,,,,14,,,,,0,0,0,0,,,,,,,
KW-0841,,Melbourne,,"""wine bar"" ""Melbourne"" -jobs -careers -seek",,"Generator: template=T22, risk=low",Discovery,medium,New,,,,14,,,,,0,0,0,0,,,,,,,
KW-0842,,Brisbane,,"""wine bar"" ""Brisbane"" -jobs -careers -seek",,"Generator: template=T22, risk=low",Discovery,medium,New,,,,14,,,,,0,0,0,0,,,,,,,
KW-0843,restaurant group,Australia,,restaurant group Australia member directory 2024 OR 2025 OR 2026,,"Generator: template=T23, risk=low",Discovery,medium,New,,,,14,,,,,0,0,0,0,,,,,,,
KW-0844,restaurant owner,Australia,,restaurant owner Australia member directory 2024 OR 2025 OR 2026,,"Generator: template=T23, risk=low",Discovery,medium,New,,,,14,,,,,0,0,0,0,,,,,,,
KW-0845,hotel group,Australia,,hotel group Australia member directory 2024 OR 2025 OR 2026,,"Generator: template=T23, risk=low",Discovery,medium,New,,,,14,,,,,0,0,0,0,,,,,,,
KW-0846,hotel F&B manager,Australia,,hotel F&B manager Australia member directory 2024 OR 2025 OR 2026,,"Generator: template=T23, risk=low",Discovery,medium,New,,,,14,,,,,0,0,0,0,,,,,,,
KW-0847,,Australia,,Australian Hotels Association award winner wine bar Australia,,"Generator: template=T24, risk=low",Discovery,high,New,,,,14,,,,,0,0,0,0,,,,,,,
KW-0848,,Sydney,,Australian Hotels Association award winner wine bar Sydney,,"Generator: template=T24, risk=low",Discovery,high,New,,,,14,,,,,0,0,0,0,,,,,,,
KW-0849,,Melbourne,,Australian Hotels Association award winner wine bar Melbourne,,"Generator: template=T24, risk=low",Discovery,high,New,,,,14,,,,,0,0,0,0,,,,,,,
KW-0850,,Brisbane,,Australian Hotels Association award winner wine bar Brisbane,,"Generator: template=T24, risk=low",Discovery,high,New,,,,14,,,,,0,0,0,0,,,,,,,
KW-0851,restaurant design company,Australia,,restaurant design company Australia contact,,"Generator: template=T1, risk=low",Discovery,high,New,,,,14,,,,,0,0,0,0,,,,,,,
KW-0852,multi-location restaurant,Australia,,multi-location restaurant Australia contact,,"Generator: template=T1, risk=low",Discovery,high,New,,,,14,,,,,0,0,0,0,,,,,,,
KW-0853,restaurant design company,Australia,,restaurant design company owner Australia,,"Generator: template=T2, risk=medium",Discovery,high,New,,,,14,,,,,0,0,0,0,,,,,,,
KW-0854,multi-location restaurant,Australia,,multi-location restaurant owner Australia,,"Generator: template=T2, risk=medium",Discovery,high,New,,,,14,,,,,0,0,0,0,,,,,,,
KW-0855,catering company,Australia,,group catering company head office Australia,,"Generator: template=T3, risk=low",Discovery,medium,New,,,,14,,,,,0,0,0,0,,,,,,,
KW-0856,event venue,Australia,,group event venue head office Australia,,"Generator: template=T3, risk=low",Discovery,medium,New,,,,14,,,,,0,0,0,0,,,,,,,
KW-0857,resort F&B,Australia,,"""owner"" ""resort F&B"" Australia",,"Generator: template=T4, risk=medium",Discovery,high,New,,,,14,,,,,0,0,0,0,,,,,,,
KW-0858,hospitality recruitment,Australia,,"""owner"" ""hospitality recruitment"" Australia",,"Generator: template=T4, risk=medium",Discovery,high,New,,,,14,,,,,0,0,0,0,,,,,,,
KW-0859,restaurant owner,Australia,,site:.com.au restaurant owner contact Australia,,"Generator: template=T5, risk=medium",Discovery,medium,New,,,,14,,,,,0,0,0,0,,,,,,,
KW-0860,hotel group,Australia,,site:.com.au hotel group contact Australia,,"Generator: template=T5, risk=medium",Discovery,medium,New,,,,14,,,,,0,0,0,0,,,,,,,
KW-0861,restaurant owner,Australia,,filetype:pdf restaurant owner procurement Australia,,"Generator: template=T6, risk=low",Discovery,low,New,,,,14,,,,,0,0,0,0,,,,,,,
KW-0862,hotel group,Australia,,filetype:pdf hotel group procurement Australia,,"Generator: template=T6, risk=low",Discovery,low,New,,,,14,,,,,0,0,0,0,,,,,,,
KW-0863,resort F&B,Australia,,"""new opening"" resort F&B Australia",,"Generator: template=T7, risk=medium",Discovery,high,New,,,,14,,,,,0,0,0,0,,,,,,,
KW-0864,hospitality recruitment,Australia,,"""new opening"" hospitality recruitment Australia",,"Generator: template=T7, risk=medium",Discovery,high,New,,,,14,,,,,0,0,0,0,,,,,,,
KW-0865,restaurant owner,Australia,,restaurant owner Australia new opening contact,,"Generator: template=T8, risk=medium",Discovery,medium,New,,,,14,,,,,0,0,0,0,,,,,,,
KW-0866,hotel group,Australia,,hotel group Australia new opening contact,,"Generator: template=T8, risk=medium",Discovery,medium,New,,,,14,,,,,0,0,0,0,,,,,,,
KW-0867,resort F&B,Australia,,owner resort F&B Australia email OR phone OR contact,,"Generator: template=T9, risk=medium",Discovery,high,New,,,,14,,,,,0,0,0,0,,,,,,,
KW-0868,hospitality recruitment,Australia,,owner hospitality recruitment Australia email OR phone OR contact,,"Generator: template=T9, risk=medium",Discovery,high,New,,,,14,,,,,0,0,0,0,,,,,,,
KW-0869,restaurant owner,Australia,,"restaurant owner Australia ""contact"" -jobs -careers",,"Generator: template=T10, risk=low",Discovery,medium,New,,,,14,,,,,0,0,0,0,,,,,,,
KW-0870,pub group,Australia,,"pub group Australia ""contact"" -jobs -careers",,"Generator: template=T10, risk=low",Discovery,medium,New,,,,14,,,,,0,0,0,0,,,,,,,
KW-0871,resort F&B,Australia,,resort F&B Australia supplier contact,,"Generator: template=T11, risk=low",Discovery,high,New,,,,14,,,,,0,0,0,0,,,,,,,
KW-0872,hospitality recruitment,Australia,,hospitality recruitment Australia supplier contact,,"Generator: template=T11, risk=low",Discovery,high,New,,,,14,,,,,0,0,0,0,,,,,,,
KW-0873,resort F&B,Australia,,resort F&B Australia procurement team,,"Generator: template=T12, risk=low",Discovery,high,New,,,,14,,,,,0,0,0,0,,,,,,,
KW-0874,hospitality recruitment,Australia,,hospitality recruitment Australia procurement team,,"Generator: template=T12, risk=low",Discovery,high,New,,,,14,,,,,0,0,0,0,,,,,,,
KW-0875,resort F&B,Australia,,resort F&B Australia purchasing department email,,"Generator: template=T13, risk=low",Discovery,high,New,,,,14,,,,,0,0,0,0,,,,,,,
KW-0876,hospitality recruitment,Australia,,hospitality recruitment Australia purchasing department email,,"Generator: template=T13, risk=low",Discovery,high,New,,,,14,,,,,0,0,0,0,,,,,,,
KW-0877,resort F&B,Australia,,resort F&B Australia new opening supplier needed,,"Generator: template=T14, risk=medium",Discovery,high,New,,,,14,,,,,0,0,0,0,,,,,,,
KW-0878,hospitality recruitment,Australia,,hospitality recruitment Australia new opening supplier needed,,"Generator: template=T14, risk=medium",Discovery,high,New,,,,14,,,,,0,0,0,0,,,,,,,
KW-0879,Final Customer,Australia,,wine bar Surry Hills contact,wine bar Surry Hills contact,Contact discovery,Discovery,high,Testing,Yes,2026-06-02 18:54,,,,,,,2,3,,,,,,,venue_subtype + suburb test,2026-06-02 18:46,
KW-0880,Final Customer,Australia,,wine bar Fitzroy contact,wine bar Fitzroy contact,Contact discovery,Discovery,high,Testing,Yes,2026-06-02 18:54,,,,,,,2,3,,,,,,,venue_subtype + suburb test,2026-06-02 18:46,
KW-0881,Final Customer,Australia,,wine bar Darlinghurst contact,wine bar Darlinghurst contact,Contact discovery,Discovery,high,Testing,Yes,2026-06-02 18:47,,,,,,,1,,,,,,,,venue_subtype + suburb test,2026-06-02 18:46,
KW-0882,Final Customer,Australia,,wine bar Newtown contact,wine bar Newtown contact,Contact discovery,Discovery,high,New,,,,,,,,,,,,,,,,,venue_subtype + suburb test,2026-06-02 18:46,
KW-0883,Final Customer,Australia,,wine bar South Yarra contact,wine bar South Yarra contact,Contact discovery,Discovery,high,New,,,,,,,,,,,,,,,,,venue_subtype + suburb test,2026-06-02 18:46,
KW-0884,Final Customer,Australia,,wine bar St Kilda contact,wine bar St Kilda contact,Contact discovery,Discovery,high,Testing,Yes,2026-06-02 18:54,,,,,,,1,3,,,,,,,venue_subtype + suburb test,2026-06-02 18:46,
KW-0885,Final Customer,Australia,,gastropub Surry Hills contact,gastropub Surry Hills contact,Contact discovery,Discovery,high,Testing,Yes,2026-06-02 18:56,,,,,,,2,2,,,,,,,venue_subtype + suburb test,2026-06-02 18:46,
KW-0886,Final Customer,Australia,,gastropub Fitzroy contact,gastropub Fitzroy contact,Contact discovery,Discovery,high,Testing,Yes,2026-06-02 18:56,,,,,,,2,2,,,,,,,venue_subtype + suburb test,2026-06-02 18:46,
KW-0887,Final Customer,Australia,,gastropub Newtown contact,gastropub Newtown contact,Contact discovery,Discovery,high,Testing,Yes,2026-06-02 18:56,,,,,,,2,2,,,,,,,venue_subtype + suburb test,2026-06-02 18:46,
KW-0888,Final Customer,Australia,,rooftop bar CBD Melbourne contact,rooftop bar CBD Melbourne contact,Contact discovery,Discovery,high,Testing,Yes,2026-06-02 18:57,,,,,,,1,7,,,,,,,venue_subtype + suburb test,2026-06-02 18:46,
KW-0889,Final Customer,Australia,,rooftop bar CBD Sydney contact,rooftop bar CBD Sydney contact,Contact discovery,Discovery,high,Testing,Yes,2026-06-02 18:57,,,,,,,1,7,,,,,,,venue_subtype + suburb test,2026-06-02 18:46,
KW-0890,Final Customer,Australia,,microbrewery Marrickville Sydney contact,microbrewery Marrickville Sydney contact,Contact discovery,Discovery,high,Testing,Yes,2026-06-02 19:00,,,,,,,2,1,,,,,,,venue_subtype + suburb test,2026-06-02 18:46,
KW-0891,Final Customer,Australia,,microbrewery Fremantle Perth contact,microbrewery Fremantle Perth contact,Contact discovery,Discovery,high,Testing,Yes,2026-06-02 19:00,,,,,,,2,1,,,,,,,venue_subtype + suburb test,2026-06-02 18:46,
KW-0892,Final Customer,Australia,,microbrewery Fortitude Valley Brisbane contact,microbrewery Fortitude Valley Brisbane contact,Contact discovery,Discovery,high,Testing,Yes,2026-06-02 19:00,,,,,,,2,1,,,,,,,venue_subtype + suburb test,2026-06-02 18:46,
KW-0893,Final Customer,Australia,,boutique hotel Bondi Sydney contact,boutique hotel Bondi Sydney contact,Contact discovery,Discovery,high,Testing,Yes,2026-06-02 18:57,,,,,,,1,7,,,,,,,venue_subtype + suburb test,2026-06-02 18:46,
KW-0894,Final Customer,Australia,,boutique hotel Surry Hills contact,boutique hotel Surry Hills contact,Contact discovery,Discovery,high,New,,,,,,,,,,,,,,,,,venue_subtype + suburb test,2026-06-02 18:46,
KW-0895,Final Customer,Australia,,cocktail bar CBD Melbourne contact,cocktail bar CBD Melbourne contact,Contact discovery,Discovery,high,Testing,Yes,2026-06-02 18:59,,,,,,,2,6,,,,,,,venue_subtype + suburb test,2026-06-02 18:46,
KW-0896,Final Customer,Australia,,cocktail bar CBD Sydney contact,cocktail bar CBD Sydney contact,Contact discovery,Discovery,high,Testing,Yes,2026-06-02 18:59,,,,,,,2,6,,,,,,,venue_subtype + suburb test,2026-06-02 18:46,
KW-0897,Final Customer,Australia,,speakeasy bar Melbourne contact,speakeasy bar Melbourne contact,Contact discovery,Discovery,high,Testing,Yes,2026-06-02 18:59,,,,,,,2,6,,,,,,,venue_subtype + suburb test,2026-06-02 18:46,
KW-0898,Final Customer,Australia,,speakeasy bar Sydney contact,speakeasy bar Sydney contact,Contact discovery,Discovery,high,New,,,,,,,,,,,,,,,,,venue_subtype + suburb test,2026-06-02 18:46,
KW-0899,,,,Australian Hotels Association member directory site:aha.com.au,,"Generator: template=T17, risk=low",Discovery,high,Testing,Yes,2026-06-02 22:09,,14,,,,,1,0,0,0,,,,,,,
KW-0900,,,,AHA NSW member directory hotels pubs venues,,"Generator: template=T17, risk=low",Discovery,high,New,,,,14,,,,,0,0,0,0,,,,,,,
KW-0901,,,,AHA Victoria member list hotels venues,,"Generator: template=T17, risk=low",Discovery,high,New,,,,14,,,,,0,0,0,0,,,,,,,
KW-0902,,,,AHA Queensland member directory venues,,"Generator: template=T17, risk=low",Discovery,high,New,,,,14,,,,,0,0,0,0,,,,,,,
KW-0903,,,,AHA WA member directory Perth hotels,,"Generator: template=T17, risk=low",Discovery,high,New,,,,14,,,,,0,0,0,0,,,,,,,
KW-0904,,,,AHA South Australia member directory,,"Generator: template=T17, risk=low",Discovery,high,New,,,,14,,,,,0,0,0,0,,,,,,,
KW-0905,,,,AHA Tasmania member directory,,"Generator: template=T17, risk=low",Discovery,high,New,,,,14,,,,,0,0,0,0,,,,,,,
KW-0906,,,,Australian Hotels Association ACT member list,,"Generator: template=T17, risk=low",Discovery,high,New,,,,14,,,,,0,0,0,0,,,,,,,
KW-0907,,,,Restaurant and Catering Australia member directory,,"Generator: template=T17, risk=low",Discovery,high,New,,,,14,,,,,0,0,0,0,,,,,,,
KW-0908,,,,RCA accredited restaurant list Australia,,"Generator: template=T17, risk=low",Discovery,high,New,,,,14,,,,,0,0,0,0,,,,,,,
KW-0909,,,,Restaurant Catering Australia find a venue,,"Generator: template=T17, risk=low",Discovery,high,New,,,,14,,,,,0,0,0,0,,,,,,,
KW-0910,,,,Accommodation Association member directory Australia,,"Generator: template=T17, risk=low",Discovery,high,New,,,,14,,,,,0,0,0,0,,,,,,,
KW-0911,,,,Accommodation Australia member hotel list,,"Generator: template=T17, risk=low",Discovery,high,New,,,,14,,,,,0,0,0,0,,,,,,,
KW-0912,,,,Tourism Accommodation Australia member list,,"Generator: template=T17, risk=low",Discovery,high,New,,,,14,,,,,0,0,0,0,,,,,,,
KW-0913,,,,Queensland Hotels Association member directory,,"Generator: template=T17, risk=low",Discovery,high,New,,,,14,,,,,0,0,0,0,,,,,,,
KW-0914,,,,WA Hotels Association member list Perth,,"Generator: template=T17, risk=low",Discovery,high,New,,,,14,,,,,0,0,0,0,,,,,,,
KW-0915,,,,Tasmanian Hospitality Association member directory,,"Generator: template=T17, risk=low",Discovery,high,New,,,,14,,,,,0,0,0,0,,,,,,,
KW-0916,,,,Hospitality NT member directory Darwin venues,,"Generator: template=T17, risk=low",Discovery,high,New,,,,14,,,,,0,0,0,0,,,,,,,
KW-0917,,,,Fine Food Australia exhibitor list 2025 2026,,"Generator: template=T19, risk=low",Discovery,high,New,,,,14,,,,,0,0,0,0,,,,,,,
KW-0918,,,,Foodservice Australia exhibitor directory hospitality,,"Generator: template=T19, risk=low",Discovery,high,New,,,,14,,,,,0,0,0,0,,,,,,,
KW-0919,,,,Australian Hospitality Trade Show exhibitor list,,"Generator: template=T19, risk=low",Discovery,high,New,,,,14,,,,,0,0,0,0,,,,,,,
KW-0920,,,,NSW Business Chamber member hospitality restaurant hotel,,"Generator: template=T17, risk=low",Discovery,medium,New,,,,14,,,,,0,0,0,0,,,,,,,
KW-0921,,,,Victorian Chamber member restaurant hotel hospitality,,"Generator: template=T17, risk=low",Discovery,medium,New,,,,14,,,,,0,0,0,0,,,,,,,
KW-0922,,,,CCIWA member hospitality Perth restaurant,,"Generator: template=T17, risk=low",Discovery,medium,New,,,,14,,,,,0,0,0,0,,,,,,,
KW-0923,,,,Business SA member restaurant hotel Adelaide,,"Generator: template=T17, risk=low",Discovery,medium,New,,,,14,,,,,0,0,0,0,,,,,,,
KW-0924,,,,Tasmanian Chamber member hospitality restaurant,,"Generator: template=T17, risk=low",Discovery,medium,New,,,,14,,,,,0,0,0,0,,,,,,,
KW-0925,,,,Australian Hotels Association award winners 2024 2025,,"Generator: template=T24, risk=low",Discovery,high,New,,,,14,,,,,0,0,0,0,,,,,,,
KW-0926,,,,Restaurant Catering Australia awards finalists,,"Generator: template=T24, risk=low",Discovery,high,New,,,,14,,,,,0,0,0,0,,,,,,,
KW-0927,,,,Good Food Guide Australia restaurant list 2025,,"Generator: template=T24, risk=low",Discovery,high,New,,,,14,,,,,0,0,0,0,,,,,,,
KW-0928,,,,Gourmet Traveller best restaurants Australia 2025,,"Generator: template=T24, risk=low",Discovery,high,New,,,,14,,,,,0,0,0,0,,,,,,,
KW-0929,,,,AGFG Australian Good Food Guide restaurant directory,,"Generator: template=T24, risk=low",Discovery,high,New,,,,14,,,,,0,0,0,0,,,,,,,
KW-0930,,,,omakase restaurant Sydney contact email,,"Generator: template=T20, risk=low",Discovery,high,Testing,Yes,2026-06-02 22:07,,14,,,,,1,0,0,0,,,,,,,
KW-0931,,,,omakase restaurant Sydney owner OR director,,"Generator: template=T18, risk=low",Discovery,high,New,,,,14,,,,,0,0,0,0,,,,,,,
KW-0932,,,,omakase restaurant Melbourne contact email,,"Generator: template=T20, risk=low",Discovery,high,Testing,Yes,2026-06-02 22:07,,14,,,,,1,0,0,0,,,,,,,
KW-0933,,,,omakase restaurant Melbourne owner OR director,,"Generator: template=T18, risk=low",Discovery,high,New,,,,14,,,,,0,0,0,0,,,,,,,
KW-0934,,,,omakase restaurant Brisbane contact email,,"Generator: template=T20, risk=low",Discovery,high,Testing,Yes,2026-06-02 22:07,,14,,,,,1,0,0,0,,,,,,,
KW-0935,,,,omakase restaurant Brisbane owner OR director,,"Generator: template=T18, risk=low",Discovery,high,New,,,,14,,,,,0,0,0,0,,,,,,,
KW-0936,,,,omakase restaurant Perth contact email,,"Generator: template=T20, risk=low",Discovery,high,New,,,,14,,,,,0,0,0,0,,,,,,,
KW-0937,,,,omakase restaurant Perth owner OR director,,"Generator: template=T18, risk=low",Discovery,high,New,,,,14,,,,,0,0,0,0,,,,,,,
KW-0938,,,,omakase restaurant Adelaide contact email,,"Generator: template=T20, risk=low",Discovery,high,New,,,,14,,,,,0,0,0,0,,,,,,,
KW-0939,,,,omakase restaurant Adelaide owner OR director,,"Generator: template=T18, risk=low",Discovery,high,New,,,,14,,,,,0,0,0,0,,,,,,,
KW-0940,,,,natural wine bar Sydney contact email,,"Generator: template=T20, risk=low",Discovery,high,New,,,,14,,,,,0,0,0,0,,,,,,,
KW-0941,,,,natural wine bar Sydney owner OR director,,"Generator: template=T18, risk=low",Discovery,high,New,,,,14,,,,,0,0,0,0,,,,,,,
KW-0942,,,,natural wine bar Melbourne contact email,,"Generator: template=T20, risk=low",Discovery,high,New,,,,14,,,,,0,0,0,0,,,,,,,
KW-0943,,,,natural wine bar Melbourne owner OR director,,"Generator: template=T18, risk=low",Discovery,high,New,,,,14,,,,,0,0,0,0,,,,,,,
KW-0944,,,,natural wine bar Brisbane contact email,,"Generator: template=T20, risk=low",Discovery,high,New,,,,14,,,,,0,0,0,0,,,,,,,
KW-0945,,,,natural wine bar Brisbane owner OR director,,"Generator: template=T18, risk=low",Discovery,high,New,,,,14,,,,,0,0,0,0,,,,,,,
KW-0946,,,,natural wine bar Perth contact email,,"Generator: template=T20, risk=low",Discovery,high,New,,,,14,,,,,0,0,0,0,,,,,,,
KW-0947,,,,natural wine bar Perth owner OR director,,"Generator: template=T18, risk=low",Discovery,high,New,,,,14,,,,,0,0,0,0,,,,,,,
KW-0948,,,,natural wine bar Adelaide contact email,,"Generator: template=T20, risk=low",Discovery,high,New,,,,14,,,,,0,0,0,0,,,,,,,
KW-0949,,,,natural wine bar Adelaide owner OR director,,"Generator: template=T18, risk=low",Discovery,high,New,,,,14,,,,,0,0,0,0,,,,,,,
KW-0950,,,,craft beer taproom Sydney contact email,,"Generator: template=T20, risk=low",Discovery,high,New,,,,14,,,,,0,0,0,0,,,,,,,
KW-0951,,,,craft beer taproom Sydney owner OR director,,"Generator: template=T18, risk=low",Discovery,high,New,,,,14,,,,,0,0,0,0,,,,,,,
KW-0952,,,,craft beer taproom Melbourne contact email,,"Generator: template=T20, risk=low",Discovery,high,New,,,,14,,,,,0,0,0,0,,,,,,,
KW-0953,,,,craft beer taproom Melbourne owner OR director,,"Generator: template=T18, risk=low",Discovery,high,New,,,,14,,,,,0,0,0,0,,,,,,,
KW-0954,,,,craft beer taproom Brisbane contact email,,"Generator: template=T20, risk=low",Discovery,high,New,,,,14,,,,,0,0,0,0,,,,,,,
KW-0955,,,,craft beer taproom Brisbane owner OR director,,"Generator: template=T18, risk=low",Discovery,high,New,,,,14,,,,,0,0,0,0,,,,,,,
KW-0956,,,,craft beer taproom Perth contact email,,"Generator: template=T20, risk=low",Discovery,high,New,,,,14,,,,,0,0,0,0,,,,,,,
KW-0957,,,,craft beer taproom Perth owner OR director,,"Generator: template=T18, risk=low",Discovery,high,New,,,,14,,,,,0,0,0,0,,,,,,,
KW-0958,,,,craft beer taproom Adelaide contact email,,"Generator: template=T20, risk=low",Discovery,high,New,,,,14,,,,,0,0,0,0,,,,,,,
KW-0959,,,,craft beer taproom Adelaide owner OR director,,"Generator: template=T18, risk=low",Discovery,high,New,,,,14,,,,,0,0,0,0,,,,,,,
KW-0960,,,,late night bar Sydney contact email,,"Generator: template=T20, risk=low",Discovery,high,New,,,,14,,,,,0,0,0,0,,,,,,,
KW-0961,,,,late night bar Sydney owner OR director,,"Generator: template=T18, risk=low",Discovery,high,New,,,,14,,,,,0,0,0,0,,,,,,,
KW-0962,,,,late night bar Melbourne contact email,,"Generator: template=T20, risk=low",Discovery,high,New,,,,14,,,,,0,0,0,0,,,,,,,
KW-0963,,,,late night bar Melbourne owner OR director,,"Generator: template=T18, risk=low",Discovery,high,New,,,,14,,,,,0,0,0,0,,,,,,,
KW-0964,,,,late night bar Brisbane contact email,,"Generator: template=T20, risk=low",Discovery,high,New,,,,14,,,,,0,0,0,0,,,,,,,
KW-0965,,,,late night bar Brisbane owner OR director,,"Generator: template=T18, risk=low",Discovery,high,New,,,,14,,,,,0,0,0,0,,,,,,,
KW-0966,,,,late night bar Perth contact email,,"Generator: template=T20, risk=low",Discovery,high,New,,,,14,,,,,0,0,0,0,,,,,,,
KW-0967,,,,late night bar Perth owner OR director,,"Generator: template=T18, risk=low",Discovery,high,New,,,,14,,,,,0,0,0,0,,,,,,,
KW-0968,,,,late night bar Adelaide contact email,,"Generator: template=T20, risk=low",Discovery,high,New,,,,14,,,,,0,0,0,0,,,,,,,
KW-0969,,,,late night bar Adelaide owner OR director,,"Generator: template=T18, risk=low",Discovery,high,New,,,,14,,,,,0,0,0,0,,,,,,,
KW-0970,,,,live music venue Sydney contact email,,"Generator: template=T20, risk=low",Discovery,high,New,,,,14,,,,,0,0,0,0,,,,,,,
KW-0971,,,,live music venue Sydney owner OR director,,"Generator: template=T18, risk=low",Discovery,high,New,,,,14,,,,,0,0,0,0,,,,,,,
KW-0972,,,,live music venue Melbourne contact email,,"Generator: template=T20, risk=low",Discovery,high,New,,,,14,,,,,0,0,0,0,,,,,,,
KW-0973,,,,live music venue Melbourne owner OR director,,"Generator: template=T18, risk=low",Discovery,high,New,,,,14,,,,,0,0,0,0,,,,,,,
KW-0974,,,,live music venue Brisbane contact email,,"Generator: template=T20, risk=low",Discovery,high,New,,,,14,,,,,0,0,0,0,,,,,,,
KW-0975,,,,live music venue Brisbane owner OR director,,"Generator: template=T18, risk=low",Discovery,high,New,,,,14,,,,,0,0,0,0,,,,,,,
KW-0976,,,,live music venue Perth contact email,,"Generator: template=T20, risk=low",Discovery,high,New,,,,14,,,,,0,0,0,0,,,,,,,
KW-0977,,,,live music venue Perth owner OR director,,"Generator: template=T18, risk=low",Discovery,high,New,,,,14,,,,,0,0,0,0,,,,,,,
KW-0978,,,,live music venue Adelaide contact email,,"Generator: template=T20, risk=low",Discovery,high,New,,,,14,,,,,0,0,0,0,,,,,,,
KW-0979,,,,live music venue Adelaide owner OR director,,"Generator: template=T18, risk=low",Discovery,high,New,,,,14,,,,,0,0,0,0,,,,,,,
KW-0980,,,,function venue Sydney contact email,,"Generator: template=T20, risk=low",Discovery,high,New,,,,14,,,,,0,0,0,0,,,,,,,
KW-0981,,,,function venue Sydney owner OR director,,"Generator: template=T18, risk=low",Discovery,high,New,,,,14,,,,,0,0,0,0,,,,,,,
KW-0982,,,,function venue Melbourne contact email,,"Generator: template=T20, risk=low",Discovery,high,New,,,,14,,,,,0,0,0,0,,,,,,,
KW-0983,,,,function venue Melbourne owner OR director,,"Generator: template=T18, risk=low",Discovery,high,New,,,,14,,,,,0,0,0,0,,,,,,,
KW-0984,,,,function venue Brisbane contact email,,"Generator: template=T20, risk=low",Discovery,high,New,,,,14,,,,,0,0,0,0,,,,,,,
KW-0985,,,,function venue Brisbane owner OR director,,"Generator: template=T18, risk=low",Discovery,high,New,,,,14,,,,,0,0,0,0,,,,,,,
KW-0986,,,,function venue Perth contact email,,"Generator: template=T20, risk=low",Discovery,high,New,,,,14,,,,,0,0,0,0,,,,,,,
KW-0987,,,,function venue Perth owner OR director,,"Generator: template=T18, risk=low",Discovery,high,New,,,,14,,,,,0,0,0,0,,,,,,,
KW-0988,,,,function venue Adelaide contact email,,"Generator: template=T20, risk=low",Discovery,high,New,,,,14,,,,,0,0,0,0,,,,,,,
KW-0989,,,,function venue Adelaide owner OR director,,"Generator: template=T18, risk=low",Discovery,high,New,,,,14,,,,,0,0,0,0,,,,,,,
KW-0990,,,,breakfast cafe Sydney contact email,,"Generator: template=T20, risk=low",Discovery,high,New,,,,14,,,,,0,0,0,0,,,,,,,
KW-0991,,,,breakfast cafe Sydney owner OR director,,"Generator: template=T18, risk=low",Discovery,high,New,,,,14,,,,,0,0,0,0,,,,,,,
KW-0992,,,,breakfast cafe Melbourne contact email,,"Generator: template=T20, risk=low",Discovery,high,New,,,,14,,,,,0,0,0,0,,,,,,,
KW-0993,,,,breakfast cafe Melbourne owner OR director,,"Generator: template=T18, risk=low",Discovery,high,New,,,,14,,,,,0,0,0,0,,,,,,,
KW-0994,,,,breakfast cafe Brisbane contact email,,"Generator: template=T20, risk=low",Discovery,high,New,,,,14,,,,,0,0,0,0,,,,,,,
KW-0995,,,,breakfast cafe Brisbane owner OR director,,"Generator: template=T18, risk=low",Discovery,high,New,,,,14,,,,,0,0,0,0,,,,,,,
KW-0996,,,,breakfast cafe Perth contact email,,"Generator: template=T20, risk=low",Discovery,high,New,,,,14,,,,,0,0,0,0,,,,,,,
KW-0997,,,,breakfast cafe Perth owner OR director,,"Generator: template=T18, risk=low",Discovery,high,New,,,,14,,,,,0,0,0,0,,,,,,,
KW-0998,,,,breakfast cafe Adelaide contact email,,"Generator: template=T20, risk=low",Discovery,high,New,,,,14,,,,,0,0,0,0,,,,,,,
KW-0999,,,,breakfast cafe Adelaide owner OR director,,"Generator: template=T18, risk=low",Discovery,high,New,,,,14,,,,,0,0,0,0,,,,,,,
KW-1000,,,,burger joint Sydney contact email,,"Generator: template=T20, risk=low",Discovery,high,New,,,,14,,,,,0,0,0,0,,,,,,,
KW-1001,,,,burger joint Sydney owner OR director,,"Generator: template=T18, risk=low",Discovery,high,New,,,,14,,,,,0,0,0,0,,,,,,,
KW-1002,,,,burger joint Melbourne contact email,,"Generator: template=T20, risk=low",Discovery,high,New,,,,14,,,,,0,0,0,0,,,,,,,
KW-1003,,,,burger joint Melbourne owner OR director,,"Generator: template=T18, risk=low",Discovery,high,New,,,,14,,,,,0,0,0,0,,,,,,,
KW-1004,,,,burger joint Brisbane contact email,,"Generator: template=T20, risk=low",Discovery,high,New,,,,14,,,,,0,0,0,0,,,,,,,
KW-1005,,,,burger joint Brisbane owner OR director,,"Generator: template=T18, risk=low",Discovery,high,New,,,,14,,,,,0,0,0,0,,,,,,,
KW-1006,,,,burger joint Perth contact email,,"Generator: template=T20, risk=low",Discovery,high,New,,,,14,,,,,0,0,0,0,,,,,,,
KW-1007,,,,burger joint Perth owner OR director,,"Generator: template=T18, risk=low",Discovery,high,New,,,,14,,,,,0,0,0,0,,,,,,,
KW-1008,,,,burger joint Adelaide contact email,,"Generator: template=T20, risk=low",Discovery,high,New,,,,14,,,,,0,0,0,0,,,,,,,
KW-1009,,,,burger joint Adelaide owner OR director,,"Generator: template=T18, risk=low",Discovery,high,New,,,,14,,,,,0,0,0,0,,,,,,,
KW-1010,,,,champagne bar Sydney contact email,,"Generator: template=T20, risk=low",Discovery,high,New,,,,14,,,,,0,0,0,0,,,,,,,
KW-1011,,,,champagne bar Sydney owner OR director,,"Generator: template=T18, risk=low",Discovery,high,New,,,,14,,,,,0,0,0,0,,,,,,,
KW-1012,,,,champagne bar Melbourne contact email,,"Generator: template=T20, risk=low",Discovery,high,New,,,,14,,,,,0,0,0,0,,,,,,,
KW-1013,,,,champagne bar Melbourne owner OR director,,"Generator: template=T18, risk=low",Discovery,high,New,,,,14,,,,,0,0,0,0,,,,,,,
KW-1014,,,,champagne bar Brisbane contact email,,"Generator: template=T20, risk=low",Discovery,high,New,,,,14,,,,,0,0,0,0,,,,,,,
KW-1015,,,,champagne bar Brisbane owner OR director,,"Generator: template=T18, risk=low",Discovery,high,New,,,,14,,,,,0,0,0,0,,,,,,,
KW-1016,,,,champagne bar Perth contact email,,"Generator: template=T20, risk=low",Discovery,high,New,,,,14,,,,,0,0,0,0,,,,,,,
KW-1017,,,,champagne bar Perth owner OR director,,"Generator: template=T18, risk=low",Discovery,high,New,,,,14,,,,,0,0,0,0,,,,,,,
KW-1018,,,,champagne bar Adelaide contact email,,"Generator: template=T20, risk=low",Discovery,high,New,,,,14,,,,,0,0,0,0,,,,,,,
KW-1019,,,,champagne bar Adelaide owner OR director,,"Generator: template=T18, risk=low",Discovery,high,New,,,,14,,,,,0,0,0,0,,,,,,,
KW-1020,,,,rooftop restaurant Sydney contact email,,"Generator: template=T20, risk=low",Discovery,high,New,,,,14,,,,,0,0,0,0,,,,,,,
KW-1021,,,,rooftop restaurant Sydney owner OR director,,"Generator: template=T18, risk=low",Discovery,high,New,,,,14,,,,,0,0,0,0,,,,,,,
KW-1022,,,,rooftop restaurant Melbourne contact email,,"Generator: template=T20, risk=low",Discovery,high,New,,,,14,,,,,0,0,0,0,,,,,,,
KW-1023,,,,rooftop restaurant Melbourne owner OR director,,"Generator: template=T18, risk=low",Discovery,high,New,,,,14,,,,,0,0,0,0,,,,,,,
KW-1024,,,,rooftop restaurant Brisbane contact email,,"Generator: template=T20, risk=low",Discovery,high,New,,,,14,,,,,0,0,0,0,,,,,,,
KW-1025,,,,rooftop restaurant Brisbane owner OR director,,"Generator: template=T18, risk=low",Discovery,high,New,,,,14,,,,,0,0,0,0,,,,,,,
KW-1026,,,,rooftop restaurant Perth contact email,,"Generator: template=T20, risk=low",Discovery,high,New,,,,14,,,,,0,0,0,0,,,,,,,
KW-1027,,,,rooftop restaurant Perth owner OR director,,"Generator: template=T18, risk=low",Discovery,high,New,,,,14,,,,,0,0,0,0,,,,,,,
KW-1028,,,,rooftop restaurant Adelaide contact email,,"Generator: template=T20, risk=low",Discovery,high,New,,,,14,,,,,0,0,0,0,,,,,,,
KW-1029,,,,rooftop restaurant Adelaide owner OR director,,"Generator: template=T18, risk=low",Discovery,high,New,,,,14,,,,,0,0,0,0,,,,,,,
KW-1030,,,,hidden bar Sydney contact email,,"Generator: template=T20, risk=low",Discovery,high,New,,,,14,,,,,0,0,0,0,,,,,,,
KW-1031,,,,hidden bar Sydney owner OR director,,"Generator: template=T18, risk=low",Discovery,high,New,,,,14,,,,,0,0,0,0,,,,,,,
KW-1032,,,,hidden bar Melbourne contact email,,"Generator: template=T20, risk=low",Discovery,high,New,,,,14,,,,,0,0,0,0,,,,,,,
KW-1033,,,,hidden bar Melbourne owner OR director,,"Generator: template=T18, risk=low",Discovery,high,New,,,,14,,,,,0,0,0,0,,,,,,,
KW-1034,,,,hidden bar Brisbane contact email,,"Generator: template=T20, risk=low",Discovery,high,New,,,,14,,,,,0,0,0,0,,,,,,,
KW-1035,,,,hidden bar Brisbane owner OR director,,"Generator: template=T18, risk=low",Discovery,high,New,,,,14,,,,,0,0,0,0,,,,,,,
KW-1036,,,,hidden bar Perth contact email,,"Generator: template=T20, risk=low",Discovery,high,New,,,,14,,,,,0,0,0,0,,,,,,,
KW-1037,,,,hidden bar Perth owner OR director,,"Generator: template=T18, risk=low",Discovery,high,New,,,,14,,,,,0,0,0,0,,,,,,,
KW-1038,,,,hidden bar Adelaide contact email,,"Generator: template=T20, risk=low",Discovery,high,New,,,,14,,,,,0,0,0,0,,,,,,,
KW-1039,,,,hidden bar Adelaide owner OR director,,"Generator: template=T18, risk=low",Discovery,high,New,,,,14,,,,,0,0,0,0,,,,,,,
KW-1040,,,,garden bar Sydney contact email,,"Generator: template=T20, risk=low",Discovery,high,New,,,,14,,,,,0,0,0,0,,,,,,,
KW-1041,,,,garden bar Sydney owner OR director,,"Generator: template=T18, risk=low",Discovery,high,New,,,,14,,,,,0,0,0,0,,,,,,,
KW-1042,,,,garden bar Melbourne contact email,,"Generator: template=T20, risk=low",Discovery,high,New,,,,14,,,,,0,0,0,0,,,,,,,
KW-1043,,,,garden bar Melbourne owner OR director,,"Generator: template=T18, risk=low",Discovery,high,New,,,,14,,,,,0,0,0,0,,,,,,,
KW-1044,,,,garden bar Brisbane contact email,,"Generator: template=T20, risk=low",Discovery,high,New,,,,14,,,,,0,0,0,0,,,,,,,
KW-1045,,,,garden bar Brisbane owner OR director,,"Generator: template=T18, risk=low",Discovery,high,New,,,,14,,,,,0,0,0,0,,,,,,,
KW-1046,,,,garden bar Perth contact email,,"Generator: template=T20, risk=low",Discovery,high,New,,,,14,,,,,0,0,0,0,,,,,,,
KW-1047,,,,garden bar Perth owner OR director,,"Generator: template=T18, risk=low",Discovery,high,New,,,,14,,,,,0,0,0,0,,,,,,,
KW-1048,,,,garden bar Adelaide contact email,,"Generator: template=T20, risk=low",Discovery,high,New,,,,14,,,,,0,0,0,0,,,,,,,
KW-1049,,,,garden bar Adelaide owner OR director,,"Generator: template=T18, risk=low",Discovery,high,New,,,,14,,,,,0,0,0,0,,,,,,,
KW-1050,,,,sports bar Sydney contact email,,"Generator: template=T20, risk=low",Discovery,high,New,,,,14,,,,,0,0,0,0,,,,,,,
KW-1051,,,,sports bar Sydney owner OR director,,"Generator: template=T18, risk=low",Discovery,high,New,,,,14,,,,,0,0,0,0,,,,,,,
KW-1052,,,,sports bar Melbourne contact email,,"Generator: template=T20, risk=low",Discovery,high,New,,,,14,,,,,0,0,0,0,,,,,,,
KW-1053,,,,sports bar Melbourne owner OR director,,"Generator: template=T18, risk=low",Discovery,high,New,,,,14,,,,,0,0,0,0,,,,,,,
KW-1054,,,,sports bar Brisbane contact email,,"Generator: template=T20, risk=low",Discovery,high,New,,,,14,,,,,0,0,0,0,,,,,,,
KW-1055,,,,sports bar Brisbane owner OR director,,"Generator: template=T18, risk=low",Discovery,high,New,,,,14,,,,,0,0,0,0,,,,,,,
KW-1056,,,,sports bar Perth contact email,,"Generator: template=T20, risk=low",Discovery,high,New,,,,14,,,,,0,0,0,0,,,,,,,
KW-1057,,,,sports bar Perth owner OR director,,"Generator: template=T18, risk=low",Discovery,high,New,,,,14,,,,,0,0,0,0,,,,,,,
KW-1058,,,,sports bar Adelaide contact email,,"Generator: template=T20, risk=low",Discovery,high,New,,,,14,,,,,0,0,0,0,,,,,,,
KW-1059,,,,sports bar Adelaide owner OR director,,"Generator: template=T18, risk=low",Discovery,high,New,,,,14,,,,,0,0,0,0,,,,,,,
KW-1060,,,,teppanyaki restaurant Sydney contact email,,"Generator: template=T20, risk=low",Discovery,high,New,,,,14,,,,,0,0,0,0,,,,,,,
KW-1061,,,,teppanyaki restaurant Sydney owner OR director,,"Generator: template=T18, risk=low",Discovery,high,New,,,,14,,,,,0,0,0,0,,,,,,,
KW-1062,,,,teppanyaki restaurant Melbourne contact email,,"Generator: template=T20, risk=low",Discovery,high,New,,,,14,,,,,0,0,0,0,,,,,,,
KW-1063,,,,teppanyaki restaurant Melbourne owner OR director,,"Generator: template=T18, risk=low",Discovery,high,New,,,,14,,,,,0,0,0,0,,,,,,,
KW-1064,,,,teppanyaki restaurant Brisbane contact email,,"Generator: template=T20, risk=low",Discovery,high,New,,,,14,,,,,0,0,0,0,,,,,,,
KW-1065,,,,teppanyaki restaurant Brisbane owner OR director,,"Generator: template=T18, risk=low",Discovery,high,New,,,,14,,,,,0,0,0,0,,,,,,,
KW-1066,,,,teppanyaki restaurant Perth contact email,,"Generator: template=T20, risk=low",Discovery,high,New,,,,14,,,,,0,0,0,0,,,,,,,
KW-1067,,,,teppanyaki restaurant Perth owner OR director,,"Generator: template=T18, risk=low",Discovery,high,New,,,,14,,,,,0,0,0,0,,,,,,,
KW-1068,,,,teppanyaki restaurant Adelaide contact email,,"Generator: template=T20, risk=low",Discovery,high,New,,,,14,,,,,0,0,0,0,,,,,,,
KW-1069,,,,teppanyaki restaurant Adelaide owner OR director,,"Generator: template=T18, risk=low",Discovery,high,New,,,,14,,,,,0,0,0,0,,,,,,,
KW-1070,,,,yakitori bar Sydney contact email,,"Generator: template=T20, risk=low",Discovery,high,New,,,,14,,,,,0,0,0,0,,,,,,,
KW-1071,,,,yakitori bar Sydney owner OR director,,"Generator: template=T18, risk=low",Discovery,high,New,,,,14,,,,,0,0,0,0,,,,,,,
KW-1072,,,,yakitori bar Melbourne contact email,,"Generator: template=T20, risk=low",Discovery,high,New,,,,14,,,,,0,0,0,0,,,,,,,
KW-1073,,,,yakitori bar Melbourne owner OR director,,"Generator: template=T18, risk=low",Discovery,high,New,,,,14,,,,,0,0,0,0,,,,,,,
KW-1074,,,,yakitori bar Brisbane contact email,,"Generator: template=T20, risk=low",Discovery,high,New,,,,14,,,,,0,0,0,0,,,,,,,
KW-1075,,,,yakitori bar Brisbane owner OR director,,"Generator: template=T18, risk=low",Discovery,high,New,,,,14,,,,,0,0,0,0,,,,,,,
KW-1076,,,,yakitori bar Perth contact email,,"Generator: template=T20, risk=low",Discovery,high,New,,,,14,,,,,0,0,0,0,,,,,,,
KW-1077,,,,yakitori bar Perth owner OR director,,"Generator: template=T18, risk=low",Discovery,high,New,,,,14,,,,,0,0,0,0,,,,,,,
KW-1078,,,,yakitori bar Adelaide contact email,,"Generator: template=T20, risk=low",Discovery,high,New,,,,14,,,,,0,0,0,0,,,,,,,
KW-1079,,,,yakitori bar Adelaide owner OR director,,"Generator: template=T18, risk=low",Discovery,high,New,,,,14,,,,,0,0,0,0,,,,,,,
KW-1080,,,,izakaya Sydney contact email,,"Generator: template=T20, risk=low",Discovery,high,Testing,Yes,2026-06-02 22:08,,14,,,,,1,0,0,0,,,,,,,
KW-1081,,,,izakaya Sydney owner OR director,,"Generator: template=T18, risk=low",Discovery,high,New,,,,14,,,,,0,0,0,0,,,,,,,
KW-1082,,,,izakaya Melbourne contact email,,"Generator: template=T20, risk=low",Discovery,high,Testing,Yes,2026-06-02 22:08,,14,,,,,1,0,0,0,,,,,,,
KW-1083,,,,izakaya Melbourne owner OR director,,"Generator: template=T18, risk=low",Discovery,high,New,,,,14,,,,,0,0,0,0,,,,,,,
KW-1084,,,,izakaya Brisbane contact email,,"Generator: template=T20, risk=low",Discovery,high,Testing,Yes,2026-06-02 22:08,,14,,,,,1,0,0,0,,,,,,,
KW-1085,,,,izakaya Brisbane owner OR director,,"Generator: template=T18, risk=low",Discovery,high,New,,,,14,,,,,0,0,0,0,,,,,,,
KW-1086,,,,izakaya Perth contact email,,"Generator: template=T20, risk=low",Discovery,high,New,,,,14,,,,,0,0,0,0,,,,,,,
KW-1087,,,,izakaya Perth owner OR director,,"Generator: template=T18, risk=low",Discovery,high,New,,,,14,,,,,0,0,0,0,,,,,,,
KW-1088,,,,izakaya Adelaide contact email,,"Generator: template=T20, risk=low",Discovery,high,New,,,,14,,,,,0,0,0,0,,,,,,,
KW-1089,,,,izakaya Adelaide owner OR director,,"Generator: template=T18, risk=low",Discovery,high,New,,,,14,,,,,0,0,0,0,,,,,,,
KW-1090,,,,patisserie Sydney contact email,,"Generator: template=T20, risk=low",Discovery,high,New,,,,14,,,,,0,0,0,0,,,,,,,
KW-1091,,,,patisserie Sydney owner OR director,,"Generator: template=T18, risk=low",Discovery,high,New,,,,14,,,,,0,0,0,0,,,,,,,
KW-1092,,,,patisserie Melbourne contact email,,"Generator: template=T20, risk=low",Discovery,high,New,,,,14,,,,,0,0,0,0,,,,,,,
KW-1093,,,,patisserie Melbourne owner OR director,,"Generator: template=T18, risk=low",Discovery,high,New,,,,14,,,,,0,0,0,0,,,,,,,
KW-1094,,,,patisserie Brisbane contact email,,"Generator: template=T20, risk=low",Discovery,high,New,,,,14,,,,,0,0,0,0,,,,,,,
KW-1095,,,,patisserie Brisbane owner OR director,,"Generator: template=T18, risk=low",Discovery,high,New,,,,14,,,,,0,0,0,0,,,,,,,
KW-1096,,,,patisserie Perth contact email,,"Generator: template=T20, risk=low",Discovery,high,New,,,,14,,,,,0,0,0,0,,,,,,,
KW-1097,,,,patisserie Perth owner OR director,,"Generator: template=T18, risk=low",Discovery,high,New,,,,14,,,,,0,0,0,0,,,,,,,
KW-1098,,,,patisserie Adelaide contact email,,"Generator: template=T20, risk=low",Discovery,high,New,,,,14,,,,,0,0,0,0,,,,,,,
KW-1099,,,,patisserie Adelaide owner OR director,,"Generator: template=T18, risk=low",Discovery,high,New,,,,14,,,,,0,0,0,0,,,,,,,
KW-1100,,,,brunch spot Sydney contact email,,"Generator: template=T20, risk=low",Discovery,high,New,,,,14,,,,,0,0,0,0,,,,,,,
KW-1101,,,,brunch spot Sydney owner OR director,,"Generator: template=T18, risk=low",Discovery,high,New,,,,14,,,,,0,0,0,0,,,,,,,
KW-1102,,,,brunch spot Melbourne contact email,,"Generator: template=T20, risk=low",Discovery,high,New,,,,14,,,,,0,0,0,0,,,,,,,
KW-1103,,,,brunch spot Melbourne owner OR director,,"Generator: template=T18, risk=low",Discovery,high,New,,,,14,,,,,0,0,0,0,,,,,,,
KW-1104,,,,brunch spot Brisbane contact email,,"Generator: template=T20, risk=low",Discovery,high,New,,,,14,,,,,0,0,0,0,,,,,,,
KW-1105,,,,brunch spot Brisbane owner OR director,,"Generator: template=T18, risk=low",Discovery,high,New,,,,14,,,,,0,0,0,0,,,,,,,
KW-1106,,,,brunch spot Perth contact email,,"Generator: template=T20, risk=low",Discovery,high,New,,,,14,,,,,0,0,0,0,,,,,,,
KW-1107,,,,brunch spot Perth owner OR director,,"Generator: template=T18, risk=low",Discovery,high,New,,,,14,,,,,0,0,0,0,,,,,,,
KW-1108,,,,brunch spot Adelaide contact email,,"Generator: template=T20, risk=low",Discovery,high,New,,,,14,,,,,0,0,0,0,,,,,,,
KW-1109,,,,brunch spot Adelaide owner OR director,,"Generator: template=T18, risk=low",Discovery,high,New,,,,14,,,,,0,0,0,0,,,,,,,
KW-1110,,,,wine bar Surry Hills owner contact,,"Generator: template=T18, risk=low",Discovery,high,New,,,,14,,,,,0,0,0,0,,,,,,,
KW-1111,,,,cocktail bar Surry Hills owner contact,,"Generator: template=T18, risk=low",Discovery,high,New,,,,14,,,,,0,0,0,0,,,,,,,
KW-1112,,,,restaurant Surry Hills owner contact,,"Generator: template=T18, risk=low",Discovery,high,New,,,,14,,,,,0,0,0,0,,,,,,,
KW-1113,,,,cafe Surry Hills owner contact,,"Generator: template=T18, risk=low",Discovery,high,New,,,,14,,,,,0,0,0,0,,,,,,,
KW-1114,,,,pub Surry Hills owner contact,,"Generator: template=T18, risk=low",Discovery,high,New,,,,14,,,,,0,0,0,0,,,,,,,
KW-1115,,,,gastropub Surry Hills owner contact,,"Generator: template=T18, risk=low",Discovery,high,New,,,,14,,,,,0,0,0,0,,,,,,,
KW-1116,,,,bar Surry Hills owner contact,,"Generator: template=T18, risk=low",Discovery,high,New,,,,14,,,,,0,0,0,0,,,,,,,
KW-1117,,,,brunch cafe Surry Hills owner contact,,"Generator: template=T18, risk=low",Discovery,high,New,,,,14,,,,,0,0,0,0,,,,,,,
KW-1118,,,,bakery Surry Hills owner contact,,"Generator: template=T18, risk=low",Discovery,high,New,,,,14,,,,,0,0,0,0,,,,,,,
KW-1119,,,,pizza restaurant Surry Hills owner contact,,"Generator: template=T18, risk=low",Discovery,high,New,,,,14,,,,,0,0,0,0,,,,,,,
KW-1120,,,,wine bar Paddington owner contact,,"Generator: template=T18, risk=low",Discovery,high,New,,,,14,,,,,0,0,0,0,,,,,,,
KW-1121,,,,cocktail bar Paddington owner contact,,"Generator: template=T18, risk=low",Discovery,high,New,,,,14,,,,,0,0,0,0,,,,,,,
KW-1122,,,,restaurant Paddington owner contact,,"Generator: template=T18, risk=low",Discovery,high,New,,,,14,,,,,0,0,0,0,,,,,,,
KW-1123,,,,cafe Paddington owner contact,,"Generator: template=T18, risk=low",Discovery,high,New,,,,14,,,,,0,0,0,0,,,,,,,
KW-1124,,,,pub Paddington owner contact,,"Generator: template=T18, risk=low",Discovery,high,New,,,,14,,,,,0,0,0,0,,,,,,,
KW-1125,,,,gastropub Paddington owner contact,,"Generator: template=T18, risk=low",Discovery,high,New,,,,14,,,,,0,0,0,0,,,,,,,
KW-1126,,,,bar Paddington owner contact,,"Generator: template=T18, risk=low",Discovery,high,New,,,,14,,,,,0,0,0,0,,,,,,,
KW-1127,,,,brunch cafe Paddington owner contact,,"Generator: template=T18, risk=low",Discovery,high,New,,,,14,,,,,0,0,0,0,,,,,,,
KW-1128,,,,bakery Paddington owner contact,,"Generator: template=T18, risk=low",Discovery,high,New,,,,14,,,,,0,0,0,0,,,,,,,
KW-1129,,,,pizza restaurant Paddington owner contact,,"Generator: template=T18, risk=low",Discovery,high,New,,,,14,,,,,0,0,0,0,,,,,,,
KW-1130,,,,wine bar Newtown owner contact,,"Generator: template=T18, risk=low",Discovery,high,New,,,,14,,,,,0,0,0,0,,,,,,,
KW-1131,,,,cocktail bar Newtown owner contact,,"Generator: template=T18, risk=low",Discovery,high,New,,,,14,,,,,0,0,0,0,,,,,,,
KW-1132,,,,restaurant Newtown owner contact,,"Generator: template=T18, risk=low",Discovery,high,New,,,,14,,,,,0,0,0,0,,,,,,,
KW-1133,,,,cafe Newtown owner contact,,"Generator: template=T18, risk=low",Discovery,high,New,,,,14,,,,,0,0,0,0,,,,,,,
KW-1134,,,,pub Newtown owner contact,,"Generator: template=T18, risk=low",Discovery,high,New,,,,14,,,,,0,0,0,0,,,,,,,
KW-1135,,,,gastropub Newtown owner contact,,"Generator: template=T18, risk=low",Discovery,high,New,,,,14,,,,,0,0,0,0,,,,,,,
KW-1136,,,,bar Newtown owner contact,,"Generator: template=T18, risk=low",Discovery,high,New,,,,14,,,,,0,0,0,0,,,,,,,
KW-1137,,,,brunch cafe Newtown owner contact,,"Generator: template=T18, risk=low",Discovery,high,New,,,,14,,,,,0,0,0,0,,,,,,,
KW-1138,,,,bakery Newtown owner contact,,"Generator: template=T18, risk=low",Discovery,high,New,,,,14,,,,,0,0,0,0,,,,,,,
KW-1139,,,,pizza restaurant Newtown owner contact,,"Generator: template=T18, risk=low",Discovery,high,New,,,,14,,,,,0,0,0,0,,,,,,,
KW-1140,,,,wine bar Bondi owner contact,,"Generator: template=T18, risk=low",Discovery,high,New,,,,14,,,,,0,0,0,0,,,,,,,
KW-1141,,,,cocktail bar Bondi owner contact,,"Generator: template=T18, risk=low",Discovery,high,New,,,,14,,,,,0,0,0,0,,,,,,,
KW-1142,,,,restaurant Bondi owner contact,,"Generator: template=T18, risk=low",Discovery,high,New,,,,14,,,,,0,0,0,0,,,,,,,
KW-1143,,,,cafe Bondi owner contact,,"Generator: template=T18, risk=low",Discovery,high,New,,,,14,,,,,0,0,0,0,,,,,,,
KW-1144,,,,pub Bondi owner contact,,"Generator: template=T18, risk=low",Discovery,high,New,,,,14,,,,,0,0,0,0,,,,,,,
KW-1145,,,,gastropub Bondi owner contact,,"Generator: template=T18, risk=low",Discovery,high,New,,,,14,,,,,0,0,0,0,,,,,,,
KW-1146,,,,bar Bondi owner contact,,"Generator: template=T18, risk=low",Discovery,high,New,,,,14,,,,,0,0,0,0,,,,,,,
KW-1147,,,,brunch cafe Bondi owner contact,,"Generator: template=T18, risk=low",Discovery,high,New,,,,14,,,,,0,0,0,0,,,,,,,
KW-1148,,,,bakery Bondi owner contact,,"Generator: template=T18, risk=low",Discovery,high,New,,,,14,,,,,0,0,0,0,,,,,,,
KW-1149,,,,pizza restaurant Bondi owner contact,,"Generator: template=T18, risk=low",Discovery,high,New,,,,14,,,,,0,0,0,0,,,,,,,
KW-1150,,,,wine bar Manly owner contact,,"Generator: template=T18, risk=low",Discovery,high,New,,,,14,,,,,0,0,0,0,,,,,,,
KW-1151,,,,cocktail bar Manly owner contact,,"Generator: template=T18, risk=low",Discovery,high,New,,,,14,,,,,0,0,0,0,,,,,,,
KW-1152,,,,restaurant Manly owner contact,,"Generator: template=T18, risk=low",Discovery,high,New,,,,14,,,,,0,0,0,0,,,,,,,
KW-1153,,,,cafe Manly owner contact,,"Generator: template=T18, risk=low",Discovery,high,New,,,,14,,,,,0,0,0,0,,,,,,,
KW-1154,,,,pub Manly owner contact,,"Generator: template=T18, risk=low",Discovery,high,New,,,,14,,,,,0,0,0,0,,,,,,,
KW-1155,,,,gastropub Manly owner contact,,"Generator: template=T18, risk=low",Discovery,high,New,,,,14,,,,,0,0,0,0,,,,,,,
KW-1156,,,,bar Manly owner contact,,"Generator: template=T18, risk=low",Discovery,high,New,,,,14,,,,,0,0,0,0,,,,,,,
KW-1157,,,,brunch cafe Manly owner contact,,"Generator: template=T18, risk=low",Discovery,high,New,,,,14,,,,,0,0,0,0,,,,,,,
KW-1158,,,,bakery Manly owner contact,,"Generator: template=T18, risk=low",Discovery,high,New,,,,14,,,,,0,0,0,0,,,,,,,
KW-1159,,,,pizza restaurant Manly owner contact,,"Generator: template=T18, risk=low",Discovery,high,New,,,,14,,,,,0,0,0,0,,,,,,,
KW-1160,,,,wine bar Darlinghurst owner contact,,"Generator: template=T18, risk=low",Discovery,high,New,,,,14,,,,,0,0,0,0,,,,,,,
KW-1161,,,,cocktail bar Darlinghurst owner contact,,"Generator: template=T18, risk=low",Discovery,high,New,,,,14,,,,,0,0,0,0,,,,,,,
KW-1162,,,,restaurant Darlinghurst owner contact,,"Generator: template=T18, risk=low",Discovery,high,New,,,,14,,,,,0,0,0,0,,,,,,,
KW-1163,,,,cafe Darlinghurst owner contact,,"Generator: template=T18, risk=low",Discovery,high,New,,,,14,,,,,0,0,0,0,,,,,,,
KW-1164,,,,pub Darlinghurst owner contact,,"Generator: template=T18, risk=low",Discovery,high,New,,,,14,,,,,0,0,0,0,,,,,,,
KW-1165,,,,gastropub Darlinghurst owner contact,,"Generator: template=T18, risk=low",Discovery,high,New,,,,14,,,,,0,0,0,0,,,,,,,
KW-1166,,,,bar Darlinghurst owner contact,,"Generator: template=T18, risk=low",Discovery,high,New,,,,14,,,,,0,0,0,0,,,,,,,
KW-1167,,,,brunch cafe Darlinghurst owner contact,,"Generator: template=T18, risk=low",Discovery,high,New,,,,14,,,,,0,0,0,0,,,,,,,
KW-1168,,,,bakery Darlinghurst owner contact,,"Generator: template=T18, risk=low",Discovery,high,New,,,,14,,,,,0,0,0,0,,,,,,,
KW-1169,,,,pizza restaurant Darlinghurst owner contact,,"Generator: template=T18, risk=low",Discovery,high,New,,,,14,,,,,0,0,0,0,,,,,,,
KW-1170,,,,wine bar Potts Point owner contact,,"Generator: template=T18, risk=low",Discovery,high,New,,,,14,,,,,0,0,0,0,,,,,,,
KW-1171,,,,cocktail bar Potts Point owner contact,,"Generator: template=T18, risk=low",Discovery,high,New,,,,14,,,,,0,0,0,0,,,,,,,
KW-1172,,,,restaurant Potts Point owner contact,,"Generator: template=T18, risk=low",Discovery,high,New,,,,14,,,,,0,0,0,0,,,,,,,
KW-1173,,,,cafe Potts Point owner contact,,"Generator: template=T18, risk=low",Discovery,high,New,,,,14,,,,,0,0,0,0,,,,,,,
KW-1174,,,,pub Potts Point owner contact,,"Generator: template=T18, risk=low",Discovery,high,New,,,,14,,,,,0,0,0,0,,,,,,,
KW-1175,,,,gastropub Potts Point owner contact,,"Generator: template=T18, risk=low",Discovery,high,New,,,,14,,,,,0,0,0,0,,,,,,,
KW-1176,,,,bar Potts Point owner contact,,"Generator: template=T18, risk=low",Discovery,high,New,,,,14,,,,,0,0,0,0,,,,,,,
KW-1177,,,,brunch cafe Potts Point owner contact,,"Generator: template=T18, risk=low",Discovery,high,New,,,,14,,,,,0,0,0,0,,,,,,,
KW-1178,,,,bakery Potts Point owner contact,,"Generator: template=T18, risk=low",Discovery,high,New,,,,14,,,,,0,0,0,0,,,,,,,
KW-1179,,,,pizza restaurant Potts Point owner contact,,"Generator: template=T18, risk=low",Discovery,high,New,,,,14,,,,,0,0,0,0,,,,,,,
KW-1180,,,,wine bar Redfern owner contact,,"Generator: template=T18, risk=low",Discovery,high,New,,,,14,,,,,0,0,0,0,,,,,,,
KW-1181,,,,cocktail bar Redfern owner contact,,"Generator: template=T18, risk=low",Discovery,high,New,,,,14,,,,,0,0,0,0,,,,,,,
KW-1182,,,,restaurant Redfern owner contact,,"Generator: template=T18, risk=low",Discovery,high,New,,,,14,,,,,0,0,0,0,,,,,,,
KW-1183,,,,cafe Redfern owner contact,,"Generator: template=T18, risk=low",Discovery,high,New,,,,14,,,,,0,0,0,0,,,,,,,
KW-1184,,,,pub Redfern owner contact,,"Generator: template=T18, risk=low",Discovery,high,New,,,,14,,,,,0,0,0,0,,,,,,,
KW-1185,,,,gastropub Redfern owner contact,,"Generator: template=T18, risk=low",Discovery,high,New,,,,14,,,,,0,0,0,0,,,,,,,
KW-1186,,,,bar Redfern owner contact,,"Generator: template=T18, risk=low",Discovery,high,New,,,,14,,,,,0,0,0,0,,,,,,,
KW-1187,,,,brunch cafe Redfern owner contact,,"Generator: template=T18, risk=low",Discovery,high,New,,,,14,,,,,0,0,0,0,,,,,,,
KW-1188,,,,bakery Redfern owner contact,,"Generator: template=T18, risk=low",Discovery,high,New,,,,14,,,,,0,0,0,0,,,,,,,
KW-1189,,,,pizza restaurant Redfern owner contact,,"Generator: template=T18, risk=low",Discovery,high,New,,,,14,,,,,0,0,0,0,,,,,,,
KW-1190,,,,wine bar Marrickville owner contact,,"Generator: template=T18, risk=low",Discovery,high,New,,,,14,,,,,0,0,0,0,,,,,,,
KW-1191,,,,cocktail bar Marrickville owner contact,,"Generator: template=T18, risk=low",Discovery,high,New,,,,14,,,,,0,0,0,0,,,,,,,
KW-1192,,,,restaurant Marrickville owner contact,,"Generator: template=T18, risk=low",Discovery,high,New,,,,14,,,,,0,0,0,0,,,,,,,
KW-1193,,,,cafe Marrickville owner contact,,"Generator: template=T18, risk=low",Discovery,high,New,,,,14,,,,,0,0,0,0,,,,,,,
KW-1194,,,,pub Marrickville owner contact,,"Generator: template=T18, risk=low",Discovery,high,New,,,,14,,,,,0,0,0,0,,,,,,,
KW-1195,,,,gastropub Marrickville owner contact,,"Generator: template=T18, risk=low",Discovery,high,New,,,,14,,,,,0,0,0,0,,,,,,,
KW-1196,,,,bar Marrickville owner contact,,"Generator: template=T18, risk=low",Discovery,high,New,,,,14,,,,,0,0,0,0,,,,,,,
KW-1197,,,,brunch cafe Marrickville owner contact,,"Generator: template=T18, risk=low",Discovery,high,New,,,,14,,,,,0,0,0,0,,,,,,,
KW-1198,,,,bakery Marrickville owner contact,,"Generator: template=T18, risk=low",Discovery,high,New,,,,14,,,,,0,0,0,0,,,,,,,
KW-1199,,,,pizza restaurant Marrickville owner contact,,"Generator: template=T18, risk=low",Discovery,high,New,,,,14,,,,,0,0,0,0,,,,,,,
KW-1200,,,,wine bar Enmore owner contact,,"Generator: template=T18, risk=low",Discovery,high,New,,,,14,,,,,0,0,0,0,,,,,,,
KW-1201,,,,cocktail bar Enmore owner contact,,"Generator: template=T18, risk=low",Discovery,high,New,,,,14,,,,,0,0,0,0,,,,,,,
KW-1202,,,,restaurant Enmore owner contact,,"Generator: template=T18, risk=low",Discovery,high,New,,,,14,,,,,0,0,0,0,,,,,,,
KW-1203,,,,cafe Enmore owner contact,,"Generator: template=T18, risk=low",Discovery,high,New,,,,14,,,,,0,0,0,0,,,,,,,
KW-1204,,,,pub Enmore owner contact,,"Generator: template=T18, risk=low",Discovery,high,New,,,,14,,,,,0,0,0,0,,,,,,,
KW-1205,,,,gastropub Enmore owner contact,,"Generator: template=T18, risk=low",Discovery,high,New,,,,14,,,,,0,0,0,0,,,,,,,
KW-1206,,,,bar Enmore owner contact,,"Generator: template=T18, risk=low",Discovery,high,New,,,,14,,,,,0,0,0,0,,,,,,,
KW-1207,,,,brunch cafe Enmore owner contact,,"Generator: template=T18, risk=low",Discovery,high,New,,,,14,,,,,0,0,0,0,,,,,,,
KW-1208,,,,bakery Enmore owner contact,,"Generator: template=T18, risk=low",Discovery,high,New,,,,14,,,,,0,0,0,0,,,,,,,
KW-1209,,,,pizza restaurant Enmore owner contact,,"Generator: template=T18, risk=low",Discovery,high,New,,,,14,,,,,0,0,0,0,,,,,,,
KW-1210,,,,wine bar Fitzroy owner contact,,"Generator: template=T18, risk=low",Discovery,high,New,,,,14,,,,,0,0,0,0,,,,,,,
KW-1211,,,,cocktail bar Fitzroy owner contact,,"Generator: template=T18, risk=low",Discovery,high,New,,,,14,,,,,0,0,0,0,,,,,,,
KW-1212,,,,restaurant Fitzroy owner contact,,"Generator: template=T18, risk=low",Discovery,high,New,,,,14,,,,,0,0,0,0,,,,,,,
KW-1213,,,,cafe Fitzroy owner contact,,"Generator: template=T18, risk=low",Discovery,high,New,,,,14,,,,,0,0,0,0,,,,,,,
KW-1214,,,,pub Fitzroy owner contact,,"Generator: template=T18, risk=low",Discovery,high,New,,,,14,,,,,0,0,0,0,,,,,,,
KW-1215,,,,gastropub Fitzroy owner contact,,"Generator: template=T18, risk=low",Discovery,high,New,,,,14,,,,,0,0,0,0,,,,,,,
KW-1216,,,,bar Fitzroy owner contact,,"Generator: template=T18, risk=low",Discovery,high,New,,,,14,,,,,0,0,0,0,,,,,,,
KW-1217,,,,brunch cafe Fitzroy owner contact,,"Generator: template=T18, risk=low",Discovery,high,New,,,,14,,,,,0,0,0,0,,,,,,,
KW-1218,,,,bakery Fitzroy owner contact,,"Generator: template=T18, risk=low",Discovery,high,New,,,,14,,,,,0,0,0,0,,,,,,,
KW-1219,,,,pizza restaurant Fitzroy owner contact,,"Generator: template=T18, risk=low",Discovery,high,New,,,,14,,,,,0,0,0,0,,,,,,,
KW-1220,,,,wine bar Collingwood owner contact,,"Generator: template=T18, risk=low",Discovery,high,New,,,,14,,,,,0,0,0,0,,,,,,,
KW-1221,,,,cocktail bar Collingwood owner contact,,"Generator: template=T18, risk=low",Discovery,high,New,,,,14,,,,,0,0,0,0,,,,,,,
KW-1222,,,,restaurant Collingwood owner contact,,"Generator: template=T18, risk=low",Discovery,high,New,,,,14,,,,,0,0,0,0,,,,,,,
KW-1223,,,,cafe Collingwood owner contact,,"Generator: template=T18, risk=low",Discovery,high,New,,,,14,,,,,0,0,0,0,,,,,,,
KW-1224,,,,pub Collingwood owner contact,,"Generator: template=T18, risk=low",Discovery,high,New,,,,14,,,,,0,0,0,0,,,,,,,
KW-1225,,,,gastropub Collingwood owner contact,,"Generator: template=T18, risk=low",Discovery,high,New,,,,14,,,,,0,0,0,0,,,,,,,
KW-1226,,,,bar Collingwood owner contact,,"Generator: template=T18, risk=low",Discovery,high,New,,,,14,,,,,0,0,0,0,,,,,,,
KW-1227,,,,brunch cafe Collingwood owner contact,,"Generator: template=T18, risk=low",Discovery,high,New,,,,14,,,,,0,0,0,0,,,,,,,
KW-1228,,,,bakery Collingwood owner contact,,"Generator: template=T18, risk=low",Discovery,high,New,,,,14,,,,,0,0,0,0,,,,,,,
KW-1229,,,,pizza restaurant Collingwood owner contact,,"Generator: template=T18, risk=low",Discovery,high,New,,,,14,,,,,0,0,0,0,,,,,,,
KW-1230,,,,wine bar South Yarra owner contact,,"Generator: template=T18, risk=low",Discovery,high,New,,,,14,,,,,0,0,0,0,,,,,,,
KW-1231,,,,cocktail bar South Yarra owner contact,,"Generator: template=T18, risk=low",Discovery,high,New,,,,14,,,,,0,0,0,0,,,,,,,
KW-1232,,,,restaurant South Yarra owner contact,,"Generator: template=T18, risk=low",Discovery,high,New,,,,14,,,,,0,0,0,0,,,,,,,
KW-1233,,,,cafe South Yarra owner contact,,"Generator: template=T18, risk=low",Discovery,high,New,,,,14,,,,,0,0,0,0,,,,,,,
KW-1234,,,,pub South Yarra owner contact,,"Generator: template=T18, risk=low",Discovery,high,New,,,,14,,,,,0,0,0,0,,,,,,,
KW-1235,,,,gastropub South Yarra owner contact,,"Generator: template=T18, risk=low",Discovery,high,New,,,,14,,,,,0,0,0,0,,,,,,,
KW-1236,,,,bar South Yarra owner contact,,"Generator: template=T18, risk=low",Discovery,high,New,,,,14,,,,,0,0,0,0,,,,,,,
KW-1237,,,,brunch cafe South Yarra owner contact,,"Generator: template=T18, risk=low",Discovery,high,New,,,,14,,,,,0,0,0,0,,,,,,,
KW-1238,,,,bakery South Yarra owner contact,,"Generator: template=T18, risk=low",Discovery,high,New,,,,14,,,,,0,0,0,0,,,,,,,
KW-1239,,,,pizza restaurant South Yarra owner contact,,"Generator: template=T18, risk=low",Discovery,high,New,,,,14,,,,,0,0,0,0,,,,,,,
KW-1240,,,,wine bar St Kilda owner contact,,"Generator: template=T18, risk=low",Discovery,high,New,,,,14,,,,,0,0,0,0,,,,,,,
KW-1241,,,,cocktail bar St Kilda owner contact,,"Generator: template=T18, risk=low",Discovery,high,New,,,,14,,,,,0,0,0,0,,,,,,,
KW-1242,,,,restaurant St Kilda owner contact,,"Generator: template=T18, risk=low",Discovery,high,New,,,,14,,,,,0,0,0,0,,,,,,,
KW-1243,,,,cafe St Kilda owner contact,,"Generator: template=T18, risk=low",Discovery,high,New,,,,14,,,,,0,0,0,0,,,,,,,
KW-1244,,,,pub St Kilda owner contact,,"Generator: template=T18, risk=low",Discovery,high,New,,,,14,,,,,0,0,0,0,,,,,,,
KW-1245,,,,gastropub St Kilda owner contact,,"Generator: template=T18, risk=low",Discovery,high,New,,,,14,,,,,0,0,0,0,,,,,,,
KW-1246,,,,bar St Kilda owner contact,,"Generator: template=T18, risk=low",Discovery,high,New,,,,14,,,,,0,0,0,0,,,,,,,
KW-1247,,,,brunch cafe St Kilda owner contact,,"Generator: template=T18, risk=low",Discovery,high,New,,,,14,,,,,0,0,0,0,,,,,,,
KW-1248,,,,bakery St Kilda owner contact,,"Generator: template=T18, risk=low",Discovery,high,New,,,,14,,,,,0,0,0,0,,,,,,,
KW-1249,,,,pizza restaurant St Kilda owner contact,,"Generator: template=T18, risk=low",Discovery,high,New,,,,14,,,,,0,0,0,0,,,,,,,
KW-1250,,,,wine bar Richmond owner contact,,"Generator: template=T18, risk=low",Discovery,high,New,,,,14,,,,,0,0,0,0,,,,,,,
KW-1251,,,,cocktail bar Richmond owner contact,,"Generator: template=T18, risk=low",Discovery,high,New,,,,14,,,,,0,0,0,0,,,,,,,
KW-1252,,,,restaurant Richmond owner contact,,"Generator: template=T18, risk=low",Discovery,high,New,,,,14,,,,,0,0,0,0,,,,,,,
KW-1253,,,,cafe Richmond owner contact,,"Generator: template=T18, risk=low",Discovery,high,New,,,,14,,,,,0,0,0,0,,,,,,,
KW-1254,,,,pub Richmond owner contact,,"Generator: template=T18, risk=low",Discovery,high,New,,,,14,,,,,0,0,0,0,,,,,,,
KW-1255,,,,gastropub Richmond owner contact,,"Generator: template=T18, risk=low",Discovery,high,New,,,,14,,,,,0,0,0,0,,,,,,,
KW-1256,,,,bar Richmond owner contact,,"Generator: template=T18, risk=low",Discovery,high,New,,,,14,,,,,0,0,0,0,,,,,,,
KW-1257,,,,brunch cafe Richmond owner contact,,"Generator: template=T18, risk=low",Discovery,high,New,,,,14,,,,,0,0,0,0,,,,,,,
KW-1258,,,,bakery Richmond owner contact,,"Generator: template=T18, risk=low",Discovery,high,New,,,,14,,,,,0,0,0,0,,,,,,,
KW-1259,,,,pizza restaurant Richmond owner contact,,"Generator: template=T18, risk=low",Discovery,high,New,,,,14,,,,,0,0,0,0,,,,,,,
KW-1260,,,,wine bar Northcote owner contact,,"Generator: template=T18, risk=low",Discovery,high,New,,,,14,,,,,0,0,0,0,,,,,,,
KW-1261,,,,cocktail bar Northcote owner contact,,"Generator: template=T18, risk=low",Discovery,high,New,,,,14,,,,,0,0,0,0,,,,,,,
KW-1262,,,,restaurant Northcote owner contact,,"Generator: template=T18, risk=low",Discovery,high,New,,,,14,,,,,0,0,0,0,,,,,,,
KW-1263,,,,cafe Northcote owner contact,,"Generator: template=T18, risk=low",Discovery,high,New,,,,14,,,,,0,0,0,0,,,,,,,
KW-1264,,,,pub Northcote owner contact,,"Generator: template=T18, risk=low",Discovery,high,New,,,,14,,,,,0,0,0,0,,,,,,,
KW-1265,,,,gastropub Northcote owner contact,,"Generator: template=T18, risk=low",Discovery,high,New,,,,14,,,,,0,0,0,0,,,,,,,
KW-1266,,,,bar Northcote owner contact,,"Generator: template=T18, risk=low",Discovery,high,New,,,,14,,,,,0,0,0,0,,,,,,,
KW-1267,,,,brunch cafe Northcote owner contact,,"Generator: template=T18, risk=low",Discovery,high,New,,,,14,,,,,0,0,0,0,,,,,,,
KW-1268,,,,bakery Northcote owner contact,,"Generator: template=T18, risk=low",Discovery,high,New,,,,14,,,,,0,0,0,0,,,,,,,
KW-1269,,,,pizza restaurant Northcote owner contact,,"Generator: template=T18, risk=low",Discovery,high,New,,,,14,,,,,0,0,0,0,,,,,,,
KW-1270,,,,wine bar Brunswick owner contact,,"Generator: template=T18, risk=low",Discovery,high,New,,,,14,,,,,0,0,0,0,,,,,,,
KW-1271,,,,cocktail bar Brunswick owner contact,,"Generator: template=T18, risk=low",Discovery,high,New,,,,14,,,,,0,0,0,0,,,,,,,
KW-1272,,,,restaurant Brunswick owner contact,,"Generator: template=T18, risk=low",Discovery,high,New,,,,14,,,,,0,0,0,0,,,,,,,
KW-1273,,,,cafe Brunswick owner contact,,"Generator: template=T18, risk=low",Discovery,high,New,,,,14,,,,,0,0,0,0,,,,,,,
KW-1274,,,,pub Brunswick owner contact,,"Generator: template=T18, risk=low",Discovery,high,New,,,,14,,,,,0,0,0,0,,,,,,,
KW-1275,,,,gastropub Brunswick owner contact,,"Generator: template=T18, risk=low",Discovery,high,New,,,,14,,,,,0,0,0,0,,,,,,,
KW-1276,,,,bar Brunswick owner contact,,"Generator: template=T18, risk=low",Discovery,high,New,,,,14,,,,,0,0,0,0,,,,,,,
KW-1277,,,,brunch cafe Brunswick owner contact,,"Generator: template=T18, risk=low",Discovery,high,New,,,,14,,,,,0,0,0,0,,,,,,,
KW-1278,,,,bakery Brunswick owner contact,,"Generator: template=T18, risk=low",Discovery,high,New,,,,14,,,,,0,0,0,0,,,,,,,
KW-1279,,,,pizza restaurant Brunswick owner contact,,"Generator: template=T18, risk=low",Discovery,high,New,,,,14,,,,,0,0,0,0,,,,,,,
KW-1280,,,,wine bar Chapel Street owner contact,,"Generator: template=T18, risk=low",Discovery,high,New,,,,14,,,,,0,0,0,0,,,,,,,
KW-1281,,,,cocktail bar Chapel Street owner contact,,"Generator: template=T18, risk=low",Discovery,high,New,,,,14,,,,,0,0,0,0,,,,,,,
KW-1282,,,,restaurant Chapel Street owner contact,,"Generator: template=T18, risk=low",Discovery,high,New,,,,14,,,,,0,0,0,0,,,,,,,
KW-1283,,,,cafe Chapel Street owner contact,,"Generator: template=T18, risk=low",Discovery,high,New,,,,14,,,,,0,0,0,0,,,,,,,
KW-1284,,,,pub Chapel Street owner contact,,"Generator: template=T18, risk=low",Discovery,high,New,,,,14,,,,,0,0,0,0,,,,,,,
KW-1285,,,,gastropub Chapel Street owner contact,,"Generator: template=T18, risk=low",Discovery,high,New,,,,14,,,,,0,0,0,0,,,,,,,
KW-1286,,,,bar Chapel Street owner contact,,"Generator: template=T18, risk=low",Discovery,high,New,,,,14,,,,,0,0,0,0,,,,,,,
KW-1287,,,,brunch cafe Chapel Street owner contact,,"Generator: template=T18, risk=low",Discovery,high,New,,,,14,,,,,0,0,0,0,,,,,,,
KW-1288,,,,bakery Chapel Street owner contact,,"Generator: template=T18, risk=low",Discovery,high,New,,,,14,,,,,0,0,0,0,,,,,,,
KW-1289,,,,pizza restaurant Chapel Street owner contact,,"Generator: template=T18, risk=low",Discovery,high,New,,,,14,,,,,0,0,0,0,,,,,,,
KW-1290,,,,wine bar Windsor owner contact,,"Generator: template=T18, risk=low",Discovery,high,New,,,,14,,,,,0,0,0,0,,,,,,,
KW-1291,,,,cocktail bar Windsor owner contact,,"Generator: template=T18, risk=low",Discovery,high,New,,,,14,,,,,0,0,0,0,,,,,,,
KW-1292,,,,restaurant Windsor owner contact,,"Generator: template=T18, risk=low",Discovery,high,New,,,,14,,,,,0,0,0,0,,,,,,,
KW-1293,,,,cafe Windsor owner contact,,"Generator: template=T18, risk=low",Discovery,high,New,,,,14,,,,,0,0,0,0,,,,,,,
KW-1294,,,,pub Windsor owner contact,,"Generator: template=T18, risk=low",Discovery,high,New,,,,14,,,,,0,0,0,0,,,,,,,
KW-1295,,,,gastropub Windsor owner contact,,"Generator: template=T18, risk=low",Discovery,high,New,,,,14,,,,,0,0,0,0,,,,,,,
KW-1296,,,,bar Windsor owner contact,,"Generator: template=T18, risk=low",Discovery,high,New,,,,14,,,,,0,0,0,0,,,,,,,
KW-1297,,,,brunch cafe Windsor owner contact,,"Generator: template=T18, risk=low",Discovery,high,New,,,,14,,,,,0,0,0,0,,,,,,,
KW-1298,,,,bakery Windsor owner contact,,"Generator: template=T18, risk=low",Discovery,high,New,,,,14,,,,,0,0,0,0,,,,,,,
KW-1299,,,,pizza restaurant Windsor owner contact,,"Generator: template=T18, risk=low",Discovery,high,New,,,,14,,,,,0,0,0,0,,,,,,,
KW-1300,,,,wine bar Prahran owner contact,,"Generator: template=T18, risk=low",Discovery,high,New,,,,14,,,,,0,0,0,0,,,,,,,
KW-1301,,,,cocktail bar Prahran owner contact,,"Generator: template=T18, risk=low",Discovery,high,New,,,,14,,,,,0,0,0,0,,,,,,,
KW-1302,,,,restaurant Prahran owner contact,,"Generator: template=T18, risk=low",Discovery,high,New,,,,14,,,,,0,0,0,0,,,,,,,
KW-1303,,,,cafe Prahran owner contact,,"Generator: template=T18, risk=low",Discovery,high,New,,,,14,,,,,0,0,0,0,,,,,,,
KW-1304,,,,pub Prahran owner contact,,"Generator: template=T18, risk=low",Discovery,high,New,,,,14,,,,,0,0,0,0,,,,,,,
KW-1305,,,,gastropub Prahran owner contact,,"Generator: template=T18, risk=low",Discovery,high,New,,,,14,,,,,0,0,0,0,,,,,,,
KW-1306,,,,bar Prahran owner contact,,"Generator: template=T18, risk=low",Discovery,high,New,,,,14,,,,,0,0,0,0,,,,,,,
KW-1307,,,,brunch cafe Prahran owner contact,,"Generator: template=T18, risk=low",Discovery,high,New,,,,14,,,,,0,0,0,0,,,,,,,
KW-1308,,,,bakery Prahran owner contact,,"Generator: template=T18, risk=low",Discovery,high,New,,,,14,,,,,0,0,0,0,,,,,,,
KW-1309,,,,pizza restaurant Prahran owner contact,,"Generator: template=T18, risk=low",Discovery,high,New,,,,14,,,,,0,0,0,0,,,,,,,
KW-1310,,,,wine bar Fortitude Valley owner contact,,"Generator: template=T18, risk=low",Discovery,high,New,,,,14,,,,,0,0,0,0,,,,,,,
KW-1311,,,,cocktail bar Fortitude Valley owner contact,,"Generator: template=T18, risk=low",Discovery,high,New,,,,14,,,,,0,0,0,0,,,,,,,
KW-1312,,,,restaurant Fortitude Valley owner contact,,"Generator: template=T18, risk=low",Discovery,high,New,,,,14,,,,,0,0,0,0,,,,,,,
KW-1313,,,,cafe Fortitude Valley owner contact,,"Generator: template=T18, risk=low",Discovery,high,New,,,,14,,,,,0,0,0,0,,,,,,,
KW-1314,,,,pub Fortitude Valley owner contact,,"Generator: template=T18, risk=low",Discovery,high,New,,,,14,,,,,0,0,0,0,,,,,,,
KW-1315,,,,gastropub Fortitude Valley owner contact,,"Generator: template=T18, risk=low",Discovery,high,New,,,,14,,,,,0,0,0,0,,,,,,,
KW-1316,,,,bar Fortitude Valley owner contact,,"Generator: template=T18, risk=low",Discovery,high,New,,,,14,,,,,0,0,0,0,,,,,,,
KW-1317,,,,brunch cafe Fortitude Valley owner contact,,"Generator: template=T18, risk=low",Discovery,high,New,,,,14,,,,,0,0,0,0,,,,,,,
KW-1318,,,,bakery Fortitude Valley owner contact,,"Generator: template=T18, risk=low",Discovery,high,New,,,,14,,,,,0,0,0,0,,,,,,,
KW-1319,,,,pizza restaurant Fortitude Valley owner contact,,"Generator: template=T18, risk=low",Discovery,high,New,,,,14,,,,,0,0,0,0,,,,,,,
KW-1320,,,,wine bar West End owner contact,,"Generator: template=T18, risk=low",Discovery,high,New,,,,14,,,,,0,0,0,0,,,,,,,
KW-1321,,,,cocktail bar West End owner contact,,"Generator: template=T18, risk=low",Discovery,high,New,,,,14,,,,,0,0,0,0,,,,,,,
KW-1322,,,,restaurant West End owner contact,,"Generator: template=T18, risk=low",Discovery,high,New,,,,14,,,,,0,0,0,0,,,,,,,
KW-1323,,,,cafe West End owner contact,,"Generator: template=T18, risk=low",Discovery,high,New,,,,14,,,,,0,0,0,0,,,,,,,
KW-1324,,,,pub West End owner contact,,"Generator: template=T18, risk=low",Discovery,high,New,,,,14,,,,,0,0,0,0,,,,,,,
KW-1325,,,,gastropub West End owner contact,,"Generator: template=T18, risk=low",Discovery,high,New,,,,14,,,,,0,0,0,0,,,,,,,
KW-1326,,,,bar West End owner contact,,"Generator: template=T18, risk=low",Discovery,high,New,,,,14,,,,,0,0,0,0,,,,,,,
KW-1327,,,,brunch cafe West End owner contact,,"Generator: template=T18, risk=low",Discovery,high,New,,,,14,,,,,0,0,0,0,,,,,,,
KW-1328,,,,bakery West End owner contact,,"Generator: template=T18, risk=low",Discovery,high,New,,,,14,,,,,0,0,0,0,,,,,,,
KW-1329,,,,pizza restaurant West End owner contact,,"Generator: template=T18, risk=low",Discovery,high,New,,,,14,,,,,0,0,0,0,,,,,,,
KW-1330,,,,wine bar New Farm owner contact,,"Generator: template=T18, risk=low",Discovery,high,New,,,,14,,,,,0,0,0,0,,,,,,,
KW-1331,,,,cocktail bar New Farm owner contact,,"Generator: template=T18, risk=low",Discovery,high,New,,,,14,,,,,0,0,0,0,,,,,,,
KW-1332,,,,restaurant New Farm owner contact,,"Generator: template=T18, risk=low",Discovery,high,New,,,,14,,,,,0,0,0,0,,,,,,,
KW-1333,,,,cafe New Farm owner contact,,"Generator: template=T18, risk=low",Discovery,high,New,,,,14,,,,,0,0,0,0,,,,,,,
KW-1334,,,,pub New Farm owner contact,,"Generator: template=T18, risk=low",Discovery,high,New,,,,14,,,,,0,0,0,0,,,,,,,
KW-1335,,,,gastropub New Farm owner contact,,"Generator: template=T18, risk=low",Discovery,high,New,,,,14,,,,,0,0,0,0,,,,,,,
KW-1336,,,,bar New Farm owner contact,,"Generator: template=T18, risk=low",Discovery,high,New,,,,14,,,,,0,0,0,0,,,,,,,
KW-1337,,,,brunch cafe New Farm owner contact,,"Generator: template=T18, risk=low",Discovery,high,New,,,,14,,,,,0,0,0,0,,,,,,,
KW-1338,,,,bakery New Farm owner contact,,"Generator: template=T18, risk=low",Discovery,high,New,,,,14,,,,,0,0,0,0,,,,,,,
KW-1339,,,,pizza restaurant New Farm owner contact,,"Generator: template=T18, risk=low",Discovery,high,New,,,,14,,,,,0,0,0,0,,,,,,,
KW-1340,,,,wine bar James Street owner contact,,"Generator: template=T18, risk=low",Discovery,high,New,,,,14,,,,,0,0,0,0,,,,,,,
KW-1341,,,,cocktail bar James Street owner contact,,"Generator: template=T18, risk=low",Discovery,high,New,,,,14,,,,,0,0,0,0,,,,,,,
KW-1342,,,,restaurant James Street owner contact,,"Generator: template=T18, risk=low",Discovery,high,New,,,,14,,,,,0,0,0,0,,,,,,,
KW-1343,,,,cafe James Street owner contact,,"Generator: template=T18, risk=low",Discovery,high,New,,,,14,,,,,0,0,0,0,,,,,,,
KW-1344,,,,pub James Street owner contact,,"Generator: template=T18, risk=low",Discovery,high,New,,,,14,,,,,0,0,0,0,,,,,,,
KW-1345,,,,gastropub James Street owner contact,,"Generator: template=T18, risk=low",Discovery,high,New,,,,14,,,,,0,0,0,0,,,,,,,
KW-1346,,,,bar James Street owner contact,,"Generator: template=T18, risk=low",Discovery,high,New,,,,14,,,,,0,0,0,0,,,,,,,
KW-1347,,,,brunch cafe James Street owner contact,,"Generator: template=T18, risk=low",Discovery,high,New,,,,14,,,,,0,0,0,0,,,,,,,
KW-1348,,,,bakery James Street owner contact,,"Generator: template=T18, risk=low",Discovery,high,New,,,,14,,,,,0,0,0,0,,,,,,,
KW-1349,,,,pizza restaurant James Street owner contact,,"Generator: template=T18, risk=low",Discovery,high,New,,,,14,,,,,0,0,0,0,,,,,,,
KW-1350,,,,wine bar Howard Smith Wharves owner contact,,"Generator: template=T18, risk=low",Discovery,high,New,,,,14,,,,,0,0,0,0,,,,,,,
KW-1351,,,,cocktail bar Howard Smith Wharves owner contact,,"Generator: template=T18, risk=low",Discovery,high,New,,,,14,,,,,0,0,0,0,,,,,,,
KW-1352,,,,restaurant Howard Smith Wharves owner contact,,"Generator: template=T18, risk=low",Discovery,high,New,,,,14,,,,,0,0,0,0,,,,,,,
KW-1353,,,,cafe Howard Smith Wharves owner contact,,"Generator: template=T18, risk=low",Discovery,high,New,,,,14,,,,,0,0,0,0,,,,,,,
KW-1354,,,,pub Howard Smith Wharves owner contact,,"Generator: template=T18, risk=low",Discovery,high,New,,,,14,,,,,0,0,0,0,,,,,,,
KW-1355,,,,gastropub Howard Smith Wharves owner contact,,"Generator: template=T18, risk=low",Discovery,high,New,,,,14,,,,,0,0,0,0,,,,,,,
KW-1356,,,,bar Howard Smith Wharves owner contact,,"Generator: template=T18, risk=low",Discovery,high,New,,,,14,,,,,0,0,0,0,,,,,,,
KW-1357,,,,brunch cafe Howard Smith Wharves owner contact,,"Generator: template=T18, risk=low",Discovery,high,New,,,,14,,,,,0,0,0,0,,,,,,,
KW-1358,,,,bakery Howard Smith Wharves owner contact,,"Generator: template=T18, risk=low",Discovery,high,New,,,,14,,,,,0,0,0,0,,,,,,,
KW-1359,,,,pizza restaurant Howard Smith Wharves owner contact,,"Generator: template=T18, risk=low",Discovery,high,New,,,,14,,,,,0,0,0,0,,,,,,,
KW-1360,,,,wine bar Fremantle owner contact,,"Generator: template=T18, risk=low",Discovery,high,New,,,,14,,,,,0,0,0,0,,,,,,,
KW-1361,,,,cocktail bar Fremantle owner contact,,"Generator: template=T18, risk=low",Discovery,high,New,,,,14,,,,,0,0,0,0,,,,,,,
KW-1362,,,,restaurant Fremantle owner contact,,"Generator: template=T18, risk=low",Discovery,high,New,,,,14,,,,,0,0,0,0,,,,,,,
KW-1363,,,,cafe Fremantle owner contact,,"Generator: template=T18, risk=low",Discovery,high,New,,,,14,,,,,0,0,0,0,,,,,,,
KW-1364,,,,pub Fremantle owner contact,,"Generator: template=T18, risk=low",Discovery,high,New,,,,14,,,,,0,0,0,0,,,,,,,
KW-1365,,,,gastropub Fremantle owner contact,,"Generator: template=T18, risk=low",Discovery,high,New,,,,14,,,,,0,0,0,0,,,,,,,
KW-1366,,,,bar Fremantle owner contact,,"Generator: template=T18, risk=low",Discovery,high,New,,,,14,,,,,0,0,0,0,,,,,,,
KW-1367,,,,brunch cafe Fremantle owner contact,,"Generator: template=T18, risk=low",Discovery,high,New,,,,14,,,,,0,0,0,0,,,,,,,
KW-1368,,,,bakery Fremantle owner contact,,"Generator: template=T18, risk=low",Discovery,high,New,,,,14,,,,,0,0,0,0,,,,,,,
KW-1369,,,,pizza restaurant Fremantle owner contact,,"Generator: template=T18, risk=low",Discovery,high,New,,,,14,,,,,0,0,0,0,,,,,,,
KW-1370,,,,wine bar Northbridge owner contact,,"Generator: template=T18, risk=low",Discovery,high,New,,,,14,,,,,0,0,0,0,,,,,,,
KW-1371,,,,cocktail bar Northbridge owner contact,,"Generator: template=T18, risk=low",Discovery,high,New,,,,14,,,,,0,0,0,0,,,,,,,
KW-1372,,,,restaurant Northbridge owner contact,,"Generator: template=T18, risk=low",Discovery,high,New,,,,14,,,,,0,0,0,0,,,,,,,
KW-1373,,,,cafe Northbridge owner contact,,"Generator: template=T18, risk=low",Discovery,high,New,,,,14,,,,,0,0,0,0,,,,,,,
KW-1374,,,,pub Northbridge owner contact,,"Generator: template=T18, risk=low",Discovery,high,New,,,,14,,,,,0,0,0,0,,,,,,,
KW-1375,,,,gastropub Northbridge owner contact,,"Generator: template=T18, risk=low",Discovery,high,New,,,,14,,,,,0,0,0,0,,,,,,,
KW-1376,,,,bar Northbridge owner contact,,"Generator: template=T18, risk=low",Discovery,high,New,,,,14,,,,,0,0,0,0,,,,,,,
KW-1377,,,,brunch cafe Northbridge owner contact,,"Generator: template=T18, risk=low",Discovery,high,New,,,,14,,,,,0,0,0,0,,,,,,,
KW-1378,,,,bakery Northbridge owner contact,,"Generator: template=T18, risk=low",Discovery,high,New,,,,14,,,,,0,0,0,0,,,,,,,
KW-1379,,,,pizza restaurant Northbridge owner contact,,"Generator: template=T18, risk=low",Discovery,high,New,,,,14,,,,,0,0,0,0,,,,,,,
KW-1380,,,,wine bar Leederville owner contact,,"Generator: template=T18, risk=low",Discovery,high,New,,,,14,,,,,0,0,0,0,,,,,,,
KW-1381,,,,cocktail bar Leederville owner contact,,"Generator: template=T18, risk=low",Discovery,high,New,,,,14,,,,,0,0,0,0,,,,,,,
KW-1382,,,,restaurant Leederville owner contact,,"Generator: template=T18, risk=low",Discovery,high,New,,,,14,,,,,0,0,0,0,,,,,,,
KW-1383,,,,cafe Leederville owner contact,,"Generator: template=T18, risk=low",Discovery,high,New,,,,14,,,,,0,0,0,0,,,,,,,
KW-1384,,,,pub Leederville owner contact,,"Generator: template=T18, risk=low",Discovery,high,New,,,,14,,,,,0,0,0,0,,,,,,,
KW-1385,,,,gastropub Leederville owner contact,,"Generator: template=T18, risk=low",Discovery,high,New,,,,14,,,,,0,0,0,0,,,,,,,
KW-1386,,,,bar Leederville owner contact,,"Generator: template=T18, risk=low",Discovery,high,New,,,,14,,,,,0,0,0,0,,,,,,,
KW-1387,,,,brunch cafe Leederville owner contact,,"Generator: template=T18, risk=low",Discovery,high,New,,,,14,,,,,0,0,0,0,,,,,,,
KW-1388,,,,bakery Leederville owner contact,,"Generator: template=T18, risk=low",Discovery,high,New,,,,14,,,,,0,0,0,0,,,,,,,
KW-1389,,,,pizza restaurant Leederville owner contact,,"Generator: template=T18, risk=low",Discovery,high,New,,,,14,,,,,0,0,0,0,,,,,,,
KW-1390,,,,wine bar Mount Lawley owner contact,,"Generator: template=T18, risk=low",Discovery,high,New,,,,14,,,,,0,0,0,0,,,,,,,
KW-1391,,,,cocktail bar Mount Lawley owner contact,,"Generator: template=T18, risk=low",Discovery,high,New,,,,14,,,,,0,0,0,0,,,,,,,
KW-1392,,,,restaurant Mount Lawley owner contact,,"Generator: template=T18, risk=low",Discovery,high,New,,,,14,,,,,0,0,0,0,,,,,,,
KW-1393,,,,cafe Mount Lawley owner contact,,"Generator: template=T18, risk=low",Discovery,high,New,,,,14,,,,,0,0,0,0,,,,,,,
KW-1394,,,,pub Mount Lawley owner contact,,"Generator: template=T18, risk=low",Discovery,high,New,,,,14,,,,,0,0,0,0,,,,,,,
KW-1395,,,,gastropub Mount Lawley owner contact,,"Generator: template=T18, risk=low",Discovery,high,New,,,,14,,,,,0,0,0,0,,,,,,,
KW-1396,,,,bar Mount Lawley owner contact,,"Generator: template=T18, risk=low",Discovery,high,New,,,,14,,,,,0,0,0,0,,,,,,,
KW-1397,,,,brunch cafe Mount Lawley owner contact,,"Generator: template=T18, risk=low",Discovery,high,New,,,,14,,,,,0,0,0,0,,,,,,,
KW-1398,,,,bakery Mount Lawley owner contact,,"Generator: template=T18, risk=low",Discovery,high,New,,,,14,,,,,0,0,0,0,,,,,,,
KW-1399,,,,pizza restaurant Mount Lawley owner contact,,"Generator: template=T18, risk=low",Discovery,high,New,,,,14,,,,,0,0,0,0,,,,,,,
KW-1400,,,,wine bar Cottesloe owner contact,,"Generator: template=T18, risk=low",Discovery,high,New,,,,14,,,,,0,0,0,0,,,,,,,
KW-1401,,,,cocktail bar Cottesloe owner contact,,"Generator: template=T18, risk=low",Discovery,high,New,,,,14,,,,,0,0,0,0,,,,,,,
KW-1402,,,,restaurant Cottesloe owner contact,,"Generator: template=T18, risk=low",Discovery,high,New,,,,14,,,,,0,0,0,0,,,,,,,
KW-1403,,,,cafe Cottesloe owner contact,,"Generator: template=T18, risk=low",Discovery,high,New,,,,14,,,,,0,0,0,0,,,,,,,
KW-1404,,,,pub Cottesloe owner contact,,"Generator: template=T18, risk=low",Discovery,high,New,,,,14,,,,,0,0,0,0,,,,,,,
KW-1405,,,,gastropub Cottesloe owner contact,,"Generator: template=T18, risk=low",Discovery,high,New,,,,14,,,,,0,0,0,0,,,,,,,
KW-1406,,,,bar Cottesloe owner contact,,"Generator: template=T18, risk=low",Discovery,high,New,,,,14,,,,,0,0,0,0,,,,,,,
KW-1407,,,,brunch cafe Cottesloe owner contact,,"Generator: template=T18, risk=low",Discovery,high,New,,,,14,,,,,0,0,0,0,,,,,,,
KW-1408,,,,bakery Cottesloe owner contact,,"Generator: template=T18, risk=low",Discovery,high,New,,,,14,,,,,0,0,0,0,,,,,,,
KW-1409,,,,pizza restaurant Cottesloe owner contact,,"Generator: template=T18, risk=low",Discovery,high,New,,,,14,,,,,0,0,0,0,,,,,,,
KW-1410,,,,wine bar South Fremantle owner contact,,"Generator: template=T18, risk=low",Discovery,high,New,,,,14,,,,,0,0,0,0,,,,,,,
KW-1411,,,,cocktail bar South Fremantle owner contact,,"Generator: template=T18, risk=low",Discovery,high,New,,,,14,,,,,0,0,0,0,,,,,,,
KW-1412,,,,restaurant South Fremantle owner contact,,"Generator: template=T18, risk=low",Discovery,high,New,,,,14,,,,,0,0,0,0,,,,,,,
KW-1413,,,,cafe South Fremantle owner contact,,"Generator: template=T18, risk=low",Discovery,high,New,,,,14,,,,,0,0,0,0,,,,,,,
KW-1414,,,,pub South Fremantle owner contact,,"Generator: template=T18, risk=low",Discovery,high,New,,,,14,,,,,0,0,0,0,,,,,,,
KW-1415,,,,gastropub South Fremantle owner contact,,"Generator: template=T18, risk=low",Discovery,high,New,,,,14,,,,,0,0,0,0,,,,,,,
KW-1416,,,,bar South Fremantle owner contact,,"Generator: template=T18, risk=low",Discovery,high,New,,,,14,,,,,0,0,0,0,,,,,,,
KW-1417,,,,brunch cafe South Fremantle owner contact,,"Generator: template=T18, risk=low",Discovery,high,New,,,,14,,,,,0,0,0,0,,,,,,,
KW-1418,,,,bakery South Fremantle owner contact,,"Generator: template=T18, risk=low",Discovery,high,New,,,,14,,,,,0,0,0,0,,,,,,,
KW-1419,,,,pizza restaurant South Fremantle owner contact,,"Generator: template=T18, risk=low",Discovery,high,New,,,,14,,,,,0,0,0,0,,,,,,,
KW-1420,,,,wine bar Norwood owner contact,,"Generator: template=T18, risk=low",Discovery,high,Testing,Yes,2026-06-02 22:05,,14,,,,,1,0,0,0,,,,,,,
KW-1421,,,,cocktail bar Norwood owner contact,,"Generator: template=T18, risk=low",Discovery,high,Testing,Yes,2026-06-02 22:05,,14,,,,,1,0,0,0,,,,,,,
KW-1422,,,,restaurant Norwood owner contact,,"Generator: template=T18, risk=low",Discovery,high,New,,,,14,,,,,0,0,0,0,,,,,,,
KW-1423,,,,cafe Norwood owner contact,,"Generator: template=T18, risk=low",Discovery,high,New,,,,14,,,,,0,0,0,0,,,,,,,
KW-1424,,,,pub Norwood owner contact,,"Generator: template=T18, risk=low",Discovery,high,New,,,,14,,,,,0,0,0,0,,,,,,,
KW-1425,,,,gastropub Norwood owner contact,,"Generator: template=T18, risk=low",Discovery,high,Testing,Yes,2026-06-02 22:05,,14,,,,,1,0,0,0,,,,,,,
KW-1426,,,,bar Norwood owner contact,,"Generator: template=T18, risk=low",Discovery,high,New,,,,14,,,,,0,0,0,0,,,,,,,
KW-1427,,,,brunch cafe Norwood owner contact,,"Generator: template=T18, risk=low",Discovery,high,New,,,,14,,,,,0,0,0,0,,,,,,,
KW-1428,,,,bakery Norwood owner contact,,"Generator: template=T18, risk=low",Discovery,high,New,,,,14,,,,,0,0,0,0,,,,,,,
KW-1429,,,,pizza restaurant Norwood owner contact,,"Generator: template=T18, risk=low",Discovery,high,New,,,,14,,,,,0,0,0,0,,,,,,,
KW-1430,,,,wine bar Glenelg owner contact,,"Generator: template=T18, risk=low",Discovery,high,New,,,,14,,,,,0,0,0,0,,,,,,,
KW-1431,,,,cocktail bar Glenelg owner contact,,"Generator: template=T18, risk=low",Discovery,high,New,,,,14,,,,,0,0,0,0,,,,,,,
KW-1432,,,,restaurant Glenelg owner contact,,"Generator: template=T18, risk=low",Discovery,high,New,,,,14,,,,,0,0,0,0,,,,,,,
KW-1433,,,,cafe Glenelg owner contact,,"Generator: template=T18, risk=low",Discovery,high,New,,,,14,,,,,0,0,0,0,,,,,,,
KW-1434,,,,pub Glenelg owner contact,,"Generator: template=T18, risk=low",Discovery,high,New,,,,14,,,,,0,0,0,0,,,,,,,
KW-1435,,,,gastropub Glenelg owner contact,,"Generator: template=T18, risk=low",Discovery,high,New,,,,14,,,,,0,0,0,0,,,,,,,
KW-1436,,,,bar Glenelg owner contact,,"Generator: template=T18, risk=low",Discovery,high,New,,,,14,,,,,0,0,0,0,,,,,,,
KW-1437,,,,brunch cafe Glenelg owner contact,,"Generator: template=T18, risk=low",Discovery,high,New,,,,14,,,,,0,0,0,0,,,,,,,
KW-1438,,,,bakery Glenelg owner contact,,"Generator: template=T18, risk=low",Discovery,high,New,,,,14,,,,,0,0,0,0,,,,,,,
KW-1439,,,,pizza restaurant Glenelg owner contact,,"Generator: template=T18, risk=low",Discovery,high,New,,,,14,,,,,0,0,0,0,,,,,,,
KW-1440,,,,wine bar Burnside owner contact,,"Generator: template=T18, risk=low",Discovery,high,New,,,,14,,,,,0,0,0,0,,,,,,,
KW-1441,,,,cocktail bar Burnside owner contact,,"Generator: template=T18, risk=low",Discovery,high,New,,,,14,,,,,0,0,0,0,,,,,,,
KW-1442,,,,restaurant Burnside owner contact,,"Generator: template=T18, risk=low",Discovery,high,New,,,,14,,,,,0,0,0,0,,,,,,,
KW-1443,,,,cafe Burnside owner contact,,"Generator: template=T18, risk=low",Discovery,high,New,,,,14,,,,,0,0,0,0,,,,,,,
KW-1444,,,,pub Burnside owner contact,,"Generator: template=T18, risk=low",Discovery,high,New,,,,14,,,,,0,0,0,0,,,,,,,
KW-1445,,,,gastropub Burnside owner contact,,"Generator: template=T18, risk=low",Discovery,high,New,,,,14,,,,,0,0,0,0,,,,,,,
KW-1446,,,,bar Burnside owner contact,,"Generator: template=T18, risk=low",Discovery,high,New,,,,14,,,,,0,0,0,0,,,,,,,
KW-1447,,,,brunch cafe Burnside owner contact,,"Generator: template=T18, risk=low",Discovery,high,New,,,,14,,,,,0,0,0,0,,,,,,,
KW-1448,,,,bakery Burnside owner contact,,"Generator: template=T18, risk=low",Discovery,high,New,,,,14,,,,,0,0,0,0,,,,,,,
KW-1449,,,,pizza restaurant Burnside owner contact,,"Generator: template=T18, risk=low",Discovery,high,New,,,,14,,,,,0,0,0,0,,,,,,,
KW-1450,,,,wine bar North Adelaide owner contact,,"Generator: template=T18, risk=low",Discovery,high,New,,,,14,,,,,0,0,0,0,,,,,,,
KW-1451,,,,cocktail bar North Adelaide owner contact,,"Generator: template=T18, risk=low",Discovery,high,New,,,,14,,,,,0,0,0,0,,,,,,,
KW-1452,,,,restaurant North Adelaide owner contact,,"Generator: template=T18, risk=low",Discovery,high,New,,,,14,,,,,0,0,0,0,,,,,,,
KW-1453,,,,cafe North Adelaide owner contact,,"Generator: template=T18, risk=low",Discovery,high,New,,,,14,,,,,0,0,0,0,,,,,,,
KW-1454,,,,pub North Adelaide owner contact,,"Generator: template=T18, risk=low",Discovery,high,New,,,,14,,,,,0,0,0,0,,,,,,,
KW-1455,,,,gastropub North Adelaide owner contact,,"Generator: template=T18, risk=low",Discovery,high,New,,,,14,,,,,0,0,0,0,,,,,,,
KW-1456,,,,bar North Adelaide owner contact,,"Generator: template=T18, risk=low",Discovery,high,New,,,,14,,,,,0,0,0,0,,,,,,,
KW-1457,,,,brunch cafe North Adelaide owner contact,,"Generator: template=T18, risk=low",Discovery,high,New,,,,14,,,,,0,0,0,0,,,,,,,
KW-1458,,,,bakery North Adelaide owner contact,,"Generator: template=T18, risk=low",Discovery,high,New,,,,14,,,,,0,0,0,0,,,,,,,
KW-1459,,,,pizza restaurant North Adelaide owner contact,,"Generator: template=T18, risk=low",Discovery,high,New,,,,14,,,,,0,0,0,0,,,,,,,
KW-1460,,,,wine bar King William Road owner contact,,"Generator: template=T18, risk=low",Discovery,high,New,,,,14,,,,,0,0,0,0,,,,,,,
KW-1461,,,,cocktail bar King William Road owner contact,,"Generator: template=T18, risk=low",Discovery,high,New,,,,14,,,,,0,0,0,0,,,,,,,
KW-1462,,,,restaurant King William Road owner contact,,"Generator: template=T18, risk=low",Discovery,high,New,,,,14,,,,,0,0,0,0,,,,,,,
KW-1463,,,,cafe King William Road owner contact,,"Generator: template=T18, risk=low",Discovery,high,New,,,,14,,,,,0,0,0,0,,,,,,,
KW-1464,,,,pub King William Road owner contact,,"Generator: template=T18, risk=low",Discovery,high,New,,,,14,,,,,0,0,0,0,,,,,,,
KW-1465,,,,gastropub King William Road owner contact,,"Generator: template=T18, risk=low",Discovery,high,Testing,Yes,2026-06-03 08:44,,14,,,,,1,0,0,0,,,,,,,
KW-1466,,,,bar King William Road owner contact,,"Generator: template=T18, risk=low",Discovery,high,New,,,,14,,,,,0,0,0,0,,,,,,,
KW-1467,,,,brunch cafe King William Road owner contact,,"Generator: template=T18, risk=low",Discovery,high,New,,,,14,,,,,0,0,0,0,,,,,,,
KW-1468,,,,bakery King William Road owner contact,,"Generator: template=T18, risk=low",Discovery,high,New,,,,14,,,,,0,0,0,0,,,,,,,
KW-1469,,,,pizza restaurant King William Road owner contact,,"Generator: template=T18, risk=low",Discovery,high,New,,,,14,,,,,0,0,0,0,,,,,,,
KW-1470,,,,wine bar Gouger Street owner contact,,"Generator: template=T18, risk=low",Discovery,high,New,,,,14,,,,,0,0,0,0,,,,,,,
KW-1471,,,,cocktail bar Gouger Street owner contact,,"Generator: template=T18, risk=low",Discovery,high,New,,,,14,,,,,0,0,0,0,,,,,,,
KW-1472,,,,restaurant Gouger Street owner contact,,"Generator: template=T18, risk=low",Discovery,high,New,,,,14,,,,,0,0,0,0,,,,,,,
KW-1473,,,,cafe Gouger Street owner contact,,"Generator: template=T18, risk=low",Discovery,high,New,,,,14,,,,,0,0,0,0,,,,,,,
KW-1474,,,,pub Gouger Street owner contact,,"Generator: template=T18, risk=low",Discovery,high,New,,,,14,,,,,0,0,0,0,,,,,,,
KW-1475,,,,gastropub Gouger Street owner contact,,"Generator: template=T18, risk=low",Discovery,high,Testing,Yes,2026-06-03 08:44,,14,,,,,1,0,0,0,,,,,,,
KW-1476,,,,bar Gouger Street owner contact,,"Generator: template=T18, risk=low",Discovery,high,New,,,,14,,,,,0,0,0,0,,,,,,,
KW-1477,,,,brunch cafe Gouger Street owner contact,,"Generator: template=T18, risk=low",Discovery,high,New,,,,14,,,,,0,0,0,0,,,,,,,
KW-1478,,,,bakery Gouger Street owner contact,,"Generator: template=T18, risk=low",Discovery,high,New,,,,14,,,,,0,0,0,0,,,,,,,
KW-1479,,,,pizza restaurant Gouger Street owner contact,,"Generator: template=T18, risk=low",Discovery,high,New,,,,14,,,,,0,0,0,0,,,,,,,
KW-1480,new restaurant opening,Australia,,new restaurant opening Australia contact,,"Generator: template=T1, risk=low",Discovery,high,New,,,,14,,,,,0,0,0,0,,,,,,,
KW-1481,restaurant supply chain,Australia,,restaurant supply chain Australia contact,,"Generator: template=T1, risk=low",Discovery,high,New,,,,14,,,,,0,0,0,0,,,,,,,
KW-1482,hospitality venue group,Australia,,hospitality venue group owner Australia,,"Generator: template=T2, risk=medium",Discovery,high,New,,,,14,,,,,0,0,0,0,,,,,,,
KW-1483,hotel procurement manager,Australia,,hotel procurement manager owner Australia,,"Generator: template=T2, risk=medium",Discovery,high,New,,,,14,,,,,0,0,0,0,,,,,,,
KW-1484,aged care food service,Australia,,group aged care food service head office Australia,,"Generator: template=T3, risk=low",Discovery,medium,New,,,,14,,,,,0,0,0,0,,,,,,,
KW-1485,corporate catering,Australia,,group corporate catering head office Australia,,"Generator: template=T3, risk=low",Discovery,medium,New,,,,14,,,,,0,0,0,0,,,,,,,
KW-1486,restaurant renovation,Australia,,"""owner"" ""restaurant renovation"" Australia",,"Generator: template=T4, risk=medium",Discovery,high,New,,,,14,,,,,0,0,0,0,,,,,,,
KW-1487,pub group,Australia,,Australian Hotels Association pub group Australia,,"Generator: template=T16, risk=low",Discovery,high,Testing,Yes,2026-06-03 08:43,,14,,,,,1,0,0,0,,,,,,,
KW-1488,brewery venue,Australia,,Australian Hotels Association brewery venue Australia,,"Generator: template=T16, risk=low",Discovery,high,Testing,Yes,2026-06-03 08:43,,14,,,,,1,0,0,0,,,,,,,
KW-1489,,Perth,,Australian Hotels Association member Perth contact,,"Generator: template=T17, risk=low",Discovery,high,Testing,Yes,2026-06-03 08:43,,14,,,,,1,0,0,0,,,,,,,
KW-1490,,Adelaide,,Australian Hotels Association member Adelaide contact,,"Generator: template=T17, risk=low",Discovery,high,New,,,,14,,,,,0,0,0,0,,,,,,,
KW-1491,,Perth,,wine bar Perth owner OR director OR manager,,"Generator: template=T18, risk=low",Discovery,high,Testing,Yes,2026-06-03 08:43,,14,,,,,1,0,0,0,,,,,,,
KW-1492,,Adelaide,,wine bar Adelaide owner OR director OR manager,,"Generator: template=T18, risk=low",Discovery,high,Testing,Yes,2026-06-03 08:43,,14,,,,,1,0,0,0,,,,,,,
KW-1493,pub group,Australia,,pub group Australia member directory,,"Generator: template=T19, risk=low",Discovery,medium,New,,,,14,,,,,0,0,0,0,,,,,,,
KW-1494,brewery venue,Australia,,brewery venue Australia member directory,,"Generator: template=T19, risk=low",Discovery,medium,New,,,,14,,,,,0,0,0,0,,,,,,,
KW-1495,,Perth,,wine bar Perth contact email phone,,"Generator: template=T20, risk=low",Discovery,high,Testing,Yes,2026-06-03 08:43,,14,,,,,1,0,0,0,,,,,,,
KW-1496,,Adelaide,,wine bar Adelaide contact email phone,,"Generator: template=T20, risk=low",Discovery,high,New,,,,14,,,,,0,0,0,0,,,,,,,
KW-1497,,Perth,,Australian Hotels Association accredited wine bar Perth,,"Generator: template=T21, risk=low",Discovery,high,New,,,,14,,,,,0,0,0,0,,,,,,,
KW-1498,,Adelaide,,Australian Hotels Association accredited wine bar Adelaide,,"Generator: template=T21, risk=low",Discovery,high,New,,,,14,,,,,0,0,0,0,,,,,,,
KW-1499,,Perth,,"""wine bar"" ""Perth"" -jobs -careers -seek",,"Generator: template=T22, risk=low",Discovery,medium,New,,,,14,,,,,0,0,0,0,,,,,,,
KW-1500,,Adelaide,,"""wine bar"" ""Adelaide"" -jobs -careers -seek",,"Generator: template=T22, risk=low",Discovery,medium,New,,,,14,,,,,0,0,0,0,,,,,,,
KW-1501,pub group,Australia,,pub group Australia member directory 2024 OR 2025 OR 2026,,"Generator: template=T23, risk=low",Discovery,medium,New,,,,14,,,,,0,0,0,0,,,,,,,
KW-1502,brewery venue,Australia,,brewery venue Australia member directory 2024 OR 2025 OR 2026,,"Generator: template=T23, risk=low",Discovery,medium,New,,,,14,,,,,0,0,0,0,,,,,,,
KW-1503,,Perth,,Australian Hotels Association award winner wine bar Perth,,"Generator: template=T24, risk=low",Discovery,high,New,,,,14,,,,,0,0,0,0,,,,,,,
KW-1504,,Adelaide,,Australian Hotels Association award winner wine bar Adelaide,,"Generator: template=T24, risk=low",Discovery,high,New,,,,14,,,,,0,0,0,0,,,,,,,
KW-1505,,Australia,,Australian Hotels Association member list Australia,,"Generator: template=T25, risk=low",Discovery,high,Testing,Yes,2026-06-02 23:02,,14,,,,,1,0,0,0,,,,,,,
KW-1506,,Sydney,,Australian Hotels Association member list Sydney,,"Generator: template=T25, risk=low",Discovery,high,Testing,Yes,2026-06-02 23:02,,14,,,,,1,0,0,0,,,,,,,
KW-1507,,Australia,,wine bar directory Australia site:.com.au,,"Generator: template=T26, risk=low",Discovery,high,Testing,Yes,2026-06-02 23:02,,14,,,,,1,0,0,0,,,,,,,
KW-1508,,Sydney,,wine bar directory Sydney site:.com.au,,"Generator: template=T26, risk=low",Discovery,high,New,,,,14,,,,,0,0,0,0,,,,,,,
KW-1509,restaurant group,Australia,,restaurant group new opening Australia 2025 OR 2026,,"Generator: template=T27, risk=low",Discovery,high,Testing,Yes,2026-06-02 23:06,,14,,,,,1,0,0,0,,,,,,,
KW-1510,restaurant owner,Australia,,restaurant owner new opening Australia 2025 OR 2026,,"Generator: template=T27, risk=low",Discovery,high,Testing,Yes,2026-06-02 23:06,,14,,,,,1,0,0,0,,,,,,,
KW-1511,,Australia,,wine bar Australia award OR winner OR finalist 2024 OR 2025 OR 2026,,"Generator: template=T28, risk=low",Discovery,medium,New,,,,14,,,,,0,0,0,0,,,,,,,
KW-1512,,Sydney,,wine bar Sydney award OR winner OR finalist 2024 OR 2025 OR 2026,,"Generator: template=T28, risk=low",Discovery,medium,New,,,,14,,,,,0,0,0,0,,,,,,,
KW-1513,,Australia,,Australian Hotels Association member directory Australia,,"Generator: template=T29, risk=low",Discovery,high,New,,,,14,,,,,0,0,0,0,,,,,,,
KW-1514,,Sydney,,Australian Hotels Association member directory Sydney,,"Generator: template=T29, risk=low",Discovery,high,New,,,,14,,,,,0,0,0,0,,,,,,,
KW-1515,,Australia,,wine bar Australia just opened OR now open OR opening soon,,"Generator: template=T30, risk=low",Discovery,high,Testing,Yes,2026-06-02 23:06,,14,,,,,1,0,0,0,,,,,,,
KW-1516,,Sydney,,wine bar Sydney just opened OR now open OR opening soon,,"Generator: template=T30, risk=low",Discovery,high,New,,,,14,,,,,0,0,0,0,,,,,,,
KW-1517,ghost kitchen operator,Australia,,ghost kitchen operator Australia contact,,"Generator: template=T1, risk=low",Discovery,high,New,,,,14,,,,,0,0,0,0,,,,,,,
KW-1518,hotel housekeeping supplier,Australia,,hotel housekeeping supplier Australia contact,,"Generator: template=T1, risk=low",Discovery,high,New,,,,14,,,,,0,0,0,0,,,,,,,
KW-1519,restaurant furniture supplier,Australia,,restaurant furniture supplier Australia contact,,"Generator: template=T1, risk=low",Discovery,high,New,,,,14,,,,,0,0,0,0,,,,,,,
KW-1520,commercial kitchen supplier,Australia,,commercial kitchen supplier Australia contact,,"Generator: template=T1, risk=low",Discovery,high,New,,,,14,,,,,0,0,0,0,,,,,,,
KW-1521,hospitality technology supplier,Australia,,hospitality technology supplier Australia contact,,"Generator: template=T1, risk=low",Discovery,high,New,,,,14,,,,,0,0,0,0,,,,,,,
KW-1522,restaurant POS supplier,Australia,,restaurant POS supplier Australia contact,,"Generator: template=T1, risk=low",Discovery,high,New,,,,14,,,,,0,0,0,0,,,,,,,
KW-1523,new restaurant opening,Australia,,new restaurant opening owner Australia,,"Generator: template=T2, risk=medium",Discovery,high,New,,,,14,,,,,0,0,0,0,,,,,,,
KW-1524,restaurant supply chain,Australia,,restaurant supply chain owner Australia,,"Generator: template=T2, risk=medium",Discovery,high,New,,,,14,,,,,0,0,0,0,,,,,,,
KW-1525,ghost kitchen operator,Australia,,ghost kitchen operator owner Australia,,"Generator: template=T2, risk=medium",Discovery,high,New,,,,14,,,,,0,0,0,0,,,,,,,
KW-1526,hotel housekeeping supplier,Australia,,hotel housekeeping supplier owner Australia,,"Generator: template=T2, risk=medium",Discovery,high,New,,,,14,,,,,0,0,0,0,,,,,,,
KW-1527,restaurant equipment supplier,Australia,,restaurant equipment supplier owner Australia,,"Generator: template=T2, risk=medium",Discovery,high,New,,,,14,,,,,0,0,0,0,,,,,,,
KW-1528,restaurant furniture supplier,Australia,,restaurant furniture supplier owner Australia,,"Generator: template=T2, risk=medium",Discovery,high,New,,,,14,,,,,0,0,0,0,,,,,,,
KW-1529,cafe chain,Australia,,group cafe chain head office Australia,,"Generator: template=T3, risk=low",Discovery,medium,New,,,,14,,,,,0,0,0,0,,,,,,,
KW-1530,food court operator,Australia,,group food court operator head office Australia,,"Generator: template=T3, risk=low",Discovery,medium,New,,,,14,,,,,0,0,0,0,,,,,,,
KW-1531,winery restaurant,Australia,,group winery restaurant head office Australia,,"Generator: template=T3, risk=low",Discovery,medium,New,,,,14,,,,,0,0,0,0,,,,,,,
KW-1532,resort F&B,Australia,,group resort F&B head office Australia,,"Generator: template=T3, risk=low",Discovery,medium,New,,,,14,,,,,0,0,0,0,,,,,,,
KW-1533,hospitality recruitment,Australia,,group hospitality recruitment head office Australia,,"Generator: template=T3, risk=low",Discovery,medium,New,,,,14,,,,,0,0,0,0,,,,,,,
KW-1534,restaurant renovation,Australia,,group restaurant renovation head office Australia,,"Generator: template=T3, risk=low",Discovery,medium,New,,,,14,,,,,0,0,0,0,,,,,,,
KW-1535,restaurant fit-out company,Australia,,"""owner"" ""restaurant fit-out company"" Australia",,"Generator: template=T4, risk=medium",Discovery,high,New,,,,14,,,,,0,0,0,0,,,,,,,
KW-1536,restaurant design company,Australia,,"""owner"" ""restaurant design company"" Australia",,"Generator: template=T4, risk=medium",Discovery,high,New,,,,14,,,,,0,0,0,0,,,,,,,
KW-1537,multi-location restaurant,Australia,,"""owner"" ""multi-location restaurant"" Australia",,"Generator: template=T4, risk=medium",Discovery,high,New,,,,14,,,,,0,0,0,0,,,,,,,
KW-1538,hospitality venue group,Australia,,"""owner"" ""hospitality venue group"" Australia",,"Generator: template=T4, risk=medium",Discovery,high,New,,,,14,,,,,0,0,0,0,,,,,,,
KW-1539,hotel procurement manager,Australia,,"""owner"" ""hotel procurement manager"" Australia",,"Generator: template=T4, risk=medium",Discovery,high,New,,,,14,,,,,0,0,0,0,,,,,,,
KW-1540,new restaurant opening,Australia,,"""owner"" ""new restaurant opening"" Australia",,"Generator: template=T4, risk=medium",Discovery,high,New,,,,14,,,,,0,0,0,0,,,,,,,
KW-1541,hotel F&B manager,Australia,,site:.com.au hotel F&B manager contact Australia,,"Generator: template=T5, risk=medium",Discovery,medium,New,,,,14,,,,,0,0,0,0,,,,,,,
KW-1542,pub group,Australia,,site:.com.au pub group contact Australia,,"Generator: template=T5, risk=medium",Discovery,medium,New,,,,14,,,,,0,0,0,0,,,,,,,
KW-1543,brewery venue,Australia,,site:.com.au brewery venue contact Australia,,"Generator: template=T5, risk=medium",Discovery,medium,New,,,,14,,,,,0,0,0,0,,,,,,,
KW-1544,catering company,Australia,,site:.com.au catering company contact Australia,,"Generator: template=T5, risk=medium",Discovery,medium,New,,,,14,,,,,0,0,0,0,,,,,,,
KW-1545,event venue,Australia,,site:.com.au event venue contact Australia,,"Generator: template=T5, risk=medium",Discovery,medium,New,,,,14,,,,,0,0,0,0,,,,,,,
KW-1546,aged care food service,Australia,,site:.com.au aged care food service contact Australia,,"Generator: template=T5, risk=medium",Discovery,medium,New,,,,14,,,,,0,0,0,0,,,,,,,
KW-1547,hotel F&B manager,Australia,,filetype:pdf hotel F&B manager procurement Australia,,"Generator: template=T6, risk=low",Discovery,low,New,,,,14,,,,,0,0,0,0,,,,,,,
KW-1548,pub group,Australia,,filetype:pdf pub group procurement Australia,,"Generator: template=T6, risk=low",Discovery,low,New,,,,14,,,,,0,0,0,0,,,,,,,
KW-1549,brewery venue,Australia,,filetype:pdf brewery venue procurement Australia,,"Generator: template=T6, risk=low",Discovery,low,New,,,,14,,,,,0,0,0,0,,,,,,,
KW-1550,catering company,Australia,,filetype:pdf catering company procurement Australia,,"Generator: template=T6, risk=low",Discovery,low,New,,,,14,,,,,0,0,0,0,,,,,,,
KW-1551,event venue,Australia,,filetype:pdf event venue procurement Australia,,"Generator: template=T6, risk=low",Discovery,low,New,,,,14,,,,,0,0,0,0,,,,,,,
KW-1552,aged care food service,Australia,,filetype:pdf aged care food service procurement Australia,,"Generator: template=T6, risk=low",Discovery,low,New,,,,14,,,,,0,0,0,0,,,,,,,
KW-1553,restaurant renovation,Australia,,"""new opening"" restaurant renovation Australia",,"Generator: template=T7, risk=medium",Discovery,high,New,,,,14,,,,,0,0,0,0,,,,,,,
KW-1554,restaurant fit-out company,Australia,,"""new opening"" restaurant fit-out company Australia",,"Generator: template=T7, risk=medium",Discovery,high,New,,,,14,,,,,0,0,0,0,,,,,,,
KW-1555,restaurant design company,Australia,,"""new opening"" restaurant design company Australia",,"Generator: template=T7, risk=medium",Discovery,high,New,,,,14,,,,,0,0,0,0,,,,,,,
KW-1556,multi-location restaurant,Australia,,"""new opening"" multi-location restaurant Australia",,"Generator: template=T7, risk=medium",Discovery,high,New,,,,14,,,,,0,0,0,0,,,,,,,
KW-1557,hospitality venue group,Australia,,"""new opening"" hospitality venue group Australia",,"Generator: template=T7, risk=medium",Discovery,high,New,,,,14,,,,,0,0,0,0,,,,,,,
KW-1558,hotel procurement manager,Australia,,"""new opening"" hotel procurement manager Australia",,"Generator: template=T7, risk=medium",Discovery,high,New,,,,14,,,,,0,0,0,0,,,,,,,
KW-1559,hotel F&B manager,Australia,,hotel F&B manager Australia new opening contact,,"Generator: template=T8, risk=medium",Discovery,medium,New,,,,14,,,,,0,0,0,0,,,,,,,
KW-1560,pub group,Australia,,pub group Australia new opening contact,,"Generator: template=T8, risk=medium",Discovery,medium,New,,,,14,,,,,0,0,0,0,,,,,,,
KW-1561,brewery venue,Australia,,brewery venue Australia new opening contact,,"Generator: template=T8, risk=medium",Discovery,medium,New,,,,14,,,,,0,0,0,0,,,,,,,
KW-1562,catering company,Australia,,catering company Australia new opening contact,,"Generator: template=T8, risk=medium",Discovery,medium,New,,,,14,,,,,0,0,0,0,,,,,,,
KW-1563,event venue,Australia,,event venue Australia new opening contact,,"Generator: template=T8, risk=medium",Discovery,medium,New,,,,14,,,,,0,0,0,0,,,,,,,
KW-1564,aged care food service,Australia,,aged care food service Australia new opening contact,,"Generator: template=T8, risk=medium",Discovery,medium,New,,,,14,,,,,0,0,0,0,,,,,,,
KW-1565,restaurant renovation,Australia,,owner restaurant renovation Australia email OR phone OR contact,,"Generator: template=T9, risk=medium",Discovery,high,New,,,,14,,,,,0,0,0,0,,,,,,,
KW-1566,restaurant fit-out company,Australia,,owner restaurant fit-out company Australia email OR phone OR contact,,"Generator: template=T9, risk=medium",Discovery,high,New,,,,14,,,,,0,0,0,0,,,,,,,
KW-1567,restaurant design company,Australia,,owner restaurant design company Australia email OR phone OR contact,,"Generator: template=T9, risk=medium",Discovery,high,New,,,,14,,,,,0,0,0,0,,,,,,,
KW-1568,multi-location restaurant,Australia,,owner multi-location restaurant Australia email OR phone OR contact,,"Generator: template=T9, risk=medium",Discovery,high,New,,,,14,,,,,0,0,0,0,,,,,,,
KW-1569,new restaurant opening,Australia,,owner new restaurant opening Australia email OR phone OR contact,,"Generator: template=T9, risk=medium",Discovery,high,New,,,,14,,,,,0,0,0,0,,,,,,,
KW-1570,restaurant supply chain,Australia,,owner restaurant supply chain Australia email OR phone OR contact,,"Generator: template=T9, risk=medium",Discovery,high,New,,,,14,,,,,0,0,0,0,,,,,,,
KW-1571,brewery venue,Australia,,"brewery venue Australia ""contact"" -jobs -careers",,"Generator: template=T10, risk=low",Discovery,medium,New,,,,14,,,,,0,0,0,0,,,,,,,
KW-1572,catering company,Australia,,"catering company Australia ""contact"" -jobs -careers",,"Generator: template=T10, risk=low",Discovery,medium,New,,,,14,,,,,0,0,0,0,,,,,,,
KW-1573,event venue,Australia,,"event venue Australia ""contact"" -jobs -careers",,"Generator: template=T10, risk=low",Discovery,medium,New,,,,14,,,,,0,0,0,0,,,,,,,
KW-1574,aged care food service,Australia,,"aged care food service Australia ""contact"" -jobs -careers",,"Generator: template=T10, risk=low",Discovery,medium,New,,,,14,,,,,0,0,0,0,,,,,,,
KW-1575,corporate catering,Australia,,"corporate catering Australia ""contact"" -jobs -careers",,"Generator: template=T10, risk=low",Discovery,medium,New,,,,14,,,,,0,0,0,0,,,,,,,
KW-1576,cafe chain,Australia,,"cafe chain Australia ""contact"" -jobs -careers",,"Generator: template=T10, risk=low",Discovery,medium,New,,,,14,,,,,0,0,0,0,,,,,,,
KW-1577,restaurant renovation,Australia,,restaurant renovation Australia supplier contact,,"Generator: template=T11, risk=low",Discovery,high,New,,,,14,,,,,0,0,0,0,,,,,,,
KW-1578,restaurant fit-out company,Australia,,restaurant fit-out company Australia supplier contact,,"Generator: template=T11, risk=low",Discovery,high,New,,,,14,,,,,0,0,0,0,,,,,,,
KW-1579,restaurant design company,Australia,,restaurant design company Australia supplier contact,,"Generator: template=T11, risk=low",Discovery,high,New,,,,14,,,,,0,0,0,0,,,,,,,
KW-1580,multi-location restaurant,Australia,,multi-location restaurant Australia supplier contact,,"Generator: template=T11, risk=low",Discovery,high,New,,,,14,,,,,0,0,0,0,,,,,,,
KW-1581,hospitality venue group,Australia,,hospitality venue group Australia supplier contact,,"Generator: template=T11, risk=low",Discovery,high,New,,,,14,,,,,0,0,0,0,,,,,,,
KW-1582,hotel procurement manager,Australia,,hotel procurement manager Australia supplier contact,,"Generator: template=T11, risk=low",Discovery,high,New,,,,14,,,,,0,0,0,0,,,,,,,
KW-1583,restaurant renovation,Australia,,restaurant renovation Australia procurement team,,"Generator: template=T12, risk=low",Discovery,high,New,,,,14,,,,,0,0,0,0,,,,,,,
KW-1584,restaurant fit-out company,Australia,,restaurant fit-out company Australia procurement team,,"Generator: template=T12, risk=low",Discovery,high,New,,,,14,,,,,0,0,0,0,,,,,,,
KW-1585,restaurant design company,Australia,,restaurant design company Australia procurement team,,"Generator: template=T12, risk=low",Discovery,high,New,,,,14,,,,,0,0,0,0,,,,,,,
KW-1586,multi-location restaurant,Australia,,multi-location restaurant Australia procurement team,,"Generator: template=T12, risk=low",Discovery,high,New,,,,14,,,,,0,0,0,0,,,,,,,
KW-1587,hospitality venue group,Australia,,hospitality venue group Australia procurement team,,"Generator: template=T12, risk=low",Discovery,high,New,,,,14,,,,,0,0,0,0,,,,,,,
KW-1588,hotel procurement manager,Australia,,hotel procurement manager Australia procurement team,,"Generator: template=T12, risk=low",Discovery,high,New,,,,14,,,,,0,0,0,0,,,,,,,
KW-1589,restaurant renovation,Australia,,restaurant renovation Australia purchasing department email,,"Generator: template=T13, risk=low",Discovery,high,New,,,,14,,,,,0,0,0,0,,,,,,,
KW-1590,restaurant fit-out company,Australia,,restaurant fit-out company Australia purchasing department email,,"Generator: template=T13, risk=low",Discovery,high,New,,,,14,,,,,0,0,0,0,,,,,,,
KW-1591,restaurant design company,Australia,,restaurant design company Australia purchasing department email,,"Generator: template=T13, risk=low",Discovery,high,New,,,,14,,,,,0,0,0,0,,,,,,,
KW-1592,multi-location restaurant,Australia,,multi-location restaurant Australia purchasing department email,,"Generator: template=T13, risk=low",Discovery,high,New,,,,14,,,,,0,0,0,0,,,,,,,
KW-1593,hospitality venue group,Australia,,hospitality venue group Australia purchasing department email,,"Generator: template=T13, risk=low",Discovery,high,New,,,,14,,,,,0,0,0,0,,,,,,,
KW-1594,hotel procurement manager,Australia,,hotel procurement manager Australia purchasing department email,,"Generator: template=T13, risk=low",Discovery,high,New,,,,14,,,,,0,0,0,0,,,,,,,
KW-1595,restaurant renovation,Australia,,restaurant renovation Australia new opening supplier needed,,"Generator: template=T14, risk=medium",Discovery,high,New,,,,14,,,,,0,0,0,0,,,,,,,
KW-1596,restaurant fit-out company,Australia,,restaurant fit-out company Australia new opening supplier needed,,"Generator: template=T14, risk=medium",Discovery,high,New,,,,14,,,,,0,0,0,0,,,,,,,
KW-1597,restaurant design company,Australia,,restaurant design company Australia new opening supplier needed,,"Generator: template=T14, risk=medium",Discovery,high,New,,,,14,,,,,0,0,0,0,,,,,,,
KW-1598,multi-location restaurant,Australia,,multi-location restaurant Australia new opening supplier needed,,"Generator: template=T14, risk=medium",Discovery,high,New,,,,14,,,,,0,0,0,0,,,,,,,
KW-1599,hospitality venue group,Australia,,hospitality venue group Australia new opening supplier needed,,"Generator: template=T14, risk=medium",Discovery,high,New,,,,14,,,,,0,0,0,0,,,,,,,
KW-1600,hotel procurement manager,Australia,,hotel procurement manager Australia new opening supplier needed,,"Generator: template=T14, risk=medium",Discovery,high,New,,,,14,,,,,0,0,0,0,,,,,,,
KW-1601,restaurant owner,Australia,,site:.com.au restaurant owner Australia owner,,"Generator: template=T15, risk=high",Discovery,medium,New,,,,14,,,,,0,0,0,0,,,,,,,
KW-1602,hotel group,Australia,,site:.com.au hotel group Australia owner,,"Generator: template=T15, risk=high",Discovery,medium,New,,,,14,,,,,0,0,0,0,,,,,,,
KW-1603,hotel F&B manager,Australia,,site:.com.au hotel F&B manager Australia owner,,"Generator: template=T15, risk=high",Discovery,medium,New,,,,14,,,,,0,0,0,0,,,,,,,
KW-1604,pub group,Australia,,site:.com.au pub group Australia owner,,"Generator: template=T15, risk=high",Discovery,medium,New,,,,14,,,,,0,0,0,0,,,,,,,
KW-1605,brewery venue,Australia,,site:.com.au brewery venue Australia owner,,"Generator: template=T15, risk=high",Discovery,medium,New,,,,14,,,,,0,0,0,0,,,,,,,
KW-1606,catering company,Australia,,site:.com.au catering company Australia owner,,"Generator: template=T15, risk=high",Discovery,medium,New,,,,14,,,,,0,0,0,0,,,,,,,
KW-1607,catering company,Australia,,Australian Hotels Association catering company Australia,,"Generator: template=T16, risk=low",Discovery,high,New,,,,14,,,,,0,0,0,0,,,,,,,
KW-1608,event venue,Australia,,Australian Hotels Association event venue Australia,,"Generator: template=T16, risk=low",Discovery,high,New,,,,14,,,,,0,0,0,0,,,,,,,
KW-1609,aged care food service,Australia,,Australian Hotels Association aged care food service Australia,,"Generator: template=T16, risk=low",Discovery,high,New,,,,14,,,,,0,0,0,0,,,,,,,
KW-1610,corporate catering,Australia,,Australian Hotels Association corporate catering Australia,,"Generator: template=T16, risk=low",Discovery,high,New,,,,14,,,,,0,0,0,0,,,,,,,
KW-1611,cafe chain,Australia,,Australian Hotels Association cafe chain Australia,,"Generator: template=T16, risk=low",Discovery,high,New,,,,14,,,,,0,0,0,0,,,,,,,
KW-1612,food court operator,Australia,,Australian Hotels Association food court operator Australia,,"Generator: template=T16, risk=low",Discovery,high,New,,,,14,,,,,0,0,0,0,,,,,,,
KW-1613,,Gold Coast,,Australian Hotels Association member Gold Coast contact,,"Generator: template=T17, risk=low",Discovery,high,New,,,,14,,,,,0,0,0,0,,,,,,,
KW-1614,,Canberra,,Australian Hotels Association member Canberra contact,,"Generator: template=T17, risk=low",Discovery,high,New,,,,14,,,,,0,0,0,0,,,,,,,
KW-1615,,Hobart,,Australian Hotels Association member Hobart contact,,"Generator: template=T17, risk=low",Discovery,high,New,,,,14,,,,,0,0,0,0,,,,,,,
KW-1616,,Darwin,,Australian Hotels Association member Darwin contact,,"Generator: template=T17, risk=low",Discovery,high,New,,,,14,,,,,0,0,0,0,,,,,,,
KW-1617,,Newcastle,,Australian Hotels Association member Newcastle contact,,"Generator: template=T17, risk=low",Discovery,high,New,,,,14,,,,,0,0,0,0,,,,,,,
KW-1618,,Wollongong,,Australian Hotels Association member Wollongong contact,,"Generator: template=T17, risk=low",Discovery,high,New,,,,14,,,,,0,0,0,0,,,,,,,
KW-1619,,Gold Coast,,wine bar Gold Coast owner OR director OR manager,,"Generator: template=T18, risk=low",Discovery,high,New,,,,14,,,,,0,0,0,0,,,,,,,
KW-1620,,Canberra,,wine bar Canberra owner OR director OR manager,,"Generator: template=T18, risk=low",Discovery,high,New,,,,14,,,,,0,0,0,0,,,,,,,
KW-1621,,Hobart,,wine bar Hobart owner OR director OR manager,,"Generator: template=T18, risk=low",Discovery,high,New,,,,14,,,,,0,0,0,0,,,,,,,
KW-1622,,Darwin,,wine bar Darwin owner OR director OR manager,,"Generator: template=T18, risk=low",Discovery,high,New,,,,14,,,,,0,0,0,0,,,,,,,
KW-1623,,Newcastle,,wine bar Newcastle owner OR director OR manager,,"Generator: template=T18, risk=low",Discovery,high,New,,,,14,,,,,0,0,0,0,,,,,,,
KW-1624,,Wollongong,,wine bar Wollongong owner OR director OR manager,,"Generator: template=T18, risk=low",Discovery,high,New,,,,14,,,,,0,0,0,0,,,,,,,
KW-1625,catering company,Australia,,catering company Australia member directory,,"Generator: template=T19, risk=low",Discovery,medium,New,,,,14,,,,,0,0,0,0,,,,,,,
KW-1626,event venue,Australia,,event venue Australia member directory,,"Generator: template=T19, risk=low",Discovery,medium,New,,,,14,,,,,0,0,0,0,,,,,,,
KW-1627,aged care food service,Australia,,aged care food service Australia member directory,,"Generator: template=T19, risk=low",Discovery,medium,New,,,,14,,,,,0,0,0,0,,,,,,,
KW-1628,corporate catering,Australia,,corporate catering Australia member directory,,"Generator: template=T19, risk=low",Discovery,medium,New,,,,14,,,,,0,0,0,0,,,,,,,
KW-1629,cafe chain,Australia,,cafe chain Australia member directory,,"Generator: template=T19, risk=low",Discovery,medium,New,,,,14,,,,,0,0,0,0,,,,,,,
KW-1630,food court operator,Australia,,food court operator Australia member directory,,"Generator: template=T19, risk=low",Discovery,medium,New,,,,14,,,,,0,0,0,0,,,,,,,
KW-1631,,Gold Coast,,wine bar Gold Coast contact email phone,,"Generator: template=T20, risk=low",Discovery,high,New,,,,14,,,,,0,0,0,0,,,,,,,
KW-1632,,Canberra,,wine bar Canberra contact email phone,,"Generator: template=T20, risk=low",Discovery,high,New,,,,14,,,,,0,0,0,0,,,,,,,
KW-1633,,Hobart,,wine bar Hobart contact email phone,,"Generator: template=T20, risk=low",Discovery,high,New,,,,14,,,,,0,0,0,0,,,,,,,
KW-1634,,Darwin,,wine bar Darwin contact email phone,,"Generator: template=T20, risk=low",Discovery,high,New,,,,14,,,,,0,0,0,0,,,,,,,
KW-1635,,Newcastle,,wine bar Newcastle contact email phone,,"Generator: template=T20, risk=low",Discovery,high,New,,,,14,,,,,0,0,0,0,,,,,,,
KW-1636,,Wollongong,,wine bar Wollongong contact email phone,,"Generator: template=T20, risk=low",Discovery,high,New,,,,14,,,,,0,0,0,0,,,,,,,
KW-1637,,Gold Coast,,Australian Hotels Association accredited wine bar Gold Coast,,"Generator: template=T21, risk=low",Discovery,high,New,,,,14,,,,,0,0,0,0,,,,,,,
KW-1638,,Canberra,,Australian Hotels Association accredited wine bar Canberra,,"Generator: template=T21, risk=low",Discovery,high,New,,,,14,,,,,0,0,0,0,,,,,,,
KW-1639,,Hobart,,Australian Hotels Association accredited wine bar Hobart,,"Generator: template=T21, risk=low",Discovery,high,New,,,,14,,,,,0,0,0,0,,,,,,,
KW-1640,,Darwin,,Australian Hotels Association accredited wine bar Darwin,,"Generator: template=T21, risk=low",Discovery,high,New,,,,14,,,,,0,0,0,0,,,,,,,
KW-1641,,Newcastle,,Australian Hotels Association accredited wine bar Newcastle,,"Generator: template=T21, risk=low",Discovery,high,New,,,,14,,,,,0,0,0,0,,,,,,,
KW-1642,,Wollongong,,Australian Hotels Association accredited wine bar Wollongong,,"Generator: template=T21, risk=low",Discovery,high,New,,,,14,,,,,0,0,0,0,,,,,,,
KW-1643,,Gold Coast,,"""wine bar"" ""Gold Coast"" -jobs -careers -seek",,"Generator: template=T22, risk=low",Discovery,medium,New,,,,14,,,,,0,0,0,0,,,,,,,
KW-1644,,Canberra,,"""wine bar"" ""Canberra"" -jobs -careers -seek",,"Generator: template=T22, risk=low",Discovery,medium,New,,,,14,,,,,0,0,0,0,,,,,,,
KW-1645,,Hobart,,"""wine bar"" ""Hobart"" -jobs -careers -seek",,"Generator: template=T22, risk=low",Discovery,medium,New,,,,14,,,,,0,0,0,0,,,,,,,
KW-1646,,Darwin,,"""wine bar"" ""Darwin"" -jobs -careers -seek",,"Generator: template=T22, risk=low",Discovery,medium,New,,,,14,,,,,0,0,0,0,,,,,,,
KW-1647,,Newcastle,,"""wine bar"" ""Newcastle"" -jobs -careers -seek",,"Generator: template=T22, risk=low",Discovery,medium,New,,,,14,,,,,0,0,0,0,,,,,,,
KW-1648,,Wollongong,,"""wine bar"" ""Wollongong"" -jobs -careers -seek",,"Generator: template=T22, risk=low",Discovery,medium,New,,,,14,,,,,0,0,0,0,,,,,,,
KW-1649,catering company,Australia,,catering company Australia member directory 2024 OR 2025 OR 2026,,"Generator: template=T23, risk=low",Discovery,medium,New,,,,14,,,,,0,0,0,0,,,,,,,
KW-1650,event venue,Australia,,event venue Australia member directory 2024 OR 2025 OR 2026,,"Generator: template=T23, risk=low",Discovery,medium,New,,,,14,,,,,0,0,0,0,,,,,,,
KW-1651,aged care food service,Australia,,aged care food service Australia member directory 2024 OR 2025 OR 2026,,"Generator: template=T23, risk=low",Discovery,medium,New,,,,14,,,,,0,0,0,0,,,,,,,
KW-1652,corporate catering,Australia,,corporate catering Australia member directory 2024 OR 2025 OR 2026,,"Generator: template=T23, risk=low",Discovery,medium,New,,,,14,,,,,0,0,0,0,,,,,,,
KW-1653,cafe chain,Australia,,cafe chain Australia member directory 2024 OR 2025 OR 2026,,"Generator: template=T23, risk=low",Discovery,medium,New,,,,14,,,,,0,0,0,0,,,,,,,
KW-1654,food court operator,Australia,,food court operator Australia member directory 2024 OR 2025 OR 2026,,"Generator: template=T23, risk=low",Discovery,medium,New,,,,14,,,,,0,0,0,0,,,,,,,
KW-1655,,Gold Coast,,Australian Hotels Association award winner wine bar Gold Coast,,"Generator: template=T24, risk=low",Discovery,high,New,,,,14,,,,,0,0,0,0,,,,,,,
KW-1656,,Canberra,,Australian Hotels Association award winner wine bar Canberra,,"Generator: template=T24, risk=low",Discovery,high,New,,,,14,,,,,0,0,0,0,,,,,,,
KW-1657,,Hobart,,Australian Hotels Association award winner wine bar Hobart,,"Generator: template=T24, risk=low",Discovery,high,New,,,,14,,,,,0,0,0,0,,,,,,,
KW-1658,,Darwin,,Australian Hotels Association award winner wine bar Darwin,,"Generator: template=T24, risk=low",Discovery,high,New,,,,14,,,,,0,0,0,0,,,,,,,
KW-1659,,Newcastle,,Australian Hotels Association award winner wine bar Newcastle,,"Generator: template=T24, risk=low",Discovery,high,New,,,,14,,,,,0,0,0,0,,,,,,,
KW-1660,,Wollongong,,Australian Hotels Association award winner wine bar Wollongong,,"Generator: template=T24, risk=low",Discovery,high,New,,,,14,,,,,0,0,0,0,,,,,,,
KW-1661,,Melbourne,,Australian Hotels Association member list Melbourne,,"Generator: template=T25, risk=low",Discovery,high,New,,,,14,,,,,0,0,0,0,,,,,,,
KW-1662,,Brisbane,,Australian Hotels Association member list Brisbane,,"Generator: template=T25, risk=low",Discovery,high,New,,,,14,,,,,0,0,0,0,,,,,,,
KW-1663,,Perth,,Australian Hotels Association member list Perth,,"Generator: template=T25, risk=low",Discovery,high,New,,,,14,,,,,0,0,0,0,,,,,,,
KW-1664,,Adelaide,,Australian Hotels Association member list Adelaide,,"Generator: template=T25, risk=low",Discovery,high,New,,,,14,,,,,0,0,0,0,,,,,,,
KW-1665,,Gold Coast,,Australian Hotels Association member list Gold Coast,,"Generator: template=T25, risk=low",Discovery,high,New,,,,14,,,,,0,0,0,0,,,,,,,
KW-1666,,Canberra,,Australian Hotels Association member list Canberra,,"Generator: template=T25, risk=low",Discovery,high,New,,,,14,,,,,0,0,0,0,,,,,,,
KW-1667,,Melbourne,,wine bar directory Melbourne site:.com.au,,"Generator: template=T26, risk=low",Discovery,high,New,,,,14,,,,,0,0,0,0,,,,,,,
KW-1668,,Brisbane,,wine bar directory Brisbane site:.com.au,,"Generator: template=T26, risk=low",Discovery,high,New,,,,14,,,,,0,0,0,0,,,,,,,
KW-1669,,Perth,,wine bar directory Perth site:.com.au,,"Generator: template=T26, risk=low",Discovery,high,New,,,,14,,,,,0,0,0,0,,,,,,,
KW-1670,,Adelaide,,wine bar directory Adelaide site:.com.au,,"Generator: template=T26, risk=low",Discovery,high,New,,,,14,,,,,0,0,0,0,,,,,,,
KW-1671,,Gold Coast,,wine bar directory Gold Coast site:.com.au,,"Generator: template=T26, risk=low",Discovery,high,New,,,,14,,,,,0,0,0,0,,,,,,,
KW-1672,,Canberra,,wine bar directory Canberra site:.com.au,,"Generator: template=T26, risk=low",Discovery,high,New,,,,14,,,,,0,0,0,0,,,,,,,
KW-1673,hotel group,Australia,,hotel group new opening Australia 2025 OR 2026,,"Generator: template=T27, risk=low",Discovery,high,New,,,,14,,,,,0,0,0,0,,,,,,,
KW-1674,hotel F&B manager,Australia,,hotel F&B manager new opening Australia 2025 OR 2026,,"Generator: template=T27, risk=low",Discovery,high,New,,,,14,,,,,0,0,0,0,,,,,,,
KW-1675,pub group,Australia,,pub group new opening Australia 2025 OR 2026,,"Generator: template=T27, risk=low",Discovery,high,New,,,,14,,,,,0,0,0,0,,,,,,,
KW-1676,brewery venue,Australia,,brewery venue new opening Australia 2025 OR 2026,,"Generator: template=T27, risk=low",Discovery,high,New,,,,14,,,,,0,0,0,0,,,,,,,
KW-1677,catering company,Australia,,catering company new opening Australia 2025 OR 2026,,"Generator: template=T27, risk=low",Discovery,high,New,,,,14,,,,,0,0,0,0,,,,,,,
KW-1678,event venue,Australia,,event venue new opening Australia 2025 OR 2026,,"Generator: template=T27, risk=low",Discovery,high,New,,,,14,,,,,0,0,0,0,,,,,,,
KW-1679,,Melbourne,,wine bar Melbourne award OR winner OR finalist 2024 OR 2025 OR 2026,,"Generator: template=T28, risk=low",Discovery,medium,New,,,,14,,,,,0,0,0,0,,,,,,,
KW-1680,,Brisbane,,wine bar Brisbane award OR winner OR finalist 2024 OR 2025 OR 2026,,"Generator: template=T28, risk=low",Discovery,medium,New,,,,14,,,,,0,0,0,0,,,,,,,
KW-1681,,Perth,,wine bar Perth award OR winner OR finalist 2024 OR 2025 OR 2026,,"Generator: template=T28, risk=low",Discovery,medium,New,,,,14,,,,,0,0,0,0,,,,,,,
KW-1682,,Adelaide,,wine bar Adelaide award OR winner OR finalist 2024 OR 2025 OR 2026,,"Generator: template=T28, risk=low",Discovery,medium,New,,,,14,,,,,0,0,0,0,,,,,,,
KW-1683,,Gold Coast,,wine bar Gold Coast award OR winner OR finalist 2024 OR 2025 OR 2026,,"Generator: template=T28, risk=low",Discovery,medium,New,,,,14,,,,,0,0,0,0,,,,,,,
KW-1684,,Canberra,,wine bar Canberra award OR winner OR finalist 2024 OR 2025 OR 2026,,"Generator: template=T28, risk=low",Discovery,medium,New,,,,14,,,,,0,0,0,0,,,,,,,
KW-1685,,Melbourne,,Australian Hotels Association member directory Melbourne,,"Generator: template=T29, risk=low",Discovery,high,New,,,,14,,,,,0,0,0,0,,,,,,,
KW-1686,,Brisbane,,Australian Hotels Association member directory Brisbane,,"Generator: template=T29, risk=low",Discovery,high,New,,,,14,,,,,0,0,0,0,,,,,,,
KW-1687,,Perth,,Australian Hotels Association member directory Perth,,"Generator: template=T29, risk=low",Discovery,high,New,,,,14,,,,,0,0,0,0,,,,,,,
KW-1688,,Adelaide,,Australian Hotels Association member directory Adelaide,,"Generator: template=T29, risk=low",Discovery,high,New,,,,14,,,,,0,0,0,0,,,,,,,
KW-1689,,Gold Coast,,Australian Hotels Association member directory Gold Coast,,"Generator: template=T29, risk=low",Discovery,high,New,,,,14,,,,,0,0,0,0,,,,,,,
KW-1690,,Canberra,,Australian Hotels Association member directory Canberra,,"Generator: template=T29, risk=low",Discovery,high,New,,,,14,,,,,0,0,0,0,,,,,,,
KW-1691,,Melbourne,,wine bar Melbourne just opened OR now open OR opening soon,,"Generator: template=T30, risk=low",Discovery,high,New,,,,14,,,,,0,0,0,0,,,,,,,
KW-1692,,Brisbane,,wine bar Brisbane just opened OR now open OR opening soon,,"Generator: template=T30, risk=low",Discovery,high,New,,,,14,,,,,0,0,0,0,,,,,,,
KW-1693,,Perth,,wine bar Perth just opened OR now open OR opening soon,,"Generator: template=T30, risk=low",Discovery,high,New,,,,14,,,,,0,0,0,0,,,,,,,
KW-1694,,Adelaide,,wine bar Adelaide just opened OR now open OR opening soon,,"Generator: template=T30, risk=low",Discovery,high,New,,,,14,,,,,0,0,0,0,,,,,,,
KW-1695,,Gold Coast,,wine bar Gold Coast just opened OR now open OR opening soon,,"Generator: template=T30, risk=low",Discovery,high,New,,,,14,,,,,0,0,0,0,,,,,,,
KW-1696,,Canberra,,wine bar Canberra just opened OR now open OR opening soon,,"Generator: template=T30, risk=low",Discovery,high,New,,,,14,,,,,0,0,0,0,,,,,,,
KW-1697,,Australia,,wine bar Ballarat contact,,,Discovery,high,Testing,Yes,2026-06-03 08:49,,,,,,,1,2,,,,,,,,2026-06-03,
KW-1698,,Australia,,wine bar Bendigo contact,,,Discovery,high,Testing,Yes,2026-06-03 08:52,,,,,,,1,2,,,,,,,,2026-06-03,
KW-1699,,Australia,,wine bar Mildura contact,,,Discovery,high,Testing,Yes,2026-06-03 08:52,,,,,,,1,2,,,,,,,,2026-06-03,
KW-1700,,Australia,,restaurant Ballarat contact email,,,Discovery,high,Testing,Yes,2026-06-03 08:49,,,,,,,1,2,,,,,,,,2026-06-03,
KW-1701,,Australia,,restaurant Bendigo contact email,,,Discovery,high,Testing,Yes,2026-06-03 08:50,,,,,,,1,2,,,,,,,,2026-06-03,
KW-1702,,Australia,,pub Ballarat contact email,,,Discovery,high,Testing,Yes,2026-06-03 08:50,,,,,,,1,2,,,,,,,,2026-06-03,
KW-1703,,Australia,,pub Bendigo contact email,,,Discovery,high,Testing,Yes,2026-06-03 08:50,,,,,,,1,2,,,,,,,,2026-06-03,
KW-1704,,Australia,,hotel Ballarat contact email,,,Discovery,high,Testing,Yes,2026-06-03 08:52,,,,,,,1,2,,,,,,,,2026-06-03,
KW-1705,,Australia,,hotel Bendigo contact email,,,Discovery,high,Testing,Yes,2026-06-03 08:55,,,,,,,1,2,,,,,,,,2026-06-03,
KW-1706,,Australia,,cafe Ballarat contact email,,,Discovery,high,Testing,Yes,2026-06-03 08:55,,,,,,,1,2,,,,,,,,2026-06-03,
KW-1707,,Australia,,cafe Bendigo contact email,,,Discovery,high,Testing,Yes,2026-06-03 08:55,,,,,,,1,2,,,,,,,,2026-06-03,
KW-1708,,Australia,,new restaurant opening Melbourne 2025 OR 2026,,,Discovery,high,Testing,Yes,2026-06-03 08:49,,,,,,,1,2,,,,,,,,2026-06-03,
KW-1709,,Australia,,new restaurant opening Sydney 2025 OR 2026,,,Discovery,high,Testing,Yes,2026-06-03 08:53,,,,,,,1,,,,,,,,,2026-06-03,
KW-1710,,Australia,,new bar opening Melbourne 2025 OR 2026,,,Discovery,high,Testing,Yes,2026-06-03 08:53,,,,,,,1,,,,,,,,,2026-06-03,
KW-1711,,Australia,,new bar opening Sydney 2025 OR 2026,,,Discovery,high,Testing,Yes,2026-06-03 08:53,,,,,,,1,,,,,,,,,2026-06-03,
KW-1712,,Australia,,new hotel opening Australia 2025 OR 2026,,,Discovery,high,New,,,,,,,,,,,,,,,,,,2026-06-03,
KW-1713,,Australia,,new pub opening Melbourne 2025 OR 2026,,,Discovery,high,New,,,,,,,,,,,,,,,,,,2026-06-03,
KW-1714,,Australia,,new cafe opening Sydney 2025 OR 2026,,,Discovery,high,New,,,,,,,,,,,,,,,,,,2026-06-03,
KW-1715,,Australia,,restaurant just opened Melbourne 2025,,,Discovery,high,Testing,Yes,2026-06-03 08:56,,,,,,,1,,,,,,,,,2026-06-03,
KW-1716,,Australia,,restaurant just opened Sydney 2025,,,Discovery,high,Testing,Yes,2026-06-03 08:56,,,,,,,1,,,,,,,,,2026-06-03,
KW-1717,,Australia,,bar just opened Melbourne 2025,,,Discovery,high,Testing,Yes,2026-06-03 08:56,,,,,,,1,,,,,,,,,2026-06-03,
KW-1718,,Australia,,bar just opened Sydney 2025,,,Discovery,high,New,,,,,,,,,,,,,,,,,,2026-06-03,
KW-1719,,Australia,,smokehouse restaurant Australia contact,,,Discovery,high,Testing,Yes,2026-06-03 08:53,,,,,,,1,,,,,,,,,2026-06-03,
KW-1720,,Australia,,taqueria Australia contact email,,,Discovery,high,Testing,Yes,2026-06-03 08:53,,,,,,,1,,,,,,,,,2026-06-03,
KW-1721,,Australia,,korean BBQ restaurant Sydney contact,,,Discovery,high,Testing,Yes,2026-06-03 08:53,,,,,,,1,,,,,,,,,2026-06-03,
KW-1722,,Australia,,korean BBQ restaurant Melbourne contact,,,Discovery,high,New,,,,,,,,,,,,,,,,,,2026-06-03,
KW-1723,,Australia,,thai street food Melbourne contact,,,Discovery,high,New,,,,,,,,,,,,,,,,,,2026-06-03,
KW-1724,,Australia,,vietnamese restaurant Sydney contact,,,Discovery,high,New,,,,,,,,,,,,,,,,,,2026-06-03,
KW-1725,,Australia,,greek restaurant Melbourne contact,,,Discovery,high,New,,,,,,,,,,,,,,,,,,2026-06-03,
KW-1726,,Australia,,lebanese restaurant Sydney contact,,,Discovery,high,New,,,,,,,,,,,,,,,,,,2026-06-03,
KW-1727,,Australia,,spanish restaurant Melbourne contact,,,Discovery,high,New,,,,,,,,,,,,,,,,,,2026-06-03,
KW-1728,,Australia,,best new restaurant Australia 2025,,,Discovery,high,Testing,Yes,2026-06-03 08:54,,,,,,,1,,,,,,,,,2026-06-03,
KW-1729,,Australia,,best new bar Australia 2025,,,Discovery,high,Testing,Yes,2026-06-03 08:54,,,,,,,1,,,,,,,,,2026-06-03,
KW-1730,,Australia,,best new restaurant Melbourne 2025,,,Discovery,high,Testing,Yes,2026-06-03 08:54,,,,,,,1,,,,,,,,,2026-06-03,
KW-1731,,Australia,,best new restaurant Sydney 2025,,,Discovery,high,New,,,,,,,,,,,,,,,,,,2026-06-03,
KW-1732,,Australia,,restaurant award winner Australia 2025,,,Discovery,high,New,,,,,,,,,,,,,,,,,,2026-06-03,
KW-1733,,Australia,,bar award winner Australia 2025,,,Discovery,high,New,,,,,,,,,,,,,,,,,,2026-06-03,
KW-1734,,Australia,,Australian Hotels Association member Victoria,,,Discovery,high,Testing,Yes,2026-06-03 08:54,,,,,,,1,,,,,,,,,2026-06-03,
KW-1735,,Australia,,Australian Hotels Association member NSW,,,Discovery,high,Testing,Yes,2026-06-03 08:54,,,,,,,1,,,,,,,,,2026-06-03,
KW-1736,,Australia,,Restaurant and Catering Australia member directory,,,Discovery,high,Testing,Yes,2026-06-03 08:54,,,,,,,1,,,,,,,,,2026-06-03,
KW-1737,,Australia,,AHA member directory Victoria,,,Discovery,high,New,,,,,,,,,,,,,,,,,,2026-06-03,
KW-1738,,Australia,,AHA member directory NSW,,,Discovery,high,New,,,,,,,,,,,,,,,,,,2026-06-03,
KW-1739,,Australia,,restaurant Geelong contact email,,,Discovery,high,Testing,Yes,2026-06-03 08:57,,,,,,,1,1,,,,,,,,2026-06-03,
KW-1740,,Australia,,pub Geelong contact email,,,Discovery,high,Testing,Yes,2026-06-03 08:57,,,,,,,1,1,,,,,,,,2026-06-03,
KW-1741,,Australia,,hotel Geelong contact email,,,Discovery,high,Testing,Yes,2026-06-03 08:57,,,,,,,1,1,,,,,,,,2026-06-03,
KW-1742,,Australia,,wine bar Geelong contact,,,Discovery,high,Testing,Yes,2026-06-03 09:09,,,,,,,1,4,,,,,,,,2026-06-03,
KW-1743,,Australia,,cafe Geelong contact email,,,Discovery,high,Testing,Yes,2026-06-03 09:09,,,,,,,1,4,,,,,,,,2026-06-03,
KW-1744,,Australia,,restaurant Newcastle contact email,,,Discovery,high,Testing,Yes,2026-06-03 08:59,,,,,,,1,,,,,,,,,2026-06-03,
KW-1745,,Australia,,pub Newcastle contact email,,,Discovery,high,Testing,Yes,2026-06-03 08:59,,,,,,,1,,,,,,,,,2026-06-03,
KW-1746,,Australia,,hotel Newcastle contact email,,,Discovery,high,Testing,Yes,2026-06-03 08:59,,,,,,,1,,,,,,,,,2026-06-03,
KW-1747,,Australia,,restaurant Wollongong contact email,,,Discovery,high,Testing,Yes,2026-06-03 09:09,,,,,,,1,4,,,,,,,,2026-06-03,
KW-1748,,Australia,,pub Wollongong contact email,,,Discovery,high,Testing,Yes,2026-06-03 09:10,,,,,,,1,7,,,,,,,,2026-06-03,
KW-1749,,Australia,,restaurant Gold Coast contact email,,,Discovery,high,Testing,Yes,2026-06-03 09:00,,,,,,,1,1,,,,,,,,2026-06-03,
KW-1750,,Australia,,pub Gold Coast contact email,,,Discovery,high,Testing,Yes,2026-06-03 09:00,,,,,,,1,1,,,,,,,,2026-06-03,
KW-1751,,Australia,,hotel Gold Coast contact email,,,Discovery,high,Testing,Yes,2026-06-03 09:00,,,,,,,1,1,,,,,,,,2026-06-03,
KW-1752,,Australia,,restaurant Cairns contact email,,,Discovery,high,Testing,Yes,2026-06-03 09:06,,,,,,,1,5,,,,,,,,2026-06-03,
KW-1753,,Australia,,pub Cairns contact email,,,Discovery,high,Testing,Yes,2026-06-03 09:06,,,,,,,1,5,,,,,,,,2026-06-03,
KW-1754,,Australia,,restaurant Townsville contact email,,,Discovery,high,Testing,Yes,2026-06-03 09:06,,,,,,,1,5,,,,,,,,2026-06-03,
KW-1755,,Australia,,pub Townsville contact email,,,Discovery,high,Testing,Yes,2026-06-03 09:08,,,,,,,1,5,,,,,,,,2026-06-03,
KW-1756,,Australia,,restaurant Fremantle contact email,,,Discovery,high,Testing,Yes,2026-06-03 09:03,,,,,,,1,6,,,,,,,,2026-06-03,
KW-1757,,Australia,,pub Fremantle contact email,,,Discovery,high,Testing,Yes,2026-06-03 09:03,,,,,,,1,6,,,,,,,,2026-06-03,
KW-1758,,Australia,,hotel Fremantle contact email,,,Discovery,high,Testing,Yes,2026-06-03 09:03,,,,,,,1,6,,,,,,,,2026-06-03,
KW-1759,,Australia,,restaurant Bunbury contact email,,,Discovery,high,Testing,Yes,2026-06-03 09:08,,,,,,,1,5,,,,,,,,2026-06-03,
KW-1760,,Australia,,pub Bunbury contact email,,,Discovery,high,Testing,Yes,2026-06-03 09:08,,,,,,,1,5,,,,,,,,2026-06-03,
KW-1761,,Australia,,restaurant Adelaide Hills contact email,,,Discovery,high,Testing,Yes,2026-06-03 09:10,,,,,,,1,7,,,,,,,,2026-06-03,
KW-1762,,Australia,,pub Adelaide Hills contact email,,,Discovery,high,Testing,Yes,2026-06-03 09:10,,,,,,,1,7,,,,,,,,2026-06-03,
KW-1763,,Australia,,wine bar Adelaide Hills contact,,,Discovery,high,Testing,Yes,2026-06-03 09:11,,,,,,,1,3,,,,,,,,2026-06-03,
KW-1764,,Australia,,restaurant Hobart contact email,,,Discovery,high,Testing,Yes,2026-06-03 09:04,,,,,,,1,9,,,,,,,,2026-06-03,
KW-1765,,Australia,,pub Hobart contact email,,,Discovery,high,Testing,Yes,2026-06-03 09:04,,,,,,,1,9,,,,,,,,2026-06-03,
KW-1766,,Australia,,hotel Hobart contact email,,,Discovery,high,Testing,Yes,2026-06-03 09:04,,,,,,,1,9,,,,,,,,2026-06-03,
KW-1767,,Australia,,restaurant Launceston contact email,,,Discovery,high,Testing,Yes,2026-06-03 09:11,,,,,,,1,3,,,,,,,,2026-06-03,
KW-1768,,Australia,,pub Launceston contact email,,,Discovery,high,Testing,Yes,2026-06-03 09:11,,,,,,,1,3,,,,,,,,2026-06-03,
